entity,kind,package,title,source_file,target_context,owner_role,owner_status
InvoiceItemProductSummary,view-entity,org.apache.ofbiz.accounting.reports,,applications/accounting/entitydef/entitymodel_reports.xml,accounting,finance-product-team,provisional-repository-inferred
InvoiceItemCategorySummary,view-entity,org.apache.ofbiz.accounting.reports,,applications/accounting/entitydef/entitymodel_reports.xml,accounting,finance-product-team,provisional-repository-inferred
InvoiceExport,view-entity,org.apache.ofbiz.accounting.reports,,applications/accounting/entitydef/entitymodel_reports.xml,accounting,finance-product-team,provisional-repository-inferred
Budget,entity,org.apache.ofbiz.accounting.budget,Budget,applications/datamodel/entitydef/accounting-entitymodel.xml,accounting,finance-product-team,provisional-repository-inferred
BudgetAttribute,entity,org.apache.ofbiz.accounting.budget,Budget Attribute,applications/datamodel/entitydef/accounting-entitymodel.xml,accounting,finance-product-team,provisional-repository-inferred
BudgetItem,entity,org.apache.ofbiz.accounting.budget,Budget Item,applications/datamodel/entitydef/accounting-entitymodel.xml,accounting,finance-product-team,provisional-repository-inferred
BudgetItemAttribute,entity,org.apache.ofbiz.accounting.budget,Budget Item Attribute,applications/datamodel/entitydef/accounting-entitymodel.xml,accounting,finance-product-team,provisional-repository-inferred
BudgetItemType,entity,org.apache.ofbiz.accounting.budget,Budget Item Type,applications/datamodel/entitydef/accounting-entitymodel.xml,accounting,finance-product-team,provisional-repository-inferred
BudgetItemTypeAttr,entity,org.apache.ofbiz.accounting.budget,Budget Item Type Attribute,applications/datamodel/entitydef/accounting-entitymodel.xml,accounting,finance-product-team,provisional-repository-inferred
BudgetReview,entity,org.apache.ofbiz.accounting.budget,Budget Review,applications/datamodel/entitydef/accounting-entitymodel.xml,accounting,finance-product-team,provisional-repository-inferred
BudgetReviewResultType,entity,org.apache.ofbiz.accounting.budget,Budget Review Result Type,applications/datamodel/entitydef/accounting-entitymodel.xml,accounting,finance-product-team,provisional-repository-inferred
BudgetRevision,entity,org.apache.ofbiz.accounting.budget,Budget Revision,applications/datamodel/entitydef/accounting-entitymodel.xml,accounting,finance-product-team,provisional-repository-inferred
BudgetRevisionImpact,entity,org.apache.ofbiz.accounting.budget,Budget Revision Impact,applications/datamodel/entitydef/accounting-entitymodel.xml,accounting,finance-product-team,provisional-repository-inferred
BudgetRole,entity,org.apache.ofbiz.accounting.budget,Budget Role,applications/datamodel/entitydef/accounting-entitymodel.xml,accounting,finance-product-team,provisional-repository-inferred
BudgetScenario,entity,org.apache.ofbiz.accounting.budget,Budget Scenario,applications/datamodel/entitydef/accounting-entitymodel.xml,accounting,finance-product-team,provisional-repository-inferred
BudgetScenarioApplication,entity,org.apache.ofbiz.accounting.budget,Budget Scenario Application,applications/datamodel/entitydef/accounting-entitymodel.xml,accounting,finance-product-team,provisional-repository-inferred
BudgetScenarioRule,entity,org.apache.ofbiz.accounting.budget,Budget Scenario Rule,applications/datamodel/entitydef/accounting-entitymodel.xml,accounting,finance-product-team,provisional-repository-inferred
BudgetStatus,entity,org.apache.ofbiz.accounting.budget,Budget Status,applications/datamodel/entitydef/accounting-entitymodel.xml,accounting,finance-product-team,provisional-repository-inferred
BudgetType,entity,org.apache.ofbiz.accounting.budget,Budget Type,applications/datamodel/entitydef/accounting-entitymodel.xml,accounting,finance-product-team,provisional-repository-inferred
BudgetTypeAttr,entity,org.apache.ofbiz.accounting.budget,Budget Type Attribute,applications/datamodel/entitydef/accounting-entitymodel.xml,accounting,finance-product-team,provisional-repository-inferred
FinAccount,entity,org.apache.ofbiz.accounting.finaccount,Financial Account,applications/datamodel/entitydef/accounting-entitymodel.xml,accounting,finance-product-team,provisional-repository-inferred
FinAccountAndRole,view-entity,org.apache.ofbiz.accounting.finaccount,Financial Account and Role View,applications/datamodel/entitydef/accounting-entitymodel.xml,accounting,finance-product-team,provisional-repository-inferred
FinAccountAttribute,entity,org.apache.ofbiz.accounting.finaccount,Financial Account Attribute,applications/datamodel/entitydef/accounting-entitymodel.xml,accounting,finance-product-team,provisional-repository-inferred
FinAccountAuth,entity,org.apache.ofbiz.accounting.finaccount,Financial Account Authorizations record,applications/datamodel/entitydef/accounting-entitymodel.xml,accounting,finance-product-team,provisional-repository-inferred
FinAccountRole,entity,org.apache.ofbiz.accounting.finaccount,Financial Account Role,applications/datamodel/entitydef/accounting-entitymodel.xml,accounting,finance-product-team,provisional-repository-inferred
FinAccountStatus,entity,org.apache.ofbiz.accounting.finaccount,Financial Account Status,applications/datamodel/entitydef/accounting-entitymodel.xml,accounting,finance-product-team,provisional-repository-inferred
FinAccountTrans,entity,org.apache.ofbiz.accounting.finaccount,Financial Account Transaction,applications/datamodel/entitydef/accounting-entitymodel.xml,accounting,finance-product-team,provisional-repository-inferred
FinAccountTransAttribute,entity,org.apache.ofbiz.accounting.finaccount,Financial Account Transaction Attribute,applications/datamodel/entitydef/accounting-entitymodel.xml,accounting,finance-product-team,provisional-repository-inferred
FinAccountTransType,entity,org.apache.ofbiz.accounting.finaccount,Financial Account Transaction Type,applications/datamodel/entitydef/accounting-entitymodel.xml,accounting,finance-product-team,provisional-repository-inferred
FinAccountTransTypeAttr,entity,org.apache.ofbiz.accounting.finaccount,Financial Account Transaction Type Attribute,applications/datamodel/entitydef/accounting-entitymodel.xml,accounting,finance-product-team,provisional-repository-inferred
FinAccountType,entity,org.apache.ofbiz.accounting.finaccount,Financial Account Type,applications/datamodel/entitydef/accounting-entitymodel.xml,accounting,finance-product-team,provisional-repository-inferred
FinAccountTypeAttr,entity,org.apache.ofbiz.accounting.finaccount,Financial Account Type Attribute,applications/datamodel/entitydef/accounting-entitymodel.xml,accounting,finance-product-team,provisional-repository-inferred
FinAccountTypeGlAccount,entity,org.apache.ofbiz.accounting.finaccount,Financial Account Type GL Account,applications/datamodel/entitydef/accounting-entitymodel.xml,accounting,finance-product-team,provisional-repository-inferred
FinAccountTransSum,view-entity,org.apache.ofbiz.accounting.finaccount,Financial Account Transactio Sum,applications/datamodel/entitydef/accounting-entitymodel.xml,accounting,finance-product-team,provisional-repository-inferred
FinAccountAuthSum,view-entity,org.apache.ofbiz.accounting.finaccount,Financial Account Authorization Sum,applications/datamodel/entitydef/accounting-entitymodel.xml,accounting,finance-product-team,provisional-repository-inferred
FixedAsset,entity,org.apache.ofbiz.accounting.fixedasset,Fixed Asset,applications/datamodel/entitydef/accounting-entitymodel.xml,accounting,finance-product-team,provisional-repository-inferred
FixedAssetAttribute,entity,org.apache.ofbiz.accounting.fixedasset,Fixed Asset Attribute,applications/datamodel/entitydef/accounting-entitymodel.xml,accounting,finance-product-team,provisional-repository-inferred
FixedAssetDepMethod,entity,org.apache.ofbiz.accounting.fixedasset,Fixed Asset Depreciation Method,applications/datamodel/entitydef/accounting-entitymodel.xml,accounting,finance-product-team,provisional-repository-inferred
FixedAssetGeoPoint,entity,org.apache.ofbiz.accounting.fixedasset,Fixed Asset Geo Location with history,applications/datamodel/entitydef/accounting-entitymodel.xml,accounting,finance-product-team,provisional-repository-inferred
FixedAssetAndGeoPoint,view-entity,org.apache.ofbiz.accounting.fixedasset,Fixed Asset and Geo Point View,applications/datamodel/entitydef/accounting-entitymodel.xml,accounting,finance-product-team,provisional-repository-inferred
FixedAssetIdent,entity,org.apache.ofbiz.accounting.fixedasset,Fixed Asset Identification,applications/datamodel/entitydef/accounting-entitymodel.xml,accounting,finance-product-team,provisional-repository-inferred
FixedAssetIdentType,entity,org.apache.ofbiz.accounting.fixedasset,Fixed Asset Identification Type,applications/datamodel/entitydef/accounting-entitymodel.xml,accounting,finance-product-team,provisional-repository-inferred
FixedAssetMaint,entity,org.apache.ofbiz.accounting.fixedasset,Fixed Asset Maintenance,applications/datamodel/entitydef/accounting-entitymodel.xml,accounting,finance-product-team,provisional-repository-inferred
FixedAssetMeter,entity,org.apache.ofbiz.accounting.fixedasset,Fixed Asset Meter,applications/datamodel/entitydef/accounting-entitymodel.xml,accounting,finance-product-team,provisional-repository-inferred
FixedAssetProduct,entity,org.apache.ofbiz.accounting.fixedasset,Fixed Asset Product Representation,applications/datamodel/entitydef/accounting-entitymodel.xml,accounting,finance-product-team,provisional-repository-inferred
FixedAssetProductType,entity,org.apache.ofbiz.accounting.fixedasset,Fixed Asset Product Type,applications/datamodel/entitydef/accounting-entitymodel.xml,accounting,finance-product-team,provisional-repository-inferred
FixedAssetTypeGlAccount,entity,org.apache.ofbiz.accounting.fixedasset,Gl Account Mapping For Fixed Asset Or Fixed Asset Types,applications/datamodel/entitydef/accounting-entitymodel.xml,accounting,finance-product-team,provisional-repository-inferred
FixedAssetRegistration,entity,org.apache.ofbiz.accounting.fixedasset,Fixed Asset Registration,applications/datamodel/entitydef/accounting-entitymodel.xml,accounting,finance-product-team,provisional-repository-inferred
FixedAssetStdCost,entity,org.apache.ofbiz.accounting.fixedasset,Fixed Asset Standard Cost,applications/datamodel/entitydef/accounting-entitymodel.xml,accounting,finance-product-team,provisional-repository-inferred
FixedAssetStdCostType,entity,org.apache.ofbiz.accounting.fixedasset,Fixed Asset Standard Cost Type,applications/datamodel/entitydef/accounting-entitymodel.xml,accounting,finance-product-team,provisional-repository-inferred
FixedAssetType,entity,org.apache.ofbiz.accounting.fixedasset,Fixed Asset Type,applications/datamodel/entitydef/accounting-entitymodel.xml,accounting,finance-product-team,provisional-repository-inferred
FixedAssetTypeAttr,entity,org.apache.ofbiz.accounting.fixedasset,Fixed Asset Type Attribute,applications/datamodel/entitydef/accounting-entitymodel.xml,accounting,finance-product-team,provisional-repository-inferred
PartyFixedAssetAssignment,entity,org.apache.ofbiz.accounting.fixedasset,Party Fixed Asset Assignment,applications/datamodel/entitydef/accounting-entitymodel.xml,accounting,finance-product-team,provisional-repository-inferred
PartyFixedAssetAssignAndRole,view-entity,org.apache.ofbiz.accounting.fixedasset,PartyFixedAssetAssignment and RoleType View,applications/datamodel/entitydef/accounting-entitymodel.xml,accounting,finance-product-team,provisional-repository-inferred
FixedAssetMaintOrder,entity,org.apache.ofbiz.accounting.fixedasset,Fixed Asset Maintance And Order,applications/datamodel/entitydef/accounting-entitymodel.xml,accounting,finance-product-team,provisional-repository-inferred
AccommodationClass,entity,org.apache.ofbiz.accounting.fixedasset,Accommodation Class,applications/datamodel/entitydef/accounting-entitymodel.xml,accounting,finance-product-team,provisional-repository-inferred
AccommodationSpot,entity,org.apache.ofbiz.order.reservations,Accommodation Spot,applications/datamodel/entitydef/accounting-entitymodel.xml,accounting,finance-product-team,provisional-repository-inferred
AccommodationMap,entity,org.apache.ofbiz.accounting.fixedasset,Accommodation Map,applications/datamodel/entitydef/accounting-entitymodel.xml,accounting,finance-product-team,provisional-repository-inferred
AccommodationMapType,entity,org.apache.ofbiz.accounting.fixedasset,Accommodation Map Type,applications/datamodel/entitydef/accounting-entitymodel.xml,accounting,finance-product-team,provisional-repository-inferred
FixedAssetMaintWorkEffort,view-entity,org.apache.ofbiz.accounting.fixedasset,FixedAssetMaint and WorkEffort View,applications/datamodel/entitydef/accounting-entitymodel.xml,accounting,finance-product-team,provisional-repository-inferred
Invoice,entity,org.apache.ofbiz.accounting.invoice,Invoice,applications/datamodel/entitydef/accounting-entitymodel.xml,accounting,finance-product-team,provisional-repository-inferred
InvoiceAttribute,entity,org.apache.ofbiz.accounting.invoice,Invoice Attribute,applications/datamodel/entitydef/accounting-entitymodel.xml,accounting,finance-product-team,provisional-repository-inferred
InvoiceContent,entity,org.apache.ofbiz.accounting.invoice,Invoice Content,applications/datamodel/entitydef/accounting-entitymodel.xml,accounting,finance-product-team,provisional-repository-inferred
InvoiceContentType,entity,org.apache.ofbiz.accounting.invoice,Invoice Content Type,applications/datamodel/entitydef/accounting-entitymodel.xml,accounting,finance-product-team,provisional-repository-inferred
InvoiceContactMech,entity,org.apache.ofbiz.accounting.invoice,Invoice Contact Mechanism,applications/datamodel/entitydef/accounting-entitymodel.xml,accounting,finance-product-team,provisional-repository-inferred
InvoiceItem,entity,org.apache.ofbiz.accounting.invoice,Invoice Item,applications/datamodel/entitydef/accounting-entitymodel.xml,accounting,finance-product-team,provisional-repository-inferred
InvoiceItemAssoc,entity,org.apache.ofbiz.accounting.invoice,Invoice Item Association,applications/datamodel/entitydef/accounting-entitymodel.xml,accounting,finance-product-team,provisional-repository-inferred
InvoiceItemAssocType,entity,org.apache.ofbiz.accounting.invoice,Invoice Item Assoc Type,applications/datamodel/entitydef/accounting-entitymodel.xml,accounting,finance-product-team,provisional-repository-inferred
InvoiceItemAttribute,entity,org.apache.ofbiz.accounting.invoice,Invoice Item Attribute,applications/datamodel/entitydef/accounting-entitymodel.xml,accounting,finance-product-team,provisional-repository-inferred
InvoiceItemType,entity,org.apache.ofbiz.accounting.invoice,Invoice Item Type,applications/datamodel/entitydef/accounting-entitymodel.xml,accounting,finance-product-team,provisional-repository-inferred
InvoiceItemTypeAttr,entity,org.apache.ofbiz.accounting.invoice,Invoice Item Type Attribute,applications/datamodel/entitydef/accounting-entitymodel.xml,accounting,finance-product-team,provisional-repository-inferred
InvoiceItemTypeGlAccount,entity,org.apache.ofbiz.accounting.invoice,Invoice Item Type GL Account,applications/datamodel/entitydef/accounting-entitymodel.xml,accounting,finance-product-team,provisional-repository-inferred
InvoiceItemTypeMap,entity,org.apache.ofbiz.accounting.invoice,Invoice Item Type Map,applications/datamodel/entitydef/accounting-entitymodel.xml,accounting,finance-product-team,provisional-repository-inferred
InvoiceRole,entity,org.apache.ofbiz.accounting.invoice,Invoice Role,applications/datamodel/entitydef/accounting-entitymodel.xml,accounting,finance-product-team,provisional-repository-inferred
InvoiceStatus,entity,org.apache.ofbiz.accounting.invoice,Invoice Status,applications/datamodel/entitydef/accounting-entitymodel.xml,accounting,finance-product-team,provisional-repository-inferred
InvoiceTerm,entity,org.apache.ofbiz.accounting.invoice,Invoice Term,applications/datamodel/entitydef/accounting-entitymodel.xml,accounting,finance-product-team,provisional-repository-inferred
InvoiceTermAttribute,entity,org.apache.ofbiz.accounting.invoice,Invoice Term Attribute,applications/datamodel/entitydef/accounting-entitymodel.xml,accounting,finance-product-team,provisional-repository-inferred
InvoiceType,entity,org.apache.ofbiz.accounting.invoice,Invoice Type,applications/datamodel/entitydef/accounting-entitymodel.xml,accounting,finance-product-team,provisional-repository-inferred
InvoiceTypeAttr,entity,org.apache.ofbiz.accounting.invoice,Invoice Type Attribute,applications/datamodel/entitydef/accounting-entitymodel.xml,accounting,finance-product-team,provisional-repository-inferred
InvoiceNote,entity,org.apache.ofbiz.accounting.invoice,Invoice Note,applications/datamodel/entitydef/accounting-entitymodel.xml,accounting,finance-product-team,provisional-repository-inferred
InvoiceAndApplAndPayment,view-entity,org.apache.ofbiz.accounting.invoice,Invoice and related applications and payments,applications/datamodel/entitydef/accounting-entitymodel.xml,accounting,finance-product-team,provisional-repository-inferred
InvoiceAndType,view-entity,org.apache.ofbiz.accounting.invoice,Invoice and InvoiceType to be able to list invoices by invoiceParentType i.e. sales/purchase invoices,applications/datamodel/entitydef/accounting-entitymodel.xml,accounting,finance-product-team,provisional-repository-inferred
InvoiceAndRole,view-entity,org.apache.ofbiz.accounting.invoice,,applications/datamodel/entitydef/accounting-entitymodel.xml,accounting,finance-product-team,provisional-repository-inferred
InvoiceItemAndAssocProduct,view-entity,org.apache.ofbiz.accounting.invoice,,applications/datamodel/entitydef/accounting-entitymodel.xml,accounting,finance-product-team,provisional-repository-inferred
InvItemAndOrdItem,view-entity,org.apache.ofbiz.accounting.invoice,,applications/datamodel/entitydef/accounting-entitymodel.xml,accounting,finance-product-team,provisional-repository-inferred
InvoiceItemAndShipmentView,view-entity,org.apache.ofbiz.accounting.invoice,,applications/datamodel/entitydef/accounting-entitymodel.xml,accounting,finance-product-team,provisional-repository-inferred
InvoiceContentAndInfo,view-entity,org.apache.ofbiz.accounting.invoice,InvoiceContent Content and DataResource View,applications/datamodel/entitydef/accounting-entitymodel.xml,accounting,finance-product-team,provisional-repository-inferred
AcctgTrans,entity,org.apache.ofbiz.accounting.ledger,Accounting Transaction,applications/datamodel/entitydef/accounting-entitymodel.xml,accounting,finance-product-team,provisional-repository-inferred
AcctgTransAttribute,entity,org.apache.ofbiz.accounting.ledger,Accounting Transaction Attribute,applications/datamodel/entitydef/accounting-entitymodel.xml,accounting,finance-product-team,provisional-repository-inferred
AcctgTransEntry,entity,org.apache.ofbiz.accounting.ledger,Transaction Entry,applications/datamodel/entitydef/accounting-entitymodel.xml,accounting,finance-product-team,provisional-repository-inferred
AcctgTransAndEntries,view-entity,org.apache.ofbiz.accounting.ledger,"View of AcctgTrans and Entries, for easier lookup and calculation",applications/datamodel/entitydef/accounting-entitymodel.xml,accounting,finance-product-team,provisional-repository-inferred
AcctgTransEntrySums,view-entity,org.apache.ofbiz.accounting.ledger,"Sum of AcctgTransEntry entity amounts grouped by glAccountId, debitCreditFlag",applications/datamodel/entitydef/accounting-entitymodel.xml,accounting,finance-product-team,provisional-repository-inferred
AcctgTransEntryType,entity,org.apache.ofbiz.accounting.ledger,Accounting Transaction Entry Type,applications/datamodel/entitydef/accounting-entitymodel.xml,accounting,finance-product-team,provisional-repository-inferred
AcctgTransType,entity,org.apache.ofbiz.accounting.ledger,Accounting Transaction Type,applications/datamodel/entitydef/accounting-entitymodel.xml,accounting,finance-product-team,provisional-repository-inferred
AcctgTransTypeAttr,entity,org.apache.ofbiz.accounting.ledger,Accounting Transaction Type Attribute,applications/datamodel/entitydef/accounting-entitymodel.xml,accounting,finance-product-team,provisional-repository-inferred
GlAccount,entity,org.apache.ofbiz.accounting.ledger,General Ledger Account,applications/datamodel/entitydef/accounting-entitymodel.xml,accounting,finance-product-team,provisional-repository-inferred
GlAccountClass,entity,org.apache.ofbiz.accounting.ledger,General Ledger Account Class,applications/datamodel/entitydef/accounting-entitymodel.xml,accounting,finance-product-team,provisional-repository-inferred
GlAccountGroup,entity,org.apache.ofbiz.accounting.ledger,General Ledger Account Group,applications/datamodel/entitydef/accounting-entitymodel.xml,accounting,finance-product-team,provisional-repository-inferred
GlAccountGroupMember,entity,org.apache.ofbiz.accounting.ledger,General Ledger Account Group Member,applications/datamodel/entitydef/accounting-entitymodel.xml,accounting,finance-product-team,provisional-repository-inferred
GlAccountGroupType,entity,org.apache.ofbiz.accounting.ledger,General Ledger Account Group Type,applications/datamodel/entitydef/accounting-entitymodel.xml,accounting,finance-product-team,provisional-repository-inferred
GlAccountHistory,entity,org.apache.ofbiz.accounting.ledger,GL Account History,applications/datamodel/entitydef/accounting-entitymodel.xml,accounting,finance-product-team,provisional-repository-inferred
GlAccountAndHistory,view-entity,org.apache.ofbiz.accounting.ledger,"View of GL Account and its History, for lookup and calculation",applications/datamodel/entitydef/accounting-entitymodel.xml,accounting,finance-product-team,provisional-repository-inferred
GlAccountAndHistoryTotals,view-entity,org.apache.ofbiz.accounting.ledger,View of GL Account and its History totals,applications/datamodel/entitydef/accounting-entitymodel.xml,accounting,finance-product-team,provisional-repository-inferred
GlAccountOrganization,entity,org.apache.ofbiz.accounting.ledger,GL Account Organization,applications/datamodel/entitydef/accounting-entitymodel.xml,accounting,finance-product-team,provisional-repository-inferred
GlAccountOrganizationAndClass,view-entity,org.apache.ofbiz.accounting.ledger,"View of GL Account Organization and the GlAccount and class, for lookup and calculation",applications/datamodel/entitydef/accounting-entitymodel.xml,accounting,finance-product-team,provisional-repository-inferred
GlAccountRole,entity,org.apache.ofbiz.accounting.ledger,GL Account Role,applications/datamodel/entitydef/accounting-entitymodel.xml,accounting,finance-product-team,provisional-repository-inferred
GlAccountType,entity,org.apache.ofbiz.accounting.ledger,General Ledger Account Type,applications/datamodel/entitydef/accounting-entitymodel.xml,accounting,finance-product-team,provisional-repository-inferred
GlAccountTypeDefault,entity,org.apache.ofbiz.accounting.ledger,GL Account Organization,applications/datamodel/entitydef/accounting-entitymodel.xml,accounting,finance-product-team,provisional-repository-inferred
GlBudgetXref,entity,org.apache.ofbiz.accounting.ledger,General Ledger Budget Cross Reference,applications/datamodel/entitydef/accounting-entitymodel.xml,accounting,finance-product-team,provisional-repository-inferred
GlFiscalType,entity,org.apache.ofbiz.accounting.ledger,General Ledger Fiscal,applications/datamodel/entitydef/accounting-entitymodel.xml,accounting,finance-product-team,provisional-repository-inferred
GlJournal,entity,org.apache.ofbiz.accounting.ledger,General Ledger Journal,applications/datamodel/entitydef/accounting-entitymodel.xml,accounting,finance-product-team,provisional-repository-inferred
GlReconciliation,entity,org.apache.ofbiz.accounting.ledger,General Ledger Reconciliation,applications/datamodel/entitydef/accounting-entitymodel.xml,accounting,finance-product-team,provisional-repository-inferred
GlReconciliationEntry,entity,org.apache.ofbiz.accounting.ledger,General Ledger Reconciliation Entry,applications/datamodel/entitydef/accounting-entitymodel.xml,accounting,finance-product-team,provisional-repository-inferred
GlResourceType,entity,org.apache.ofbiz.accounting.ledger,General Ledger Resource,applications/datamodel/entitydef/accounting-entitymodel.xml,accounting,finance-product-team,provisional-repository-inferred
GlXbrlClass,entity,org.apache.ofbiz.accounting.ledger,General Ledger XBRL Class,applications/datamodel/entitydef/accounting-entitymodel.xml,accounting,finance-product-team,provisional-repository-inferred
PartyAcctgPreference,entity,org.apache.ofbiz.accounting.ledger,Party (organization) accounting preferences,applications/datamodel/entitydef/accounting-entitymodel.xml,accounting,finance-product-team,provisional-repository-inferred
PartyPrefDocTypeTpl,entity,org.apache.ofbiz.accounting.ledger,Party (organization) preferences for document type template,applications/datamodel/entitydef/accounting-entitymodel.xml,accounting,finance-product-team,provisional-repository-inferred
PartyPrefDocTypeTplAndCustomScreen,view-entity,org.apache.ofbiz.accounting.ledger,Party (organization) accounting preferences for document type template and custom screen view,applications/datamodel/entitydef/accounting-entitymodel.xml,accounting,finance-product-team,provisional-repository-inferred
ProductAverageCost,entity,org.apache.ofbiz.accounting.ledger,Running tally of average cost,applications/datamodel/entitydef/accounting-entitymodel.xml,accounting,finance-product-team,provisional-repository-inferred
ProductAverageCostType,entity,org.apache.ofbiz.accounting.ledger,Product average cost type,applications/datamodel/entitydef/accounting-entitymodel.xml,accounting,finance-product-team,provisional-repository-inferred
SettlementTerm,entity,org.apache.ofbiz.accounting.ledger,Settlement Term,applications/datamodel/entitydef/accounting-entitymodel.xml,accounting,finance-product-team,provisional-repository-inferred
VarianceReasonGlAccount,entity,org.apache.ofbiz.accounting.ledger,Defines GL Accounts for Inventory Variance Reasons,applications/datamodel/entitydef/accounting-entitymodel.xml,accounting,finance-product-team,provisional-repository-inferred
BillingAccount,entity,org.apache.ofbiz.accounting.payment,Billing Account,applications/datamodel/entitydef/accounting-entitymodel.xml,accounting,finance-product-team,provisional-repository-inferred
BillingAccountAndRole,view-entity,org.apache.ofbiz.accounting.payment,Billing Account and Role,applications/datamodel/entitydef/accounting-entitymodel.xml,accounting,finance-product-team,provisional-repository-inferred
BillingAccountRole,entity,org.apache.ofbiz.accounting.payment,Billing Account Role,applications/datamodel/entitydef/accounting-entitymodel.xml,accounting,finance-product-team,provisional-repository-inferred
BillingAccountRoleAndAddress,view-entity,org.apache.ofbiz.accounting.payment,Billing Account Role and Address,applications/datamodel/entitydef/accounting-entitymodel.xml,accounting,finance-product-team,provisional-repository-inferred
BillingAccountTerm,entity,org.apache.ofbiz.accounting.payment,Billing Account Term,applications/datamodel/entitydef/accounting-entitymodel.xml,accounting,finance-product-team,provisional-repository-inferred
BillingAccountTermAttr,entity,org.apache.ofbiz.accounting.payment,Billing Account Term Attribute,applications/datamodel/entitydef/accounting-entitymodel.xml,accounting,finance-product-team,provisional-repository-inferred
CreditCard,entity,org.apache.ofbiz.accounting.payment,Credit Card Information,applications/datamodel/entitydef/accounting-entitymodel.xml,accounting,finance-product-team,provisional-repository-inferred
CreditCardTypeGlAccount,entity,org.apache.ofbiz.accounting.payment,Credit Card Type GL Account,applications/datamodel/entitydef/accounting-entitymodel.xml,accounting,finance-product-team,provisional-repository-inferred
Deduction,entity,org.apache.ofbiz.accounting.payment,Deduction,applications/datamodel/entitydef/accounting-entitymodel.xml,accounting,finance-product-team,provisional-repository-inferred
DeductionType,entity,org.apache.ofbiz.accounting.payment,Deduction Type,applications/datamodel/entitydef/accounting-entitymodel.xml,accounting,finance-product-team,provisional-repository-inferred
EftAccount,entity,org.apache.ofbiz.accounting.payment,EFT Account Information,applications/datamodel/entitydef/accounting-entitymodel.xml,accounting,finance-product-team,provisional-repository-inferred
CheckAccount,entity,org.apache.ofbiz.accounting.payment,Check Information,applications/datamodel/entitydef/accounting-entitymodel.xml,accounting,finance-product-team,provisional-repository-inferred
GiftCard,entity,org.apache.ofbiz.accounting.payment,Gift Card Information,applications/datamodel/entitydef/accounting-entitymodel.xml,accounting,finance-product-team,provisional-repository-inferred
GiftCardFulfillment,entity,org.apache.ofbiz.accounting.payment,Gift Card Fulfillment History,applications/datamodel/entitydef/accounting-entitymodel.xml,accounting,finance-product-team,provisional-repository-inferred
Payment,entity,org.apache.ofbiz.accounting.payment,Payment,applications/datamodel/entitydef/accounting-entitymodel.xml,accounting,finance-product-team,provisional-repository-inferred
PaymentAndTypePartyNameView,view-entity,org.apache.ofbiz.accounting.payment,Payment PaymentType PaymentMethodType StatusItem and Party Name View,applications/datamodel/entitydef/accounting-entitymodel.xml,accounting,finance-product-team,provisional-repository-inferred
PaymentAndType,view-entity,org.apache.ofbiz.accounting.payment,Payment and Payment type View,applications/datamodel/entitydef/accounting-entitymodel.xml,accounting,finance-product-team,provisional-repository-inferred
PaymentAndTypeAndCreditCard,view-entity,org.apache.ofbiz.accounting.payment,"Payment, Payment type and CreadiCard View",applications/datamodel/entitydef/accounting-entitymodel.xml,accounting,finance-product-team,provisional-repository-inferred
PaymentAndApplication,view-entity,org.apache.ofbiz.accounting.payment,Payment and Application View,applications/datamodel/entitydef/accounting-entitymodel.xml,accounting,finance-product-team,provisional-repository-inferred
PaymentApplication,entity,org.apache.ofbiz.accounting.payment,Payment Application,applications/datamodel/entitydef/accounting-entitymodel.xml,accounting,finance-product-team,provisional-repository-inferred
PaymentAttribute,entity,org.apache.ofbiz.accounting.payment,Payment Attribute,applications/datamodel/entitydef/accounting-entitymodel.xml,accounting,finance-product-team,provisional-repository-inferred
PaymentBudgetAllocation,entity,org.apache.ofbiz.accounting.payment,Payment Budget Allocation,applications/datamodel/entitydef/accounting-entitymodel.xml,accounting,finance-product-team,provisional-repository-inferred
PaymentContent,entity,org.apache.ofbiz.accounting.payment,Payment Content,applications/datamodel/entitydef/accounting-entitymodel.xml,accounting,finance-product-team,provisional-repository-inferred
PaymentContentType,entity,org.apache.ofbiz.accounting.payment,Payment Content Type,applications/datamodel/entitydef/accounting-entitymodel.xml,accounting,finance-product-team,provisional-repository-inferred
PaymentContentAndInfo,view-entity,org.apache.ofbiz.accounting.payment,PaymentContent Content and DataResource View,applications/datamodel/entitydef/accounting-entitymodel.xml,accounting,finance-product-team,provisional-repository-inferred
PaymentMethod,entity,org.apache.ofbiz.accounting.payment,Payment Method,applications/datamodel/entitydef/accounting-entitymodel.xml,accounting,finance-product-team,provisional-repository-inferred
PaymentMethodAndCreditCard,view-entity,org.apache.ofbiz.accounting.payment,PaymentMethod and CreditCard View,applications/datamodel/entitydef/accounting-entitymodel.xml,accounting,finance-product-team,provisional-repository-inferred
PaymentMethodAndEftAccount,view-entity,org.apache.ofbiz.accounting.payment,PaymentMethod and EftAccount View,applications/datamodel/entitydef/accounting-entitymodel.xml,accounting,finance-product-team,provisional-repository-inferred
PaymentMethodAndGiftCard,view-entity,org.apache.ofbiz.accounting.payment,PaymentMethod and GiftCard View,applications/datamodel/entitydef/accounting-entitymodel.xml,accounting,finance-product-team,provisional-repository-inferred
PaymentMethodType,entity,org.apache.ofbiz.accounting.payment,PaymentMethodType,applications/datamodel/entitydef/accounting-entitymodel.xml,accounting,finance-product-team,provisional-repository-inferred
PaymentMethodTypeGlAccount,entity,org.apache.ofbiz.accounting.payment,Payment Method Type GL Account,applications/datamodel/entitydef/accounting-entitymodel.xml,accounting,finance-product-team,provisional-repository-inferred
PaymentType,entity,org.apache.ofbiz.accounting.payment,Payment Type,applications/datamodel/entitydef/accounting-entitymodel.xml,accounting,finance-product-team,provisional-repository-inferred
PaymentTypeAttr,entity,org.apache.ofbiz.accounting.payment,Payment Type Attribute,applications/datamodel/entitydef/accounting-entitymodel.xml,accounting,finance-product-team,provisional-repository-inferred
PaymentGlAccountTypeMap,entity,org.apache.ofbiz.accounting.payment,"Maps PaymentTypes to GlAccountTypes, allowing user to configure payments and gl accounts",applications/datamodel/entitydef/accounting-entitymodel.xml,accounting,finance-product-team,provisional-repository-inferred
PaymentGatewayConfigType,entity,org.apache.ofbiz.accounting.payment,Payment Gateway Config Type,applications/datamodel/entitydef/accounting-entitymodel.xml,accounting,finance-product-team,provisional-repository-inferred
PaymentGatewayConfig,entity,org.apache.ofbiz.accounting.payment,Payment Gateway Config,applications/datamodel/entitydef/accounting-entitymodel.xml,accounting,finance-product-team,provisional-repository-inferred
PaymentGatewayRespMsg,entity,org.apache.ofbiz.accounting.payment,Payment Gateway Response Message,applications/datamodel/entitydef/accounting-entitymodel.xml,accounting,finance-product-team,provisional-repository-inferred
PaymentGatewayResponse,entity,org.apache.ofbiz.accounting.payment,Payment Gateway Response,applications/datamodel/entitydef/accounting-entitymodel.xml,accounting,finance-product-team,provisional-repository-inferred
PaymentGroup,entity,org.apache.ofbiz.accounting.payment,Payment Group,applications/datamodel/entitydef/accounting-entitymodel.xml,accounting,finance-product-team,provisional-repository-inferred
PaymentGroupType,entity,org.apache.ofbiz.accounting.payment,Payment Group Type,applications/datamodel/entitydef/accounting-entitymodel.xml,accounting,finance-product-team,provisional-repository-inferred
PaymentGroupMember,entity,org.apache.ofbiz.accounting.payment,Payment Group Member,applications/datamodel/entitydef/accounting-entitymodel.xml,accounting,finance-product-team,provisional-repository-inferred
PayPalPaymentMethod,entity,org.apache.ofbiz.accounting.payment,,applications/datamodel/entitydef/accounting-entitymodel.xml,accounting,finance-product-team,provisional-repository-inferred
PartyTaxAuthInfo,entity,org.apache.ofbiz.accounting.tax,Party Tax Information,applications/datamodel/entitydef/accounting-entitymodel.xml,accounting,finance-product-team,provisional-repository-inferred
PartyTaxAuthInfoAndDetail,view-entity,org.apache.ofbiz.accounting.tax,,applications/datamodel/entitydef/accounting-entitymodel.xml,accounting,finance-product-team,provisional-repository-inferred
TaxAuthority,entity,org.apache.ofbiz.accounting.tax,Tax Authority,applications/datamodel/entitydef/accounting-entitymodel.xml,accounting,finance-product-team,provisional-repository-inferred
TaxAuthorityAndDetail,view-entity,org.apache.ofbiz.accounting.tax,,applications/datamodel/entitydef/accounting-entitymodel.xml,accounting,finance-product-team,provisional-repository-inferred
TaxAuthorityAssoc,entity,org.apache.ofbiz.accounting.tax,Tax Authority Association,applications/datamodel/entitydef/accounting-entitymodel.xml,accounting,finance-product-team,provisional-repository-inferred
TaxAuthorityAssocType,entity,org.apache.ofbiz.accounting.tax,Tax Authority Assoc Type,applications/datamodel/entitydef/accounting-entitymodel.xml,accounting,finance-product-team,provisional-repository-inferred
TaxAuthorityCategory,entity,org.apache.ofbiz.accounting.tax,Tax Authority Product Category,applications/datamodel/entitydef/accounting-entitymodel.xml,accounting,finance-product-team,provisional-repository-inferred
TaxAuthorityCategoryView,view-entity,org.apache.ofbiz.accounting.tax,,applications/datamodel/entitydef/accounting-entitymodel.xml,accounting,finance-product-team,provisional-repository-inferred
TaxAuthorityGlAccount,entity,org.apache.ofbiz.accounting.tax,Tax Authority GL Account,applications/datamodel/entitydef/accounting-entitymodel.xml,accounting,finance-product-team,provisional-repository-inferred
TaxAuthorityGlAccountBalance,view-entity,org.apache.ofbiz.accounting.tax,For viewing balances of tax authority GL accounts,applications/datamodel/entitydef/accounting-entitymodel.xml,accounting,finance-product-team,provisional-repository-inferred
TaxAuthorityRateProduct,entity,org.apache.ofbiz.accounting.tax,Tax Authority Rate,applications/datamodel/entitydef/accounting-entitymodel.xml,accounting,finance-product-team,provisional-repository-inferred
TaxAuthorityRateType,entity,org.apache.ofbiz.accounting.tax,Tax Authority Rate Type,applications/datamodel/entitydef/accounting-entitymodel.xml,accounting,finance-product-team,provisional-repository-inferred
PartyGlAccount,entity,org.apache.ofbiz.accounting.ledger,Party Gl Account,applications/datamodel/entitydef/accounting-entitymodel.xml,accounting,finance-product-team,provisional-repository-inferred
GlAccOrgAndAcctgTransAndEntry,view-entity,org.apache.ofbiz.accounting.ledger,"GlAccountOrganization, AcctgTransEntry, and AccTrans View Entity Group-By organizationPartyId, glAccountId, debitCreditFlag",applications/datamodel/entitydef/accounting-entitymodel.xml,accounting,finance-product-team,provisional-repository-inferred
RateType,entity,org.apache.ofbiz.accounting.rate,Rate Type,applications/datamodel/entitydef/accounting-entitymodel.xml,accounting,finance-product-team,provisional-repository-inferred
RateAmount,entity,org.apache.ofbiz.accounting.rate,,applications/datamodel/entitydef/accounting-entitymodel.xml,accounting,finance-product-team,provisional-repository-inferred
RateAmountAndRelations,view-entity,org.apache.ofbiz.accounting.rate,,applications/datamodel/entitydef/accounting-entitymodel.xml,accounting,finance-product-team,provisional-repository-inferred
PartyRate,entity,org.apache.ofbiz.accounting.rate,Party Rate,applications/datamodel/entitydef/accounting-entitymodel.xml,accounting,finance-product-team,provisional-repository-inferred
GlAccountCategory,entity,org.apache.ofbiz.accounting.ledger,General Ledger Account Category,applications/datamodel/entitydef/accounting-entitymodel.xml,accounting,finance-product-team,provisional-repository-inferred
GlAccountCategoryMember,entity,org.apache.ofbiz.accounting.ledger,General Ledger Account Category Member,applications/datamodel/entitydef/accounting-entitymodel.xml,accounting,finance-product-team,provisional-repository-inferred
GlAccountCategoryType,entity,org.apache.ofbiz.accounting.ledger,General Ledger Account Category Type,applications/datamodel/entitydef/accounting-entitymodel.xml,accounting,finance-product-team,provisional-repository-inferred
PmtGrpMembrPaymentAndFinAcctTrans,view-entity,org.apache.ofbiz.accounting.finaccount,"Payment Group Member, Payment and FinAccountTrans view",applications/datamodel/entitydef/accounting-entitymodel.xml,accounting,finance-product-team,provisional-repository-inferred
PaymentMethodAndFinAccount,view-entity,org.apache.ofbiz.accounting.finaccount,PaymentMethod and FinAccount view,applications/datamodel/entitydef/accounting-entitymodel.xml,accounting,finance-product-team,provisional-repository-inferred
ContentAssocOptViewFrom,view-entity,org.apache.ofbiz.content.content,Main Assoc To,applications/datamodel/entitydef/content-entitymodel.xml,content-media,content-product-team,provisional-repository-inferred
Content,entity,org.apache.ofbiz.content.content,Content,applications/datamodel/entitydef/content-entitymodel.xml,content-media,content-product-team,provisional-repository-inferred
ContentAndRole,view-entity,org.apache.ofbiz.content.content,Content And Role View,applications/datamodel/entitydef/content-entitymodel.xml,content-media,content-product-team,provisional-repository-inferred
ContentApproval,entity,org.apache.ofbiz.content.content,Content Approval,applications/datamodel/entitydef/content-entitymodel.xml,content-media,content-product-team,provisional-repository-inferred
ContentAssoc,entity,org.apache.ofbiz.content.content,Content Association,applications/datamodel/entitydef/content-entitymodel.xml,content-media,content-product-team,provisional-repository-inferred
ContentAssocDataResourceViewFrom,view-entity,org.apache.ofbiz.content.content,Main Assoc From and DataResource View,applications/datamodel/entitydef/content-entitymodel.xml,content-media,content-product-team,provisional-repository-inferred
ContentAssocDataResourceViewTo,view-entity,org.apache.ofbiz.content.content,Main Assoc To and DataResource View,applications/datamodel/entitydef/content-entitymodel.xml,content-media,content-product-team,provisional-repository-inferred
ContentAssocPredicate,entity,org.apache.ofbiz.content.content,Content Association Predicate,applications/datamodel/entitydef/content-entitymodel.xml,content-media,content-product-team,provisional-repository-inferred
ContentAssocType,entity,org.apache.ofbiz.content.content,Content Association Type,applications/datamodel/entitydef/content-entitymodel.xml,content-media,content-product-team,provisional-repository-inferred
ContentAssocViewFrom,view-entity,org.apache.ofbiz.content.content,Main Assoc From View,applications/datamodel/entitydef/content-entitymodel.xml,content-media,content-product-team,provisional-repository-inferred
ContentAssocViewTo,view-entity,org.apache.ofbiz.content.content,Main Assoc To View,applications/datamodel/entitydef/content-entitymodel.xml,content-media,content-product-team,provisional-repository-inferred
ContentAttribute,entity,org.apache.ofbiz.content.content,Content Attribute,applications/datamodel/entitydef/content-entitymodel.xml,content-media,content-product-team,provisional-repository-inferred
ContentDataResourceView,view-entity,org.apache.ofbiz.content.content,Content and DataResource View,applications/datamodel/entitydef/content-entitymodel.xml,content-media,content-product-team,provisional-repository-inferred
ContentMetaData,entity,org.apache.ofbiz.content.content,Content Meta-Data Predicate,applications/datamodel/entitydef/content-entitymodel.xml,content-media,content-product-team,provisional-repository-inferred
ContentOperation,entity,org.apache.ofbiz.content.content,Content Operation,applications/datamodel/entitydef/content-entitymodel.xml,content-media,content-product-team,provisional-repository-inferred
ContentPurpose,entity,org.apache.ofbiz.content.content,Content Purpose,applications/datamodel/entitydef/content-entitymodel.xml,content-media,content-product-team,provisional-repository-inferred
ContentPurposeOperation,entity,org.apache.ofbiz.content.content,Content Purpose,applications/datamodel/entitydef/content-entitymodel.xml,content-media,content-product-team,provisional-repository-inferred
ContentPurposeType,entity,org.apache.ofbiz.content.content,Content Purpose Type,applications/datamodel/entitydef/content-entitymodel.xml,content-media,content-product-team,provisional-repository-inferred
ContentRevision,entity,org.apache.ofbiz.content.content,Content Revision,applications/datamodel/entitydef/content-entitymodel.xml,content-media,content-product-team,provisional-repository-inferred
ContentRevisionItem,entity,org.apache.ofbiz.content.content,Content Revision,applications/datamodel/entitydef/content-entitymodel.xml,content-media,content-product-team,provisional-repository-inferred
ContentRole,entity,org.apache.ofbiz.content.content,Content Role,applications/datamodel/entitydef/content-entitymodel.xml,content-media,content-product-team,provisional-repository-inferred
ContentType,entity,org.apache.ofbiz.content.content,Content Type,applications/datamodel/entitydef/content-entitymodel.xml,content-media,content-product-team,provisional-repository-inferred
ContentTypeAttr,entity,org.apache.ofbiz.content.content,Content Type Attribute,applications/datamodel/entitydef/content-entitymodel.xml,content-media,content-product-team,provisional-repository-inferred
SubContentDataResourceView,view-entity,org.apache.ofbiz.content.content,Content and DataResource for SubContent View,applications/datamodel/entitydef/content-entitymodel.xml,content-media,content-product-team,provisional-repository-inferred
AudioDataResource,entity,org.apache.ofbiz.content.data,Audio Data Object,applications/datamodel/entitydef/content-entitymodel.xml,content-media,content-product-team,provisional-repository-inferred
CharacterSet,entity,org.apache.ofbiz.content.data,Character Set,applications/datamodel/entitydef/content-entitymodel.xml,content-media,content-product-team,provisional-repository-inferred
DataCategory,entity,org.apache.ofbiz.content.data,Data Category,applications/datamodel/entitydef/content-entitymodel.xml,content-media,content-product-team,provisional-repository-inferred
DataResource,entity,org.apache.ofbiz.content.data,Data Object,applications/datamodel/entitydef/content-entitymodel.xml,content-media,content-product-team,provisional-repository-inferred
DataResourceAttribute,entity,org.apache.ofbiz.content.data,Data Object Attribute,applications/datamodel/entitydef/content-entitymodel.xml,content-media,content-product-team,provisional-repository-inferred
DataResourceContentView,view-entity,org.apache.ofbiz.content.content,DataResource and Content View,applications/datamodel/entitydef/content-entitymodel.xml,content-media,content-product-team,provisional-repository-inferred
DataResourceMetaData,entity,org.apache.ofbiz.content.data,Data Resource Meta-Data Predicate,applications/datamodel/entitydef/content-entitymodel.xml,content-media,content-product-team,provisional-repository-inferred
DataResourcePurpose,entity,org.apache.ofbiz.content.data,Data Object Purpose,applications/datamodel/entitydef/content-entitymodel.xml,content-media,content-product-team,provisional-repository-inferred
DataResourceRole,entity,org.apache.ofbiz.content.data,DataResource Role,applications/datamodel/entitydef/content-entitymodel.xml,content-media,content-product-team,provisional-repository-inferred
DataResourceType,entity,org.apache.ofbiz.content.data,Data Object Type,applications/datamodel/entitydef/content-entitymodel.xml,content-media,content-product-team,provisional-repository-inferred
DataResourceTypeAttr,entity,org.apache.ofbiz.content.data,Data Object Type Attribute,applications/datamodel/entitydef/content-entitymodel.xml,content-media,content-product-team,provisional-repository-inferred
DataTemplateType,entity,org.apache.ofbiz.content.data,Data Template Type,applications/datamodel/entitydef/content-entitymodel.xml,content-media,content-product-team,provisional-repository-inferred
ElectronicText,entity,org.apache.ofbiz.content.data,Electronic Text,applications/datamodel/entitydef/content-entitymodel.xml,content-media,content-product-team,provisional-repository-inferred
FileExtension,entity,org.apache.ofbiz.content.data,File Extension,applications/datamodel/entitydef/content-entitymodel.xml,content-media,content-product-team,provisional-repository-inferred
ImageDataResource,entity,org.apache.ofbiz.content.data,Image Data Object,applications/datamodel/entitydef/content-entitymodel.xml,content-media,content-product-team,provisional-repository-inferred
MetaDataPredicate,entity,org.apache.ofbiz.content.data,Data Meta-Data Predicate,applications/datamodel/entitydef/content-entitymodel.xml,content-media,content-product-team,provisional-repository-inferred
MimeType,entity,org.apache.ofbiz.content.data,Mime Type,applications/datamodel/entitydef/content-entitymodel.xml,content-media,content-product-team,provisional-repository-inferred
MimeTypeHtmlTemplate,entity,org.apache.ofbiz.content.data,Mime Text Template,applications/datamodel/entitydef/content-entitymodel.xml,content-media,content-product-team,provisional-repository-inferred
OtherDataResource,entity,org.apache.ofbiz.content.data,Other Data Object,applications/datamodel/entitydef/content-entitymodel.xml,content-media,content-product-team,provisional-repository-inferred
VideoDataResource,entity,org.apache.ofbiz.content.data,Video Data Object,applications/datamodel/entitydef/content-entitymodel.xml,content-media,content-product-team,provisional-repository-inferred
Document,entity,org.apache.ofbiz.content.document,Document,applications/datamodel/entitydef/content-entitymodel.xml,content-media,content-product-team,provisional-repository-inferred
DocumentAttribute,entity,org.apache.ofbiz.content.document,Document Attribute,applications/datamodel/entitydef/content-entitymodel.xml,content-media,content-product-team,provisional-repository-inferred
DocumentType,entity,org.apache.ofbiz.content.document,Document Type,applications/datamodel/entitydef/content-entitymodel.xml,content-media,content-product-team,provisional-repository-inferred
DocumentTypeAttr,entity,org.apache.ofbiz.content.document,Document Type Attribute,applications/datamodel/entitydef/content-entitymodel.xml,content-media,content-product-team,provisional-repository-inferred
WebPreferenceType,entity,org.apache.ofbiz.content.preference,Web Preference Type,applications/datamodel/entitydef/content-entitymodel.xml,content-media,content-product-team,provisional-repository-inferred
WebUserPreference,entity,org.apache.ofbiz.content.preference,Web User Preference,applications/datamodel/entitydef/content-entitymodel.xml,content-media,content-product-team,provisional-repository-inferred
Survey,entity,org.apache.ofbiz.content.survey,Survey,applications/datamodel/entitydef/content-entitymodel.xml,content-media,content-product-team,provisional-repository-inferred
SurveyApplType,entity,org.apache.ofbiz.content.survey,Survey Application Type,applications/datamodel/entitydef/content-entitymodel.xml,content-media,content-product-team,provisional-repository-inferred
SurveyMultiResp,entity,org.apache.ofbiz.content.survey,Survey Multi-Response Group,applications/datamodel/entitydef/content-entitymodel.xml,content-media,content-product-team,provisional-repository-inferred
SurveyMultiRespColumn,entity,org.apache.ofbiz.content.survey,Survey Multi-Response Group Column/Category,applications/datamodel/entitydef/content-entitymodel.xml,content-media,content-product-team,provisional-repository-inferred
SurveyPage,entity,org.apache.ofbiz.content.survey,Survey Page Type,applications/datamodel/entitydef/content-entitymodel.xml,content-media,content-product-team,provisional-repository-inferred
SurveyQuestion,entity,org.apache.ofbiz.content.survey,Survey Question,applications/datamodel/entitydef/content-entitymodel.xml,content-media,content-product-team,provisional-repository-inferred
SurveyQuestionAndAppl,view-entity,org.apache.ofbiz.content.survey,Survey Question And Application View,applications/datamodel/entitydef/content-entitymodel.xml,content-media,content-product-team,provisional-repository-inferred
SurveyQuestionAppl,entity,org.apache.ofbiz.content.survey,Survey Question Application,applications/datamodel/entitydef/content-entitymodel.xml,content-media,content-product-team,provisional-repository-inferred
SurveyQuestionCategory,entity,org.apache.ofbiz.content.survey,Survey Question Category,applications/datamodel/entitydef/content-entitymodel.xml,content-media,content-product-team,provisional-repository-inferred
SurveyQuestionOption,entity,org.apache.ofbiz.content.survey,Survey Question Option,applications/datamodel/entitydef/content-entitymodel.xml,content-media,content-product-team,provisional-repository-inferred
SurveyQuestionType,entity,org.apache.ofbiz.content.survey,Survey Question Type,applications/datamodel/entitydef/content-entitymodel.xml,content-media,content-product-team,provisional-repository-inferred
SurveyResponse,entity,org.apache.ofbiz.content.survey,Survey Response,applications/datamodel/entitydef/content-entitymodel.xml,content-media,content-product-team,provisional-repository-inferred
SurveyResponseAndAnswer,view-entity,org.apache.ofbiz.content.survey,Survey Response And Answer View,applications/datamodel/entitydef/content-entitymodel.xml,content-media,content-product-team,provisional-repository-inferred
SurveyResponseAnswer,entity,org.apache.ofbiz.content.survey,Survey Response Answer,applications/datamodel/entitydef/content-entitymodel.xml,content-media,content-product-team,provisional-repository-inferred
SurveyTrigger,entity,org.apache.ofbiz.content.survey,Survey Trigger,applications/datamodel/entitydef/content-entitymodel.xml,content-media,content-product-team,provisional-repository-inferred
WebSiteContent,entity,org.apache.ofbiz.content.website,Web Site Content Associations,applications/datamodel/entitydef/content-entitymodel.xml,content-media,content-product-team,provisional-repository-inferred
WebSiteAndContent,view-entity,org.apache.ofbiz.content.website,Web Sites by contentId,applications/datamodel/entitydef/content-entitymodel.xml,content-media,content-product-team,provisional-repository-inferred
WebSiteContentType,entity,org.apache.ofbiz.content.website,Web Site Content Type,applications/datamodel/entitydef/content-entitymodel.xml,content-media,content-product-team,provisional-repository-inferred
WebSitePathAlias,entity,org.apache.ofbiz.content.website,Web Site Path Alias,applications/datamodel/entitydef/content-entitymodel.xml,content-media,content-product-team,provisional-repository-inferred
WebSitePublishPoint,entity,org.apache.ofbiz.content.website,Web Site Publish Point,applications/datamodel/entitydef/content-entitymodel.xml,content-media,content-product-team,provisional-repository-inferred
WebSiteRole,entity,org.apache.ofbiz.party.party,WebSite Role Association,applications/datamodel/entitydef/content-entitymodel.xml,content-media,content-product-team,provisional-repository-inferred
ContentKeyword,entity,org.apache.ofbiz.content.content,Content Keyword,applications/datamodel/entitydef/content-entitymodel.xml,content-media,content-product-team,provisional-repository-inferred
ContentSearchConstraint,entity,org.apache.ofbiz.content.content,Content Search Result Constraint,applications/datamodel/entitydef/content-entitymodel.xml,content-media,content-product-team,provisional-repository-inferred
ContentSearchResult,entity,org.apache.ofbiz.content.content,Content Search Result,applications/datamodel/entitydef/content-entitymodel.xml,content-media,content-product-team,provisional-repository-inferred
WebAnalyticsConfig,entity,org.apache.ofbiz.content.website,Web Analytics Configuration,applications/datamodel/entitydef/content-entitymodel.xml,content-media,content-product-team,provisional-repository-inferred
WebAnalyticsType,entity,org.apache.ofbiz.content.website,Web Analytics Type,applications/datamodel/entitydef/content-entitymodel.xml,content-media,content-product-team,provisional-repository-inferred
PartyQual,entity,org.apache.ofbiz.humanres.ability,Party Qualification,applications/datamodel/entitydef/humanres-entitymodel.xml,workforce,workforce-product-team,provisional-repository-inferred
PartyQualType,entity,org.apache.ofbiz.humanres.ability,Party Qualification Type,applications/datamodel/entitydef/humanres-entitymodel.xml,workforce,workforce-product-team,provisional-repository-inferred
PartyResume,entity,org.apache.ofbiz.humanres.ability,Resume,applications/datamodel/entitydef/humanres-entitymodel.xml,workforce,workforce-product-team,provisional-repository-inferred
PartySkill,entity,org.apache.ofbiz.humanres.ability,Party Skill,applications/datamodel/entitydef/humanres-entitymodel.xml,workforce,workforce-product-team,provisional-repository-inferred
PerfRatingType,entity,org.apache.ofbiz.humanres.ability,Performance Rating Type,applications/datamodel/entitydef/humanres-entitymodel.xml,workforce,workforce-product-team,provisional-repository-inferred
PerfReview,entity,org.apache.ofbiz.humanres.ability,Employee Performance Review,applications/datamodel/entitydef/humanres-entitymodel.xml,workforce,workforce-product-team,provisional-repository-inferred
PerfReviewItem,entity,org.apache.ofbiz.humanres.ability,Performance Review Item,applications/datamodel/entitydef/humanres-entitymodel.xml,workforce,workforce-product-team,provisional-repository-inferred
PerfReviewItemType,entity,org.apache.ofbiz.humanres.ability,Performance Review Item Type,applications/datamodel/entitydef/humanres-entitymodel.xml,workforce,workforce-product-team,provisional-repository-inferred
PerformanceNote,entity,org.apache.ofbiz.humanres.ability,Performance Note,applications/datamodel/entitydef/humanres-entitymodel.xml,workforce,workforce-product-team,provisional-repository-inferred
PersonTraining,entity,org.apache.ofbiz.humanres.ability,Person Training,applications/datamodel/entitydef/humanres-entitymodel.xml,workforce,workforce-product-team,provisional-repository-inferred
ResponsibilityType,entity,org.apache.ofbiz.humanres.ability,Responsibility Type,applications/datamodel/entitydef/humanres-entitymodel.xml,workforce,workforce-product-team,provisional-repository-inferred
SkillType,entity,org.apache.ofbiz.humanres.ability,Skill Type,applications/datamodel/entitydef/humanres-entitymodel.xml,workforce,workforce-product-team,provisional-repository-inferred
TrainingClassType,entity,org.apache.ofbiz.humanres.ability,Training Class Type,applications/datamodel/entitydef/humanres-entitymodel.xml,workforce,workforce-product-team,provisional-repository-inferred
BenefitType,entity,org.apache.ofbiz.humanres.employment,Benefit Type,applications/datamodel/entitydef/humanres-entitymodel.xml,workforce,workforce-product-team,provisional-repository-inferred
BenefitTypeAndParty,view-entity,org.apache.ofbiz.humanres.employment,Benefit Type,applications/datamodel/entitydef/humanres-entitymodel.xml,workforce,workforce-product-team,provisional-repository-inferred
Employment,entity,org.apache.ofbiz.humanres.employment,Employment,applications/datamodel/entitydef/humanres-entitymodel.xml,workforce,workforce-product-team,provisional-repository-inferred
EmploymentAndPerson,view-entity,org.apache.ofbiz.humanres.employment,Employment and Person,applications/datamodel/entitydef/humanres-entitymodel.xml,workforce,workforce-product-team,provisional-repository-inferred
EmploymentApp,entity,org.apache.ofbiz.humanres.employment,Employment Application,applications/datamodel/entitydef/humanres-entitymodel.xml,workforce,workforce-product-team,provisional-repository-inferred
EmploymentAppSourceType,entity,org.apache.ofbiz.humanres.employment,Employment Application Source Type,applications/datamodel/entitydef/humanres-entitymodel.xml,workforce,workforce-product-team,provisional-repository-inferred
EmplLeave,entity,org.apache.ofbiz.humanres.employment,Employee Leave,applications/datamodel/entitydef/humanres-entitymodel.xml,workforce,workforce-product-team,provisional-repository-inferred
EmplLeaveType,entity,org.apache.ofbiz.humanres.employment,Employee Leave Type,applications/datamodel/entitydef/humanres-entitymodel.xml,workforce,workforce-product-team,provisional-repository-inferred
PartyBenefit,entity,org.apache.ofbiz.humanres.employment,Party Benefit,applications/datamodel/entitydef/humanres-entitymodel.xml,workforce,workforce-product-team,provisional-repository-inferred
PayGrade,entity,org.apache.ofbiz.humanres.employment,Pay Grade,applications/datamodel/entitydef/humanres-entitymodel.xml,workforce,workforce-product-team,provisional-repository-inferred
PayHistory,entity,org.apache.ofbiz.humanres.employment,Pay History,applications/datamodel/entitydef/humanres-entitymodel.xml,workforce,workforce-product-team,provisional-repository-inferred
PayrollPreference,entity,org.apache.ofbiz.humanres.employment,Payroll Preference,applications/datamodel/entitydef/humanres-entitymodel.xml,workforce,workforce-product-team,provisional-repository-inferred
SalaryStep,entity,org.apache.ofbiz.humanres.employment,Salary Step,applications/datamodel/entitydef/humanres-entitymodel.xml,workforce,workforce-product-team,provisional-repository-inferred
TerminationReason,entity,org.apache.ofbiz.humanres.employment,Termination Reason,applications/datamodel/entitydef/humanres-entitymodel.xml,workforce,workforce-product-team,provisional-repository-inferred
TerminationType,entity,org.apache.ofbiz.humanres.employment,Termination Type,applications/datamodel/entitydef/humanres-entitymodel.xml,workforce,workforce-product-team,provisional-repository-inferred
UnemploymentClaim,entity,org.apache.ofbiz.humanres.employment,Unemployment Claim,applications/datamodel/entitydef/humanres-entitymodel.xml,workforce,workforce-product-team,provisional-repository-inferred
EmplPosition,entity,org.apache.ofbiz.humanres.position,EmplPosition,applications/datamodel/entitydef/humanres-entitymodel.xml,workforce,workforce-product-team,provisional-repository-inferred
EmplPositionClassType,entity,org.apache.ofbiz.humanres.position,EmplPosition Classification Type,applications/datamodel/entitydef/humanres-entitymodel.xml,workforce,workforce-product-team,provisional-repository-inferred
EmplPositionFulfillment,entity,org.apache.ofbiz.humanres.position,EmplPosition Fulfillment,applications/datamodel/entitydef/humanres-entitymodel.xml,workforce,workforce-product-team,provisional-repository-inferred
EmplPositionAndFulfillment,view-entity,org.apache.ofbiz.humanres.position,EmplPosition Fulfillment,applications/datamodel/entitydef/humanres-entitymodel.xml,workforce,workforce-product-team,provisional-repository-inferred
EmplPositionReportingStruct,entity,org.apache.ofbiz.humanres.position,EmplPosition Reporting Structure,applications/datamodel/entitydef/humanres-entitymodel.xml,workforce,workforce-product-team,provisional-repository-inferred
EmplPositionResponsibility,entity,org.apache.ofbiz.humanres.position,EmplPosition Responsibility,applications/datamodel/entitydef/humanres-entitymodel.xml,workforce,workforce-product-team,provisional-repository-inferred
EmplPositionType,entity,org.apache.ofbiz.humanres.position,EmplPosition Type,applications/datamodel/entitydef/humanres-entitymodel.xml,workforce,workforce-product-team,provisional-repository-inferred
EmplPositionTypeClass,entity,org.apache.ofbiz.humanres.position,EmplPosition Type Class,applications/datamodel/entitydef/humanres-entitymodel.xml,workforce,workforce-product-team,provisional-repository-inferred
ValidResponsibility,entity,org.apache.ofbiz.humanres.position,Valid Responsibility,applications/datamodel/entitydef/humanres-entitymodel.xml,workforce,workforce-product-team,provisional-repository-inferred
EmplPositionTypeRate,entity,org.apache.ofbiz.humanres.position,EmplPosition Type Rate,applications/datamodel/entitydef/humanres-entitymodel.xml,workforce,workforce-product-team,provisional-repository-inferred
EmplPositionTypeRateAndAmount,view-entity,org.apache.ofbiz.humanres.position,EmplPosition Type Rate Entity and Rate Amount,applications/datamodel/entitydef/humanres-entitymodel.xml,workforce,workforce-product-team,provisional-repository-inferred
JobRequisition,entity,org.apache.ofbiz.humanres.recruitment,Entity for storing data about recruitment,applications/datamodel/entitydef/humanres-entitymodel.xml,workforce,workforce-product-team,provisional-repository-inferred
JobInterview,entity,org.apache.ofbiz.humanres.recruitment,Entity for storing data about Interviews conducted,applications/datamodel/entitydef/humanres-entitymodel.xml,workforce,workforce-product-team,provisional-repository-inferred
JobInterviewType,entity,org.apache.ofbiz.humanres.recruitment,Entity for storing data about Interview Types,applications/datamodel/entitydef/humanres-entitymodel.xml,workforce,workforce-product-team,provisional-repository-inferred
EmplPositionFulfillmentAndReportingStruct,view-entity,org.apache.ofbiz.humanres.recruitment,To view the employment details of an employee,applications/datamodel/entitydef/humanres-entitymodel.xml,workforce,workforce-product-team,provisional-repository-inferred
TrainingRequest,entity,org.apache.ofbiz.humanres.trainings,Training Request,applications/datamodel/entitydef/humanres-entitymodel.xml,workforce,workforce-product-team,provisional-repository-inferred
EmplLeaveReasonType,entity,org.apache.ofbiz.humanres.employment,Leave Reason Type,applications/datamodel/entitydef/humanres-entitymodel.xml,workforce,workforce-product-team,provisional-repository-inferred
ProductManufacturingRule,entity,org.apache.ofbiz.manufacturing.bom,Product To Part Rule,applications/datamodel/entitydef/manufacturing-entitymodel.xml,manufacturing,manufacturing-product-team,provisional-repository-inferred
TechDataCalendar,entity,org.apache.ofbiz.manufacturing.techdata,Calendar,applications/datamodel/entitydef/manufacturing-entitymodel.xml,manufacturing,manufacturing-product-team,provisional-repository-inferred
TechDataCalendarExcDay,entity,org.apache.ofbiz.manufacturing.techdata,Calendar Exception Day,applications/datamodel/entitydef/manufacturing-entitymodel.xml,manufacturing,manufacturing-product-team,provisional-repository-inferred
TechDataCalendarExcWeek,entity,org.apache.ofbiz.manufacturing.techdata,Calendar Exception Week,applications/datamodel/entitydef/manufacturing-entitymodel.xml,manufacturing,manufacturing-product-team,provisional-repository-inferred
TechDataCalendarWeek,entity,org.apache.ofbiz.manufacturing.techdata,Week definition,applications/datamodel/entitydef/manufacturing-entitymodel.xml,manufacturing,manufacturing-product-team,provisional-repository-inferred
MrpEventType,entity,org.apache.ofbiz.manufacturing.mrp,MRP Event Type,applications/datamodel/entitydef/manufacturing-entitymodel.xml,manufacturing,manufacturing-product-team,provisional-repository-inferred
MrpRunLog,entity,org.apache.ofbiz.manufacturing.mrp,MRP Run Log,applications/datamodel/entitydef/manufacturing-entitymodel.xml,manufacturing,manufacturing-product-team,provisional-repository-inferred
MrpEvent,entity,org.apache.ofbiz.manufacturing.mrp,MRP Event,applications/datamodel/entitydef/manufacturing-entitymodel.xml,manufacturing,manufacturing-product-team,provisional-repository-inferred
MrpEventView,view-entity,org.apache.ofbiz.manufacturing.mrp,MRP Event View,applications/datamodel/entitydef/manufacturing-entitymodel.xml,manufacturing,manufacturing-product-team,provisional-repository-inferred
MarketingCampaign,entity,org.apache.ofbiz.marketing.campaign,Marketing Campaign,applications/datamodel/entitydef/marketing-entitymodel.xml,marketing-sales,marketing-product-team,provisional-repository-inferred
MarketingCampaignNote,entity,org.apache.ofbiz.marketing.campaign,Marketing Campaign Note,applications/datamodel/entitydef/marketing-entitymodel.xml,marketing-sales,marketing-product-team,provisional-repository-inferred
MarketingCampaignPrice,entity,org.apache.ofbiz.marketing.campaign,Marketing Campaign Price,applications/datamodel/entitydef/marketing-entitymodel.xml,marketing-sales,marketing-product-team,provisional-repository-inferred
MarketingCampaignPromo,entity,org.apache.ofbiz.marketing.campaign,Marketing Campaign Promo,applications/datamodel/entitydef/marketing-entitymodel.xml,marketing-sales,marketing-product-team,provisional-repository-inferred
MarketingCampaignRole,entity,org.apache.ofbiz.marketing.campaign,Marketing Campaign Role,applications/datamodel/entitydef/marketing-entitymodel.xml,marketing-sales,marketing-product-team,provisional-repository-inferred
ContactList,entity,org.apache.ofbiz.marketing.contact,Contact List,applications/datamodel/entitydef/marketing-entitymodel.xml,marketing-sales,marketing-product-team,provisional-repository-inferred
WebSiteContactList,entity,org.apache.ofbiz.marketing.contact,Web Site Contact List,applications/datamodel/entitydef/marketing-entitymodel.xml,marketing-sales,marketing-product-team,provisional-repository-inferred
ContactListCommStatus,entity,org.apache.ofbiz.marketing.contact,Contact List,applications/datamodel/entitydef/marketing-entitymodel.xml,marketing-sales,marketing-product-team,provisional-repository-inferred
ContactListParty,entity,org.apache.ofbiz.marketing.contact,Contact List Party,applications/datamodel/entitydef/marketing-entitymodel.xml,marketing-sales,marketing-product-team,provisional-repository-inferred
ContactListPartyAndStatus,view-entity,org.apache.ofbiz.marketing.contact,,applications/datamodel/entitydef/marketing-entitymodel.xml,marketing-sales,marketing-product-team,provisional-repository-inferred
ContactListPartyStatus,entity,org.apache.ofbiz.marketing.contact,Contact List Party Status,applications/datamodel/entitydef/marketing-entitymodel.xml,marketing-sales,marketing-product-team,provisional-repository-inferred
ContactListType,entity,org.apache.ofbiz.marketing.contact,Contact List Type,applications/datamodel/entitydef/marketing-entitymodel.xml,marketing-sales,marketing-product-team,provisional-repository-inferred
SegmentGroup,entity,org.apache.ofbiz.marketing.segment,Segment Group,applications/datamodel/entitydef/marketing-entitymodel.xml,marketing-sales,marketing-product-team,provisional-repository-inferred
SegmentGroupClassification,entity,org.apache.ofbiz.marketing.segment,Segment Group Classification,applications/datamodel/entitydef/marketing-entitymodel.xml,marketing-sales,marketing-product-team,provisional-repository-inferred
SegmentGroupGeo,entity,org.apache.ofbiz.marketing.segment,Segment Group Geo,applications/datamodel/entitydef/marketing-entitymodel.xml,marketing-sales,marketing-product-team,provisional-repository-inferred
SegmentGroupRole,entity,org.apache.ofbiz.marketing.segment,Segment Group Role,applications/datamodel/entitydef/marketing-entitymodel.xml,marketing-sales,marketing-product-team,provisional-repository-inferred
SegmentGroupType,entity,org.apache.ofbiz.marketing.segment,Segment Group Type,applications/datamodel/entitydef/marketing-entitymodel.xml,marketing-sales,marketing-product-team,provisional-repository-inferred
SegmentGroupViewRelatedParties,view-entity,org.apache.ofbiz.marketing.segment,,applications/datamodel/entitydef/marketing-entitymodel.xml,marketing-sales,marketing-product-team,provisional-repository-inferred
TrackingCode,entity,org.apache.ofbiz.marketing.tracking,Tracking Code,applications/datamodel/entitydef/marketing-entitymodel.xml,marketing-sales,marketing-product-team,provisional-repository-inferred
TrackingCodeOrder,entity,org.apache.ofbiz.marketing.tracking,Tracking Code Visit,applications/datamodel/entitydef/marketing-entitymodel.xml,marketing-sales,marketing-product-team,provisional-repository-inferred
TrackingCodeOrderReturn,entity,org.apache.ofbiz.marketing.tracking,Tracking Code And Order Return,applications/datamodel/entitydef/marketing-entitymodel.xml,marketing-sales,marketing-product-team,provisional-repository-inferred
TrackingCodeType,entity,org.apache.ofbiz.marketing.tracking,Tracking Code Type,applications/datamodel/entitydef/marketing-entitymodel.xml,marketing-sales,marketing-product-team,provisional-repository-inferred
TrackingCodeVisit,entity,org.apache.ofbiz.marketing.tracking,Tracking Code Visit,applications/datamodel/entitydef/marketing-entitymodel.xml,marketing-sales,marketing-product-team,provisional-repository-inferred
TrackingCodeAndVisit,view-entity,org.apache.ofbiz.marketing.reports,View entity for reporting number of visits for a tracking code,applications/datamodel/entitydef/marketing-entitymodel.xml,marketing-sales,marketing-product-team,provisional-repository-inferred
TrackingCodeAndOrderHeader,view-entity,org.apache.ofbiz.marketing.reports,View entity for reporting number of orders and total order amounts,applications/datamodel/entitydef/marketing-entitymodel.xml,marketing-sales,marketing-product-team,provisional-repository-inferred
TrackingCodeOrderAndOrderHeader,view-entity,org.apache.ofbiz.marketing.reports,Order Header And Tracking Code Order View,applications/datamodel/entitydef/marketing-entitymodel.xml,marketing-sales,marketing-product-team,provisional-repository-inferred
TrackingCodeOrderReturnAndReturnHeader,view-entity,org.apache.ofbiz.marketing.reports,Return Header And Tracking Code Order Return View,applications/datamodel/entitydef/marketing-entitymodel.xml,marketing-sales,marketing-product-team,provisional-repository-inferred
MarketingCampaignAndVisit,view-entity,org.apache.ofbiz.marketing.reports,"View entity for reporting number of visits for a marketing campaign.  Note that because          marketingCampaignId is a field of TrackingCode, this is really very similar to TrackingCodeAndVisit,          except the group-by is with marketingCampaignId instead of trackingCodeId",applications/datamodel/entitydef/marketing-entitymodel.xml,marketing-sales,marketing-product-team,provisional-repository-inferred
MarketingCampaignAndOrderHeader,view-entity,org.apache.ofbiz.marketing.reports,View entity for reporting number of orders and total order amounts,applications/datamodel/entitydef/marketing-entitymodel.xml,marketing-sales,marketing-product-team,provisional-repository-inferred
SalesOpportunity,entity,org.apache.ofbiz.marketing.opportunity,Main entity of information about sales opportunities,applications/datamodel/entitydef/marketing-entitymodel.xml,marketing-sales,marketing-product-team,provisional-repository-inferred
SalesOpportunityHistory,entity,org.apache.ofbiz.marketing.opportunity,Tracks a history of sales opportunity information,applications/datamodel/entitydef/marketing-entitymodel.xml,marketing-sales,marketing-product-team,provisional-repository-inferred
SalesOpportunityRole,entity,org.apache.ofbiz.marketing.opportunity,Describes roles of different parties involved in a sales opportunity,applications/datamodel/entitydef/marketing-entitymodel.xml,marketing-sales,marketing-product-team,provisional-repository-inferred
SalesOpportunityAndRole,view-entity,org.apache.ofbiz.marketing.opportunity,SalesOpportunity And Role View,applications/datamodel/entitydef/marketing-entitymodel.xml,marketing-sales,marketing-product-team,provisional-repository-inferred
SalesOpportunityStage,entity,org.apache.ofbiz.marketing.opportunity,Describes stages of a sales opportunity with associated probability factors.,applications/datamodel/entitydef/marketing-entitymodel.xml,marketing-sales,marketing-product-team,provisional-repository-inferred
SalesOpportunityWorkEffort,entity,org.apache.ofbiz.marketing.opportunity,Relates sales opportunities to their work efforts.,applications/datamodel/entitydef/marketing-entitymodel.xml,marketing-sales,marketing-product-team,provisional-repository-inferred
SalesOpportunityQuote,entity,org.apache.ofbiz.marketing.opportunity,Relates sales opportunities to their quotes.,applications/datamodel/entitydef/marketing-entitymodel.xml,marketing-sales,marketing-product-team,provisional-repository-inferred
SalesForecast,entity,org.apache.ofbiz.marketing.opportunity,Stores sales forecast data for sales opportunities.,applications/datamodel/entitydef/marketing-entitymodel.xml,marketing-sales,marketing-product-team,provisional-repository-inferred
SalesForecastDetail,entity,org.apache.ofbiz.marketing.opportunity,Stores Details of Resourses of Sales Forecast for simulation of MRP,applications/datamodel/entitydef/marketing-entitymodel.xml,marketing-sales,marketing-product-team,provisional-repository-inferred
SalesForecastHistory,entity,org.apache.ofbiz.marketing.opportunity,Keeps a record of changes to a sales forecast.,applications/datamodel/entitydef/marketing-entitymodel.xml,marketing-sales,marketing-product-team,provisional-repository-inferred
SalesOpportunityCompetitor,entity,org.apache.ofbiz.marketing.opportunity,Sales opportunity competitors record,applications/datamodel/entitydef/marketing-entitymodel.xml,marketing-sales,marketing-product-team,provisional-repository-inferred
SalesOpportunityTrckCode,entity,org.apache.ofbiz.marketing.opportunity,Sales opportunity traking code,applications/datamodel/entitydef/marketing-entitymodel.xml,marketing-sales,marketing-product-team,provisional-repository-inferred
SalesForecastAndCustomTimePeriod,view-entity,org.apache.ofbiz.marketing.opportunity,View for selecting the forecast with its time period.,applications/datamodel/entitydef/marketing-entitymodel.xml,marketing-sales,marketing-product-team,provisional-repository-inferred
OrderAdjustment,entity,org.apache.ofbiz.order.order,Order Adjustment,applications/datamodel/entitydef/order-entitymodel.xml,order-management,order-product-team,provisional-repository-inferred
OrderAdjustmentAttribute,entity,org.apache.ofbiz.order.order,Order Adjustment Attribute,applications/datamodel/entitydef/order-entitymodel.xml,order-management,order-product-team,provisional-repository-inferred
OrderAdjustmentType,entity,org.apache.ofbiz.order.order,Order Adjustment Type,applications/datamodel/entitydef/order-entitymodel.xml,order-management,order-product-team,provisional-repository-inferred
OrderAdjustmentBilling,entity,org.apache.ofbiz.order.order,Order Adjustment Billing,applications/datamodel/entitydef/order-entitymodel.xml,order-management,order-product-team,provisional-repository-inferred
OrderAdjustmentTypeAttr,entity,org.apache.ofbiz.order.order,Order Adjustment Type Attribute,applications/datamodel/entitydef/order-entitymodel.xml,order-management,order-product-team,provisional-repository-inferred
OrderAttribute,entity,org.apache.ofbiz.order.order,Order Attribute,applications/datamodel/entitydef/order-entitymodel.xml,order-management,order-product-team,provisional-repository-inferred
OldOrderBlacklist,entity,org.apache.ofbiz.order.order,Order Blacklist,applications/datamodel/entitydef/order-entitymodel.xml,order-management,order-product-team,provisional-repository-inferred
OldOrderBlacklistType,entity,org.apache.ofbiz.order.order,Order Blacklist Type,applications/datamodel/entitydef/order-entitymodel.xml,order-management,order-product-team,provisional-repository-inferred
OrderDenylist,entity,org.apache.ofbiz.order.order,Order Denylist,applications/datamodel/entitydef/order-entitymodel.xml,order-management,order-product-team,provisional-repository-inferred
OrderDenylistType,entity,org.apache.ofbiz.order.order,Order Denylist Type,applications/datamodel/entitydef/order-entitymodel.xml,order-management,order-product-team,provisional-repository-inferred
CommunicationEventOrder,entity,org.apache.ofbiz.order.order,Communication Event Order,applications/datamodel/entitydef/order-entitymodel.xml,order-management,order-product-team,provisional-repository-inferred
OrderContactMech,entity,org.apache.ofbiz.order.order,Order Contact Mechanism,applications/datamodel/entitydef/order-entitymodel.xml,order-management,order-product-team,provisional-repository-inferred
OrderAndContactMech,view-entity,org.apache.ofbiz.order.order,Order Contact Detail View,applications/datamodel/entitydef/order-entitymodel.xml,order-management,order-product-team,provisional-repository-inferred
OrderContent,entity,org.apache.ofbiz.order.order,Order Data Object,applications/datamodel/entitydef/order-entitymodel.xml,order-management,order-product-team,provisional-repository-inferred
OrderContentType,entity,org.apache.ofbiz.order.order,Order Content Type,applications/datamodel/entitydef/order-entitymodel.xml,order-management,order-product-team,provisional-repository-inferred
OrderDeliverySchedule,entity,org.apache.ofbiz.order.order,The Order Delivery Schedule,applications/datamodel/entitydef/order-entitymodel.xml,order-management,order-product-team,provisional-repository-inferred
OrderHeader,entity,org.apache.ofbiz.order.order,Order Header,applications/datamodel/entitydef/order-entitymodel.xml,order-management,order-product-team,provisional-repository-inferred
OrderHeaderNote,entity,org.apache.ofbiz.order.order,Order Header Note,applications/datamodel/entitydef/order-entitymodel.xml,order-management,order-product-team,provisional-repository-inferred
OrderHeaderWorkEffort,entity,org.apache.ofbiz.order.order,OrderHeader WorkEffort,applications/datamodel/entitydef/order-entitymodel.xml,order-management,order-product-team,provisional-repository-inferred
OrderItem,entity,org.apache.ofbiz.order.order,Order Item,applications/datamodel/entitydef/order-entitymodel.xml,order-management,order-product-team,provisional-repository-inferred
OrderItemAssoc,entity,org.apache.ofbiz.order.order,Order Item Assoc,applications/datamodel/entitydef/order-entitymodel.xml,order-management,order-product-team,provisional-repository-inferred
OrderItemAssocType,entity,org.apache.ofbiz.order.order,Order Item Assoc Type,applications/datamodel/entitydef/order-entitymodel.xml,order-management,order-product-team,provisional-repository-inferred
OrderItemAttribute,entity,org.apache.ofbiz.order.order,Order Item Attribute,applications/datamodel/entitydef/order-entitymodel.xml,order-management,order-product-team,provisional-repository-inferred
OrderItemBilling,entity,org.apache.ofbiz.order.order,Order Item Billing,applications/datamodel/entitydef/order-entitymodel.xml,order-management,order-product-team,provisional-repository-inferred
OrderItemChange,entity,org.apache.ofbiz.order.order,Order Item Change,applications/datamodel/entitydef/order-entitymodel.xml,order-management,order-product-team,provisional-repository-inferred
OrderItemContactMech,entity,org.apache.ofbiz.order.order,Order Item Contact Mechanism,applications/datamodel/entitydef/order-entitymodel.xml,order-management,order-product-team,provisional-repository-inferred
OrderItemGroup,entity,org.apache.ofbiz.order.order,Order Item Group,applications/datamodel/entitydef/order-entitymodel.xml,order-management,order-product-team,provisional-repository-inferred
OrderItemGroupOrder,entity,org.apache.ofbiz.order.order,Order Item Group Order,applications/datamodel/entitydef/order-entitymodel.xml,order-management,order-product-team,provisional-repository-inferred
OrderItemPriceInfo,entity,org.apache.ofbiz.order.order,Order Item Price Info,applications/datamodel/entitydef/order-entitymodel.xml,order-management,order-product-team,provisional-repository-inferred
OrderItemRole,entity,org.apache.ofbiz.order.order,Order Item Role,applications/datamodel/entitydef/order-entitymodel.xml,order-management,order-product-team,provisional-repository-inferred
OrderItemShipGroup,entity,org.apache.ofbiz.order.order,Order Item Ship Group,applications/datamodel/entitydef/order-entitymodel.xml,order-management,order-product-team,provisional-repository-inferred
OrderItemShipGroupAssoc,entity,org.apache.ofbiz.order.order,Order Item Package Association,applications/datamodel/entitydef/order-entitymodel.xml,order-management,order-product-team,provisional-repository-inferred
OrderItemShipGrpInvRes,entity,org.apache.ofbiz.order.order,Order Item Inventory Reservation,applications/datamodel/entitydef/order-entitymodel.xml,order-management,order-product-team,provisional-repository-inferred
OrderItemType,entity,org.apache.ofbiz.order.order,Order Item Type,applications/datamodel/entitydef/order-entitymodel.xml,order-management,order-product-team,provisional-repository-inferred
OrderItemTypeAttr,entity,org.apache.ofbiz.order.order,Order Item Type Attribute,applications/datamodel/entitydef/order-entitymodel.xml,order-management,order-product-team,provisional-repository-inferred
OrderNotification,entity,org.apache.ofbiz.order.order,Order Notification,applications/datamodel/entitydef/order-entitymodel.xml,order-management,order-product-team,provisional-repository-inferred
OrderPaymentPreference,entity,org.apache.ofbiz.order.order,The Order Payment Preference,applications/datamodel/entitydef/order-entitymodel.xml,order-management,order-product-team,provisional-repository-inferred
OrderProductPromoCode,entity,org.apache.ofbiz.order.order,Order Product Promo Code,applications/datamodel/entitydef/order-entitymodel.xml,order-management,order-product-team,provisional-repository-inferred
OrderRole,entity,org.apache.ofbiz.order.order,Order Role,applications/datamodel/entitydef/order-entitymodel.xml,order-management,order-product-team,provisional-repository-inferred
OrderShipment,entity,org.apache.ofbiz.order.order,Order Shipment,applications/datamodel/entitydef/order-entitymodel.xml,order-management,order-product-team,provisional-repository-inferred
OrderStatus,entity,org.apache.ofbiz.order.order,Order Status,applications/datamodel/entitydef/order-entitymodel.xml,order-management,order-product-team,provisional-repository-inferred
OrderSummaryEntry,entity,org.apache.ofbiz.order.order,Order Summary Entry,applications/datamodel/entitydef/order-entitymodel.xml,order-management,order-product-team,provisional-repository-inferred
OrderTerm,entity,org.apache.ofbiz.order.order,Order Term,applications/datamodel/entitydef/order-entitymodel.xml,order-management,order-product-team,provisional-repository-inferred
OrderTermAttribute,entity,org.apache.ofbiz.order.order,Order Term Attribute,applications/datamodel/entitydef/order-entitymodel.xml,order-management,order-product-team,provisional-repository-inferred
OrderType,entity,org.apache.ofbiz.order.order,Order Type,applications/datamodel/entitydef/order-entitymodel.xml,order-management,order-product-team,provisional-repository-inferred
OrderTypeAttr,entity,org.apache.ofbiz.order.order,Order Type Attribute,applications/datamodel/entitydef/order-entitymodel.xml,order-management,order-product-team,provisional-repository-inferred
ProductOrderItem,entity,org.apache.ofbiz.order.order,Product Order Item,applications/datamodel/entitydef/order-entitymodel.xml,order-management,order-product-team,provisional-repository-inferred
WorkOrderItemFulfillment,entity,org.apache.ofbiz.order.order,Work Order Item Fulfillment,applications/datamodel/entitydef/order-entitymodel.xml,order-management,order-product-team,provisional-repository-inferred
Quote,entity,org.apache.ofbiz.order.quote,Quote,applications/datamodel/entitydef/order-entitymodel.xml,order-management,order-product-team,provisional-repository-inferred
QuoteAttribute,entity,org.apache.ofbiz.order.quote,Quote Attribute,applications/datamodel/entitydef/order-entitymodel.xml,order-management,order-product-team,provisional-repository-inferred
QuoteCoefficient,entity,org.apache.ofbiz.order.quote,Quote Coefficient,applications/datamodel/entitydef/order-entitymodel.xml,order-management,order-product-team,provisional-repository-inferred
QuoteItem,entity,org.apache.ofbiz.order.quote,Quote Item,applications/datamodel/entitydef/order-entitymodel.xml,order-management,order-product-team,provisional-repository-inferred
QuoteNote,entity,org.apache.ofbiz.order.quote,Quote Note,applications/datamodel/entitydef/order-entitymodel.xml,order-management,order-product-team,provisional-repository-inferred
QuoteRole,entity,org.apache.ofbiz.order.quote,Quote Role,applications/datamodel/entitydef/order-entitymodel.xml,order-management,order-product-team,provisional-repository-inferred
QuoteTerm,entity,org.apache.ofbiz.order.quote,Quote Term,applications/datamodel/entitydef/order-entitymodel.xml,order-management,order-product-team,provisional-repository-inferred
QuoteTermAttribute,entity,org.apache.ofbiz.order.quote,Quote Term Attribute,applications/datamodel/entitydef/order-entitymodel.xml,order-management,order-product-team,provisional-repository-inferred
QuoteType,entity,org.apache.ofbiz.order.quote,Quote Type,applications/datamodel/entitydef/order-entitymodel.xml,order-management,order-product-team,provisional-repository-inferred
QuoteTypeAttr,entity,org.apache.ofbiz.order.quote,Quote Type Attribute,applications/datamodel/entitydef/order-entitymodel.xml,order-management,order-product-team,provisional-repository-inferred
QuoteWorkEffort,entity,org.apache.ofbiz.order.quote,Quote Work Effort,applications/datamodel/entitydef/order-entitymodel.xml,order-management,order-product-team,provisional-repository-inferred
QuoteAdjustment,entity,org.apache.ofbiz.order.quote,Quote Adjustment,applications/datamodel/entitydef/order-entitymodel.xml,order-management,order-product-team,provisional-repository-inferred
CustRequest,entity,org.apache.ofbiz.order.request,Customer Request,applications/datamodel/entitydef/order-entitymodel.xml,order-management,order-product-team,provisional-repository-inferred
CustRequestAttribute,entity,org.apache.ofbiz.order.request,Customer Request Attribute,applications/datamodel/entitydef/order-entitymodel.xml,order-management,order-product-team,provisional-repository-inferred
CustRequestCategory,entity,org.apache.ofbiz.order.request,Customer Category Type,applications/datamodel/entitydef/order-entitymodel.xml,order-management,order-product-team,provisional-repository-inferred
CustRequestCommEvent,entity,org.apache.ofbiz.order.request,Customer Request Communication Event,applications/datamodel/entitydef/order-entitymodel.xml,order-management,order-product-team,provisional-repository-inferred
CustRequestContent,entity,org.apache.ofbiz.order.request,Customer Request Content,applications/datamodel/entitydef/order-entitymodel.xml,order-management,order-product-team,provisional-repository-inferred
CustRequestItem,entity,org.apache.ofbiz.order.request,Customer Request Item,applications/datamodel/entitydef/order-entitymodel.xml,order-management,order-product-team,provisional-repository-inferred
CustRequestNote,entity,org.apache.ofbiz.order.request,Customer Request Note,applications/datamodel/entitydef/order-entitymodel.xml,order-management,order-product-team,provisional-repository-inferred
CustRequestItemNote,entity,org.apache.ofbiz.order.request,Customer Request Item Note,applications/datamodel/entitydef/order-entitymodel.xml,order-management,order-product-team,provisional-repository-inferred
CustRequestItemWorkEffort,entity,org.apache.ofbiz.order.request,Cust Request Item Work Effort,applications/datamodel/entitydef/order-entitymodel.xml,order-management,order-product-team,provisional-repository-inferred
CustRequestResolution,entity,org.apache.ofbiz.order.request,Customer Request Resolution,applications/datamodel/entitydef/order-entitymodel.xml,order-management,order-product-team,provisional-repository-inferred
CustRequestParty,entity,org.apache.ofbiz.order.request,Customer Request Role,applications/datamodel/entitydef/order-entitymodel.xml,order-management,order-product-team,provisional-repository-inferred
CustRequestStatus,entity,org.apache.ofbiz.order.request,Customer Request Status,applications/datamodel/entitydef/order-entitymodel.xml,order-management,order-product-team,provisional-repository-inferred
CustRequestType,entity,org.apache.ofbiz.order.request,Customer Request Type,applications/datamodel/entitydef/order-entitymodel.xml,order-management,order-product-team,provisional-repository-inferred
CustRequestTypeAttr,entity,org.apache.ofbiz.order.request,Customer Request Type Attribute,applications/datamodel/entitydef/order-entitymodel.xml,order-management,order-product-team,provisional-repository-inferred
CustRequestWorkEffort,entity,org.apache.ofbiz.order.request,Cust Request Work Effort,applications/datamodel/entitydef/order-entitymodel.xml,order-management,order-product-team,provisional-repository-inferred
RespondingParty,entity,org.apache.ofbiz.order.request,Responding Party,applications/datamodel/entitydef/order-entitymodel.xml,order-management,order-product-team,provisional-repository-inferred
DesiredFeature,entity,org.apache.ofbiz.order.requirement,Desired Feature,applications/datamodel/entitydef/order-entitymodel.xml,order-management,order-product-team,provisional-repository-inferred
OrderRequirementCommitment,entity,org.apache.ofbiz.order.requirement,Order Requirement Commitment,applications/datamodel/entitydef/order-entitymodel.xml,order-management,order-product-team,provisional-repository-inferred
Requirement,entity,org.apache.ofbiz.order.requirement,Requirement,applications/datamodel/entitydef/order-entitymodel.xml,order-management,order-product-team,provisional-repository-inferred
RequirementAttribute,entity,org.apache.ofbiz.order.requirement,Requirement Attribute,applications/datamodel/entitydef/order-entitymodel.xml,order-management,order-product-team,provisional-repository-inferred
RequirementBudgetAllocation,entity,org.apache.ofbiz.order.requirement,Requirement Budget Allocation,applications/datamodel/entitydef/order-entitymodel.xml,order-management,order-product-team,provisional-repository-inferred
RequirementCustRequest,entity,org.apache.ofbiz.order.requirement,Requirement Customer Request,applications/datamodel/entitydef/order-entitymodel.xml,order-management,order-product-team,provisional-repository-inferred
RequirementRole,entity,org.apache.ofbiz.order.requirement,Requirement Role,applications/datamodel/entitydef/order-entitymodel.xml,order-management,order-product-team,provisional-repository-inferred
RequirementStatus,entity,org.apache.ofbiz.order.requirement,Requirement Status,applications/datamodel/entitydef/order-entitymodel.xml,order-management,order-product-team,provisional-repository-inferred
RequirementType,entity,org.apache.ofbiz.order.requirement,Requirement Type,applications/datamodel/entitydef/order-entitymodel.xml,order-management,order-product-team,provisional-repository-inferred
RequirementTypeAttr,entity,org.apache.ofbiz.order.requirement,Requirement Type Attribute,applications/datamodel/entitydef/order-entitymodel.xml,order-management,order-product-team,provisional-repository-inferred
WorkReqFulfType,entity,org.apache.ofbiz.order.requirement,Work Requirement Fulfillment Type,applications/datamodel/entitydef/order-entitymodel.xml,order-management,order-product-team,provisional-repository-inferred
WorkRequirementFulfillment,entity,org.apache.ofbiz.order.requirement,Work Requirement Fulfillment,applications/datamodel/entitydef/order-entitymodel.xml,order-management,order-product-team,provisional-repository-inferred
ReturnAdjustment,entity,org.apache.ofbiz.order.return,Return Adjustment,applications/datamodel/entitydef/order-entitymodel.xml,order-management,order-product-team,provisional-repository-inferred
ReturnAdjustmentType,entity,org.apache.ofbiz.order.return,Return Adjustment Type,applications/datamodel/entitydef/order-entitymodel.xml,order-management,order-product-team,provisional-repository-inferred
ReturnHeader,entity,org.apache.ofbiz.order.return,Return,applications/datamodel/entitydef/order-entitymodel.xml,order-management,order-product-team,provisional-repository-inferred
ReturnHeaderType,entity,org.apache.ofbiz.order.return,Return Header Type,applications/datamodel/entitydef/order-entitymodel.xml,order-management,order-product-team,provisional-repository-inferred
ReturnItem,entity,org.apache.ofbiz.order.return,Return Item,applications/datamodel/entitydef/order-entitymodel.xml,order-management,order-product-team,provisional-repository-inferred
ReturnItemResponse,entity,org.apache.ofbiz.order.return,The Return Item Response,applications/datamodel/entitydef/order-entitymodel.xml,order-management,order-product-team,provisional-repository-inferred
ReturnItemType,entity,org.apache.ofbiz.order.return,Return Item Type,applications/datamodel/entitydef/order-entitymodel.xml,order-management,order-product-team,provisional-repository-inferred
ReturnItemTypeMap,entity,org.apache.ofbiz.order.return,Return Item Type Map,applications/datamodel/entitydef/order-entitymodel.xml,order-management,order-product-team,provisional-repository-inferred
ReturnReason,entity,org.apache.ofbiz.order.return,Return Reason,applications/datamodel/entitydef/order-entitymodel.xml,order-management,order-product-team,provisional-repository-inferred
ReturnStatus,entity,org.apache.ofbiz.order.return,Return Status History,applications/datamodel/entitydef/order-entitymodel.xml,order-management,order-product-team,provisional-repository-inferred
ReturnType,entity,org.apache.ofbiz.order.return,Return Type,applications/datamodel/entitydef/order-entitymodel.xml,order-management,order-product-team,provisional-repository-inferred
ReturnItemBilling,entity,org.apache.ofbiz.order.return,Records the quantity and amount returned to an inventory item from a return item.,applications/datamodel/entitydef/order-entitymodel.xml,order-management,order-product-team,provisional-repository-inferred
ReturnItemShipment,entity,org.apache.ofbiz.order.return,Return Item And Shipment Association,applications/datamodel/entitydef/order-entitymodel.xml,order-management,order-product-team,provisional-repository-inferred
ReturnContactMech,entity,org.apache.ofbiz.order.return,Retrun Contact Mechanism,applications/datamodel/entitydef/order-entitymodel.xml,order-management,order-product-team,provisional-repository-inferred
CommunicationEventReturn,entity,org.apache.ofbiz.order.return,Communication Event Return,applications/datamodel/entitydef/order-entitymodel.xml,order-management,order-product-team,provisional-repository-inferred
CartAbandonedLine,entity,org.apache.ofbiz.order.shoppingcart,Order Abandoned Line,applications/datamodel/entitydef/order-entitymodel.xml,order-management,order-product-team,provisional-repository-inferred
ShoppingList,entity,org.apache.ofbiz.order.shoppinglist,Shopping List,applications/datamodel/entitydef/order-entitymodel.xml,order-management,order-product-team,provisional-repository-inferred
ShoppingListItem,entity,org.apache.ofbiz.order.shoppinglist,Shopping List Item,applications/datamodel/entitydef/order-entitymodel.xml,order-management,order-product-team,provisional-repository-inferred
ShoppingListItemAttribute,entity,org.apache.ofbiz.order.shoppinglist,Shopping List Item Attribute Entity,applications/datamodel/entitydef/order-entitymodel.xml,order-management,order-product-team,provisional-repository-inferred
ShoppingListItemSurvey,entity,org.apache.ofbiz.order.shoppinglist,Shopping List Item,applications/datamodel/entitydef/order-entitymodel.xml,order-management,order-product-team,provisional-repository-inferred
ShoppingListType,entity,org.apache.ofbiz.order.shoppinglist,Shopping List Type,applications/datamodel/entitydef/order-entitymodel.xml,order-management,order-product-team,provisional-repository-inferred
ShoppingListWorkEffort,entity,org.apache.ofbiz.order.shoppinglist,ShoppingList WorkEffort,applications/datamodel/entitydef/order-entitymodel.xml,order-management,order-product-team,provisional-repository-inferred
AllocationPlanType,entity,org.apache.ofbiz.order.allocationplan,Allocation Plan Type Entity,applications/datamodel/entitydef/order-entitymodel.xml,order-management,order-product-team,provisional-repository-inferred
AllocationPlanHeader,entity,org.apache.ofbiz.order.allocationplan,Allocation Plan Header Entity,applications/datamodel/entitydef/order-entitymodel.xml,order-management,order-product-team,provisional-repository-inferred
AllocationPlanItem,entity,org.apache.ofbiz.order.allocationplan,Allocation Plan Item Entity,applications/datamodel/entitydef/order-entitymodel.xml,order-management,order-product-team,provisional-repository-inferred
AllocationPlanAndItem,view-entity,org.apache.ofbiz.order.allocationplan,Allocation Plan And Allocation Plan Item View,applications/datamodel/entitydef/order-entitymodel.xml,order-management,order-product-team,provisional-repository-inferred
Addendum,entity,org.apache.ofbiz.party.agreement,Addendum,applications/datamodel/entitydef/party-entitymodel.xml,party-customer,customer-product-team,provisional-repository-inferred
Agreement,entity,org.apache.ofbiz.party.agreement,Agreement,applications/datamodel/entitydef/party-entitymodel.xml,party-customer,customer-product-team,provisional-repository-inferred
AgreementAttribute,entity,org.apache.ofbiz.party.agreement,Agreement Attribute,applications/datamodel/entitydef/party-entitymodel.xml,party-customer,customer-product-team,provisional-repository-inferred
AgreementGeographicalApplic,entity,org.apache.ofbiz.party.agreement,Agreement Geographical Applicability,applications/datamodel/entitydef/party-entitymodel.xml,party-customer,customer-product-team,provisional-repository-inferred
AgreementItem,entity,org.apache.ofbiz.party.agreement,Agreement Item,applications/datamodel/entitydef/party-entitymodel.xml,party-customer,customer-product-team,provisional-repository-inferred
AgreementItemAttribute,entity,org.apache.ofbiz.party.agreement,Agreement Item Attribute,applications/datamodel/entitydef/party-entitymodel.xml,party-customer,customer-product-team,provisional-repository-inferred
AgreementItemType,entity,org.apache.ofbiz.party.agreement,Agreement Item Type,applications/datamodel/entitydef/party-entitymodel.xml,party-customer,customer-product-team,provisional-repository-inferred
AgreementItemTypeAttr,entity,org.apache.ofbiz.party.agreement,Agreement Item Type Attribute,applications/datamodel/entitydef/party-entitymodel.xml,party-customer,customer-product-team,provisional-repository-inferred
AgreementContent,entity,org.apache.ofbiz.party.agreement,Agreement Content,applications/datamodel/entitydef/party-entitymodel.xml,party-customer,customer-product-team,provisional-repository-inferred
AgreementContentType,entity,org.apache.ofbiz.party.agreement,Agreement Content Type,applications/datamodel/entitydef/party-entitymodel.xml,party-customer,customer-product-team,provisional-repository-inferred
AgreementPartyApplic,entity,org.apache.ofbiz.party.agreement,Agreement Party Application,applications/datamodel/entitydef/party-entitymodel.xml,party-customer,customer-product-team,provisional-repository-inferred
AgreementProductAppl,entity,org.apache.ofbiz.party.agreement,Agreement Product Application,applications/datamodel/entitydef/party-entitymodel.xml,party-customer,customer-product-team,provisional-repository-inferred
AgreementPromoAppl,entity,org.apache.ofbiz.party.agreement,Agreement Promo Applicability,applications/datamodel/entitydef/party-entitymodel.xml,party-customer,customer-product-team,provisional-repository-inferred
AgreementFacilityAppl,entity,org.apache.ofbiz.party.agreement,Agreement Facility Application,applications/datamodel/entitydef/party-entitymodel.xml,party-customer,customer-product-team,provisional-repository-inferred
AgreementRole,entity,org.apache.ofbiz.party.agreement,Agreement Role,applications/datamodel/entitydef/party-entitymodel.xml,party-customer,customer-product-team,provisional-repository-inferred
AgreementStatus,entity,org.apache.ofbiz.party.agreement,Agremeement Status,applications/datamodel/entitydef/party-entitymodel.xml,party-customer,customer-product-team,provisional-repository-inferred
AgreementTerm,entity,org.apache.ofbiz.party.agreement,Agreement Term,applications/datamodel/entitydef/party-entitymodel.xml,party-customer,customer-product-team,provisional-repository-inferred
AgreementTermAttribute,entity,org.apache.ofbiz.party.agreement,Agreement Term Attribute,applications/datamodel/entitydef/party-entitymodel.xml,party-customer,customer-product-team,provisional-repository-inferred
AgreementType,entity,org.apache.ofbiz.party.agreement,Agreement Type,applications/datamodel/entitydef/party-entitymodel.xml,party-customer,customer-product-team,provisional-repository-inferred
AgreementTypeAttr,entity,org.apache.ofbiz.party.agreement,Agreement Type Attribute,applications/datamodel/entitydef/party-entitymodel.xml,party-customer,customer-product-team,provisional-repository-inferred
AgreementWorkEffortApplic,entity,org.apache.ofbiz.party.agreement,Agreement WorkEffort Application,applications/datamodel/entitydef/party-entitymodel.xml,party-customer,customer-product-team,provisional-repository-inferred
TermType,entity,org.apache.ofbiz.party.agreement,Term Type,applications/datamodel/entitydef/party-entitymodel.xml,party-customer,customer-product-team,provisional-repository-inferred
TermTypeAttr,entity,org.apache.ofbiz.party.agreement,Term Type Attribute,applications/datamodel/entitydef/party-entitymodel.xml,party-customer,customer-product-team,provisional-repository-inferred
AgreementEmploymentAppl,entity,org.apache.ofbiz.party.agreement,Agreement Employment Application,applications/datamodel/entitydef/party-entitymodel.xml,party-customer,customer-product-team,provisional-repository-inferred
AgreementItemAndProductAppl,view-entity,org.apache.ofbiz.party.agreement,Agreement Item and Agreement Product Applicability View,applications/datamodel/entitydef/party-entitymodel.xml,party-customer,customer-product-team,provisional-repository-inferred
AgreementItemAndFacilityAppl,view-entity,org.apache.ofbiz.party.agreement,Agreement Item and Agreement Facility Applicability View,applications/datamodel/entitydef/party-entitymodel.xml,party-customer,customer-product-team,provisional-repository-inferred
AgreementItemAndPartyAppl,view-entity,org.apache.ofbiz.party.agreement,Agreement Item and Agreement Party Applicability View,applications/datamodel/entitydef/party-entitymodel.xml,party-customer,customer-product-team,provisional-repository-inferred
AgreementContentAndInfo,view-entity,org.apache.ofbiz.accounting.invoice,AgreementContent Content and DataResource View,applications/datamodel/entitydef/party-entitymodel.xml,party-customer,customer-product-team,provisional-repository-inferred
CommContentAssocType,entity,org.apache.ofbiz.party.communication,CommunicationEvent Content Association Type,applications/datamodel/entitydef/party-entitymodel.xml,party-customer,customer-product-team,provisional-repository-inferred
CommEventContentAssoc,entity,org.apache.ofbiz.party.communication,CommunicationEvent Content Association,applications/datamodel/entitydef/party-entitymodel.xml,party-customer,customer-product-team,provisional-repository-inferred
CommEventContentDataResource,view-entity,org.apache.ofbiz.party.communication,CommEvent and Content and DataResource View,applications/datamodel/entitydef/party-entitymodel.xml,party-customer,customer-product-team,provisional-repository-inferred
CommunicationEvent,entity,org.apache.ofbiz.party.communication,Communication Event,applications/datamodel/entitydef/party-entitymodel.xml,party-customer,customer-product-team,provisional-repository-inferred
CommunicationEventAndSubscr,view-entity,org.apache.ofbiz.party.communication,Communication Event And Role View,applications/datamodel/entitydef/party-entitymodel.xml,party-customer,customer-product-team,provisional-repository-inferred
CommunicationEventAndProduct,view-entity,org.apache.ofbiz.party.communication,Communication Event And Product View,applications/datamodel/entitydef/party-entitymodel.xml,party-customer,customer-product-team,provisional-repository-inferred
CommunicationEventAndRole,view-entity,org.apache.ofbiz.party.communication,Communication Event And Role View,applications/datamodel/entitydef/party-entitymodel.xml,party-customer,customer-product-team,provisional-repository-inferred
CommunicationEventProduct,entity,org.apache.ofbiz.party.communication,Communication Event Product,applications/datamodel/entitydef/party-entitymodel.xml,party-customer,customer-product-team,provisional-repository-inferred
CommunicationEventPrpTyp,entity,org.apache.ofbiz.party.communication,Communication Event Purpose Type,applications/datamodel/entitydef/party-entitymodel.xml,party-customer,customer-product-team,provisional-repository-inferred
CommunicationEventPurpose,entity,org.apache.ofbiz.party.communication,Communication Event Purpose,applications/datamodel/entitydef/party-entitymodel.xml,party-customer,customer-product-team,provisional-repository-inferred
CommunicationEventRole,entity,org.apache.ofbiz.party.communication,Communication Event Role Entity showing all participants of the communication event.,applications/datamodel/entitydef/party-entitymodel.xml,party-customer,customer-product-team,provisional-repository-inferred
CommunicationEventType,entity,org.apache.ofbiz.party.communication,Communication Event Type,applications/datamodel/entitydef/party-entitymodel.xml,party-customer,customer-product-team,provisional-repository-inferred
CommunicationEventSum,view-entity,org.apache.ofbiz.party.communication,Sum of communication events over status,applications/datamodel/entitydef/party-entitymodel.xml,party-customer,customer-product-team,provisional-repository-inferred
ContactMech,entity,org.apache.ofbiz.party.contact,Contact Mechanism,applications/datamodel/entitydef/party-entitymodel.xml,party-customer,customer-product-team,provisional-repository-inferred
ContactMechAttribute,entity,org.apache.ofbiz.party.contact,Contact Mechanism Attribute,applications/datamodel/entitydef/party-entitymodel.xml,party-customer,customer-product-team,provisional-repository-inferred
ContactMechLink,entity,org.apache.ofbiz.party.contact,Contact Mechanism Link,applications/datamodel/entitydef/party-entitymodel.xml,party-customer,customer-product-team,provisional-repository-inferred
ContactMechPurposeType,entity,org.apache.ofbiz.party.contact,Contact Mechanism Purpose Type,applications/datamodel/entitydef/party-entitymodel.xml,party-customer,customer-product-team,provisional-repository-inferred
ContactMechType,entity,org.apache.ofbiz.party.contact,Contact Mechanism Type,applications/datamodel/entitydef/party-entitymodel.xml,party-customer,customer-product-team,provisional-repository-inferred
ContactMechTypeAttr,entity,org.apache.ofbiz.party.contact,Contact Mechanism Type Attribute,applications/datamodel/entitydef/party-entitymodel.xml,party-customer,customer-product-team,provisional-repository-inferred
ContactMechTypePurpose,entity,org.apache.ofbiz.party.contact,Contact Mechanism Type Purpose,applications/datamodel/entitydef/party-entitymodel.xml,party-customer,customer-product-team,provisional-repository-inferred
EmailAddressVerification,entity,org.apache.ofbiz.party.contact,Email Address Verification,applications/datamodel/entitydef/party-entitymodel.xml,party-customer,customer-product-team,provisional-repository-inferred
PartyContactDetailByPurpose,view-entity,org.apache.ofbiz.party.contact,Party Contact Purpose View,applications/datamodel/entitydef/party-entitymodel.xml,party-customer,customer-product-team,provisional-repository-inferred
PartyContactMech,entity,org.apache.ofbiz.party.contact,Party Contact Mechanism,applications/datamodel/entitydef/party-entitymodel.xml,party-customer,customer-product-team,provisional-repository-inferred
PartyContactMechPurpose,entity,org.apache.ofbiz.party.contact,Party Contact Mechanism Purpose,applications/datamodel/entitydef/party-entitymodel.xml,party-customer,customer-product-team,provisional-repository-inferred
PostalAddress,entity,org.apache.ofbiz.party.contact,Postal Address,applications/datamodel/entitydef/party-entitymodel.xml,party-customer,customer-product-team,provisional-repository-inferred
PostalAddressBoundary,entity,org.apache.ofbiz.party.contact,Postal Address Boundary,applications/datamodel/entitydef/party-entitymodel.xml,party-customer,customer-product-team,provisional-repository-inferred
TelecomNumber,entity,org.apache.ofbiz.party.contact,Telecommunications Number,applications/datamodel/entitydef/party-entitymodel.xml,party-customer,customer-product-team,provisional-repository-inferred
FtpAddress,entity,org.apache.ofbiz.party.contact,Ftp server,applications/datamodel/entitydef/party-entitymodel.xml,party-customer,customer-product-team,provisional-repository-inferred
ValidContactMechRole,entity,org.apache.ofbiz.party.contact,Valid Contact Mechanism Role,applications/datamodel/entitydef/party-entitymodel.xml,party-customer,customer-product-team,provisional-repository-inferred
ContactMechDetail,view-entity,org.apache.ofbiz.party.contact,Contact Mech Detail View,applications/datamodel/entitydef/party-entitymodel.xml,party-customer,customer-product-team,provisional-repository-inferred
PartyAndContactMech,view-entity,org.apache.ofbiz.party.contact,Party and Contact Mech View,applications/datamodel/entitydef/party-entitymodel.xml,party-customer,customer-product-team,provisional-repository-inferred
PartyAndPostalAddress,view-entity,org.apache.ofbiz.party.contact,Party and Contact Mech/Postal Address View,applications/datamodel/entitydef/party-entitymodel.xml,party-customer,customer-product-team,provisional-repository-inferred
PartyAndTelecomNumber,view-entity,org.apache.ofbiz.party.contact,Party and TelecomNumber View,applications/datamodel/entitydef/party-entitymodel.xml,party-customer,customer-product-team,provisional-repository-inferred
ContactListPartyAndContactMech,view-entity,org.apache.ofbiz.party.contact,,applications/datamodel/entitydef/party-entitymodel.xml,party-customer,customer-product-team,provisional-repository-inferred
NeedType,entity,org.apache.ofbiz.party.need,Need Type,applications/datamodel/entitydef/party-entitymodel.xml,party-customer,customer-product-team,provisional-repository-inferred
PartyNeed,entity,org.apache.ofbiz.party.need,Party Need,applications/datamodel/entitydef/party-entitymodel.xml,party-customer,customer-product-team,provisional-repository-inferred
AddressMatchMap,entity,org.apache.ofbiz.party.party,Address Matching Map,applications/datamodel/entitydef/party-entitymodel.xml,party-customer,customer-product-team,provisional-repository-inferred
Affiliate,entity,org.apache.ofbiz.party.party,Affiliate Party,applications/datamodel/entitydef/party-entitymodel.xml,party-customer,customer-product-team,provisional-repository-inferred
Party,entity,org.apache.ofbiz.party.party,Party,applications/datamodel/entitydef/party-entitymodel.xml,party-customer,customer-product-team,provisional-repository-inferred
PartyAcctgPrefAndGroup,view-entity,org.apache.ofbiz.party.party,PartyAcctgPreference and PartyGroup,applications/datamodel/entitydef/party-entitymodel.xml,party-customer,customer-product-team,provisional-repository-inferred
PartyAndGroup,view-entity,org.apache.ofbiz.party.party,Party and Party Group View,applications/datamodel/entitydef/party-entitymodel.xml,party-customer,customer-product-team,provisional-repository-inferred
PartyAndPerson,view-entity,org.apache.ofbiz.party.party,Party and Person View,applications/datamodel/entitydef/party-entitymodel.xml,party-customer,customer-product-team,provisional-repository-inferred
PartyAndUserLogin,view-entity,org.apache.ofbiz.party.party,Party and Contact Mech View,applications/datamodel/entitydef/party-entitymodel.xml,party-customer,customer-product-team,provisional-repository-inferred
PartyAndUserLoginAndPerson,view-entity,org.apache.ofbiz.party.party,Parts of Party and UserLogin and Person,applications/datamodel/entitydef/party-entitymodel.xml,party-customer,customer-product-team,provisional-repository-inferred
PartyDetailAndWorkEffortAssign,view-entity,org.apache.ofbiz.party.party,View to show the party assignment names for a workeffort with the partyStatus and AssignStatus,applications/datamodel/entitydef/party-entitymodel.xml,party-customer,customer-product-team,provisional-repository-inferred
PartyIdentification,entity,org.apache.ofbiz.party.party,Party Identification,applications/datamodel/entitydef/party-entitymodel.xml,party-customer,customer-product-team,provisional-repository-inferred
PartyIdentificationAndParty,view-entity,org.apache.ofbiz.party.party,PartyIdentification and Party View,applications/datamodel/entitydef/party-entitymodel.xml,party-customer,customer-product-team,provisional-repository-inferred
PartyIdentificationType,entity,org.apache.ofbiz.party.party,Party Identification Type,applications/datamodel/entitydef/party-entitymodel.xml,party-customer,customer-product-team,provisional-repository-inferred
PartyGeoPoint,entity,org.apache.ofbiz.party.party,Party Geo Location with history,applications/datamodel/entitydef/party-entitymodel.xml,party-customer,customer-product-team,provisional-repository-inferred
PartyAndGeoPoint,view-entity,org.apache.ofbiz.party.party,Party and Geo Point View,applications/datamodel/entitydef/party-entitymodel.xml,party-customer,customer-product-team,provisional-repository-inferred
UserLoginAndPartyDetails,view-entity,org.apache.ofbiz.party.party,"UserLogin, Party, Person and PartyGroup",applications/datamodel/entitydef/party-entitymodel.xml,party-customer,customer-product-team,provisional-repository-inferred
PartyAttribute,entity,org.apache.ofbiz.party.party,Party Attribute,applications/datamodel/entitydef/party-entitymodel.xml,party-customer,customer-product-team,provisional-repository-inferred
PartyCarrierAccount,entity,org.apache.ofbiz.party.party,Party Carrier Account,applications/datamodel/entitydef/party-entitymodel.xml,party-customer,customer-product-team,provisional-repository-inferred
PartyClassification,entity,org.apache.ofbiz.party.party,Party Classification,applications/datamodel/entitydef/party-entitymodel.xml,party-customer,customer-product-team,provisional-repository-inferred
PartyClassificationGroup,entity,org.apache.ofbiz.party.party,Party Classification Group,applications/datamodel/entitydef/party-entitymodel.xml,party-customer,customer-product-team,provisional-repository-inferred
PartyClassificationType,entity,org.apache.ofbiz.party.party,Party Classification Type,applications/datamodel/entitydef/party-entitymodel.xml,party-customer,customer-product-team,provisional-repository-inferred
PartyContactWithPurpose,view-entity,org.apache.ofbiz.party.party,Party Contact Purpose View,applications/datamodel/entitydef/party-entitymodel.xml,party-customer,customer-product-team,provisional-repository-inferred
PartyContent,entity,org.apache.ofbiz.party.party,Party Data Object,applications/datamodel/entitydef/party-entitymodel.xml,party-customer,customer-product-team,provisional-repository-inferred
PartyContentDetail,view-entity,org.apache.ofbiz.content.content,Party Content Detail View,applications/datamodel/entitydef/party-entitymodel.xml,party-customer,customer-product-team,provisional-repository-inferred
PartyContentType,entity,org.apache.ofbiz.party.party,Party Content Type,applications/datamodel/entitydef/party-entitymodel.xml,party-customer,customer-product-team,provisional-repository-inferred
PartyDataSource,entity,org.apache.ofbiz.party.party,Party Data Source,applications/datamodel/entitydef/party-entitymodel.xml,party-customer,customer-product-team,provisional-repository-inferred
PartyGroup,entity,org.apache.ofbiz.party.party,Party Group,applications/datamodel/entitydef/party-entitymodel.xml,party-customer,customer-product-team,provisional-repository-inferred
PartyIcsAvsOverride,entity,org.apache.ofbiz.party.party,Party ICS AVS Override,applications/datamodel/entitydef/party-entitymodel.xml,party-customer,customer-product-team,provisional-repository-inferred
PartyInvitation,entity,org.apache.ofbiz.party.party,Party Invitation,applications/datamodel/entitydef/party-entitymodel.xml,party-customer,customer-product-team,provisional-repository-inferred
PartyInvitationGroupAssoc,entity,org.apache.ofbiz.party.party,Party Invitation Group Assoc,applications/datamodel/entitydef/party-entitymodel.xml,party-customer,customer-product-team,provisional-repository-inferred
PartyInvitationRoleAssoc,entity,org.apache.ofbiz.party.party,Party Invitation Role Assoc,applications/datamodel/entitydef/party-entitymodel.xml,party-customer,customer-product-team,provisional-repository-inferred
PartyNameContactMechView,view-entity,org.apache.ofbiz.party.party,Party Name Contact Mech View,applications/datamodel/entitydef/party-entitymodel.xml,party-customer,customer-product-team,provisional-repository-inferred
PartyNameHistory,entity,org.apache.ofbiz.party.party,Party Name History,applications/datamodel/entitydef/party-entitymodel.xml,party-customer,customer-product-team,provisional-repository-inferred
PartyNameView,view-entity,org.apache.ofbiz.party.party,Party Name View,applications/datamodel/entitydef/party-entitymodel.xml,party-customer,customer-product-team,provisional-repository-inferred
PartyNote,entity,org.apache.ofbiz.party.party,Party Note,applications/datamodel/entitydef/party-entitymodel.xml,party-customer,customer-product-team,provisional-repository-inferred
PartyNoteView,view-entity,org.apache.ofbiz.party.party,Party Note View,applications/datamodel/entitydef/party-entitymodel.xml,party-customer,customer-product-team,provisional-repository-inferred
PartyProfileDefault,entity,org.apache.ofbiz.party.party,Party Profile Defaults,applications/datamodel/entitydef/party-entitymodel.xml,party-customer,customer-product-team,provisional-repository-inferred
PartyRelationship,entity,org.apache.ofbiz.party.party,Party Relationship,applications/datamodel/entitydef/party-entitymodel.xml,party-customer,customer-product-team,provisional-repository-inferred
PartyRelationshipToFrom,view-entity,org.apache.ofbiz.party.party,,applications/datamodel/entitydef/party-entitymodel.xml,party-customer,customer-product-team,provisional-repository-inferred
PartyRelationshipType,entity,org.apache.ofbiz.party.party,Party Relationship Type,applications/datamodel/entitydef/party-entitymodel.xml,party-customer,customer-product-team,provisional-repository-inferred
PartyRelationshipAndDetail,view-entity,org.apache.ofbiz.party.party,Party Relationship And Details,applications/datamodel/entitydef/party-entitymodel.xml,party-customer,customer-product-team,provisional-repository-inferred
PartyRelationshipAndContactMechDetail,view-entity,org.apache.ofbiz.party.party,Party Relationship And Contact Mech Details,applications/datamodel/entitydef/party-entitymodel.xml,party-customer,customer-product-team,provisional-repository-inferred
PartyRelationshipAndPartyDetail,view-entity,org.apache.ofbiz.party.party,Party Relationship And Party Details,applications/datamodel/entitydef/party-entitymodel.xml,party-customer,customer-product-team,provisional-repository-inferred
PartyRole,entity,org.apache.ofbiz.party.party,Party Role,applications/datamodel/entitydef/party-entitymodel.xml,party-customer,customer-product-team,provisional-repository-inferred
PartyRoleAndPartyDetail,view-entity,org.apache.ofbiz.party.party,"Party Role and Party Detail (Person, PartyGroup, etc.) View",applications/datamodel/entitydef/party-entitymodel.xml,party-customer,customer-product-team,provisional-repository-inferred
PartyRoleDetailAndPartyDetail,view-entity,org.apache.ofbiz.party.party,"Party Role and Party Detail (Person, PartyGroup, etc.) View",applications/datamodel/entitydef/party-entitymodel.xml,party-customer,customer-product-team,provisional-repository-inferred
PartyRoleNameDetail,view-entity,org.apache.ofbiz.party.party,"Party Role and Party Detail (Person, PartyGroup, etc.) View",applications/datamodel/entitydef/party-entitymodel.xml,party-customer,customer-product-team,provisional-repository-inferred
PartyRoleAndContactMechDetail,view-entity,org.apache.ofbiz.party.party,Party Role And Contact Mech Details,applications/datamodel/entitydef/party-entitymodel.xml,party-customer,customer-product-team,provisional-repository-inferred
PartyStatus,entity,org.apache.ofbiz.party.party,Tracks a history of the status of a Party,applications/datamodel/entitydef/party-entitymodel.xml,party-customer,customer-product-team,provisional-repository-inferred
PartyType,entity,org.apache.ofbiz.party.party,Party Type,applications/datamodel/entitydef/party-entitymodel.xml,party-customer,customer-product-team,provisional-repository-inferred
PartyTypeAttr,entity,org.apache.ofbiz.party.party,Party Type Attribute,applications/datamodel/entitydef/party-entitymodel.xml,party-customer,customer-product-team,provisional-repository-inferred
Person,entity,org.apache.ofbiz.party.party,Person,applications/datamodel/entitydef/party-entitymodel.xml,party-customer,customer-product-team,provisional-repository-inferred
PriorityType,entity,org.apache.ofbiz.party.party,Priority Type,applications/datamodel/entitydef/party-entitymodel.xml,party-customer,customer-product-team,provisional-repository-inferred
RoleType,entity,org.apache.ofbiz.party.party,Role Type,applications/datamodel/entitydef/party-entitymodel.xml,party-customer,customer-product-team,provisional-repository-inferred
RoleTypeIn3Levels,view-entity,org.apache.ofbiz.party.party,Party Role View in 4 levels,applications/datamodel/entitydef/party-entitymodel.xml,party-customer,customer-product-team,provisional-repository-inferred
RoleTypeAndParty,view-entity,org.apache.ofbiz.party.party,Party Role View,applications/datamodel/entitydef/party-entitymodel.xml,party-customer,customer-product-team,provisional-repository-inferred
RoleTypeAttr,entity,org.apache.ofbiz.party.party,Role Type Attribute,applications/datamodel/entitydef/party-entitymodel.xml,party-customer,customer-product-team,provisional-repository-inferred
Vendor,entity,org.apache.ofbiz.party.party,Vendor,applications/datamodel/entitydef/party-entitymodel.xml,party-customer,customer-product-team,provisional-repository-inferred
PartyExport,view-entity,org.apache.ofbiz.accounting.reports,,applications/datamodel/entitydef/party-entitymodel.xml,party-customer,customer-product-team,provisional-repository-inferred
PartyClassificationGroupAndType,view-entity,org.apache.ofbiz.party.party,PartyClassificationGroup and PartyClassificationTypeView,applications/datamodel/entitydef/party-entitymodel.xml,party-customer,customer-product-team,provisional-repository-inferred
MaritalStatus,entity,org.apache.ofbiz.party.person,Person Marital Status,applications/datamodel/entitydef/party-entitymodel.xml,party-customer,customer-product-team,provisional-repository-inferred
MaritalStatusType,entity,org.apache.ofbiz.party.person,Person Marital Status Type,applications/datamodel/entitydef/party-entitymodel.xml,party-customer,customer-product-team,provisional-repository-inferred
ProdCatalog,entity,org.apache.ofbiz.product.catalog,Catalog,applications/datamodel/entitydef/product-entitymodel.xml,product-catalog,catalog-product-team,provisional-repository-inferred
ProdCatalogCategory,entity,org.apache.ofbiz.product.catalog,Catalog Category Association,applications/datamodel/entitydef/product-entitymodel.xml,product-catalog,catalog-product-team,provisional-repository-inferred
ProdCatalogCategoryType,entity,org.apache.ofbiz.product.catalog,Catalog Category Association Type,applications/datamodel/entitydef/product-entitymodel.xml,product-catalog,catalog-product-team,provisional-repository-inferred
ProdCatalogInvFacility,entity,org.apache.ofbiz.product.catalog,Product Catalog Inventory Facility Applicability,applications/datamodel/entitydef/product-entitymodel.xml,product-catalog,catalog-product-team,provisional-repository-inferred
ProdCatalogRole,entity,org.apache.ofbiz.product.catalog,ProdCatalog Role Association,applications/datamodel/entitydef/product-entitymodel.xml,product-catalog,catalog-product-team,provisional-repository-inferred
ProductAndCategoryMember,view-entity,org.apache.ofbiz.product.category,Product And ProductCategoryMember View,applications/datamodel/entitydef/product-entitymodel.xml,product-catalog,catalog-product-team,provisional-repository-inferred
ProductCategory,entity,org.apache.ofbiz.product.category,Product Category,applications/datamodel/entitydef/product-entitymodel.xml,product-catalog,catalog-product-team,provisional-repository-inferred
ProductCategoryAndMember,view-entity,org.apache.ofbiz.product.category,ProductCategory And ProductCategoryMember View,applications/datamodel/entitydef/product-entitymodel.xml,product-catalog,catalog-product-team,provisional-repository-inferred
ProductCategoryAttribute,entity,org.apache.ofbiz.product.category,Product Category Attribute,applications/datamodel/entitydef/product-entitymodel.xml,product-catalog,catalog-product-team,provisional-repository-inferred
ProductCategoryContent,entity,org.apache.ofbiz.product.category,Product Category Data Object,applications/datamodel/entitydef/product-entitymodel.xml,product-catalog,catalog-product-team,provisional-repository-inferred
ProductCategoryContentAndInfo,view-entity,org.apache.ofbiz.product.category,"ProductCategoryContent, Content and DataResource View",applications/datamodel/entitydef/product-entitymodel.xml,product-catalog,catalog-product-team,provisional-repository-inferred
ProductCategoryContentType,entity,org.apache.ofbiz.product.category,Product Category Content Type,applications/datamodel/entitydef/product-entitymodel.xml,product-catalog,catalog-product-team,provisional-repository-inferred
ProductCategoryGlAccount,entity,org.apache.ofbiz.product.category,Product Category GlAccount,applications/datamodel/entitydef/product-entitymodel.xml,product-catalog,catalog-product-team,provisional-repository-inferred
ProductCategoryLink,entity,org.apache.ofbiz.product.category,Product Category Link,applications/datamodel/entitydef/product-entitymodel.xml,product-catalog,catalog-product-team,provisional-repository-inferred
ProductCategoryMember,entity,org.apache.ofbiz.product.category,Product Category Member,applications/datamodel/entitydef/product-entitymodel.xml,product-catalog,catalog-product-team,provisional-repository-inferred
ProductCategoryMemberAndRole,view-entity,org.apache.ofbiz.product.category,ProductCategoryMember And ProductCategoryRole View,applications/datamodel/entitydef/product-entitymodel.xml,product-catalog,catalog-product-team,provisional-repository-inferred
ProductCategoryRole,entity,org.apache.ofbiz.product.category,Product Category Role,applications/datamodel/entitydef/product-entitymodel.xml,product-catalog,catalog-product-team,provisional-repository-inferred
ProductCategoryRollup,entity,org.apache.ofbiz.product.category,Product Category Rollup,applications/datamodel/entitydef/product-entitymodel.xml,product-catalog,catalog-product-team,provisional-repository-inferred
ProductCategoryRollupAndChild,view-entity,org.apache.ofbiz.product.category,,applications/datamodel/entitydef/product-entitymodel.xml,product-catalog,catalog-product-team,provisional-repository-inferred
ProductCategoryRollupAndRole,view-entity,org.apache.ofbiz.product.category,ProductCategoryRollup And ProductCategoryRole View,applications/datamodel/entitydef/product-entitymodel.xml,product-catalog,catalog-product-team,provisional-repository-inferred
ProductCategoryType,entity,org.apache.ofbiz.product.category,Product Category Type,applications/datamodel/entitydef/product-entitymodel.xml,product-catalog,catalog-product-team,provisional-repository-inferred
ProductCategoryTypeAttr,entity,org.apache.ofbiz.product.category,Product Category Type Attribute,applications/datamodel/entitydef/product-entitymodel.xml,product-catalog,catalog-product-team,provisional-repository-inferred
ProductConfig,entity,org.apache.ofbiz.product.config,Product Configuration Templates,applications/datamodel/entitydef/product-entitymodel.xml,product-catalog,catalog-product-team,provisional-repository-inferred
ProductConfigAndProduct,view-entity,org.apache.ofbiz.product.config,"Product Config And Product  View Entity, to be able to see which products use a certain configuration item",applications/datamodel/entitydef/product-entitymodel.xml,product-catalog,catalog-product-team,provisional-repository-inferred
ProductConfigItem,entity,org.apache.ofbiz.product.config,Product Configuration Question,applications/datamodel/entitydef/product-entitymodel.xml,product-catalog,catalog-product-team,provisional-repository-inferred
ProdConfItemContent,entity,org.apache.ofbiz.product.config,Product Configuration Question Data Object,applications/datamodel/entitydef/product-entitymodel.xml,product-catalog,catalog-product-team,provisional-repository-inferred
ProdConfItemContentType,entity,org.apache.ofbiz.product.config,Product Content Type,applications/datamodel/entitydef/product-entitymodel.xml,product-catalog,catalog-product-team,provisional-repository-inferred
ProductConfigOption,entity,org.apache.ofbiz.product.config,Product Configuration Options,applications/datamodel/entitydef/product-entitymodel.xml,product-catalog,catalog-product-team,provisional-repository-inferred
ProductConfigOptionIactn,entity,org.apache.ofbiz.product.config,Product Configuration Options,applications/datamodel/entitydef/product-entitymodel.xml,product-catalog,catalog-product-team,provisional-repository-inferred
ProductConfigProduct,entity,org.apache.ofbiz.product.config,Product Configuration Option to Products,applications/datamodel/entitydef/product-entitymodel.xml,product-catalog,catalog-product-team,provisional-repository-inferred
ProductConfigConfig,entity,org.apache.ofbiz.product.config,Existing Product Configurations,applications/datamodel/entitydef/product-entitymodel.xml,product-catalog,catalog-product-team,provisional-repository-inferred
ProductConfigStats,entity,org.apache.ofbiz.product.config,Product Configurations Stats,applications/datamodel/entitydef/product-entitymodel.xml,product-catalog,catalog-product-team,provisional-repository-inferred
ConfigOptionProductOption,entity,org.apache.ofbiz.product.config,Config Option Product Options,applications/datamodel/entitydef/product-entitymodel.xml,product-catalog,catalog-product-team,provisional-repository-inferred
CostComponent,entity,org.apache.ofbiz.product.cost,Cost Component,applications/datamodel/entitydef/product-entitymodel.xml,product-catalog,catalog-product-team,provisional-repository-inferred
CostComponentAttribute,entity,org.apache.ofbiz.product.cost,Cost Component Attribute,applications/datamodel/entitydef/product-entitymodel.xml,product-catalog,catalog-product-team,provisional-repository-inferred
CostComponentType,entity,org.apache.ofbiz.product.cost,Cost Component Type,applications/datamodel/entitydef/product-entitymodel.xml,product-catalog,catalog-product-team,provisional-repository-inferred
CostComponentTypeAttr,entity,org.apache.ofbiz.product.cost,Cost Component Type Attribute,applications/datamodel/entitydef/product-entitymodel.xml,product-catalog,catalog-product-team,provisional-repository-inferred
CostComponentCalc,entity,org.apache.ofbiz.product.cost,Cost Component Calculation,applications/datamodel/entitydef/product-entitymodel.xml,product-catalog,catalog-product-team,provisional-repository-inferred
ProductCostComponentCalc,entity,org.apache.ofbiz.product.cost,Product Cost Calculation,applications/datamodel/entitydef/product-entitymodel.xml,product-catalog,catalog-product-team,provisional-repository-inferred
Container,entity,org.apache.ofbiz.product.facility,Container,applications/datamodel/entitydef/product-entitymodel.xml,product-catalog,catalog-product-team,provisional-repository-inferred
ContainerType,entity,org.apache.ofbiz.product.facility,Container Type,applications/datamodel/entitydef/product-entitymodel.xml,product-catalog,catalog-product-team,provisional-repository-inferred
ContainerGeoPoint,entity,org.apache.ofbiz.product.facility,Container Geo Location with history,applications/datamodel/entitydef/product-entitymodel.xml,product-catalog,catalog-product-team,provisional-repository-inferred
ContainerAndGeoPoint,view-entity,org.apache.ofbiz.product.facility,Container and Geo Point View,applications/datamodel/entitydef/product-entitymodel.xml,product-catalog,catalog-product-team,provisional-repository-inferred
Facility,entity,org.apache.ofbiz.product.facility,Facility,applications/datamodel/entitydef/product-entitymodel.xml,product-catalog,catalog-product-team,provisional-repository-inferred
FacilityAndContactMech,view-entity,org.apache.ofbiz.product.facility,Facility and Contact Mech View,applications/datamodel/entitydef/product-entitymodel.xml,product-catalog,catalog-product-team,provisional-repository-inferred
FacilityAttribute,entity,org.apache.ofbiz.product.facility,Facility Attribute,applications/datamodel/entitydef/product-entitymodel.xml,product-catalog,catalog-product-team,provisional-repository-inferred
FacilityCalendar,entity,org.apache.ofbiz.product.facility,Facility Calendar,applications/datamodel/entitydef/product-entitymodel.xml,product-catalog,catalog-product-team,provisional-repository-inferred
FacilityCalendarType,entity,org.apache.ofbiz.product.facility,Facility Calendar Type,applications/datamodel/entitydef/product-entitymodel.xml,product-catalog,catalog-product-team,provisional-repository-inferred
FacilityCarrierShipment,entity,org.apache.ofbiz.product.facility,Facility Role Type,applications/datamodel/entitydef/product-entitymodel.xml,product-catalog,catalog-product-team,provisional-repository-inferred
FacilityContactMech,entity,org.apache.ofbiz.product.facility,Facility Contact Mechanism,applications/datamodel/entitydef/product-entitymodel.xml,product-catalog,catalog-product-team,provisional-repository-inferred
FacilityContactMechPurpose,entity,org.apache.ofbiz.product.facility,Facility Contact Mechanism Purpose,applications/datamodel/entitydef/product-entitymodel.xml,product-catalog,catalog-product-team,provisional-repository-inferred
FacilityGroup,entity,org.apache.ofbiz.product.facility,Facility Group,applications/datamodel/entitydef/product-entitymodel.xml,product-catalog,catalog-product-team,provisional-repository-inferred
FacilityGroupMember,entity,org.apache.ofbiz.product.facility,Facility Group,applications/datamodel/entitydef/product-entitymodel.xml,product-catalog,catalog-product-team,provisional-repository-inferred
FacilityGroupRole,entity,org.apache.ofbiz.product.facility,Facility Group Role,applications/datamodel/entitydef/product-entitymodel.xml,product-catalog,catalog-product-team,provisional-repository-inferred
FacilityGroupRollup,entity,org.apache.ofbiz.product.facility,Facility Group Rollup,applications/datamodel/entitydef/product-entitymodel.xml,product-catalog,catalog-product-team,provisional-repository-inferred
FacilityGroupType,entity,org.apache.ofbiz.product.facility,Facility Group Type,applications/datamodel/entitydef/product-entitymodel.xml,product-catalog,catalog-product-team,provisional-repository-inferred
FacilityLocation,entity,org.apache.ofbiz.product.facility,Facility Location,applications/datamodel/entitydef/product-entitymodel.xml,product-catalog,catalog-product-team,provisional-repository-inferred
FacilityLocationGeoPoint,entity,org.apache.ofbiz.product.facility,Facility Location Geo Location with history,applications/datamodel/entitydef/product-entitymodel.xml,product-catalog,catalog-product-team,provisional-repository-inferred
FacilityLocationAndGeoPoint,view-entity,org.apache.ofbiz.product.facility,Facility Location and Geo Point View,applications/datamodel/entitydef/product-entitymodel.xml,product-catalog,catalog-product-team,provisional-repository-inferred
FacilityParty,entity,org.apache.ofbiz.product.facility,Facility Party,applications/datamodel/entitydef/product-entitymodel.xml,product-catalog,catalog-product-team,provisional-repository-inferred
FacilityContent,entity,org.apache.ofbiz.product.facility,Facility Content,applications/datamodel/entitydef/product-entitymodel.xml,product-catalog,catalog-product-team,provisional-repository-inferred
FacilityContentDetail,view-entity,org.apache.ofbiz.product.facility,Facility Content Detail View,applications/datamodel/entitydef/product-entitymodel.xml,product-catalog,catalog-product-team,provisional-repository-inferred
FacilityType,entity,org.apache.ofbiz.product.facility,Facility Type,applications/datamodel/entitydef/product-entitymodel.xml,product-catalog,catalog-product-team,provisional-repository-inferred
FacilityTypeAttr,entity,org.apache.ofbiz.product.facility,Facility Type Attribute,applications/datamodel/entitydef/product-entitymodel.xml,product-catalog,catalog-product-team,provisional-repository-inferred
ProductFacility,entity,org.apache.ofbiz.product.facility,Product Facility,applications/datamodel/entitydef/product-entitymodel.xml,product-catalog,catalog-product-team,provisional-repository-inferred
FacilityAssocType,entity,org.apache.ofbiz.product.facility,Define associations between facilities,applications/datamodel/entitydef/product-entitymodel.xml,product-catalog,catalog-product-team,provisional-repository-inferred
ProductFacilityAssoc,entity,org.apache.ofbiz.product.facility,Define associations between Product facilities,applications/datamodel/entitydef/product-entitymodel.xml,product-catalog,catalog-product-team,provisional-repository-inferred
ProductFacilityAndPostalAddress,view-entity,org.apache.ofbiz.product.facility,"Product Facility And Contactmech And Postal Address View Entity, to be able to list products by geographic location",applications/datamodel/entitydef/product-entitymodel.xml,product-catalog,catalog-product-team,provisional-repository-inferred
ProductFacilityLocation,entity,org.apache.ofbiz.product.facility,Product Facility,applications/datamodel/entitydef/product-entitymodel.xml,product-catalog,catalog-product-team,provisional-repository-inferred
ProductFacilityLocationQuantityTest,view-entity,org.apache.ofbiz.product.facility,ProductFacilityLocation Quantity Test View,applications/datamodel/entitydef/product-entitymodel.xml,product-catalog,catalog-product-team,provisional-repository-inferred
ProductFacilityLocationView,view-entity,org.apache.ofbiz.product.facility,ProductFacilityLocation And FacilityLocation View,applications/datamodel/entitydef/product-entitymodel.xml,product-catalog,catalog-product-team,provisional-repository-inferred
ProductFeature,entity,org.apache.ofbiz.product.feature,Product Feature,applications/datamodel/entitydef/product-entitymodel.xml,product-catalog,catalog-product-team,provisional-repository-inferred
ProductFeatureAndAppl,view-entity,org.apache.ofbiz.product.feature,ProductFeature And ProductFeatureAppl View,applications/datamodel/entitydef/product-entitymodel.xml,product-catalog,catalog-product-team,provisional-repository-inferred
ProductFeatureAppl,entity,org.apache.ofbiz.product.feature,Product Feature Applicability,applications/datamodel/entitydef/product-entitymodel.xml,product-catalog,catalog-product-team,provisional-repository-inferred
ProductFeatureApplType,entity,org.apache.ofbiz.product.feature,Product Feature Applicability Type,applications/datamodel/entitydef/product-entitymodel.xml,product-catalog,catalog-product-team,provisional-repository-inferred
ProductFeatureApplAttr,entity,org.apache.ofbiz.product.feature,Product Feature Applicability Attribute,applications/datamodel/entitydef/product-entitymodel.xml,product-catalog,catalog-product-team,provisional-repository-inferred
ProductFeatureCategory,entity,org.apache.ofbiz.product.feature,Product Feature Category,applications/datamodel/entitydef/product-entitymodel.xml,product-catalog,catalog-product-team,provisional-repository-inferred
ProductFeatureCategoryAppl,entity,org.apache.ofbiz.product.feature,Product Feature Category Application,applications/datamodel/entitydef/product-entitymodel.xml,product-catalog,catalog-product-team,provisional-repository-inferred
ProductFeatureCatGrpAppl,entity,org.apache.ofbiz.product.feature,Product Category Feature Group Application,applications/datamodel/entitydef/product-entitymodel.xml,product-catalog,catalog-product-team,provisional-repository-inferred
ProductFeatureDataResource,entity,org.apache.ofbiz.product.feature,Product Feature Data Resource,applications/datamodel/entitydef/product-entitymodel.xml,product-catalog,catalog-product-team,provisional-repository-inferred
ProductFeatureGroup,entity,org.apache.ofbiz.product.feature,Product Feature Group,applications/datamodel/entitydef/product-entitymodel.xml,product-catalog,catalog-product-team,provisional-repository-inferred
ProductFeatureGroupAndAppl,view-entity,org.apache.ofbiz.product.feature,Product Feature Group And Applicability View,applications/datamodel/entitydef/product-entitymodel.xml,product-catalog,catalog-product-team,provisional-repository-inferred
ProdFeaGrpAppAndProdFeaApp,view-entity,org.apache.ofbiz.product.feature,ProductFeatureGroupAppl And ProductFeatureAppl View,applications/datamodel/entitydef/product-entitymodel.xml,product-catalog,catalog-product-team,provisional-repository-inferred
ProductFeatureGroupAppl,entity,org.apache.ofbiz.product.feature,Product Feature Group Applicability,applications/datamodel/entitydef/product-entitymodel.xml,product-catalog,catalog-product-team,provisional-repository-inferred
ProductFeatureIactn,entity,org.apache.ofbiz.product.feature,Product Feature Interaction,applications/datamodel/entitydef/product-entitymodel.xml,product-catalog,catalog-product-team,provisional-repository-inferred
ProductFeatureIactnType,entity,org.apache.ofbiz.product.feature,Product Feature Interaction Type,applications/datamodel/entitydef/product-entitymodel.xml,product-catalog,catalog-product-team,provisional-repository-inferred
ProductFeatureType,entity,org.apache.ofbiz.product.feature,Product Feature Type,applications/datamodel/entitydef/product-entitymodel.xml,product-catalog,catalog-product-team,provisional-repository-inferred
ProductFeaturePrice,entity,org.apache.ofbiz.product.price,Product Feature Price,applications/datamodel/entitydef/product-entitymodel.xml,product-catalog,catalog-product-team,provisional-repository-inferred
BalanceInventoryItemsView,view-entity,org.apache.ofbiz.product.inventory,Balance Inventory Items View,applications/datamodel/entitydef/product-entitymodel.xml,product-catalog,catalog-product-team,provisional-repository-inferred
InventoryItem,entity,org.apache.ofbiz.product.inventory,Inventory Item,applications/datamodel/entitydef/product-entitymodel.xml,product-catalog,catalog-product-team,provisional-repository-inferred
InventoryItemAndLocation,view-entity,org.apache.ofbiz.product.inventory,InventoryItem And FacilityLocation View,applications/datamodel/entitydef/product-entitymodel.xml,product-catalog,catalog-product-team,provisional-repository-inferred
InventoryItemAttribute,entity,org.apache.ofbiz.product.inventory,Inventory Item Attribute,applications/datamodel/entitydef/product-entitymodel.xml,product-catalog,catalog-product-team,provisional-repository-inferred
InventoryItemAndDetail,view-entity,org.apache.ofbiz.product.inventory,,applications/datamodel/entitydef/product-entitymodel.xml,product-catalog,catalog-product-team,provisional-repository-inferred
InventoryItemDetail,entity,org.apache.ofbiz.product.inventory,Inventory Item Detail,applications/datamodel/entitydef/product-entitymodel.xml,product-catalog,catalog-product-team,provisional-repository-inferred
InventoryItemDetailSummary,view-entity,org.apache.ofbiz.product.inventory,Inventory Item Detail Summary View,applications/datamodel/entitydef/product-entitymodel.xml,product-catalog,catalog-product-team,provisional-repository-inferred
InventoryItemDetailForSum,view-entity,org.apache.ofbiz.product.inventory,Inventory Item And Inventory Item Detail for Summation View,applications/datamodel/entitydef/product-entitymodel.xml,product-catalog,catalog-product-team,provisional-repository-inferred
InventoryItemStatus,entity,org.apache.ofbiz.product.inventory,Inventory Item Status History,applications/datamodel/entitydef/product-entitymodel.xml,product-catalog,catalog-product-team,provisional-repository-inferred
InventoryItemStatusForCount,view-entity,org.apache.ofbiz.product.inventory,,applications/datamodel/entitydef/product-entitymodel.xml,product-catalog,catalog-product-team,provisional-repository-inferred
InventoryItemTempRes,entity,org.apache.ofbiz.product.inventory,Inventory Item Temporary Reservation,applications/datamodel/entitydef/product-entitymodel.xml,product-catalog,catalog-product-team,provisional-repository-inferred
InventoryItemType,entity,org.apache.ofbiz.product.inventory,Inventory Item Type,applications/datamodel/entitydef/product-entitymodel.xml,product-catalog,catalog-product-team,provisional-repository-inferred
InventoryItemTypeAttr,entity,org.apache.ofbiz.product.inventory,Inventory Item Type Attribute,applications/datamodel/entitydef/product-entitymodel.xml,product-catalog,catalog-product-team,provisional-repository-inferred
InventoryItemVariance,entity,org.apache.ofbiz.product.inventory,Inventory Item Variance,applications/datamodel/entitydef/product-entitymodel.xml,product-catalog,catalog-product-team,provisional-repository-inferred
InventoryItemLabelType,entity,org.apache.ofbiz.product.inventory,Inventory Item Label Type,applications/datamodel/entitydef/product-entitymodel.xml,product-catalog,catalog-product-team,provisional-repository-inferred
InventoryItemLabel,entity,org.apache.ofbiz.product.inventory,Inventory Item Label,applications/datamodel/entitydef/product-entitymodel.xml,product-catalog,catalog-product-team,provisional-repository-inferred
InventoryItemLabelAppl,entity,org.apache.ofbiz.product.inventory,Inventory Item Label Applicability,applications/datamodel/entitydef/product-entitymodel.xml,product-catalog,catalog-product-team,provisional-repository-inferred
InventoryTransfer,entity,org.apache.ofbiz.product.inventory,Inventory Transfer,applications/datamodel/entitydef/product-entitymodel.xml,product-catalog,catalog-product-team,provisional-repository-inferred
Lot,entity,org.apache.ofbiz.product.inventory,Lot,applications/datamodel/entitydef/product-entitymodel.xml,product-catalog,catalog-product-team,provisional-repository-inferred
PhysicalInventory,entity,org.apache.ofbiz.product.inventory,Physical Inventory,applications/datamodel/entitydef/product-entitymodel.xml,product-catalog,catalog-product-team,provisional-repository-inferred
PhysicalInventoryAndVariance,view-entity,org.apache.ofbiz.product.inventory,PhysicalInventory and InventoryItemVariance View,applications/datamodel/entitydef/product-entitymodel.xml,product-catalog,catalog-product-team,provisional-repository-inferred
VarianceReason,entity,org.apache.ofbiz.product.inventory,Variance Reason,applications/datamodel/entitydef/product-entitymodel.xml,product-catalog,catalog-product-team,provisional-repository-inferred
ProductPaymentMethodType,entity,org.apache.ofbiz.product.price,Product PaymentMethodType,applications/datamodel/entitydef/product-entitymodel.xml,product-catalog,catalog-product-team,provisional-repository-inferred
ProductPrice,entity,org.apache.ofbiz.product.price,Product Price,applications/datamodel/entitydef/product-entitymodel.xml,product-catalog,catalog-product-team,provisional-repository-inferred
ProductPriceAction,entity,org.apache.ofbiz.product.price,Product Price Action,applications/datamodel/entitydef/product-entitymodel.xml,product-catalog,catalog-product-team,provisional-repository-inferred
ProductPriceActionType,entity,org.apache.ofbiz.product.price,Product Price Type,applications/datamodel/entitydef/product-entitymodel.xml,product-catalog,catalog-product-team,provisional-repository-inferred
ProductPriceAutoNotice,entity,org.apache.ofbiz.product.price,Product Price Automatic Notice History,applications/datamodel/entitydef/product-entitymodel.xml,product-catalog,catalog-product-team,provisional-repository-inferred
ProductPriceChange,entity,org.apache.ofbiz.product.price,Product Price Change History,applications/datamodel/entitydef/product-entitymodel.xml,product-catalog,catalog-product-team,provisional-repository-inferred
ProductPriceCond,entity,org.apache.ofbiz.product.price,Product Price Condition,applications/datamodel/entitydef/product-entitymodel.xml,product-catalog,catalog-product-team,provisional-repository-inferred
ProductPricePurpose,entity,org.apache.ofbiz.product.price,Product Price Purpose,applications/datamodel/entitydef/product-entitymodel.xml,product-catalog,catalog-product-team,provisional-repository-inferred
ProductPriceRule,entity,org.apache.ofbiz.product.price,Product Pice Rule,applications/datamodel/entitydef/product-entitymodel.xml,product-catalog,catalog-product-team,provisional-repository-inferred
ProductPriceType,entity,org.apache.ofbiz.product.price,Product Price Type,applications/datamodel/entitydef/product-entitymodel.xml,product-catalog,catalog-product-team,provisional-repository-inferred
QuantityBreak,entity,org.apache.ofbiz.product.price,Quantity Break,applications/datamodel/entitydef/product-entitymodel.xml,product-catalog,catalog-product-team,provisional-repository-inferred
QuantityBreakType,entity,org.apache.ofbiz.product.price,Quantity Break Type,applications/datamodel/entitydef/product-entitymodel.xml,product-catalog,catalog-product-team,provisional-repository-inferred
SaleType,entity,org.apache.ofbiz.product.price,Sale Type,applications/datamodel/entitydef/product-entitymodel.xml,product-catalog,catalog-product-team,provisional-repository-inferred
GoodIdentification,entity,org.apache.ofbiz.product.product,Good Identification,applications/datamodel/entitydef/product-entitymodel.xml,product-catalog,catalog-product-team,provisional-repository-inferred
GoodIdentificationAndProduct,view-entity,org.apache.ofbiz.product.product,GoodIdentification and Product View,applications/datamodel/entitydef/product-entitymodel.xml,product-catalog,catalog-product-team,provisional-repository-inferred
GoodIdentificationType,entity,org.apache.ofbiz.product.product,Good Identification Type,applications/datamodel/entitydef/product-entitymodel.xml,product-catalog,catalog-product-team,provisional-repository-inferred
Product,entity,org.apache.ofbiz.product.product,Product,applications/datamodel/entitydef/product-entitymodel.xml,product-catalog,catalog-product-team,provisional-repository-inferred
ProductAssoc,entity,org.apache.ofbiz.product.product,Product Association,applications/datamodel/entitydef/product-entitymodel.xml,product-catalog,catalog-product-team,provisional-repository-inferred
ProductAndAssoc,view-entity,org.apache.ofbiz.product.product,Product and ProductAssoc View,applications/datamodel/entitydef/product-entitymodel.xml,product-catalog,catalog-product-team,provisional-repository-inferred
ProductAndAssocTo,view-entity,org.apache.ofbiz.product.product,Product and ProductAssoc View by child (to) orientation,applications/datamodel/entitydef/product-entitymodel.xml,product-catalog,catalog-product-team,provisional-repository-inferred
ProductAssocType,entity,org.apache.ofbiz.product.product,Product Association Type,applications/datamodel/entitydef/product-entitymodel.xml,product-catalog,catalog-product-team,provisional-repository-inferred
ProductRole,entity,org.apache.ofbiz.product.product,Product Role,applications/datamodel/entitydef/product-entitymodel.xml,product-catalog,catalog-product-team,provisional-repository-inferred
ProductAttribute,entity,org.apache.ofbiz.product.product,Product Attribute,applications/datamodel/entitydef/product-entitymodel.xml,product-catalog,catalog-product-team,provisional-repository-inferred
ProductCalculatedInfo,entity,org.apache.ofbiz.product.product,Product Calculated Info,applications/datamodel/entitydef/product-entitymodel.xml,product-catalog,catalog-product-team,provisional-repository-inferred
ProductContent,entity,org.apache.ofbiz.product.product,Product Data Object,applications/datamodel/entitydef/product-entitymodel.xml,product-catalog,catalog-product-team,provisional-repository-inferred
ProductContentAndInfo,view-entity,org.apache.ofbiz.product.product,"ProductContent, Content and DataResource View",applications/datamodel/entitydef/product-entitymodel.xml,product-catalog,catalog-product-team,provisional-repository-inferred
ProductContentType,entity,org.apache.ofbiz.product.product,Product Content Type,applications/datamodel/entitydef/product-entitymodel.xml,product-catalog,catalog-product-team,provisional-repository-inferred
ProductGeo,entity,org.apache.ofbiz.product.product,Product Geo,applications/datamodel/entitydef/product-entitymodel.xml,product-catalog,catalog-product-team,provisional-repository-inferred
ProductGlAccount,entity,org.apache.ofbiz.product.product,Product GlAccount,applications/datamodel/entitydef/product-entitymodel.xml,product-catalog,catalog-product-team,provisional-repository-inferred
ProductInventoryItem,view-entity,org.apache.ofbiz.product.product,View entity joining Product and InventoryItem to allow queries for InventoryItem based on product attributes,applications/datamodel/entitydef/product-entitymodel.xml,product-catalog,catalog-product-team,provisional-repository-inferred
ProductKeyword,entity,org.apache.ofbiz.product.product,Product Keyword,applications/datamodel/entitydef/product-entitymodel.xml,product-catalog,catalog-product-team,provisional-repository-inferred
ProductMeter,entity,org.apache.ofbiz.product.product,Product Meter,applications/datamodel/entitydef/product-entitymodel.xml,product-catalog,catalog-product-team,provisional-repository-inferred
ProductMeterType,entity,org.apache.ofbiz.product.product,Product Meter Type,applications/datamodel/entitydef/product-entitymodel.xml,product-catalog,catalog-product-team,provisional-repository-inferred
ProductMaint,entity,org.apache.ofbiz.product.product,Product Maintenance,applications/datamodel/entitydef/product-entitymodel.xml,product-catalog,catalog-product-team,provisional-repository-inferred
ProductMaintType,entity,org.apache.ofbiz.product.product,Product Maintenance Type,applications/datamodel/entitydef/product-entitymodel.xml,product-catalog,catalog-product-team,provisional-repository-inferred
ProductReview,entity,org.apache.ofbiz.product.product,Product Review,applications/datamodel/entitydef/product-entitymodel.xml,product-catalog,catalog-product-team,provisional-repository-inferred
ProductSearchConstraint,entity,org.apache.ofbiz.product.product,Product Search Result Constraint,applications/datamodel/entitydef/product-entitymodel.xml,product-catalog,catalog-product-team,provisional-repository-inferred
ProductSearchResult,entity,org.apache.ofbiz.product.product,Product Search Result,applications/datamodel/entitydef/product-entitymodel.xml,product-catalog,catalog-product-team,provisional-repository-inferred
ProductType,entity,org.apache.ofbiz.product.product,Product Type,applications/datamodel/entitydef/product-entitymodel.xml,product-catalog,catalog-product-team,provisional-repository-inferred
ProductTypeAttr,entity,org.apache.ofbiz.product.product,Product Type Attribute,applications/datamodel/entitydef/product-entitymodel.xml,product-catalog,catalog-product-team,provisional-repository-inferred
ProductVirtualAndAssocPrices,view-entity,org.apache.ofbiz.product.product,Virtual and Associated Product Prices View,applications/datamodel/entitydef/product-entitymodel.xml,product-catalog,catalog-product-team,provisional-repository-inferred
ProductVirtualAndVariantInfo,view-entity,org.apache.ofbiz.product.product,Virtual and Variant Product View,applications/datamodel/entitydef/product-entitymodel.xml,product-catalog,catalog-product-team,provisional-repository-inferred
ProductAndPriceView,view-entity,org.apache.ofbiz.product.product,Product And Price View,applications/datamodel/entitydef/product-entitymodel.xml,product-catalog,catalog-product-team,provisional-repository-inferred
VendorProduct,entity,org.apache.ofbiz.product.product,,applications/datamodel/entitydef/product-entitymodel.xml,product-catalog,catalog-product-team,provisional-repository-inferred
ProductPromo,entity,org.apache.ofbiz.product.promo,Product Promotion,applications/datamodel/entitydef/product-entitymodel.xml,product-catalog,catalog-product-team,provisional-repository-inferred
ProductPromoAction,entity,org.apache.ofbiz.product.promo,Product Promotion Action,applications/datamodel/entitydef/product-entitymodel.xml,product-catalog,catalog-product-team,provisional-repository-inferred
ProductPromoCategory,entity,org.apache.ofbiz.product.promo,Product Promotion Category,applications/datamodel/entitydef/product-entitymodel.xml,product-catalog,catalog-product-team,provisional-repository-inferred
ProductPromoCode,entity,org.apache.ofbiz.product.promo,Product Promotion,applications/datamodel/entitydef/product-entitymodel.xml,product-catalog,catalog-product-team,provisional-repository-inferred
OldProductPromoCodeEmail,entity,org.apache.ofbiz.product.promo,Product Promotion Email,applications/datamodel/entitydef/product-entitymodel.xml,product-catalog,catalog-product-team,provisional-repository-inferred
ProdPromoCodeContactMech,entity,org.apache.ofbiz.product.promo,Product Promotion ContactMech,applications/datamodel/entitydef/product-entitymodel.xml,product-catalog,catalog-product-team,provisional-repository-inferred
ProductPromoCodeEmailParty,view-entity,org.apache.ofbiz.product.promo,Product Promotion Email and Party View,applications/datamodel/entitydef/product-entitymodel.xml,product-catalog,catalog-product-team,provisional-repository-inferred
ProductPromoCodeParty,entity,org.apache.ofbiz.product.promo,Product Promotion Party,applications/datamodel/entitydef/product-entitymodel.xml,product-catalog,catalog-product-team,provisional-repository-inferred
ProductPromoCond,entity,org.apache.ofbiz.product.promo,Product Promotion Condition,applications/datamodel/entitydef/product-entitymodel.xml,product-catalog,catalog-product-team,provisional-repository-inferred
ProductPromoProduct,entity,org.apache.ofbiz.product.promo,Product Promotion Category,applications/datamodel/entitydef/product-entitymodel.xml,product-catalog,catalog-product-team,provisional-repository-inferred
ProductPromoRule,entity,org.apache.ofbiz.product.promo,Product Promotion Rule,applications/datamodel/entitydef/product-entitymodel.xml,product-catalog,catalog-product-team,provisional-repository-inferred
ProductPromoUse,entity,org.apache.ofbiz.product.promo,Product Promotion Use,applications/datamodel/entitydef/product-entitymodel.xml,product-catalog,catalog-product-team,provisional-repository-inferred
ProductPromoUseCheck,view-entity,org.apache.ofbiz.product.promo,Product Promotion Use Check View,applications/datamodel/entitydef/product-entitymodel.xml,product-catalog,catalog-product-team,provisional-repository-inferred
ProductStore,entity,org.apache.ofbiz.product.store,Product Store,applications/datamodel/entitydef/product-entitymodel.xml,product-catalog,catalog-product-team,provisional-repository-inferred
ProductStoreCatalog,entity,org.apache.ofbiz.product.store,Product Store Catalog Association,applications/datamodel/entitydef/product-entitymodel.xml,product-catalog,catalog-product-team,provisional-repository-inferred
ProductStoreEmailSetting,entity,org.apache.ofbiz.product.store,Product Store Email Settings,applications/datamodel/entitydef/product-entitymodel.xml,product-catalog,catalog-product-team,provisional-repository-inferred
ProductStoreFinActSetting,entity,org.apache.ofbiz.product.store,"Allows financial account, such as gift certificate or calling cards, to be configured at store level",applications/datamodel/entitydef/product-entitymodel.xml,product-catalog,catalog-product-team,provisional-repository-inferred
ProductStoreFacility,entity,org.apache.ofbiz.product.store,Product Store Inventory Facility Applicability,applications/datamodel/entitydef/product-entitymodel.xml,product-catalog,catalog-product-team,provisional-repository-inferred
ProductStoreFacilityByOrder,view-entity,org.apache.ofbiz.product.store,Product Store Facility By Order,applications/datamodel/entitydef/product-entitymodel.xml,product-catalog,catalog-product-team,provisional-repository-inferred
ProductStoreGroup,entity,org.apache.ofbiz.product.store,ProductStore Group,applications/datamodel/entitydef/product-entitymodel.xml,product-catalog,catalog-product-team,provisional-repository-inferred
ProductStoreGroupMember,entity,org.apache.ofbiz.product.store,ProductStore Group Member,applications/datamodel/entitydef/product-entitymodel.xml,product-catalog,catalog-product-team,provisional-repository-inferred
ProductStoreGroupRole,entity,org.apache.ofbiz.product.store,ProductStore Group Role,applications/datamodel/entitydef/product-entitymodel.xml,product-catalog,catalog-product-team,provisional-repository-inferred
ProductStoreGroupRollup,entity,org.apache.ofbiz.product.store,ProductStore Group Rollup,applications/datamodel/entitydef/product-entitymodel.xml,product-catalog,catalog-product-team,provisional-repository-inferred
ProductStoreGroupType,entity,org.apache.ofbiz.product.store,ProductStore Group Type,applications/datamodel/entitydef/product-entitymodel.xml,product-catalog,catalog-product-team,provisional-repository-inferred
ProductStoreKeywordOvrd,entity,org.apache.ofbiz.product.store,Product Store Inventory Facility Applicability,applications/datamodel/entitydef/product-entitymodel.xml,product-catalog,catalog-product-team,provisional-repository-inferred
ProductStorePaymentSetting,entity,org.apache.ofbiz.product.store,Product Store Payment Settings,applications/datamodel/entitydef/product-entitymodel.xml,product-catalog,catalog-product-team,provisional-repository-inferred
ProductStorePromoAndAppl,view-entity,org.apache.ofbiz.product.store,Product Store Promotion and Applicability View,applications/datamodel/entitydef/product-entitymodel.xml,product-catalog,catalog-product-team,provisional-repository-inferred
ProductStorePromoAppl,entity,org.apache.ofbiz.product.store,Product Store Promotion Applicability,applications/datamodel/entitydef/product-entitymodel.xml,product-catalog,catalog-product-team,provisional-repository-inferred
ProductStoreRole,entity,org.apache.ofbiz.product.store,Product Store Role Association,applications/datamodel/entitydef/product-entitymodel.xml,product-catalog,catalog-product-team,provisional-repository-inferred
ProductStoreShipmentMeth,entity,org.apache.ofbiz.product.store,Product Store Carrier Shipment Method,applications/datamodel/entitydef/product-entitymodel.xml,product-catalog,catalog-product-team,provisional-repository-inferred
ProductStoreShipmentMethView,view-entity,org.apache.ofbiz.product.store,Product Store Carrier And Shipment Method Type View,applications/datamodel/entitydef/product-entitymodel.xml,product-catalog,catalog-product-team,provisional-repository-inferred
ProductStoreSurveyAppl,entity,org.apache.ofbiz.product.store,Product Store Survey Application,applications/datamodel/entitydef/product-entitymodel.xml,product-catalog,catalog-product-team,provisional-repository-inferred
ProductStoreVendorPayment,entity,org.apache.ofbiz.product.store,Product Store Vendor Payment,applications/datamodel/entitydef/product-entitymodel.xml,product-catalog,catalog-product-team,provisional-repository-inferred
ProductStoreVendorShipment,entity,org.apache.ofbiz.product.store,Product Store Vendor Shipment,applications/datamodel/entitydef/product-entitymodel.xml,product-catalog,catalog-product-team,provisional-repository-inferred
ProductSubscriptionResource,entity,org.apache.ofbiz.product.subscription,Product Subscription Resource,applications/datamodel/entitydef/product-entitymodel.xml,product-catalog,catalog-product-team,provisional-repository-inferred
Subscription,entity,org.apache.ofbiz.product.subscription,Subscription,applications/datamodel/entitydef/product-entitymodel.xml,product-catalog,catalog-product-team,provisional-repository-inferred
SubscriptionActivity,entity,org.apache.ofbiz.product.subscription,Subscription Activity,applications/datamodel/entitydef/product-entitymodel.xml,product-catalog,catalog-product-team,provisional-repository-inferred
SubscriptionAttribute,entity,org.apache.ofbiz.product.subscription,Subscription Attribute,applications/datamodel/entitydef/product-entitymodel.xml,product-catalog,catalog-product-team,provisional-repository-inferred
SubscriptionFulfillmentPiece,entity,org.apache.ofbiz.product.subscription,Subscription Fulfillment Piece,applications/datamodel/entitydef/product-entitymodel.xml,product-catalog,catalog-product-team,provisional-repository-inferred
SubscriptionResource,entity,org.apache.ofbiz.product.subscription,Subscription Resource,applications/datamodel/entitydef/product-entitymodel.xml,product-catalog,catalog-product-team,provisional-repository-inferred
SubscriptionType,entity,org.apache.ofbiz.product.subscription,Subscription Type,applications/datamodel/entitydef/product-entitymodel.xml,product-catalog,catalog-product-team,provisional-repository-inferred
SubscriptionTypeAttr,entity,org.apache.ofbiz.product.subscription,Subscription Type Attribute,applications/datamodel/entitydef/product-entitymodel.xml,product-catalog,catalog-product-team,provisional-repository-inferred
SubscriptionCommEvent,entity,org.apache.ofbiz.product.subscription,Subscription Communication Event ,applications/datamodel/entitydef/product-entitymodel.xml,product-catalog,catalog-product-team,provisional-repository-inferred
SubscriptionAndCommEvent,view-entity,org.apache.ofbiz.product.subscription,Subscription And Communication Event View,applications/datamodel/entitydef/product-entitymodel.xml,product-catalog,catalog-product-team,provisional-repository-inferred
MarketInterest,entity,org.apache.ofbiz.product.supplier,Market Interest,applications/datamodel/entitydef/product-entitymodel.xml,product-catalog,catalog-product-team,provisional-repository-inferred
ReorderGuideline,entity,org.apache.ofbiz.product.supplier,Reorder Guideline,applications/datamodel/entitydef/product-entitymodel.xml,product-catalog,catalog-product-team,provisional-repository-inferred
SupplierPrefOrder,entity,org.apache.ofbiz.product.supplier,Preference Type,applications/datamodel/entitydef/product-entitymodel.xml,product-catalog,catalog-product-team,provisional-repository-inferred
SupplierProduct,entity,org.apache.ofbiz.product.supplier,Supplier Product,applications/datamodel/entitydef/product-entitymodel.xml,product-catalog,catalog-product-team,provisional-repository-inferred
SupplierProductAndProduct,view-entity,org.apache.ofbiz.product.supplier,Supplier-product and product antityview for purchase order entry,applications/datamodel/entitydef/product-entitymodel.xml,product-catalog,catalog-product-team,provisional-repository-inferred
SupplierProductFeature,entity,org.apache.ofbiz.product.supplier,Supplier-specific product feature information,applications/datamodel/entitydef/product-entitymodel.xml,product-catalog,catalog-product-team,provisional-repository-inferred
SupplierRatingType,entity,org.apache.ofbiz.product.supplier,Supplier Rating Type,applications/datamodel/entitydef/product-entitymodel.xml,product-catalog,catalog-product-team,provisional-repository-inferred
ProductPromoContent,entity,org.apache.ofbiz.product.promo,Product Promo Content,applications/datamodel/entitydef/product-entitymodel.xml,product-catalog,catalog-product-team,provisional-repository-inferred
ProductGroupOrder,entity,org.apache.ofbiz.product.product,Product Group Order,applications/datamodel/entitydef/product-entitymodel.xml,product-catalog,catalog-product-team,provisional-repository-inferred
ProductStoreTelecomSetting,entity,org.apache.ofbiz.product.store,Product Store Telecom Settings,applications/datamodel/entitydef/product-entitymodel.xml,product-catalog,catalog-product-team,provisional-repository-inferred
ItemIssuance,entity,org.apache.ofbiz.shipment.issuance,Item Issuance,applications/datamodel/entitydef/shipment-entitymodel.xml,shipping-fulfillment,fulfillment-product-team,provisional-repository-inferred
ItemIssuanceAndInventoryItem,view-entity,org.apache.ofbiz.shipment.issuance,,applications/datamodel/entitydef/shipment-entitymodel.xml,shipping-fulfillment,fulfillment-product-team,provisional-repository-inferred
ItemIssuanceRole,entity,org.apache.ofbiz.shipment.issuance,Item Issuance Role,applications/datamodel/entitydef/shipment-entitymodel.xml,shipping-fulfillment,fulfillment-product-team,provisional-repository-inferred
Picklist,entity,org.apache.ofbiz.shipment.picklist,Picklist,applications/datamodel/entitydef/shipment-entitymodel.xml,shipping-fulfillment,fulfillment-product-team,provisional-repository-inferred
PicklistAndBinAndItem,view-entity,org.apache.ofbiz.shipment.picklist,Picklist and PicklistBin and PicklistItem View,applications/datamodel/entitydef/shipment-entitymodel.xml,shipping-fulfillment,fulfillment-product-team,provisional-repository-inferred
PicklistAndBin,view-entity,org.apache.ofbiz.shipment.picklist,Picklist and PicklistBin View,applications/datamodel/entitydef/shipment-entitymodel.xml,shipping-fulfillment,fulfillment-product-team,provisional-repository-inferred
PicklistBin,entity,org.apache.ofbiz.shipment.picklist,Picklist,applications/datamodel/entitydef/shipment-entitymodel.xml,shipping-fulfillment,fulfillment-product-team,provisional-repository-inferred
PicklistItem,entity,org.apache.ofbiz.shipment.picklist,Picklist,applications/datamodel/entitydef/shipment-entitymodel.xml,shipping-fulfillment,fulfillment-product-team,provisional-repository-inferred
PicklistItemAndBin,view-entity,org.apache.ofbiz.shipment.picklist,Picklist Item and Bin View,applications/datamodel/entitydef/shipment-entitymodel.xml,shipping-fulfillment,fulfillment-product-team,provisional-repository-inferred
PicklistRole,entity,org.apache.ofbiz.shipment.picklist,Picklist Role,applications/datamodel/entitydef/shipment-entitymodel.xml,shipping-fulfillment,fulfillment-product-team,provisional-repository-inferred
OldPicklistStatusHistory,entity,org.apache.ofbiz.shipment.picklist,Picklist Status History,applications/datamodel/entitydef/shipment-entitymodel.xml,shipping-fulfillment,fulfillment-product-team,provisional-repository-inferred
PicklistStatus,entity,org.apache.ofbiz.shipment.picklist,Picklist Status History,applications/datamodel/entitydef/shipment-entitymodel.xml,shipping-fulfillment,fulfillment-product-team,provisional-repository-inferred
RejectionReason,entity,org.apache.ofbiz.shipment.receipt,Rejection Reason,applications/datamodel/entitydef/shipment-entitymodel.xml,shipping-fulfillment,fulfillment-product-team,provisional-repository-inferred
ShipmentReceipt,entity,org.apache.ofbiz.shipment.receipt,Shipment Receipt,applications/datamodel/entitydef/shipment-entitymodel.xml,shipping-fulfillment,fulfillment-product-team,provisional-repository-inferred
ShipmentReceiptRole,entity,org.apache.ofbiz.shipment.receipt,Shipment Receipt Role,applications/datamodel/entitydef/shipment-entitymodel.xml,shipping-fulfillment,fulfillment-product-team,provisional-repository-inferred
ShipmentReceiptAndItem,view-entity,org.apache.ofbiz.shipment.shipment,ShipmentReceipt And Inventory Item View,applications/datamodel/entitydef/shipment-entitymodel.xml,shipping-fulfillment,fulfillment-product-team,provisional-repository-inferred
CarrierAndShipmentMethod,view-entity,org.apache.ofbiz.shipment.shipment,Carrier And Shipment Method Type View,applications/datamodel/entitydef/shipment-entitymodel.xml,shipping-fulfillment,fulfillment-product-team,provisional-repository-inferred
CarrierShipmentMethod,entity,org.apache.ofbiz.shipment.shipment,Carrier Shipment Method,applications/datamodel/entitydef/shipment-entitymodel.xml,shipping-fulfillment,fulfillment-product-team,provisional-repository-inferred
CarrierShipmentBoxType,entity,org.apache.ofbiz.shipment.shipment,Carrier Shipment Method,applications/datamodel/entitydef/shipment-entitymodel.xml,shipping-fulfillment,fulfillment-product-team,provisional-repository-inferred
Delivery,entity,org.apache.ofbiz.shipment.shipment,Delivery,applications/datamodel/entitydef/shipment-entitymodel.xml,shipping-fulfillment,fulfillment-product-team,provisional-repository-inferred
OrderShipmentInfoSummary,view-entity,org.apache.ofbiz.shipment.shipment,Order Shipment Information View,applications/datamodel/entitydef/shipment-entitymodel.xml,shipping-fulfillment,fulfillment-product-team,provisional-repository-inferred
Shipment,entity,org.apache.ofbiz.shipment.shipment,Shipment,applications/datamodel/entitydef/shipment-entitymodel.xml,shipping-fulfillment,fulfillment-product-team,provisional-repository-inferred
ShipmentAndItem,view-entity,org.apache.ofbiz.shipment.shipment,Shipment and Item View,applications/datamodel/entitydef/shipment-entitymodel.xml,shipping-fulfillment,fulfillment-product-team,provisional-repository-inferred
ShipmentAttribute,entity,org.apache.ofbiz.shipment.shipment,Shipment Attribute,applications/datamodel/entitydef/shipment-entitymodel.xml,shipping-fulfillment,fulfillment-product-team,provisional-repository-inferred
ShipmentBoxType,entity,org.apache.ofbiz.shipment.shipment,Shipment Contact Mechanism Type,applications/datamodel/entitydef/shipment-entitymodel.xml,shipping-fulfillment,fulfillment-product-team,provisional-repository-inferred
ShipmentContactMech,entity,org.apache.ofbiz.shipment.shipment,Shipment Contact Mechanism,applications/datamodel/entitydef/shipment-entitymodel.xml,shipping-fulfillment,fulfillment-product-team,provisional-repository-inferred
ShipmentContactMechType,entity,org.apache.ofbiz.shipment.shipment,Shipment Contact Mechanism Type,applications/datamodel/entitydef/shipment-entitymodel.xml,shipping-fulfillment,fulfillment-product-team,provisional-repository-inferred
ShipmentCostEstimate,entity,org.apache.ofbiz.shipment.shipment,Shipment Cost Estimate,applications/datamodel/entitydef/shipment-entitymodel.xml,shipping-fulfillment,fulfillment-product-team,provisional-repository-inferred
ShipmentTimeEstimate,entity,org.apache.ofbiz.shipment.shipment,Shipment Time Estimation Entity,applications/datamodel/entitydef/shipment-entitymodel.xml,shipping-fulfillment,fulfillment-product-team,provisional-repository-inferred
ShipmentGatewayConfigType,entity,org.apache.ofbiz.shipment.shipment,Shipment Gateway Config Type,applications/datamodel/entitydef/shipment-entitymodel.xml,shipping-fulfillment,fulfillment-product-team,provisional-repository-inferred
ShipmentGatewayConfig,entity,org.apache.ofbiz.shipment.shipment,Shipment Gateway Config,applications/datamodel/entitydef/shipment-entitymodel.xml,shipping-fulfillment,fulfillment-product-team,provisional-repository-inferred
ShipmentItem,entity,org.apache.ofbiz.shipment.shipment,Shipment Item,applications/datamodel/entitydef/shipment-entitymodel.xml,shipping-fulfillment,fulfillment-product-team,provisional-repository-inferred
ShipmentItemBilling,entity,org.apache.ofbiz.shipment.shipment,Shipment Item Billing,applications/datamodel/entitydef/shipment-entitymodel.xml,shipping-fulfillment,fulfillment-product-team,provisional-repository-inferred
ShipmentItemFeature,entity,org.apache.ofbiz.shipment.shipment,Shipment Item Feature,applications/datamodel/entitydef/shipment-entitymodel.xml,shipping-fulfillment,fulfillment-product-team,provisional-repository-inferred
ShipmentManifestView,view-entity,org.apache.ofbiz.shipment.shipment,Shipment Manifest View,applications/datamodel/entitydef/shipment-entitymodel.xml,shipping-fulfillment,fulfillment-product-team,provisional-repository-inferred
ShipmentMethodType,entity,org.apache.ofbiz.shipment.shipment,Shipment Method Type,applications/datamodel/entitydef/shipment-entitymodel.xml,shipping-fulfillment,fulfillment-product-team,provisional-repository-inferred
ShipmentPackage,entity,org.apache.ofbiz.shipment.shipment,Shipment Package,applications/datamodel/entitydef/shipment-entitymodel.xml,shipping-fulfillment,fulfillment-product-team,provisional-repository-inferred
ShipmentPackageContent,entity,org.apache.ofbiz.shipment.shipment,Shipment Package Content,applications/datamodel/entitydef/shipment-entitymodel.xml,shipping-fulfillment,fulfillment-product-team,provisional-repository-inferred
ShipmentPackageRouteSeg,entity,org.apache.ofbiz.shipment.shipment,Shipment Package Route Segment,applications/datamodel/entitydef/shipment-entitymodel.xml,shipping-fulfillment,fulfillment-product-team,provisional-repository-inferred
ShipmentRouteSegment,entity,org.apache.ofbiz.shipment.shipment,Shipment Route Segment,applications/datamodel/entitydef/shipment-entitymodel.xml,shipping-fulfillment,fulfillment-product-team,provisional-repository-inferred
ShipmentPackageRouteDetail,view-entity,org.apache.ofbiz.shipment.shipment,Shipment Package Route Detail View,applications/datamodel/entitydef/shipment-entitymodel.xml,shipping-fulfillment,fulfillment-product-team,provisional-repository-inferred
ShipmentRouteSegmentDetail,view-entity,org.apache.ofbiz.shipment.shipment,Shipment Route Segment Detail View,applications/datamodel/entitydef/shipment-entitymodel.xml,shipping-fulfillment,fulfillment-product-team,provisional-repository-inferred
ShipmentStatus,entity,org.apache.ofbiz.shipment.shipment,Shipment Status,applications/datamodel/entitydef/shipment-entitymodel.xml,shipping-fulfillment,fulfillment-product-team,provisional-repository-inferred
ShipmentType,entity,org.apache.ofbiz.shipment.shipment,Shipment Type,applications/datamodel/entitydef/shipment-entitymodel.xml,shipping-fulfillment,fulfillment-product-team,provisional-repository-inferred
ShipmentTypeAttr,entity,org.apache.ofbiz.shipment.shipment,Shipment Type Attribute,applications/datamodel/entitydef/shipment-entitymodel.xml,shipping-fulfillment,fulfillment-product-team,provisional-repository-inferred
ShippingDocument,entity,org.apache.ofbiz.shipment.shipment,Shipping Document,applications/datamodel/entitydef/shipment-entitymodel.xml,shipping-fulfillment,fulfillment-product-team,provisional-repository-inferred
PackedQtyVsOrderItemQuantity,view-entity,org.apache.ofbiz.shipment.shipment,Shipment Route Segment Detail View,applications/datamodel/entitydef/shipment-entitymodel.xml,shipping-fulfillment,fulfillment-product-team,provisional-repository-inferred
TimeEntry,entity,org.apache.ofbiz.workeffort.timesheet,Time Entry,applications/datamodel/entitydef/workeffort-entitymodel.xml,work-management,work-product-team,provisional-repository-inferred
Timesheet,entity,org.apache.ofbiz.workeffort.timesheet,Timesheet,applications/datamodel/entitydef/workeffort-entitymodel.xml,work-management,work-product-team,provisional-repository-inferred
TimesheetRole,entity,org.apache.ofbiz.workeffort.timesheet,Timesheet Role,applications/datamodel/entitydef/workeffort-entitymodel.xml,work-management,work-product-team,provisional-repository-inferred
ApplicationSandbox,entity,org.apache.ofbiz.workeffort.workeffort,WorkEffort Application Sandbox,applications/datamodel/entitydef/workeffort-entitymodel.xml,work-management,work-product-team,provisional-repository-inferred
CommunicationEventWorkEff,entity,org.apache.ofbiz.workeffort.workeffort,Communication Event Work Effort,applications/datamodel/entitydef/workeffort-entitymodel.xml,work-management,work-product-team,provisional-repository-inferred
Deliverable,entity,org.apache.ofbiz.workeffort.workeffort,Deliverable,applications/datamodel/entitydef/workeffort-entitymodel.xml,work-management,work-product-team,provisional-repository-inferred
DeliverableType,entity,org.apache.ofbiz.workeffort.workeffort,Deliverable Type,applications/datamodel/entitydef/workeffort-entitymodel.xml,work-management,work-product-team,provisional-repository-inferred
WorkEffort,entity,org.apache.ofbiz.workeffort.workeffort,Work Effort,applications/datamodel/entitydef/workeffort-entitymodel.xml,work-management,work-product-team,provisional-repository-inferred
WorkEffortAssoc,entity,org.apache.ofbiz.workeffort.workeffort,Work Effort Association,applications/datamodel/entitydef/workeffort-entitymodel.xml,work-management,work-product-team,provisional-repository-inferred
WorkEffortAssocAttribute,entity,org.apache.ofbiz.workeffort.workeffort,Work Effort Association Attribute,applications/datamodel/entitydef/workeffort-entitymodel.xml,work-management,work-product-team,provisional-repository-inferred
WorkEffortAssocType,entity,org.apache.ofbiz.workeffort.workeffort,Work Effort Association Type,applications/datamodel/entitydef/workeffort-entitymodel.xml,work-management,work-product-team,provisional-repository-inferred
WorkEffortAssocTypeAttr,entity,org.apache.ofbiz.workeffort.workeffort,Work Effort Association Type Attribute,applications/datamodel/entitydef/workeffort-entitymodel.xml,work-management,work-product-team,provisional-repository-inferred
WorkEffortAttribute,entity,org.apache.ofbiz.workeffort.workeffort,Work Effort Attribute,applications/datamodel/entitydef/workeffort-entitymodel.xml,work-management,work-product-team,provisional-repository-inferred
WorkEffortBilling,entity,org.apache.ofbiz.workeffort.workeffort,Work Effort Billing,applications/datamodel/entitydef/workeffort-entitymodel.xml,work-management,work-product-team,provisional-repository-inferred
WorkEffortContactMech,entity,org.apache.ofbiz.workeffort.workeffort,WorkEffort Contact Mechanism,applications/datamodel/entitydef/workeffort-entitymodel.xml,work-management,work-product-team,provisional-repository-inferred
WorkEffortContent,entity,org.apache.ofbiz.workeffort.workeffort,WorkEffort Content,applications/datamodel/entitydef/workeffort-entitymodel.xml,work-management,work-product-team,provisional-repository-inferred
WorkEffortContentType,entity,org.apache.ofbiz.workeffort.workeffort,WorkEffort Content Type,applications/datamodel/entitydef/workeffort-entitymodel.xml,work-management,work-product-team,provisional-repository-inferred
WorkEffortDeliverableProd,entity,org.apache.ofbiz.workeffort.workeffort,Work Effort Deliverable Produced,applications/datamodel/entitydef/workeffort-entitymodel.xml,work-management,work-product-team,provisional-repository-inferred
WorkEffortEventReminder,entity,org.apache.ofbiz.workeffort.workeffort,Work Effort Event Reminder,applications/datamodel/entitydef/workeffort-entitymodel.xml,work-management,work-product-team,provisional-repository-inferred
WorkEffortFixedAssetAssign,entity,org.apache.ofbiz.workeffort.workeffort,Work Effort Fixed Asset Assignment,applications/datamodel/entitydef/workeffort-entitymodel.xml,work-management,work-product-team,provisional-repository-inferred
WorkEffortFixedAssetStd,entity,org.apache.ofbiz.workeffort.workeffort,Work Effort Fixed Asset Standard,applications/datamodel/entitydef/workeffort-entitymodel.xml,work-management,work-product-team,provisional-repository-inferred
WorkEffortGoodStandard,entity,org.apache.ofbiz.workeffort.workeffort,Work Effort Good Standard,applications/datamodel/entitydef/workeffort-entitymodel.xml,work-management,work-product-team,provisional-repository-inferred
WorkEffortGoodStandardType,entity,org.apache.ofbiz.workeffort.workeffort,Work Effort Good Standard Type,applications/datamodel/entitydef/workeffort-entitymodel.xml,work-management,work-product-team,provisional-repository-inferred
WorkEffortIcalData,entity,org.apache.ofbiz.workeffort.workeffort,Work Effort iCalendar Data,applications/datamodel/entitydef/workeffort-entitymodel.xml,work-management,work-product-team,provisional-repository-inferred
WorkEffortInvRes,entity,org.apache.ofbiz.workeffort.workeffort,Inventory Reservation for WorkEffort,applications/datamodel/entitydef/workeffort-entitymodel.xml,work-management,work-product-team,provisional-repository-inferred
WorkEffortInventoryAssign,entity,org.apache.ofbiz.workeffort.workeffort,Work Effort Inventory Assignment,applications/datamodel/entitydef/workeffort-entitymodel.xml,work-management,work-product-team,provisional-repository-inferred
WorkEffortInventoryProduced,entity,org.apache.ofbiz.workeffort.workeffort,Work Effort Inventory Produced,applications/datamodel/entitydef/workeffort-entitymodel.xml,work-management,work-product-team,provisional-repository-inferred
WorkEffortCostCalc,entity,org.apache.ofbiz.workeffort.workeffort,Work Effort Cost Calculation,applications/datamodel/entitydef/workeffort-entitymodel.xml,work-management,work-product-team,provisional-repository-inferred
WorkEffortKeyword,entity,org.apache.ofbiz.workeffort.workeffort,WorkEffort Keyword,applications/datamodel/entitydef/workeffort-entitymodel.xml,work-management,work-product-team,provisional-repository-inferred
WorkEffortNote,entity,org.apache.ofbiz.workeffort.workeffort,Work Effort Note,applications/datamodel/entitydef/workeffort-entitymodel.xml,work-management,work-product-team,provisional-repository-inferred
WorkEffortPartyAssignment,entity,org.apache.ofbiz.workeffort.workeffort,Work Effort Party Assignment,applications/datamodel/entitydef/workeffort-entitymodel.xml,work-management,work-product-team,provisional-repository-inferred
WorkEffortPurposeType,entity,org.apache.ofbiz.workeffort.workeffort,Work Effort Purpose Type,applications/datamodel/entitydef/workeffort-entitymodel.xml,work-management,work-product-team,provisional-repository-inferred
WorkEffortReview,entity,org.apache.ofbiz.workeffort.workeffort,WorkEffort Review,applications/datamodel/entitydef/workeffort-entitymodel.xml,work-management,work-product-team,provisional-repository-inferred
WorkEffortSearchConstraint,entity,org.apache.ofbiz.workeffort.workeffort,WorkEffort Search Result Constraint,applications/datamodel/entitydef/workeffort-entitymodel.xml,work-management,work-product-team,provisional-repository-inferred
WorkEffortSearchResult,entity,org.apache.ofbiz.workeffort.workeffort,WorkEffort Search Result,applications/datamodel/entitydef/workeffort-entitymodel.xml,work-management,work-product-team,provisional-repository-inferred
WorkEffortSkillStandard,entity,org.apache.ofbiz.workeffort.workeffort,Work Effort Skill Standard,applications/datamodel/entitydef/workeffort-entitymodel.xml,work-management,work-product-team,provisional-repository-inferred
WorkEffortStatus,entity,org.apache.ofbiz.workeffort.workeffort,Work Effort Status,applications/datamodel/entitydef/workeffort-entitymodel.xml,work-management,work-product-team,provisional-repository-inferred
WorkEffortTransBox,entity,org.apache.ofbiz.workeffort.workeffort,Work Effort Transition Box,applications/datamodel/entitydef/workeffort-entitymodel.xml,work-management,work-product-team,provisional-repository-inferred
WorkEffortType,entity,org.apache.ofbiz.workeffort.workeffort,Work Effort Type,applications/datamodel/entitydef/workeffort-entitymodel.xml,work-management,work-product-team,provisional-repository-inferred
WorkEffortTypeAttr,entity,org.apache.ofbiz.workeffort.workeffort,Work Effort Type Attribute,applications/datamodel/entitydef/workeffort-entitymodel.xml,work-management,work-product-team,provisional-repository-inferred
WorkEffortSurveyAppl,entity,org.apache.ofbiz.workeffort.workeffort,Work Effort Survey Appl,applications/datamodel/entitydef/workeffort-entitymodel.xml,work-management,work-product-team,provisional-repository-inferred
OrderHeaderAndItems,view-entity,org.apache.ofbiz.order.order,Order Header And Order Items View Entity,applications/order/entitydef/entitymodel_view.xml,order-management,order-product-team,provisional-repository-inferred
OrderHeaderAndItemFacilityLocation,view-entity,org.apache.ofbiz.order.order,"OrderHeader, OrderItemShipGrpInvRes, OrderItemShipGroup, InventoryItem and FacilityLocation View Entity",applications/order/entitydef/entitymodel_view.xml,order-management,order-product-team,provisional-repository-inferred
OrderHeaderAndPaymentPref,view-entity,org.apache.ofbiz.order.order,Order Header And Payment Preference View Entity,applications/order/entitydef/entitymodel_view.xml,order-management,order-product-team,provisional-repository-inferred
OrderPaymentPrefAndPayment,view-entity,org.apache.ofbiz.order.order,Payment Preference and Payment View Entity,applications/order/entitydef/entitymodel_view.xml,order-management,order-product-team,provisional-repository-inferred
OrderHeaderAndRoleSummary,view-entity,org.apache.ofbiz.order.order,Order Header And Roles View Entity,applications/order/entitydef/entitymodel_view.xml,order-management,order-product-team,provisional-repository-inferred
OrderHeaderAndRoles,view-entity,org.apache.ofbiz.order.order,Order Header And Roles View Entity,applications/order/entitydef/entitymodel_view.xml,order-management,order-product-team,provisional-repository-inferred
OrderHeaderItemAndInv,view-entity,org.apache.ofbiz.order.order,Order Header And Roles View Entity,applications/order/entitydef/entitymodel_view.xml,order-management,order-product-team,provisional-repository-inferred
OrderHeaderItemAndInvRoles,view-entity,org.apache.ofbiz.order.order,Order Header And Roles View Entity,applications/order/entitydef/entitymodel_view.xml,order-management,order-product-team,provisional-repository-inferred
OrderHeaderItemAndRoles,view-entity,org.apache.ofbiz.order.order,Order Header And Roles View Entity,applications/order/entitydef/entitymodel_view.xml,order-management,order-product-team,provisional-repository-inferred
OrderHeaderNoteView,view-entity,org.apache.ofbiz.order.order,Order Header Note View Entity,applications/order/entitydef/entitymodel_view.xml,order-management,order-product-team,provisional-repository-inferred
OrderItemAndProductContentInfo,view-entity,org.apache.ofbiz.order.order,OrderItem And ProductContent Info View Entity,applications/order/entitydef/entitymodel_view.xml,order-management,order-product-team,provisional-repository-inferred
OrderHeaderItemAndShipGroup,view-entity,org.apache.ofbiz.order.order,"OrderHeader, OrderItem And ShipGroups View Entity",applications/order/entitydef/entitymodel_view.xml,order-management,order-product-team,provisional-repository-inferred
OrderItemAndShipGroupAssoc,view-entity,org.apache.ofbiz.order.order,OrderItem And ShipGroupAssoc View Entity,applications/order/entitydef/entitymodel_view.xml,order-management,order-product-team,provisional-repository-inferred
OrderItemAndShipGrpInvResAndItem,view-entity,org.apache.ofbiz.order.order,Order Item and Inventory Reservation View Entity,applications/order/entitydef/entitymodel_view.xml,order-management,order-product-team,provisional-repository-inferred
OrderItemShipGrpInvResAndItem,view-entity,org.apache.ofbiz.order.order,Order Item Inventory Reservation and Inventory Item View Entity,applications/order/entitydef/entitymodel_view.xml,order-management,order-product-team,provisional-repository-inferred
OrderItemShipGrpInvResAndItemLocation,view-entity,org.apache.ofbiz.order.order,Order Item Inventory Reservation and Inventory Item and FacilityLocation View Entity,applications/order/entitydef/entitymodel_view.xml,order-management,order-product-team,provisional-repository-inferred
ItemIssuanceQuantitySum,view-entity,org.apache.ofbiz.order.order,Sum item issuance quantity to use directly in OrderItemQuantityReportGroupByItem and OrderItemQuantityReportGroupByProduct entities,applications/order/entitydef/entitymodel_view.xml,order-management,order-product-team,provisional-repository-inferred
OrderItemQuantityReportGroupByItem,view-entity,org.apache.ofbiz.order.order,"Reports quantity ordered, issued and open by item for OrderItems.",applications/order/entitydef/entitymodel_view.xml,order-management,order-product-team,provisional-repository-inferred
OrderItemQuantityReportGroupByProduct,view-entity,org.apache.ofbiz.order.order,"Reports quantity ordered, issued and open by product for OrderItems.",applications/order/entitydef/entitymodel_view.xml,order-management,order-product-team,provisional-repository-inferred
OrderPurchasePaymentSummary,view-entity,org.apache.ofbiz.order.order,Order Purchase Payment Summary View Entity,applications/order/entitydef/entitymodel_view.xml,order-management,order-product-team,provisional-repository-inferred
OrderPurchaseProductSummary,view-entity,org.apache.ofbiz.order.order,Order Purchase Product Summary View Entity,applications/order/entitydef/entitymodel_view.xml,order-management,order-product-team,provisional-repository-inferred
OrderReportView,view-entity,org.apache.ofbiz.order.order,Order Report View Entity,applications/order/entitydef/entitymodel_view.xml,order-management,order-product-team,provisional-repository-inferred
OrderRoleAndProductContentInfo,view-entity,org.apache.ofbiz.order.order,OrderRole And OrderItem And ProductContent Info View Entity,applications/order/entitydef/entitymodel_view.xml,order-management,order-product-team,provisional-repository-inferred
OrderTaskList,view-entity,org.apache.ofbiz.order.order,Order WorkEffort Task List,applications/order/entitydef/entitymodel_view.xml,order-management,order-product-team,provisional-repository-inferred
OrderHeaderAndShipGroups,view-entity,org.apache.ofbiz.order.order,Order Header And Ship Groups,applications/order/entitydef/entitymodel_view.xml,order-management,order-product-team,provisional-repository-inferred
OrderHeaderAndShipGroupsByProduct,view-entity,org.apache.ofbiz.order.order,Order Header And Ship Groups By Product,applications/order/entitydef/entitymodel_view.xml,order-management,order-product-team,provisional-repository-inferred
OrderReportSalesGroupByProduct,view-entity,org.apache.ofbiz.order.order,Order Report Group By Product View Entity with extra details for sales order reporting,applications/order/entitydef/entitymodel_view.xml,order-management,order-product-team,provisional-repository-inferred
OrderReportPurchasesGroupByProduct,view-entity,org.apache.ofbiz.order.order,Order Report Group By Product View Entity with extra details for purchase order reporting,applications/order/entitydef/entitymodel_view.xml,order-management,order-product-team,provisional-repository-inferred
OrderReportGroupByProduct,view-entity,org.apache.ofbiz.order.order,"Basic product quantity and price report with ability to select based on order type, status, date and order item status",applications/order/entitydef/entitymodel_view.xml,order-management,order-product-team,provisional-repository-inferred
CustRequestAndRole,view-entity,org.apache.ofbiz.order.request,Customer Request And Role View Entity,applications/order/entitydef/entitymodel_view.xml,order-management,order-product-team,provisional-repository-inferred
CustReqAndTypeAndPartyRel,view-entity,org.apache.ofbiz.order.request,Customer Request And Role View Entity,applications/order/entitydef/entitymodel_view.xml,order-management,order-product-team,provisional-repository-inferred
CustRequestAndCommEvent,view-entity,org.apache.ofbiz.order.request,Customer Request And CommunicationEvent,applications/order/entitydef/entitymodel_view.xml,order-management,order-product-team,provisional-repository-inferred
CustRequestAndWorkEffort,view-entity,org.apache.ofbiz.order.request,Customer Request And WorkEffort,applications/order/entitydef/entitymodel_view.xml,order-management,order-product-team,provisional-repository-inferred
CustRequestAndNote,view-entity,org.apache.ofbiz.order.request,Customer Request And Note,applications/order/entitydef/entitymodel_view.xml,order-management,order-product-team,provisional-repository-inferred
CustRequestInfoAndWorkEffortAndPartyRel,view-entity,org.apache.ofbiz.order.request,Customer Request And WorkEffort,applications/order/entitydef/entitymodel_view.xml,order-management,order-product-team,provisional-repository-inferred
CustRequestNoteView,view-entity,org.apache.ofbiz.order.request,Customer Request and Note View Entity,applications/order/entitydef/entitymodel_view.xml,order-management,order-product-team,provisional-repository-inferred
CustRequestItemNoteView,view-entity,org.apache.ofbiz.order.request,Customer Request Item and Note View Entity,applications/order/entitydef/entitymodel_view.xml,order-management,order-product-team,provisional-repository-inferred
QuoteNoteView,view-entity,org.apache.ofbiz.order.quote,Quote Note View Entity,applications/order/entitydef/entitymodel_view.xml,order-management,order-product-team,provisional-repository-inferred
QuoteWorkEffortView,view-entity,org.apache.ofbiz.order.quote,Quote And Workeffort,applications/order/entitydef/entitymodel_view.xml,order-management,order-product-team,provisional-repository-inferred
RequirementAndRole,view-entity,org.apache.ofbiz.order.request,Requirement And Role View Entity,applications/order/entitydef/entitymodel_view.xml,order-management,order-product-team,provisional-repository-inferred
RequirementCustRequestView,view-entity,org.apache.ofbiz.order.request,Requirement Customer Request View Entity,applications/order/entitydef/entitymodel_view.xml,order-management,order-product-team,provisional-repository-inferred
RequirementByProductFacility,view-entity,org.apache.ofbiz.order.request,"Sum of Requirement entity quantities, grouped by productId, facilityId, statusId",applications/order/entitydef/entitymodel_view.xml,order-management,order-product-team,provisional-repository-inferred
RequirementPartyProductCount,view-entity,org.apache.ofbiz.order.request,A join on Requirement and RequirementRole to count number of distinct products required from a supplier party,applications/order/entitydef/entitymodel_view.xml,order-management,order-product-team,provisional-repository-inferred
CustRequestAndContent,view-entity,org.apache.ofbiz.order.request,Customer Request And Content View Entity,applications/order/entitydef/entitymodel_view.xml,order-management,order-product-team,provisional-repository-inferred
CommunicationEventAndOrder,view-entity,org.apache.ofbiz.order.communication,Communication Event And Order View Entity,applications/order/entitydef/entitymodel_view.xml,order-management,order-product-team,provisional-repository-inferred
CommunicationEventAndCustRequest,view-entity,org.apache.ofbiz.order.communication,Communication Event And Customer request,applications/order/entitydef/entitymodel_view.xml,order-management,order-product-team,provisional-repository-inferred
CommunicationEventAndReturn,view-entity,org.apache.ofbiz.return.communication,Communication Event And Return View Entity,applications/order/entitydef/entitymodel_view.xml,order-management,order-product-team,provisional-repository-inferred
OrderItemAndShipGrpInvResAndItemSum,view-entity,org.apache.ofbiz.order.order,Order Item and Inventory Reservation View Entity,applications/order/entitydef/entitymodel_view.xml,order-management,order-product-team,provisional-repository-inferred
OrderHeaderAndWorkEffort,view-entity,org.apache.ofbiz.order.order,Order Header And Work Effort View Entity,applications/order/entitydef/entitymodel_view.xml,order-management,order-product-team,provisional-repository-inferred
OrderItemBillingAndInvoiceAndItem,view-entity,org.apache.ofbiz.order.order,OrderItemBilling and Invoice and InvoiceItem View Entity,applications/order/entitydef/entitymodel_view.xml,order-management,order-product-team,provisional-repository-inferred
OrderItemAndProduct,view-entity,org.apache.ofbiz.order.order,OrderItem And Product View Entity,applications/order/entitydef/entitymodel_view.xml,order-management,order-product-team,provisional-repository-inferred
WorkAndOrderItemFulfillment,view-entity,org.apache.ofbiz.order.order,WorkOrderItemFulfillment And WorkEffort View Entity,applications/order/entitydef/entitymodel_view.xml,order-management,order-product-team,provisional-repository-inferred
OrderAndPartyContactMech,view-entity,org.apache.ofbiz.party.party,Order contact mech and purpose view,applications/order/entitydef/entitymodel_view.xml,order-management,order-product-team,provisional-repository-inferred
ContentApprovalProductContentAndInfo,view-entity,org.apache.ofbiz.content.content,"ContentApproval, ProductContent, Content and DataResource View Entity",applications/product/entitydef/entitymodel_view.xml,product-catalog,catalog-product-team,provisional-repository-inferred
ProductCategoryMemberAndPrice,view-entity,org.apache.ofbiz.product.category,ProductCategoryMember And ProductPrice View Entiry,applications/product/entitydef/entitymodel_view.xml,product-catalog,catalog-product-team,provisional-repository-inferred
ProductStoreGroupAndMember,view-entity,org.apache.ofbiz.product.store,ProductStoreGroup And ProductStore View Entiry,applications/product/entitydef/entitymodel_view.xml,product-catalog,catalog-product-team,provisional-repository-inferred
ProductStoreGroupRollupAndChild,view-entity,org.apache.ofbiz.product.store,ProductStoreGroupRollup And ProductStoreGroup View Entiry,applications/product/entitydef/entitymodel_view.xml,product-catalog,catalog-product-team,provisional-repository-inferred
WorkEffortAndChild,view-entity,org.apache.ofbiz.workeffort.workeffort,WorkEffort for use in tree relationships,applications/workeffort/entitydef/entitymodel_view.xml,work-management,work-product-team,provisional-repository-inferred
WorkEffortAndFulfillment,view-entity,org.apache.ofbiz.workeffort.workeffort,WorkEffort Requirement View Entity,applications/workeffort/entitydef/entitymodel_view.xml,work-management,work-product-team,provisional-repository-inferred
WorkEffortAndFixedAssetAssign,view-entity,org.apache.ofbiz.workeffort.workeffort,Work Effort And Fixed Asset Assignment View Entity,applications/workeffort/entitydef/entitymodel_view.xml,work-management,work-product-team,provisional-repository-inferred
WorkEffortAndPartyAssign,view-entity,org.apache.ofbiz.workeffort.workeffort,Work Effort And Party Assignment Entity,applications/workeffort/entitydef/entitymodel_view.xml,work-management,work-product-team,provisional-repository-inferred
WorkEffortAndPartyAssignAndType,view-entity,org.apache.ofbiz.workeffort.workeffort,Work Effort And Party Assignment Entity,applications/workeffort/entitydef/entitymodel_view.xml,work-management,work-product-team,provisional-repository-inferred
WorkEffortPartyAssignAndRoleType,view-entity,org.apache.ofbiz.workeffort.workeffort,Work Effort Party Assignment And Roletype,applications/workeffort/entitydef/entitymodel_view.xml,work-management,work-product-team,provisional-repository-inferred
WorkEffortAssocView,view-entity,org.apache.ofbiz.workeffort.workeffort,Work Effort Association Entity with Name,applications/workeffort/entitydef/entitymodel_view.xml,work-management,work-product-team,provisional-repository-inferred
WorkEffortAssocFromView,view-entity,org.apache.ofbiz.workeffort.workeffort,Work Effort Association From (Parent) View,applications/workeffort/entitydef/entitymodel_view.xml,work-management,work-product-team,provisional-repository-inferred
WorkEffortAssocToView,view-entity,org.apache.ofbiz.workeffort.workeffort,Work Effort Association To (Child) View,applications/workeffort/entitydef/entitymodel_view.xml,work-management,work-product-team,provisional-repository-inferred
WorkEffortFindView,view-entity,org.apache.ofbiz.workeffort.workeffort,Find Work Efforts View,applications/workeffort/entitydef/entitymodel_view.xml,work-management,work-product-team,provisional-repository-inferred
WorkEffortNoteAndData,view-entity,org.apache.ofbiz.workeffort.workeffort,Work Effort Note And Note Data Entity,applications/workeffort/entitydef/entitymodel_view.xml,work-management,work-product-team,provisional-repository-inferred
WorkEffortPartyAssignByGroup,view-entity,org.apache.ofbiz.workeffort.workeffort,Work Effort And Party Assignment By Group Entity,applications/workeffort/entitydef/entitymodel_view.xml,work-management,work-product-team,provisional-repository-inferred
WorkEffortPartyAssignByRole,view-entity,org.apache.ofbiz.workeffort.workeffort,Work Effort And Party Assignment By Role Entity,applications/workeffort/entitydef/entitymodel_view.xml,work-management,work-product-team,provisional-repository-inferred
WorkEffortAndGoods,view-entity,org.apache.ofbiz.workeffort.workeffort,WorkEffort and related WorkEffortGoodStandard,applications/workeffort/entitydef/entitymodel_view.xml,work-management,work-product-team,provisional-repository-inferred
WorkEffortProductGoods,view-entity,org.apache.ofbiz.workeffort.workeffort,WorkEffort and related WorkEffortGoodStandard with Product,applications/workeffort/entitydef/entitymodel_view.xml,work-management,work-product-team,provisional-repository-inferred
WorkEffortAndContentDataResource,view-entity,org.apache.ofbiz.workeffort.workeffort,WorkEffort and Content and DataResource View Entity,applications/workeffort/entitydef/entitymodel_view.xml,work-management,work-product-team,provisional-repository-inferred
WorkEffortAndInventoryAssign,view-entity,org.apache.ofbiz.workeffort.workeffort,Inventory Item and Product assigned for WorkEffort,applications/workeffort/entitydef/entitymodel_view.xml,work-management,work-product-team,provisional-repository-inferred
WorkEffortAndInventoryProduced,view-entity,org.apache.ofbiz.workeffort.workeffort,Inventory Item and Product produced by WorkEffort,applications/workeffort/entitydef/entitymodel_view.xml,work-management,work-product-team,provisional-repository-inferred
WorkEffortInvResAndItem,view-entity,org.apache.ofbiz.workeffort.workeffort,Inventory Item and Inventory Reservation For Work Effort,applications/workeffort/entitydef/entitymodel_view.xml,work-management,work-product-team,provisional-repository-inferred
WorkEffortInventoryAssignAndItem,view-entity,org.apache.ofbiz.workeffort.workeffort,Inventory Item and Assignment For Work Effort,applications/workeffort/entitydef/entitymodel_view.xml,work-management,work-product-team,provisional-repository-inferred
WorkEffortPartyAssignView,view-entity,org.apache.ofbiz.workeffort.workeffort,Work Effort And Party Assignment and PartyNameView,applications/workeffort/entitydef/entitymodel_view.xml,work-management,work-product-team,provisional-repository-inferred
WorkEffortCommunicationEventView,view-entity,org.apache.ofbiz.workeffort.workeffort,Work Effort And CommunicationEvent,applications/workeffort/entitydef/entitymodel_view.xml,work-management,work-product-team,provisional-repository-inferred
WorkEffortShoppingListView,view-entity,org.apache.ofbiz.workeffort.workeffort,Work Effort And ShoppingList,applications/workeffort/entitydef/entitymodel_view.xml,work-management,work-product-team,provisional-repository-inferred
WorkEffortQuoteView,view-entity,org.apache.ofbiz.workeffort.workeffort,Work Effort And Quote,applications/workeffort/entitydef/entitymodel_view.xml,work-management,work-product-team,provisional-repository-inferred
WorkEffortOrderHeaderView,view-entity,org.apache.ofbiz.workeffort.workeffort,Work Effort And OrderHeader,applications/workeffort/entitydef/entitymodel_view.xml,work-management,work-product-team,provisional-repository-inferred
WorkEffortCustRequestView,view-entity,org.apache.ofbiz.workeffort.workeffort,Work Effort And CustRequest,applications/workeffort/entitydef/entitymodel_view.xml,work-management,work-product-team,provisional-repository-inferred
WorkEffortCustRequestItemView,view-entity,org.apache.ofbiz.workeffort.workeffort,Work Effort And CustRequest,applications/workeffort/entitydef/entitymodel_view.xml,work-management,work-product-team,provisional-repository-inferred
WorkEffortRequirementView,view-entity,org.apache.ofbiz.workeffort.workeffort,WorkRequirementFulfillment And Requirement,applications/workeffort/entitydef/entitymodel_view.xml,work-management,work-product-team,provisional-repository-inferred
WorkEffortAndSalesOpportunity,view-entity,org.apache.ofbiz.workeffort.workeffort,Sales opportunity and associated work effort,applications/workeffort/entitydef/entitymodel_view.xml,work-management,work-product-team,provisional-repository-inferred
WorkEffortContentAndInfo,view-entity,org.apache.ofbiz.workeffort.workeffort,"WorkEffortContent, Content and DataResource View Entity",applications/workeffort/entitydef/entitymodel_view.xml,work-management,work-product-team,provisional-repository-inferred
WorkEffortContactMechView,view-entity,org.apache.ofbiz.workeffort.workeffort,Work Effort Contact Mech View Entity,applications/workeffort/entitydef/entitymodel_view.xml,work-management,work-product-team,provisional-repository-inferred
WorkEffortAndContactMech,view-entity,org.apache.ofbiz.workeffort.workeffort,WorkEffort Contact Detail View,applications/workeffort/entitydef/entitymodel_view.xml,work-management,work-product-team,provisional-repository-inferred
WorkEffortAndTimeEntry,view-entity,org.apache.ofbiz.workeffort.workeffort,WorkEffort and TimeEntry View Entity,applications/workeffort/entitydef/entitymodel_view.xml,work-management,work-product-team,provisional-repository-inferred
CatalinaSession,entity,org.apache.ofbiz.catalina.session,Catalina Session Store,framework/catalina/entitydef/entitymodel.xml,legacy-platform,legacy-platform-team,provisional-repository-inferred
DataSource,entity,org.apache.ofbiz.common.datasource,Data Source,framework/common/entitydef/entitymodel.xml,legacy-platform,legacy-platform-team,provisional-repository-inferred
DataSourceType,entity,org.apache.ofbiz.common.datasource,Data Source Type,framework/common/entitydef/entitymodel.xml,legacy-platform,legacy-platform-team,provisional-repository-inferred
EmailTemplateSetting,entity,org.apache.ofbiz.common.email,Email Template Setting,framework/common/entitydef/entitymodel.xml,legacy-platform,legacy-platform-team,provisional-repository-inferred
Enumeration,entity,org.apache.ofbiz.common.enum,Enumeration,framework/common/entitydef/entitymodel.xml,legacy-platform,legacy-platform-team,provisional-repository-inferred
EnumerationType,entity,org.apache.ofbiz.common.enum,Enumeration Type,framework/common/entitydef/entitymodel.xml,legacy-platform,legacy-platform-team,provisional-repository-inferred
EnumTypeChildAndEnum,view-entity,org.apache.ofbiz.common.enum,,framework/common/entitydef/entitymodel.xml,legacy-platform,legacy-platform-team,provisional-repository-inferred
CountryCapital,entity,org.apache.ofbiz.common.geo,Country Capital,framework/common/entitydef/entitymodel.xml,legacy-platform,legacy-platform-team,provisional-repository-inferred
CountryCode,entity,org.apache.ofbiz.common.geo,ISO Country Code,framework/common/entitydef/entitymodel.xml,legacy-platform,legacy-platform-team,provisional-repository-inferred
CountryTeleCode,entity,org.apache.ofbiz.common.geo,Telephone Country Code,framework/common/entitydef/entitymodel.xml,legacy-platform,legacy-platform-team,provisional-repository-inferred
CountryTeleCodeAndName,view-entity,org.apache.ofbiz.common.geo,Telephone country code and country name,framework/common/entitydef/entitymodel.xml,legacy-platform,legacy-platform-team,provisional-repository-inferred
CountryAddressFormat,entity,org.apache.ofbiz.common.geo,,framework/common/entitydef/entitymodel.xml,legacy-platform,legacy-platform-team,provisional-repository-inferred
Geo,entity,org.apache.ofbiz.common.geo,Geographic Boundary,framework/common/entitydef/entitymodel.xml,legacy-platform,legacy-platform-team,provisional-repository-inferred
GeoAssoc,entity,org.apache.ofbiz.common.geo,Geographic Boundary Association,framework/common/entitydef/entitymodel.xml,legacy-platform,legacy-platform-team,provisional-repository-inferred
GeoAssocAndGeoFrom,view-entity,org.apache.ofbiz.common.geo,,framework/common/entitydef/entitymodel.xml,legacy-platform,legacy-platform-team,provisional-repository-inferred
GeoAssocAndGeoTo,view-entity,org.apache.ofbiz.common.geo,,framework/common/entitydef/entitymodel.xml,legacy-platform,legacy-platform-team,provisional-repository-inferred
GeoAssocAndGeoToWithState,view-entity,org.apache.ofbiz.common.geo,,framework/common/entitydef/entitymodel.xml,legacy-platform,legacy-platform-team,provisional-repository-inferred
GeoAssocType,entity,org.apache.ofbiz.common.geo,Geographic Boundary Association,framework/common/entitydef/entitymodel.xml,legacy-platform,legacy-platform-team,provisional-repository-inferred
GeoPoint,entity,org.apache.ofbiz.common.geo,Geographic Location,framework/common/entitydef/entitymodel.xml,legacy-platform,legacy-platform-team,provisional-repository-inferred
GeoType,entity,org.apache.ofbiz.common.geo,Geographic Boundary Type,framework/common/entitydef/entitymodel.xml,legacy-platform,legacy-platform-team,provisional-repository-inferred
KeywordThesaurus,entity,org.apache.ofbiz.common.keyword,,framework/common/entitydef/entitymodel.xml,legacy-platform,legacy-platform-team,provisional-repository-inferred
StandardLanguage,entity,org.apache.ofbiz.common.language,,framework/common/entitydef/entitymodel.xml,legacy-platform,legacy-platform-team,provisional-repository-inferred
CustomMethod,entity,org.apache.ofbiz.common.method,Custom Method,framework/common/entitydef/entitymodel.xml,legacy-platform,legacy-platform-team,provisional-repository-inferred
CustomMethodType,entity,org.apache.ofbiz.common.method,Custom Method Type,framework/common/entitydef/entitymodel.xml,legacy-platform,legacy-platform-team,provisional-repository-inferred
NoteData,entity,org.apache.ofbiz.common.note,Note Data,framework/common/entitydef/entitymodel.xml,legacy-platform,legacy-platform-team,provisional-repository-inferred
CustomTimePeriod,entity,org.apache.ofbiz.common.period,Custom Time Period,framework/common/entitydef/entitymodel.xml,legacy-platform,legacy-platform-team,provisional-repository-inferred
PeriodType,entity,org.apache.ofbiz.common.period,Period Type,framework/common/entitydef/entitymodel.xml,legacy-platform,legacy-platform-team,provisional-repository-inferred
StatusItem,entity,org.apache.ofbiz.common.status,Status,framework/common/entitydef/entitymodel.xml,legacy-platform,legacy-platform-team,provisional-repository-inferred
StatusType,entity,org.apache.ofbiz.common.status,Status Type,framework/common/entitydef/entitymodel.xml,legacy-platform,legacy-platform-team,provisional-repository-inferred
StatusValidChange,entity,org.apache.ofbiz.common.status,Status Valid Change,framework/common/entitydef/entitymodel.xml,legacy-platform,legacy-platform-team,provisional-repository-inferred
StatusValidChangeToDetail,view-entity,org.apache.ofbiz.common.status,Status Valid Change To Detail View,framework/common/entitydef/entitymodel.xml,legacy-platform,legacy-platform-team,provisional-repository-inferred
Uom,entity,org.apache.ofbiz.common.uom,Unit Of Measure,framework/common/entitydef/entitymodel.xml,legacy-platform,legacy-platform-team,provisional-repository-inferred
UomAndGroup,view-entity,org.apache.ofbiz.common.uom,Unit Of Measure and Group/Type View,framework/common/entitydef/entitymodel.xml,legacy-platform,legacy-platform-team,provisional-repository-inferred
UomAndType,view-entity,org.apache.ofbiz.common.uom,Unit Of Measure and Type View,framework/common/entitydef/entitymodel.xml,legacy-platform,legacy-platform-team,provisional-repository-inferred
UomConversion,entity,org.apache.ofbiz.common.uom,Unit Of Measure Conversion Type,framework/common/entitydef/entitymodel.xml,legacy-platform,legacy-platform-team,provisional-repository-inferred
UomConversionDated,entity,org.apache.ofbiz.common.uom,"Unit Of Measure Conversion Entity for those Units of Measure whose conversion values change over time (ie, currencies)",framework/common/entitydef/entitymodel.xml,legacy-platform,legacy-platform-team,provisional-repository-inferred
UomGroup,entity,org.apache.ofbiz.common.uom,Unit Of Measure Group,framework/common/entitydef/entitymodel.xml,legacy-platform,legacy-platform-team,provisional-repository-inferred
UomType,entity,org.apache.ofbiz.common.uom,Unit Of Measure Type,framework/common/entitydef/entitymodel.xml,legacy-platform,legacy-platform-team,provisional-repository-inferred
UserPreference,entity,org.apache.ofbiz.common.user,Application preferences for a given userLogin.,framework/common/entitydef/entitymodel.xml,legacy-platform,legacy-platform-team,provisional-repository-inferred
UserPrefGroupType,entity,org.apache.ofbiz.common.user,Defines a group of User Preferences,framework/common/entitydef/entitymodel.xml,legacy-platform,legacy-platform-team,provisional-repository-inferred
CustomScreen,entity,org.apache.ofbiz.common.screen,Custom Screen,framework/common/entitydef/entitymodel.xml,legacy-platform,legacy-platform-team,provisional-repository-inferred
CustomScreenType,entity,org.apache.ofbiz.common.screen,Custom Screen Type,framework/common/entitydef/entitymodel.xml,legacy-platform,legacy-platform-team,provisional-repository-inferred
VisualThemeSet,entity,org.apache.ofbiz.common.theme,Defines a set of Visual Themes,framework/common/entitydef/entitymodel.xml,legacy-platform,legacy-platform-team,provisional-repository-inferred
VisualTheme,entity,org.apache.ofbiz.common.theme,Defines a Visual Theme,framework/common/entitydef/entitymodel.xml,legacy-platform,legacy-platform-team,provisional-repository-inferred
VisualThemeResource,entity,org.apache.ofbiz.common.theme,Contains All Visual Theme Resources,framework/common/entitydef/entitymodel.xml,legacy-platform,legacy-platform-team,provisional-repository-inferred
PortalPortlet,entity,org.apache.ofbiz.common.portal,Defines a Portlet to be used in Portals,framework/common/entitydef/entitymodel.xml,legacy-platform,legacy-platform-team,provisional-repository-inferred
PortletCategory,entity,org.apache.ofbiz.common.portal,Portlet Category,framework/common/entitydef/entitymodel.xml,legacy-platform,legacy-platform-team,provisional-repository-inferred
PortletPortletCategory,entity,org.apache.ofbiz.common.portal,Defines Portlets included into Categories,framework/common/entitydef/entitymodel.xml,legacy-platform,legacy-platform-team,provisional-repository-inferred
PortalPage,entity,org.apache.ofbiz.common.portal,Defines a Portal Page,framework/common/entitydef/entitymodel.xml,legacy-platform,legacy-platform-team,provisional-repository-inferred
PortalPageAndUserLogin,view-entity,org.apache.ofbiz.common.portal,PortalPage accessible via security group to a userLogin,framework/common/entitydef/entitymodel.xml,legacy-platform,legacy-platform-team,provisional-repository-inferred
PortalPageColumn,entity,org.apache.ofbiz.common.portal,Defines a Portal Page,framework/common/entitydef/entitymodel.xml,legacy-platform,legacy-platform-team,provisional-repository-inferred
PortalPagePortlet,entity,org.apache.ofbiz.common.portal,Defines Portlets included into Portal Pages,framework/common/entitydef/entitymodel.xml,legacy-platform,legacy-platform-team,provisional-repository-inferred
PortalPagePortletView,view-entity,org.apache.ofbiz.common.portal,View entity to have all Portlet information with portalPageId ,framework/common/entitydef/entitymodel.xml,legacy-platform,legacy-platform-team,provisional-repository-inferred
PortletAttribute,entity,org.apache.ofbiz.common.portal,Allows to set different attribute values for each instance of the same portlet,framework/common/entitydef/entitymodel.xml,legacy-platform,legacy-platform-team,provisional-repository-inferred
PortalPageAndPortlet,view-entity,org.apache.ofbiz.common.portal,View entity to have all Portal and Portlet information,framework/common/entitydef/entitymodel.xml,legacy-platform,legacy-platform-team,provisional-repository-inferred
SystemProperty,entity,org.apache.ofbiz.common.property,Defines a System Property,framework/common/entitydef/entitymodel.xml,legacy-platform,legacy-platform-team,provisional-repository-inferred
TelecomMethodType,entity,org.apache.ofbiz.common.telecom,Telecom Method Type,framework/common/entitydef/entitymodel.xml,legacy-platform,legacy-platform-team,provisional-repository-inferred
TelecomGatewayConfig,entity,org.apache.ofbiz.common.telecom,Telecom Gateway Config,framework/common/entitydef/entitymodel.xml,legacy-platform,legacy-platform-team,provisional-repository-inferred
MailSmtpConfig,entity,org.apache.ofbiz.common.email,Mail SMTP Configuration,framework/common/entitydef/entitymodel.xml,legacy-platform,legacy-platform-team,provisional-repository-inferred
MailDkimConfig,entity,org.apache.ofbiz.common.email,Mail DKIM Signing Configuration,framework/common/entitydef/entitymodel.xml,legacy-platform,legacy-platform-team,provisional-repository-inferred
EntityAuditLog,entity,org.apache.ofbiz.entity.audit,Entity Audit Log,framework/entity/entitydef/entitymodel.xml,legacy-platform,legacy-platform-team,provisional-repository-inferred
EntityKeyStore,entity,org.apache.ofbiz.entity.crypto,Entity Key Store,framework/entity/entitydef/entitymodel.xml,legacy-platform,legacy-platform-team,provisional-repository-inferred
SequenceValueItem,entity,org.apache.ofbiz.entity.sequence,Sequence Value Item,framework/entity/entitydef/entitymodel.xml,legacy-platform,legacy-platform-team,provisional-repository-inferred
JavaResource,entity,org.apache.ofbiz.entity,Java Resource,framework/entity/entitydef/entitymodel.xml,legacy-platform,legacy-platform-team,provisional-repository-inferred
Tenant,entity,org.apache.ofbiz.entity.tenant,,framework/entity/entitydef/entitymodel.xml,legacy-platform,legacy-platform-team,provisional-repository-inferred
TenantDataSource,entity,org.apache.ofbiz.entity.tenant,,framework/entity/entitydef/entitymodel.xml,legacy-platform,legacy-platform-team,provisional-repository-inferred
TenantKeyEncryptingKey,entity,org.apache.ofbiz.entity.tenant,,framework/entity/entitydef/entitymodel.xml,legacy-platform,legacy-platform-team,provisional-repository-inferred
Component,entity,org.apache.ofbiz.entity.tenant,,framework/entity/entitydef/entitymodel.xml,legacy-platform,legacy-platform-team,provisional-repository-inferred
TenantComponent,entity,org.apache.ofbiz.entity.tenant,,framework/entity/entitydef/entitymodel.xml,legacy-platform,legacy-platform-team,provisional-repository-inferred
TenantDomainName,entity,org.apache.ofbiz.entity.tenant,Tenant and its Domain Name,framework/entity/entitydef/entitymodel.xml,legacy-platform,legacy-platform-team,provisional-repository-inferred
Testing,entity,org.apache.ofbiz.entity.test,Testing,framework/entity/entitydef/entitymodel_test.xml,legacy-platform,legacy-platform-team,provisional-repository-inferred
TestingType,entity,org.apache.ofbiz.entity.test,Testing Entity Type,framework/entity/entitydef/entitymodel_test.xml,legacy-platform,legacy-platform-team,provisional-repository-inferred
TestingSubtype,entity,org.apache.ofbiz.entity.test,Testing Subtype,framework/entity/entitydef/entitymodel_test.xml,legacy-platform,legacy-platform-team,provisional-repository-inferred
TestingViewPks,view-entity,org.apache.ofbiz.entity.test,Testing And TestingSubtype View,framework/entity/entitydef/entitymodel_test.xml,legacy-platform,legacy-platform-team,provisional-repository-inferred
TestingStatus,entity,org.apache.ofbiz.entity.test,Entity for testing EntityStatus concept,framework/entity/entitydef/entitymodel_test.xml,legacy-platform,legacy-platform-team,provisional-repository-inferred
TestFieldType,entity,org.apache.ofbiz.entity.test,Entity for testing the field data types,framework/entity/entitydef/entitymodel_test.xml,legacy-platform,legacy-platform-team,provisional-repository-inferred
TestingItem,entity,org.apache.ofbiz.entity.test,Testing Item,framework/entity/entitydef/entitymodel_test.xml,legacy-platform,legacy-platform-team,provisional-repository-inferred
TestingNode,entity,org.apache.ofbiz.entity.test,Testing Node,framework/entity/entitydef/entitymodel_test.xml,legacy-platform,legacy-platform-team,provisional-repository-inferred
TestingNodeMember,entity,org.apache.ofbiz.entity.test,Testing Node Member,framework/entity/entitydef/entitymodel_test.xml,legacy-platform,legacy-platform-team,provisional-repository-inferred
TestingNodeAndMember,view-entity,org.apache.ofbiz.entity.test,TestingNode And TestingNodeMember View,framework/entity/entitydef/entitymodel_test.xml,legacy-platform,legacy-platform-team,provisional-repository-inferred
TestingCrypto,entity,org.apache.ofbiz.entity.test,Testing Crypto,framework/entity/entitydef/entitymodel_test.xml,legacy-platform,legacy-platform-team,provisional-repository-inferred
TestingCryptoRawView,view-entity,org.apache.ofbiz.entity.test,TestingCrypto Raw View,framework/entity/entitydef/entitymodel_test.xml,legacy-platform,legacy-platform-team,provisional-repository-inferred
TestingRemoveAll,entity,org.apache.ofbiz.entity.test,Testing,framework/entity/entitydef/entitymodel_test.xml,legacy-platform,legacy-platform-team,provisional-repository-inferred
EntityGroup,entity,org.apache.ofbiz.entity.group,Entity Grouping,framework/entityext/entitydef/entitymodel.xml,legacy-platform,legacy-platform-team,provisional-repository-inferred
EntityGroupEntry,entity,org.apache.ofbiz.entity.group,Entity Grouping,framework/entityext/entitydef/entitymodel.xml,legacy-platform,legacy-platform-team,provisional-repository-inferred
EntitySync,entity,org.apache.ofbiz.entity.synchronization,Entity Synchronization,framework/entityext/entitydef/entitymodel.xml,legacy-platform,legacy-platform-team,provisional-repository-inferred
EntitySyncHistory,entity,org.apache.ofbiz.entity.synchronization,Entity Synchronization History,framework/entityext/entitydef/entitymodel.xml,legacy-platform,legacy-platform-team,provisional-repository-inferred
EntitySyncInclude,entity,org.apache.ofbiz.entity.synchronization,Entity Synchronization Include,framework/entityext/entitydef/entitymodel.xml,legacy-platform,legacy-platform-team,provisional-repository-inferred
EntitySyncIncludeGroup,entity,org.apache.ofbiz.entity.synchronization,Entity Synchronization Include Entity Group,framework/entityext/entitydef/entitymodel.xml,legacy-platform,legacy-platform-team,provisional-repository-inferred
EntitySyncInclGrpDetailView,view-entity,org.apache.ofbiz.entity.synchronization,Entity Synchronization Include Entity Group Detail View,framework/entityext/entitydef/entitymodel.xml,legacy-platform,legacy-platform-team,provisional-repository-inferred
EntitySyncRemove,entity,org.apache.ofbiz.entity.synchronization,Entity Synchronization Remove,framework/entityext/entitydef/entitymodel.xml,legacy-platform,legacy-platform-team,provisional-repository-inferred
X509IssuerProvision,entity,org.apache.ofbiz.security.cert,Valid issuer data for authentication of x.509 certificates,framework/security/entitydef/entitymodel.xml,identity-access,identity-platform-team,provisional-repository-inferred
UserLogin,entity,org.apache.ofbiz.security.login,User Login,framework/security/entitydef/entitymodel.xml,identity-access,identity-platform-team,provisional-repository-inferred
UserLoginPasswordHistory,entity,org.apache.ofbiz.security.login,User Login Password History,framework/security/entitydef/entitymodel.xml,identity-access,identity-platform-team,provisional-repository-inferred
UserLoginHistory,entity,org.apache.ofbiz.security.login,User Login History,framework/security/entitydef/entitymodel.xml,identity-access,identity-platform-team,provisional-repository-inferred
UserLoginSession,entity,org.apache.ofbiz.security.login,User Login History,framework/security/entitydef/entitymodel.xml,identity-access,identity-platform-team,provisional-repository-inferred
SecurityGroup,entity,org.apache.ofbiz.security.securitygroup,Security Component - Security Group,framework/security/entitydef/entitymodel.xml,identity-access,identity-platform-team,provisional-repository-inferred
SecurityGroupPermission,entity,org.apache.ofbiz.security.securitygroup,Security Component - Security Group Permission,framework/security/entitydef/entitymodel.xml,identity-access,identity-platform-team,provisional-repository-inferred
SecurityPermission,entity,org.apache.ofbiz.security.securitygroup,Security Component - Security Permission,framework/security/entitydef/entitymodel.xml,identity-access,identity-platform-team,provisional-repository-inferred
UserLoginAndSecurityGroup,view-entity,org.apache.ofbiz.security.securitygroup,UserLogin And SecurityGroup View,framework/security/entitydef/entitymodel.xml,identity-access,identity-platform-team,provisional-repository-inferred
UserLoginAndPermission,view-entity,org.apache.ofbiz.security.securitygroup,UserLogin And Permission View,framework/security/entitydef/entitymodel.xml,identity-access,identity-platform-team,provisional-repository-inferred
UserLoginSecurityGroup,entity,org.apache.ofbiz.security.securitygroup,Security Component - User Login Security Group,framework/security/entitydef/entitymodel.xml,identity-access,identity-platform-team,provisional-repository-inferred
ProtectedView,entity,org.apache.ofbiz.security.securitygroup,Security Component - Protected View,framework/security/entitydef/entitymodel.xml,identity-access,identity-platform-team,provisional-repository-inferred
UserLoginAndProtectedView,view-entity,org.apache.ofbiz.security.securitygroup,UserLogin And ProtectedView View,framework/security/entitydef/entitymodel.xml,identity-access,identity-platform-team,provisional-repository-inferred
TarpittedLoginView,entity,org.apache.ofbiz.security.securitygroup,Security Component - Protected View,framework/security/entitydef/entitymodel.xml,identity-access,identity-platform-team,provisional-repository-inferred
JobSandbox,entity,org.apache.ofbiz.service.schedule,Job Scheduler Sandbox,framework/service/entitydef/entitymodel.xml,legacy-platform,legacy-platform-team,provisional-repository-inferred
RecurrenceInfo,entity,org.apache.ofbiz.service.schedule,Recurrence Info,framework/service/entitydef/entitymodel.xml,legacy-platform,legacy-platform-team,provisional-repository-inferred
RecurrenceRule,entity,org.apache.ofbiz.service.schedule,Recurrence Rule,framework/service/entitydef/entitymodel.xml,legacy-platform,legacy-platform-team,provisional-repository-inferred
RuntimeData,entity,org.apache.ofbiz.service.schedule,Runtime Data,framework/service/entitydef/entitymodel.xml,legacy-platform,legacy-platform-team,provisional-repository-inferred
TemporalExpression,entity,org.apache.ofbiz.service.schedule,Temporal Expression,framework/service/entitydef/entitymodel.xml,legacy-platform,legacy-platform-team,provisional-repository-inferred
TemporalExpressionAssoc,entity,org.apache.ofbiz.service.schedule,Temporal Expression Association,framework/service/entitydef/entitymodel.xml,legacy-platform,legacy-platform-team,provisional-repository-inferred
TemporalExpressionChild,view-entity,org.apache.ofbiz.service.schedule,Temporal Expression Children View,framework/service/entitydef/entitymodel.xml,legacy-platform,legacy-platform-team,provisional-repository-inferred
JobManagerLock,entity,org.apache.ofbiz.service.schedule,Lock Job Manager Scheduler,framework/service/entitydef/entitymodel.xml,legacy-platform,legacy-platform-team,provisional-repository-inferred
ServiceSemaphore,entity,org.apache.ofbiz.service.semaphore,Semaphore Lock,framework/service/entitydef/entitymodel.xml,legacy-platform,legacy-platform-team,provisional-repository-inferred
JobTracker,entity,org.apache.ofbiz.service.tracker,Job Tracker,framework/service/entitydef/entitymodel.xml,legacy-platform,legacy-platform-team,provisional-repository-inferred
TrackedJobResult,entity,org.apache.ofbiz.service.tracker,Tracked job result,framework/service/entitydef/entitymodel.xml,legacy-platform,legacy-platform-team,provisional-repository-inferred
JobTrackerAndJobResult,view-entity,org.apache.ofbiz.service.tracker,job tracker and result,framework/service/entitydef/entitymodel.xml,legacy-platform,legacy-platform-team,provisional-repository-inferred
JobSandboxQtyByStatusAndJobTrackerView,view-entity,org.apache.ofbiz.service.tracker,,framework/service/entitydef/entitymodel.xml,legacy-platform,legacy-platform-team,provisional-repository-inferred
ShortenedPath,entity,org.apache.ofbiz.webapp.path,Shortened Path,framework/webapp/entitydef/entitymodel.xml,legacy-platform,legacy-platform-team,provisional-repository-inferred
BrowserType,entity,org.apache.ofbiz.webapp.visit,Browser Type,framework/webapp/entitydef/entitymodel.xml,legacy-platform,legacy-platform-team,provisional-repository-inferred
PlatformType,entity,org.apache.ofbiz.webapp.visit,Platform Type,framework/webapp/entitydef/entitymodel.xml,legacy-platform,legacy-platform-team,provisional-repository-inferred
ProtocolType,entity,org.apache.ofbiz.webapp.visit,Protocol Type,framework/webapp/entitydef/entitymodel.xml,legacy-platform,legacy-platform-team,provisional-repository-inferred
ServerHit,entity,org.apache.ofbiz.webapp.visit,Server Hit,framework/webapp/entitydef/entitymodel.xml,legacy-platform,legacy-platform-team,provisional-repository-inferred
ServerHitBin,entity,org.apache.ofbiz.webapp.visit,Server Hit Bin,framework/webapp/entitydef/entitymodel.xml,legacy-platform,legacy-platform-team,provisional-repository-inferred
ServerHitType,entity,org.apache.ofbiz.webapp.visit,Server Hit Bin,framework/webapp/entitydef/entitymodel.xml,legacy-platform,legacy-platform-team,provisional-repository-inferred
UserAgent,entity,org.apache.ofbiz.webapp.visit,User Agent,framework/webapp/entitydef/entitymodel.xml,legacy-platform,legacy-platform-team,provisional-repository-inferred
UserAgentMethodType,entity,org.apache.ofbiz.webapp.visit,User Agent Method Type,framework/webapp/entitydef/entitymodel.xml,legacy-platform,legacy-platform-team,provisional-repository-inferred
UserAgentType,entity,org.apache.ofbiz.webapp.visit,User Agent Type,framework/webapp/entitydef/entitymodel.xml,legacy-platform,legacy-platform-team,provisional-repository-inferred
Visit,entity,org.apache.ofbiz.webapp.visit,Visit,framework/webapp/entitydef/entitymodel.xml,legacy-platform,legacy-platform-team,provisional-repository-inferred
Visitor,entity,org.apache.ofbiz.webapp.visit,Visitor,framework/webapp/entitydef/entitymodel.xml,legacy-platform,legacy-platform-team,provisional-repository-inferred
WebPage,entity,org.apache.ofbiz.webapp.website,Web Page,framework/webapp/entitydef/entitymodel.xml,legacy-platform,legacy-platform-team,provisional-repository-inferred
WebSite,entity,org.apache.ofbiz.webapp.website,Web Site,framework/webapp/entitydef/entitymodel.xml,legacy-platform,legacy-platform-team,provisional-repository-inferred
SecretAuditLog,entity,org.apache.ofbiz.webtools.secret,Immutable log of secret management access and admin events,framework/webtools/entitydef/entitymodel-secret.xml,legacy-platform,legacy-platform-team,provisional-repository-inferred
