route,mount_point,request_uri,https,auth,event_type,event_target,responses,source_file,target_context,owner_role,owner_status
/accounting/control/view,/accounting,view,true,false,,,success:request:main,applications/accounting/webapp/accounting/WEB-INF/controller.xml,accounting,finance-product-team,provisional-repository-inferred
/accounting/control/main,/accounting,main,true,true,,,success:view:main,applications/accounting/webapp/accounting/WEB-INF/controller.xml,accounting,finance-product-team,provisional-repository-inferred
/accounting/control/FindBillingAccount,/accounting,FindBillingAccount,true,true,,,success:view:FindBillingAccount,applications/accounting/webapp/accounting/WEB-INF/controller.xml,accounting,finance-product-team,provisional-repository-inferred
/accounting/control/EditBillingAccount,/accounting,EditBillingAccount,true,true,,,success:view:EditBillingAccount,applications/accounting/webapp/accounting/WEB-INF/controller.xml,accounting,finance-product-team,provisional-repository-inferred
/accounting/control/createBillingAccount,/accounting,createBillingAccount,true,true,service,createBillingAccount,success:view:EditBillingAccount;error:view:EditBillingAccount,applications/accounting/webapp/accounting/WEB-INF/controller.xml,accounting,finance-product-team,provisional-repository-inferred
/accounting/control/createBillingAccountAndRole,/accounting,createBillingAccountAndRole,true,true,service,createBillingAccountAndRole,success:view:EditBillingAccount;error:view:EditBillingAccount,applications/accounting/webapp/accounting/WEB-INF/controller.xml,accounting,finance-product-team,provisional-repository-inferred
/accounting/control/updateBillingAccount,/accounting,updateBillingAccount,true,true,service,updateBillingAccount,success:view:EditBillingAccount;error:view:EditBillingAccount,applications/accounting/webapp/accounting/WEB-INF/controller.xml,accounting,finance-product-team,provisional-repository-inferred
/accounting/control/EditBillingAccountRoles,/accounting,EditBillingAccountRoles,true,true,,,success:view:EditBillingAccountRoles,applications/accounting/webapp/accounting/WEB-INF/controller.xml,accounting,finance-product-team,provisional-repository-inferred
/accounting/control/createBillingAccountRole,/accounting,createBillingAccountRole,true,true,service,createBillingAccountRole,success:view:EditBillingAccountRoles;error:view:EditBillingAccountRoles,applications/accounting/webapp/accounting/WEB-INF/controller.xml,accounting,finance-product-team,provisional-repository-inferred
/accounting/control/updateBillingAccountRole,/accounting,updateBillingAccountRole,true,true,service,updateBillingAccountRole,success:view:EditBillingAccountRoles;error:view:EditBillingAccountRoles,applications/accounting/webapp/accounting/WEB-INF/controller.xml,accounting,finance-product-team,provisional-repository-inferred
/accounting/control/deleteBillingAccountRole,/accounting,deleteBillingAccountRole,true,true,service,removeBillingAccountRole,success:view:EditBillingAccountRoles;error:view:EditBillingAccountRoles,applications/accounting/webapp/accounting/WEB-INF/controller.xml,accounting,finance-product-team,provisional-repository-inferred
/accounting/control/EditBillingAccountTerms,/accounting,EditBillingAccountTerms,true,true,,,success:view:EditBillingAccountTerms,applications/accounting/webapp/accounting/WEB-INF/controller.xml,accounting,finance-product-team,provisional-repository-inferred
/accounting/control/createBillingAccountTerm,/accounting,createBillingAccountTerm,true,true,service,createBillingAccountTerm,success:view:EditBillingAccountTerms,applications/accounting/webapp/accounting/WEB-INF/controller.xml,accounting,finance-product-team,provisional-repository-inferred
/accounting/control/updateBillingAccountTerm,/accounting,updateBillingAccountTerm,true,true,service,updateBillingAccountTerm,success:view:EditBillingAccountTerms,applications/accounting/webapp/accounting/WEB-INF/controller.xml,accounting,finance-product-team,provisional-repository-inferred
/accounting/control/removeBillingAccountTerm,/accounting,removeBillingAccountTerm,true,true,service,removeBillingAccountTerm,success:view:EditBillingAccountTerms,applications/accounting/webapp/accounting/WEB-INF/controller.xml,accounting,finance-product-team,provisional-repository-inferred
/accounting/control/BillingAccountInvoices,/accounting,BillingAccountInvoices,true,true,,,success:view:BillingAccountInvoices,applications/accounting/webapp/accounting/WEB-INF/controller.xml,accounting,finance-product-team,provisional-repository-inferred
/accounting/control/capturePaymentsByInvoice,/accounting,capturePaymentsByInvoice,true,true,service,capturePaymentsByInvoice,success:view:BillingAccountInvoices,applications/accounting/webapp/accounting/WEB-INF/controller.xml,accounting,finance-product-team,provisional-repository-inferred
/accounting/control/BillingAccountPayments,/accounting,BillingAccountPayments,true,true,,,success:view:BillingAccountPayments,applications/accounting/webapp/accounting/WEB-INF/controller.xml,accounting,finance-product-team,provisional-repository-inferred
/accounting/control/BillingAccountOrders,/accounting,BillingAccountOrders,true,true,,,success:view:BillingAccountOrders,applications/accounting/webapp/accounting/WEB-INF/controller.xml,accounting,finance-product-team,provisional-repository-inferred
/accounting/control/createPaymentAndAssociateToBillingAccount,/accounting,createPaymentAndAssociateToBillingAccount,true,true,service,createPaymentAndApplication,success:view:BillingAccountPayments,applications/accounting/webapp/accounting/WEB-INF/controller.xml,accounting,finance-product-team,provisional-repository-inferred
/accounting/control/findInvoices,/accounting,findInvoices,true,true,,,success:view:findInvoices,applications/accounting/webapp/accounting/WEB-INF/controller.xml,accounting,finance-product-team,provisional-repository-inferred
/accounting/control/viewInvoice,/accounting,viewInvoice,true,true,,,success:view:ViewInvoice,applications/accounting/webapp/accounting/WEB-INF/controller.xml,accounting,finance-product-team,provisional-repository-inferred
/accounting/control/newInvoice,/accounting,newInvoice,true,true,,,success:view:newInvoice,applications/accounting/webapp/accounting/WEB-INF/controller.xml,accounting,finance-product-team,provisional-repository-inferred
/accounting/control/editInvoice,/accounting,editInvoice,true,true,,,success:view:editInvoice,applications/accounting/webapp/accounting/WEB-INF/controller.xml,accounting,finance-product-team,provisional-repository-inferred
/accounting/control/createInvoice,/accounting,createInvoice,true,true,service,createInvoice,success:request:editInvoice;error:view:newInvoice,applications/accounting/webapp/accounting/WEB-INF/controller.xml,accounting,finance-product-team,provisional-repository-inferred
/accounting/control/copyInvoice,/accounting,copyInvoice,true,true,service,copyInvoice,success:view:ViewInvoice;error:view:ViewInvoice,applications/accounting/webapp/accounting/WEB-INF/controller.xml,accounting,finance-product-team,provisional-repository-inferred
/accounting/control/updateInvoice,/accounting,updateInvoice,true,true,service,updateInvoice,success:view:editInvoice;error:view:editInvoice,applications/accounting/webapp/accounting/WEB-INF/controller.xml,accounting,finance-product-team,provisional-repository-inferred
/accounting/control/listInvoiceItems,/accounting,listInvoiceItems,true,true,,,success:view:listInvoiceItems,applications/accounting/webapp/accounting/WEB-INF/controller.xml,accounting,finance-product-team,provisional-repository-inferred
/accounting/control/createInvoiceItem,/accounting,createInvoiceItem,true,true,service,createInvoiceItem,success:view:listInvoiceItems;error:view:listInvoiceItems,applications/accounting/webapp/accounting/WEB-INF/controller.xml,accounting,finance-product-team,provisional-repository-inferred
/accounting/control/createInvoiceItemPayrol,/accounting,createInvoiceItemPayrol,true,true,groovy,component://accounting/src/main/groovy/org/apache/ofbiz/accounting/invoice/InvoiceEvents.groovy:createInvoiceItemPayrol,success:view:listInvoiceItems;error:view:listInvoiceItems,applications/accounting/webapp/accounting/WEB-INF/controller.xml,accounting,finance-product-team,provisional-repository-inferred
/accounting/control/updateInvoiceItem,/accounting,updateInvoiceItem,true,true,service-multi,updateInvoiceItem,success:request-redirect:listInvoiceItems;error:view:listInvoiceItems,applications/accounting/webapp/accounting/WEB-INF/controller.xml,accounting,finance-product-team,provisional-repository-inferred
/accounting/control/removeInvoiceItem,/accounting,removeInvoiceItem,true,true,service,removeInvoiceItem,success:view:listInvoiceItems;error:view:listInvoiceItems,applications/accounting/webapp/accounting/WEB-INF/controller.xml,accounting,finance-product-team,provisional-repository-inferred
/accounting/control/editInvoiceTimeEntries,/accounting,editInvoiceTimeEntries,true,true,,,success:view:editInvoiceTimeEntries,applications/accounting/webapp/accounting/WEB-INF/controller.xml,accounting,finance-product-team,provisional-repository-inferred
/accounting/control/unlinkInvoiceFromTimeEntry,/accounting,unlinkInvoiceFromTimeEntry,true,true,service,updateTimeEntry,success:view:editInvoiceTimeEntries;error:view:editInvoiceTimeEntries,applications/accounting/webapp/accounting/WEB-INF/controller.xml,accounting,finance-product-team,provisional-repository-inferred
/accounting/control/editInvoiceApplications,/accounting,editInvoiceApplications,true,true,,,success:view:editInvoiceApplications,applications/accounting/webapp/accounting/WEB-INF/controller.xml,accounting,finance-product-team,provisional-repository-inferred
/accounting/control/updateInvoiceApplication,/accounting,updateInvoiceApplication,true,true,service,updatePaymentApplicationDef,success:view:editInvoiceApplications;error:view:editInvoiceApplications,applications/accounting/webapp/accounting/WEB-INF/controller.xml,accounting,finance-product-team,provisional-repository-inferred
/accounting/control/removeInvoiceApplication,/accounting,removeInvoiceApplication,true,true,service,removePaymentApplication,success:view:editInvoiceApplications;error:view:editInvoiceApplications,applications/accounting/webapp/accounting/WEB-INF/controller.xml,accounting,finance-product-team,provisional-repository-inferred
/accounting/control/invoiceStatus,/accounting,invoiceStatus,true,true,,,success:view:invoiceStatus,applications/accounting/webapp/accounting/WEB-INF/controller.xml,accounting,finance-product-team,provisional-repository-inferred
/accounting/control/invoiceAttributes,/accounting,invoiceAttributes,true,true,,,success:view:invoiceAttributes,applications/accounting/webapp/accounting/WEB-INF/controller.xml,accounting,finance-product-team,provisional-repository-inferred
/accounting/control/createInvoiceAttribute,/accounting,createInvoiceAttribute,true,true,service,createInvoiceAttribute,success:view:invoiceAttributes;error:view:invoiceAttributes,applications/accounting/webapp/accounting/WEB-INF/controller.xml,accounting,finance-product-team,provisional-repository-inferred
/accounting/control/updateInvoiceAttribute,/accounting,updateInvoiceAttribute,true,true,service,updateInvoiceAttribute,success:view:invoiceAttributes;error:view:invoiceAttributes,applications/accounting/webapp/accounting/WEB-INF/controller.xml,accounting,finance-product-team,provisional-repository-inferred
/accounting/control/deleteInvoiceAttribute,/accounting,deleteInvoiceAttribute,true,true,service,deleteInvoiceAttribute,success:view:invoiceAttributes;error:view:invoiceAttributes,applications/accounting/webapp/accounting/WEB-INF/controller.xml,accounting,finance-product-team,provisional-repository-inferred
/accounting/control/invoiceContactMech,/accounting,invoiceContactMech,true,true,,,success:view:invoiceContactMech,applications/accounting/webapp/accounting/WEB-INF/controller.xml,accounting,finance-product-team,provisional-repository-inferred
/accounting/control/invoiceContent,/accounting,invoiceContent,true,true,,,success:view:invoiceContent,applications/accounting/webapp/accounting/WEB-INF/controller.xml,accounting,finance-product-team,provisional-repository-inferred
/accounting/control/invoiceNotes,/accounting,invoiceNotes,true,true,,,success:view:invoiceNotes,applications/accounting/webapp/accounting/WEB-INF/controller.xml,accounting,finance-product-team,provisional-repository-inferred
/accounting/control/invoiceRoles,/accounting,invoiceRoles,true,true,,,success:view:invoiceRoles,applications/accounting/webapp/accounting/WEB-INF/controller.xml,accounting,finance-product-team,provisional-repository-inferred
/accounting/control/createInvoiceRole,/accounting,createInvoiceRole,true,true,service,createInvoiceRole,success:view:invoiceRoles;error:view:invoiceRoles,applications/accounting/webapp/accounting/WEB-INF/controller.xml,accounting,finance-product-team,provisional-repository-inferred
/accounting/control/removeInvoiceRole,/accounting,removeInvoiceRole,true,true,service,removeInvoiceRole,success:view:invoiceRoles;error:view:invoiceRoles,applications/accounting/webapp/accounting/WEB-INF/controller.xml,accounting,finance-product-team,provisional-repository-inferred
/accounting/control/setInvoiceStatus,/accounting,setInvoiceStatus,true,true,service,setInvoiceStatus,success:view:ViewInvoice;error:view:ViewInvoice,applications/accounting/webapp/accounting/WEB-INF/controller.xml,accounting,finance-product-team,provisional-repository-inferred
/accounting/control/invoiceTerms,/accounting,invoiceTerms,true,true,,,success:view:invoiceTerms,applications/accounting/webapp/accounting/WEB-INF/controller.xml,accounting,finance-product-team,provisional-repository-inferred
/accounting/control/createInvoiceTerm,/accounting,createInvoiceTerm,true,true,service,createInvoiceTerm,success:view:invoiceTerms;error:view:invoiceTerms,applications/accounting/webapp/accounting/WEB-INF/controller.xml,accounting,finance-product-team,provisional-repository-inferred
/accounting/control/updateInvoiceTerm,/accounting,updateInvoiceTerm,true,true,service,updateInvoiceTerm,success:view:invoiceTerms;error:view:invoiceTerms,applications/accounting/webapp/accounting/WEB-INF/controller.xml,accounting,finance-product-team,provisional-repository-inferred
/accounting/control/deleteInvoiceTerm,/accounting,deleteInvoiceTerm,true,true,service,deleteInvoiceTerm,success:view:invoiceTerms;error:view:invoiceTerms,applications/accounting/webapp/accounting/WEB-INF/controller.xml,accounting,finance-product-team,provisional-repository-inferred
/accounting/control/editInvoiceTerm,/accounting,editInvoiceTerm,true,true,,,success:view:invoiceTerms;error:view:invoiceTerms,applications/accounting/webapp/accounting/WEB-INF/controller.xml,accounting,finance-product-team,provisional-repository-inferred
/accounting/control/sendPerEmail,/accounting,sendPerEmail,true,true,,,success:view:sendPerEmail,applications/accounting/webapp/accounting/WEB-INF/controller.xml,accounting,finance-product-team,provisional-repository-inferred
/accounting/control/executeSendPerEmail,/accounting,executeSendPerEmail,true,true,service,sendInvoicePerEmail,success:view:ViewInvoice;error:view:ViewInvoice,applications/accounting/webapp/accounting/WEB-INF/controller.xml,accounting,finance-product-team,provisional-repository-inferred
/accounting/control/copyInvoiceToTemplate,/accounting,copyInvoiceToTemplate,true,true,service,copyInvoiceToTemplate,success:view:editInvoice;error:view:editInvoice,applications/accounting/webapp/accounting/WEB-INF/controller.xml,accounting,finance-product-team,provisional-repository-inferred
/accounting/control/getInvoiceRunningTotal,/accounting,getInvoiceRunningTotal,,,service,getInvoiceRunningTotal,success:request:json;error:request:json,applications/accounting/webapp/accounting/WEB-INF/controller.xml,accounting,finance-product-team,provisional-repository-inferred
/accounting/control/editInvoiceItemType,/accounting,editInvoiceItemType,true,true,,,success:view:EditInvoiceItemType,applications/accounting/webapp/accounting/WEB-INF/controller.xml,accounting,finance-product-team,provisional-repository-inferred
/accounting/control/updateInvoiceItemType,/accounting,updateInvoiceItemType,true,true,service,updateInvoiceItemType,success:view:EditInvoiceItemType;error:view:EditInvoiceItemType,applications/accounting/webapp/accounting/WEB-INF/controller.xml,accounting,finance-product-team,provisional-repository-inferred
/accounting/control/findPayments,/accounting,findPayments,true,true,,,success:view:findPayments,applications/accounting/webapp/accounting/WEB-INF/controller.xml,accounting,finance-product-team,provisional-repository-inferred
/accounting/control/newPayment,/accounting,newPayment,true,true,,,success:view:newPayment,applications/accounting/webapp/accounting/WEB-INF/controller.xml,accounting,finance-product-team,provisional-repository-inferred
/accounting/control/editPayment,/accounting,editPayment,true,true,,,success:view:editPayment,applications/accounting/webapp/accounting/WEB-INF/controller.xml,accounting,finance-product-team,provisional-repository-inferred
/accounting/control/createPayment,/accounting,createPayment,true,true,service,createPaymentAndFinAccountTrans,success:view:editPayment;error:view:newPayment,applications/accounting/webapp/accounting/WEB-INF/controller.xml,accounting,finance-product-team,provisional-repository-inferred
/accounting/control/updatePayment,/accounting,updatePayment,true,true,service,updatePayment,success:view:editPayment;error:view:editPayment,applications/accounting/webapp/accounting/WEB-INF/controller.xml,accounting,finance-product-team,provisional-repository-inferred
/accounting/control/paymentOverview,/accounting,paymentOverview,true,true,,,success:view:paymentOverview,applications/accounting/webapp/accounting/WEB-INF/controller.xml,accounting,finance-product-team,provisional-repository-inferred
/accounting/control/paymentAttributes,/accounting,paymentAttributes,true,true,,,success:view:paymentAttributes,applications/accounting/webapp/accounting/WEB-INF/controller.xml,accounting,finance-product-team,provisional-repository-inferred
/accounting/control/editPaymentApplications,/accounting,editPaymentApplications,true,true,,,success:view:editPaymentApplications,applications/accounting/webapp/accounting/WEB-INF/controller.xml,accounting,finance-product-team,provisional-repository-inferred
/accounting/control/createPaymentApplication,/accounting,createPaymentApplication,true,true,service,createPaymentApplication,success:view:editPaymentApplications,applications/accounting/webapp/accounting/WEB-INF/controller.xml,accounting,finance-product-team,provisional-repository-inferred
/accounting/control/updatePaymentApplication,/accounting,updatePaymentApplication,true,true,service,updatePaymentApplicationDef,success:view:editPaymentApplications,applications/accounting/webapp/accounting/WEB-INF/controller.xml,accounting,finance-product-team,provisional-repository-inferred
/accounting/control/removePaymentApplication,/accounting,removePaymentApplication,true,true,service,removePaymentApplication,success:view:editPaymentApplications;error:view:editPaymentApplications,applications/accounting/webapp/accounting/WEB-INF/controller.xml,accounting,finance-product-team,provisional-repository-inferred
/accounting/control/setPaymentStatus,/accounting,setPaymentStatus,true,true,service,setPaymentStatus,success:view:paymentOverview;error:view:paymentOverview,applications/accounting/webapp/accounting/WEB-INF/controller.xml,accounting,finance-product-team,provisional-repository-inferred
/accounting/control/printChecks.pdf,/accounting,printChecks.pdf,true,true,,,success:view:PrintChecks,applications/accounting/webapp/accounting/WEB-INF/controller.xml,accounting,finance-product-team,provisional-repository-inferred
/accounting/control/InvoiceAcctgTransEntriesPdf,/accounting,InvoiceAcctgTransEntriesPdf,true,true,,,success:view:InvoiceAcctgTransEntriesPdf,applications/accounting/webapp/accounting/WEB-INF/controller.xml,accounting,finance-product-team,provisional-repository-inferred
/accounting/control/PaymentAcctgTransEntriesPdf,/accounting,PaymentAcctgTransEntriesPdf,true,true,,,success:view:AcctgTransEntriesSearchResultsPdf,applications/accounting/webapp/accounting/WEB-INF/controller.xml,accounting,finance-product-team,provisional-repository-inferred
/accounting/control/FindSalesInvoicesByDueDate,/accounting,FindSalesInvoicesByDueDate,true,true,,,success:view:FindSalesInvoicesByDueDate,applications/accounting/webapp/accounting/WEB-INF/controller.xml,accounting,finance-product-team,provisional-repository-inferred
/accounting/control/FindPurchaseInvoicesByDueDate,/accounting,FindPurchaseInvoicesByDueDate,true,true,,,success:view:FindPurchaseInvoicesByDueDate,applications/accounting/webapp/accounting/WEB-INF/controller.xml,accounting,finance-product-team,provisional-repository-inferred
/accounting/control/FindPaymentGroup,/accounting,FindPaymentGroup,true,true,,,success:view:FindPaymentGroup,applications/accounting/webapp/accounting/WEB-INF/controller.xml,accounting,finance-product-team,provisional-repository-inferred
/accounting/control/EditPaymentGroup,/accounting,EditPaymentGroup,true,true,,,success:view:EditPaymentGroup,applications/accounting/webapp/accounting/WEB-INF/controller.xml,accounting,finance-product-team,provisional-repository-inferred
/accounting/control/createPaymentGroup,/accounting,createPaymentGroup,true,true,service,createPaymentGroup,success:view:EditPaymentGroup;error:view:EditPaymentGroup,applications/accounting/webapp/accounting/WEB-INF/controller.xml,accounting,finance-product-team,provisional-repository-inferred
/accounting/control/updatePaymentGroup,/accounting,updatePaymentGroup,true,true,service,updatePaymentGroup,success:view:EditPaymentGroup;error:view:EditPaymentGroup,applications/accounting/webapp/accounting/WEB-INF/controller.xml,accounting,finance-product-team,provisional-repository-inferred
/accounting/control/deletePaymentGroup,/accounting,deletePaymentGroup,true,true,service,deletePaymentGroup,success:view:FindPaymentGroup;error:view:FindPaymentGroup,applications/accounting/webapp/accounting/WEB-INF/controller.xml,accounting,finance-product-team,provisional-repository-inferred
/accounting/control/EditPaymentGroupMember,/accounting,EditPaymentGroupMember,true,true,,,success:view:EditPaymentGroupMember,applications/accounting/webapp/accounting/WEB-INF/controller.xml,accounting,finance-product-team,provisional-repository-inferred
/accounting/control/createPaymentGroupMember,/accounting,createPaymentGroupMember,true,true,service,createPaymentGroupMember,success:view:EditPaymentGroupMember;error:view:EditPaymentGroupMember,applications/accounting/webapp/accounting/WEB-INF/controller.xml,accounting,finance-product-team,provisional-repository-inferred
/accounting/control/updatePaymentGroupMember,/accounting,updatePaymentGroupMember,true,true,service,updatePaymentGroupMember,success:view:EditPaymentGroupMember;error:view:EditPaymentGroupMember,applications/accounting/webapp/accounting/WEB-INF/controller.xml,accounting,finance-product-team,provisional-repository-inferred
/accounting/control/expirePaymentGroupMember,/accounting,expirePaymentGroupMember,true,true,service,expirePaymentGroupMember,success:view:EditPaymentGroupMember;error:view:EditPaymentGroupMember,applications/accounting/webapp/accounting/WEB-INF/controller.xml,accounting,finance-product-team,provisional-repository-inferred
/accounting/control/PaymentGroupOverview,/accounting,PaymentGroupOverview,true,true,,,success:view:PaymentGroupOverview,applications/accounting/webapp/accounting/WEB-INF/controller.xml,accounting,finance-product-team,provisional-repository-inferred
/accounting/control/cancelPaymentGroup,/accounting,cancelPaymentGroup,true,true,service,cancelPaymentBatch,success:view:PaymentGroupOverview;error:view:FindPaymentGroup,applications/accounting/webapp/accounting/WEB-INF/controller.xml,accounting,finance-product-team,provisional-repository-inferred
/accounting/control/cancelCheckRunPayments,/accounting,cancelCheckRunPayments,true,true,service,cancelCheckRunPayments,success:view:PaymentGroupOverview;error:view:FindPaymentGroup,applications/accounting/webapp/accounting/WEB-INF/controller.xml,accounting,finance-product-team,provisional-repository-inferred
/accounting/control/DepositSlip.pdf,/accounting,DepositSlip.pdf,true,true,,,success:view:DepositSlipPdf;error:view:PaymentGroupOverview,applications/accounting/webapp/accounting/WEB-INF/controller.xml,accounting,finance-product-team,provisional-repository-inferred
/accounting/control/FindGatewayResponses,/accounting,FindGatewayResponses,true,true,,,success:view:FindGatewayResponses,applications/accounting/webapp/accounting/WEB-INF/controller.xml,accounting,finance-product-team,provisional-repository-inferred
/accounting/control/ViewGatewayResponse,/accounting,ViewGatewayResponse,true,true,,,success:view:ViewGatewayResponse,applications/accounting/webapp/accounting/WEB-INF/controller.xml,accounting,finance-product-team,provisional-repository-inferred
/accounting/control/AuthorizeTransaction,/accounting,AuthorizeTransaction,true,true,,,success:view:AuthorizeTransaction,applications/accounting/webapp/accounting/WEB-INF/controller.xml,accounting,finance-product-team,provisional-repository-inferred
/accounting/control/CaptureTransaction,/accounting,CaptureTransaction,true,true,,,success:view:CaptureTransaction,applications/accounting/webapp/accounting/WEB-INF/controller.xml,accounting,finance-product-team,provisional-repository-inferred
/accounting/control/ManualTransaction,/accounting,ManualTransaction,true,true,,,success:view:ManualTransaction,applications/accounting/webapp/accounting/WEB-INF/controller.xml,accounting,finance-product-team,provisional-repository-inferred
/accounting/control/manualETx,/accounting,manualETx,true,true,,,success:view:ManualTransaction,applications/accounting/webapp/accounting/WEB-INF/controller.xml,accounting,finance-product-team,provisional-repository-inferred
/accounting/control/processManualCcTx,/accounting,processManualCcTx,true,true,service,manualForcedCcTransaction,success:view:ManualTransaction,applications/accounting/webapp/accounting/WEB-INF/controller.xml,accounting,finance-product-team,provisional-repository-inferred
/accounting/control/FindPaymentGatewayConfig,/accounting,FindPaymentGatewayConfig,true,true,,,success:view:FindPaymentGatewayConfig,applications/accounting/webapp/accounting/WEB-INF/controller.xml,accounting,finance-product-team,provisional-repository-inferred
/accounting/control/EditPaymentGatewayConfig,/accounting,EditPaymentGatewayConfig,true,true,,,success:view:EditPaymentGatewayConfig,applications/accounting/webapp/accounting/WEB-INF/controller.xml,accounting,finance-product-team,provisional-repository-inferred
/accounting/control/UpdatePaymentGatewayConfig,/accounting,UpdatePaymentGatewayConfig,true,true,service,updatePaymentGatewayConfig,success:view:EditPaymentGatewayConfig;error:view:EditPaymentGatewayConfig,applications/accounting/webapp/accounting/WEB-INF/controller.xml,accounting,finance-product-team,provisional-repository-inferred
/accounting/control/FindPaymentGatewayConfigTypes,/accounting,FindPaymentGatewayConfigTypes,true,true,,,success:view:FindPaymentGatewayConfigTypes,applications/accounting/webapp/accounting/WEB-INF/controller.xml,accounting,finance-product-team,provisional-repository-inferred
/accounting/control/EditPaymentGatewayConfigType,/accounting,EditPaymentGatewayConfigType,true,true,,,success:view:EditPaymentGatewayConfigType,applications/accounting/webapp/accounting/WEB-INF/controller.xml,accounting,finance-product-team,provisional-repository-inferred
/accounting/control/UpdatePaymentGatewayConfigType,/accounting,UpdatePaymentGatewayConfigType,true,true,service,updatePaymentGatewayConfigType,success:view:EditPaymentGatewayConfigType;error:view:EditPaymentGatewayConfigType,applications/accounting/webapp/accounting/WEB-INF/controller.xml,accounting,finance-product-team,provisional-repository-inferred
/accounting/control/processAuthorizeTransaction,/accounting,processAuthorizeTransaction,true,true,service,authOrderPaymentPreference,success:view:ViewGatewayResponse;error:view:AuthorizeTransaction,applications/accounting/webapp/accounting/WEB-INF/controller.xml,accounting,finance-product-team,provisional-repository-inferred
/accounting/control/processCaptureTransaction,/accounting,processCaptureTransaction,true,true,service,captureOrderPayments,success:view:ViewGatewayResponse;error:view:CaptureTransaction,applications/accounting/webapp/accounting/WEB-INF/controller.xml,accounting,finance-product-team,provisional-repository-inferred
/accounting/control/processReleaseTransaction,/accounting,processReleaseTransaction,true,true,service,releaseOrderPaymentPreference,success:view:ManualTransaction;error:view:ManualTransaction,applications/accounting/webapp/accounting/WEB-INF/controller.xml,accounting,finance-product-team,provisional-repository-inferred
/accounting/control/processRefundTransaction,/accounting,processRefundTransaction,true,true,service,refundOrderPaymentPreference,success:view:ManualTransaction;error:view:ManualTransaction,applications/accounting/webapp/accounting/WEB-INF/controller.xml,accounting,finance-product-team,provisional-repository-inferred
/accounting/control/PartyAccountsSummary,/accounting,PartyAccountsSummary,true,true,service,setAcctgCompany,success:view:PartyAccountsSummary,applications/accounting/webapp/accounting/WEB-INF/controller.xml,accounting,finance-product-team,provisional-repository-inferred
/accounting/control/quickCreateAcctgTransAndEntries,/accounting,quickCreateAcctgTransAndEntries,true,true,service,quickCreateAcctgTransAndEntries,success:view:EditAcctgTrans;error:view:CreateAcctgTransAndEntries,applications/accounting/webapp/accounting/WEB-INF/controller.xml,accounting,finance-product-team,provisional-repository-inferred
/accounting/control/FindAcctgTrans,/accounting,FindAcctgTrans,true,true,,,success:view:FindAcctgTrans,applications/accounting/webapp/accounting/WEB-INF/controller.xml,accounting,finance-product-team,provisional-repository-inferred
/accounting/control/CreateAcctgTransAndEntries,/accounting,CreateAcctgTransAndEntries,true,true,,,success:view:CreateAcctgTransAndEntries,applications/accounting/webapp/accounting/WEB-INF/controller.xml,accounting,finance-product-team,provisional-repository-inferred
/accounting/control/EditAcctgTrans,/accounting,EditAcctgTrans,true,true,,,success:view:EditAcctgTrans,applications/accounting/webapp/accounting/WEB-INF/controller.xml,accounting,finance-product-team,provisional-repository-inferred
/accounting/control/ListUnpostedAcctgTrans,/accounting,ListUnpostedAcctgTrans,true,true,,,success:view:ListUnpostedAcctgTrans,applications/accounting/webapp/accounting/WEB-INF/controller.xml,accounting,finance-product-team,provisional-repository-inferred
/accounting/control/completeAcctgTransEntries,/accounting,completeAcctgTransEntries,true,true,service,completeAcctgTransEntries,success:view:EditAcctgTrans;error:view:EditAcctgTrans,applications/accounting/webapp/accounting/WEB-INF/controller.xml,accounting,finance-product-team,provisional-repository-inferred
/accounting/control/postAcctgTrans,/accounting,postAcctgTrans,true,true,service,postAcctgTrans,success:view:EditAcctgTrans;error:view:EditAcctgTrans,applications/accounting/webapp/accounting/WEB-INF/controller.xml,accounting,finance-product-team,provisional-repository-inferred
/accounting/control/updateAcctgTrans,/accounting,updateAcctgTrans,true,true,service,updateAcctgTrans,success:view:EditAcctgTrans;error:view:EditAcctgTrans,applications/accounting/webapp/accounting/WEB-INF/controller.xml,accounting,finance-product-team,provisional-repository-inferred
/accounting/control/createAcctgTransEntry,/accounting,createAcctgTransEntry,true,true,service,createAcctgTransEntry,success:view:EditAcctgTrans;error:view:EditAcctgTrans,applications/accounting/webapp/accounting/WEB-INF/controller.xml,accounting,finance-product-team,provisional-repository-inferred
/accounting/control/FindAcctgTransEntries,/accounting,FindAcctgTransEntries,true,true,,,success:view:FindAcctgTransEntries,applications/accounting/webapp/accounting/WEB-INF/controller.xml,accounting,finance-product-team,provisional-repository-inferred
/accounting/control/updateAcctgTransEntry,/accounting,updateAcctgTransEntry,true,true,service,updateAcctgTransEntry,success:view:EditAcctgTrans;error:view:EditAcctgTrans,applications/accounting/webapp/accounting/WEB-INF/controller.xml,accounting,finance-product-team,provisional-repository-inferred
/accounting/control/deleteAcctgTransEntry,/accounting,deleteAcctgTransEntry,true,true,service,deleteAcctgTransEntry,success:view:EditAcctgTrans;error:view:EditAcctgTrans,applications/accounting/webapp/accounting/WEB-INF/controller.xml,accounting,finance-product-team,provisional-repository-inferred
/accounting/control/newAcctgTrans,/accounting,newAcctgTrans,true,true,,,success:view:NewAcctgTrans,applications/accounting/webapp/accounting/WEB-INF/controller.xml,accounting,finance-product-team,provisional-repository-inferred
/accounting/control/createAcctgTrans,/accounting,createAcctgTrans,true,true,service,createAcctgTrans,success:view:EditAcctgTrans;error:view:NewAcctgTrans,applications/accounting/webapp/accounting/WEB-INF/controller.xml,accounting,finance-product-team,provisional-repository-inferred
/accounting/control/copyAcctgTransAndEntries,/accounting,copyAcctgTransAndEntries,true,true,service,copyAcctgTransAndEntries,success:view:EditAcctgTrans;error:view:EditAcctgTrans,applications/accounting/webapp/accounting/WEB-INF/controller.xml,accounting,finance-product-team,provisional-repository-inferred
/accounting/control/AssignGlAccount,/accounting,AssignGlAccount,true,true,,,success:view:AssignGlAccount,applications/accounting/webapp/accounting/WEB-INF/controller.xml,accounting,finance-product-team,provisional-repository-inferred
/accounting/control/GlAccountNavigate,/accounting,GlAccountNavigate,true,true,,,success:view:GlAccountNavigate,applications/accounting/webapp/accounting/WEB-INF/controller.xml,accounting,finance-product-team,provisional-repository-inferred
/accounting/control/FindGlobalGlAccount,/accounting,FindGlobalGlAccount,true,true,,,success:view:FindGlobalGlAccount,applications/accounting/webapp/accounting/WEB-INF/controller.xml,accounting,finance-product-team,provisional-repository-inferred
/accounting/control/ListGlAccountsReport,/accounting,ListGlAccountsReport,true,true,,,success:view:ListGlAccountsReport,applications/accounting/webapp/accounting/WEB-INF/controller.xml,accounting,finance-product-team,provisional-repository-inferred
/accounting/control/ListGlAccountsExport,/accounting,ListGlAccountsExport,true,true,,,success:view:ListGlAccountsExport,applications/accounting/webapp/accounting/WEB-INF/controller.xml,accounting,finance-product-team,provisional-repository-inferred
/accounting/control/AddGlAccount,/accounting,AddGlAccount,true,true,,,success:view:AddGlAccount,applications/accounting/webapp/accounting/WEB-INF/controller.xml,accounting,finance-product-team,provisional-repository-inferred
/accounting/control/EditGlobalGlAccount,/accounting,EditGlobalGlAccount,true,true,,,success:view:EditGlobalGlAccount,applications/accounting/webapp/accounting/WEB-INF/controller.xml,accounting,finance-product-team,provisional-repository-inferred
/accounting/control/createGlAccount,/accounting,createGlAccount,true,true,service,createGlAccount,success:view:GlAccountNavigate;error:view:GlAccountNavigate,applications/accounting/webapp/accounting/WEB-INF/controller.xml,accounting,finance-product-team,provisional-repository-inferred
/accounting/control/updateGlAccount,/accounting,updateGlAccount,true,true,service,updateGlAccount,success:view:GlAccountNavigate;error:view:GlAccountNavigate,applications/accounting/webapp/accounting/WEB-INF/controller.xml,accounting,finance-product-team,provisional-repository-inferred
/accounting/control/ListGlAccountOrganization,/accounting,ListGlAccountOrganization,true,true,,,success:view:ListGlAccountOrganization,applications/accounting/webapp/accounting/WEB-INF/controller.xml,accounting,finance-product-team,provisional-repository-inferred
/accounting/control/ListGlAccountOrgPdf.pdf,/accounting,ListGlAccountOrgPdf.pdf,true,true,,,success:view:ListGlAccountOrgPdf,applications/accounting/webapp/accounting/WEB-INF/controller.xml,accounting,finance-product-team,provisional-repository-inferred
/accounting/control/ListGlAccountOrgCsv.csv,/accounting,ListGlAccountOrgCsv.csv,true,true,,,success:view:ListGlAccountOrgCsv,applications/accounting/webapp/accounting/WEB-INF/controller.xml,accounting,finance-product-team,provisional-repository-inferred
/accounting/control/ImportExport,/accounting,ImportExport,true,true,service,setAcctgCompany,success:view:ImportExport,applications/accounting/webapp/accounting/WEB-INF/controller.xml,accounting,finance-product-team,provisional-repository-inferred
/accounting/control/ExportInvoiceCsv.csv,/accounting,ExportInvoiceCsv.csv,true,true,,,success:view:ExportInvoicesCsv,applications/accounting/webapp/accounting/WEB-INF/controller.xml,accounting,finance-product-team,provisional-repository-inferred
/accounting/control/ImportInvoice,/accounting,ImportInvoice,true,true,service,importInvoice,success:request:ImportExport;error:view:ImportExport,applications/accounting/webapp/accounting/WEB-INF/controller.xml,accounting,finance-product-team,provisional-repository-inferred
/accounting/control/createGlAccountOrganization,/accounting,createGlAccountOrganization,true,true,service,createGlAccountOrganization,success:view:ListGlAccountOrganization;error:view:ListGlAccountOrganization,applications/accounting/webapp/accounting/WEB-INF/controller.xml,accounting,finance-product-team,provisional-repository-inferred
/accounting/control/updateGlAccountOrganization,/accounting,updateGlAccountOrganization,true,true,service,updateGlAccount,success:view:ListGlAccountOrganization;error:view:ListGlAccountOrganization,applications/accounting/webapp/accounting/WEB-INF/controller.xml,accounting,finance-product-team,provisional-repository-inferred
/accounting/control/ListGlAccountEntries,/accounting,ListGlAccountEntries,true,true,,,success:view:ListGlAccountEntries,applications/accounting/webapp/accounting/WEB-INF/controller.xml,accounting,finance-product-team,provisional-repository-inferred
/accounting/control/ListAcctgTransEntries,/accounting,ListAcctgTransEntries,true,true,,,success:view:ListAcctgTransEntries,applications/accounting/webapp/accounting/WEB-INF/controller.xml,accounting,finance-product-team,provisional-repository-inferred
/accounting/control/SetupGlJournals,/accounting,SetupGlJournals,true,true,,,success:view:SetupGlJournals,applications/accounting/webapp/accounting/WEB-INF/controller.xml,accounting,finance-product-team,provisional-repository-inferred
/accounting/control/createGlJournal,/accounting,createGlJournal,true,true,service,createGlJournal,success:view:SetupGlJournals;error:view:SetupGlJournals,applications/accounting/webapp/accounting/WEB-INF/controller.xml,accounting,finance-product-team,provisional-repository-inferred
/accounting/control/updateGlJournal,/accounting,updateGlJournal,true,true,service,updateGlJournal,success:view:SetupGlJournals;error:view:SetupGlJournals,applications/accounting/webapp/accounting/WEB-INF/controller.xml,accounting,finance-product-team,provisional-repository-inferred
/accounting/control/deleteGlJournal,/accounting,deleteGlJournal,true,true,service,deleteGlJournal,success:view:SetupGlJournals;error:view:SetupGlJournals,applications/accounting/webapp/accounting/WEB-INF/controller.xml,accounting,finance-product-team,provisional-repository-inferred
/accounting/control/editPartyGlAccounts,/accounting,editPartyGlAccounts,true,true,,,success:view:EditPartyGlAccount,applications/accounting/webapp/accounting/WEB-INF/controller.xml,accounting,finance-product-team,provisional-repository-inferred
/accounting/control/createPartyGlAccount,/accounting,createPartyGlAccount,true,true,service,createPartyGlAccount,success:view:EditPartyGlAccount;error:view:EditPartyGlAccount,applications/accounting/webapp/accounting/WEB-INF/controller.xml,accounting,finance-product-team,provisional-repository-inferred
/accounting/control/updatePartyGlAccount,/accounting,updatePartyGlAccount,true,true,service,updatePartyGlAccount,success:view:EditPartyGlAccount;error:view:EditPartyGlAccount,applications/accounting/webapp/accounting/WEB-INF/controller.xml,accounting,finance-product-team,provisional-repository-inferred
/accounting/control/deletePartyGlAccount,/accounting,deletePartyGlAccount,true,true,service,deletePartyGlAccount,success:view:EditPartyGlAccount;error:view:EditPartyGlAccount,applications/accounting/webapp/accounting/WEB-INF/controller.xml,accounting,finance-product-team,provisional-repository-inferred
/accounting/control/EditCustomTimePeriod,/accounting,EditCustomTimePeriod,true,true,,,success:view:EditCustomTimePeriod,applications/accounting/webapp/accounting/WEB-INF/controller.xml,accounting,finance-product-team,provisional-repository-inferred
/accounting/control/updateCustomTimePeriod,/accounting,updateCustomTimePeriod,true,true,service,updateCustomTimePeriod,success:view:EditCustomTimePeriod;error:view:EditCustomTimePeriod,applications/accounting/webapp/accounting/WEB-INF/controller.xml,accounting,finance-product-team,provisional-repository-inferred
/accounting/control/deleteCustomTimePeriod,/accounting,deleteCustomTimePeriod,true,true,service,deleteCustomTimePeriod,success:view:EditCustomTimePeriod;error:view:EditCustomTimePeriod,applications/accounting/webapp/accounting/WEB-INF/controller.xml,accounting,finance-product-team,provisional-repository-inferred
/accounting/control/ListFixedAssets,/accounting,ListFixedAssets,true,true,,,success:view:ListFixedAssets,applications/accounting/webapp/accounting/WEB-INF/controller.xml,accounting,finance-product-team,provisional-repository-inferred
/accounting/control/FixedAssetSearchResults,/accounting,FixedAssetSearchResults,true,true,,,success:view:FixedAssetSearchResults,applications/accounting/webapp/accounting/WEB-INF/controller.xml,accounting,finance-product-team,provisional-repository-inferred
/accounting/control/EditFixedAsset,/accounting,EditFixedAsset,true,true,,,success:view:EditFixedAsset,applications/accounting/webapp/accounting/WEB-INF/controller.xml,accounting,finance-product-team,provisional-repository-inferred
/accounting/control/createFixedAsset,/accounting,createFixedAsset,true,true,service,createFixedAsset,success:view:EditFixedAsset;error:view:EditFixedAsset,applications/accounting/webapp/accounting/WEB-INF/controller.xml,accounting,finance-product-team,provisional-repository-inferred
/accounting/control/updateFixedAsset,/accounting,updateFixedAsset,true,true,service,updateFixedAsset,success:view:EditFixedAsset;error:view:EditFixedAsset,applications/accounting/webapp/accounting/WEB-INF/controller.xml,accounting,finance-product-team,provisional-repository-inferred
/accounting/control/ListFixedAssetProducts,/accounting,ListFixedAssetProducts,true,true,,,success:view:ListFixedAssetProducts,applications/accounting/webapp/accounting/WEB-INF/controller.xml,accounting,finance-product-team,provisional-repository-inferred
/accounting/control/addFixedAssetProduct,/accounting,addFixedAssetProduct,true,true,service,addFixedAssetProduct,success:view:ListFixedAssetProducts;error:view:ListFixedAssetProducts,applications/accounting/webapp/accounting/WEB-INF/controller.xml,accounting,finance-product-team,provisional-repository-inferred
/accounting/control/updateFixedAssetProduct,/accounting,updateFixedAssetProduct,true,true,service,updateFixedAssetProduct,success:view:ListFixedAssetProducts;error:view:ListFixedAssetProducts,applications/accounting/webapp/accounting/WEB-INF/controller.xml,accounting,finance-product-team,provisional-repository-inferred
/accounting/control/removeFixedAssetProduct,/accounting,removeFixedAssetProduct,true,true,service,removeFixedAssetProduct,success:view:ListFixedAssetProducts;error:view:ListFixedAssetProducts,applications/accounting/webapp/accounting/WEB-INF/controller.xml,accounting,finance-product-team,provisional-repository-inferred
/accounting/control/FixedAssetChildren,/accounting,FixedAssetChildren,true,true,,,success:view:FixedAssetChildren,applications/accounting/webapp/accounting/WEB-INF/controller.xml,accounting,finance-product-team,provisional-repository-inferred
/accounting/control/EditFixedAssetStdCosts,/accounting,EditFixedAssetStdCosts,true,true,,,success:view:EditFixedAssetStdCosts,applications/accounting/webapp/accounting/WEB-INF/controller.xml,accounting,finance-product-team,provisional-repository-inferred
/accounting/control/createFixedAssetStdCost,/accounting,createFixedAssetStdCost,true,true,service,createFixedAssetStdCost,success:view:EditFixedAssetStdCosts,applications/accounting/webapp/accounting/WEB-INF/controller.xml,accounting,finance-product-team,provisional-repository-inferred
/accounting/control/updateFixedAssetStdCost,/accounting,updateFixedAssetStdCost,true,true,service,updateFixedAssetStdCost,success:view:EditFixedAssetStdCosts,applications/accounting/webapp/accounting/WEB-INF/controller.xml,accounting,finance-product-team,provisional-repository-inferred
/accounting/control/cancelFixedAssetStdCost,/accounting,cancelFixedAssetStdCost,true,true,service,cancelFixedAssetStdCost,success:view:EditFixedAssetStdCosts,applications/accounting/webapp/accounting/WEB-INF/controller.xml,accounting,finance-product-team,provisional-repository-inferred
/accounting/control/EditFixedAssetIdents,/accounting,EditFixedAssetIdents,true,true,,,success:view:EditFixedAssetIdents,applications/accounting/webapp/accounting/WEB-INF/controller.xml,accounting,finance-product-team,provisional-repository-inferred
/accounting/control/createFixedAssetIdent,/accounting,createFixedAssetIdent,true,true,service,createFixedAssetIdent,success:view:EditFixedAssetIdents;error:view:EditFixedAssetIdents,applications/accounting/webapp/accounting/WEB-INF/controller.xml,accounting,finance-product-team,provisional-repository-inferred
/accounting/control/updateFixedAssetIdent,/accounting,updateFixedAssetIdent,true,true,service,updateFixedAssetIdent,success:view:EditFixedAssetIdents;error:view:EditFixedAssetIdents,applications/accounting/webapp/accounting/WEB-INF/controller.xml,accounting,finance-product-team,provisional-repository-inferred
/accounting/control/removeFixedAssetIdent,/accounting,removeFixedAssetIdent,true,true,service,removeFixedAssetIdent,success:view:EditFixedAssetIdents;error:view:EditFixedAssetIdents,applications/accounting/webapp/accounting/WEB-INF/controller.xml,accounting,finance-product-team,provisional-repository-inferred
/accounting/control/EditFixedAssetRegistrations,/accounting,EditFixedAssetRegistrations,true,true,,,success:view:EditFixedAssetRegistrations,applications/accounting/webapp/accounting/WEB-INF/controller.xml,accounting,finance-product-team,provisional-repository-inferred
/accounting/control/createFixedAssetRegistration,/accounting,createFixedAssetRegistration,true,true,service,createFixedAssetRegistration,success:view:EditFixedAssetRegistrations;error:view:EditFixedAssetRegistrations,applications/accounting/webapp/accounting/WEB-INF/controller.xml,accounting,finance-product-team,provisional-repository-inferred
/accounting/control/updateFixedAssetRegistration,/accounting,updateFixedAssetRegistration,true,true,service,updateFixedAssetRegistration,success:view:EditFixedAssetRegistrations;error:view:EditFixedAssetRegistrations,applications/accounting/webapp/accounting/WEB-INF/controller.xml,accounting,finance-product-team,provisional-repository-inferred
/accounting/control/deleteFixedAssetRegistration,/accounting,deleteFixedAssetRegistration,true,true,service,deleteFixedAssetRegistration,success:view:EditFixedAssetRegistrations;error:view:EditFixedAssetRegistrations,applications/accounting/webapp/accounting/WEB-INF/controller.xml,accounting,finance-product-team,provisional-repository-inferred
/accounting/control/EditFixedAssetMeters,/accounting,EditFixedAssetMeters,true,true,,,success:view:EditFixedAssetMeters,applications/accounting/webapp/accounting/WEB-INF/controller.xml,accounting,finance-product-team,provisional-repository-inferred
/accounting/control/createFixedAssetMeter,/accounting,createFixedAssetMeter,true,true,service,createFixedAssetMeter,success:view:EditFixedAssetMeters;error:view:EditFixedAssetMeters,applications/accounting/webapp/accounting/WEB-INF/controller.xml,accounting,finance-product-team,provisional-repository-inferred
/accounting/control/updateFixedAssetMeter,/accounting,updateFixedAssetMeter,true,true,service,updateFixedAssetMeter,success:view:EditFixedAssetMeters;error:view:EditFixedAssetMeters,applications/accounting/webapp/accounting/WEB-INF/controller.xml,accounting,finance-product-team,provisional-repository-inferred
/accounting/control/deleteFixedAssetMeter,/accounting,deleteFixedAssetMeter,true,true,service,deleteFixedAssetMeter,success:view:EditFixedAssetMeters;error:view:EditFixedAssetMeters,applications/accounting/webapp/accounting/WEB-INF/controller.xml,accounting,finance-product-team,provisional-repository-inferred
/accounting/control/ListFixedAssetMaints,/accounting,ListFixedAssetMaints,true,true,,,success:view:ListFixedAssetMaints,applications/accounting/webapp/accounting/WEB-INF/controller.xml,accounting,finance-product-team,provisional-repository-inferred
/accounting/control/EditFixedAssetMaint,/accounting,EditFixedAssetMaint,true,true,,,success:view:EditFixedAssetMaint;error:view:EditFixedAssetMaint,applications/accounting/webapp/accounting/WEB-INF/controller.xml,accounting,finance-product-team,provisional-repository-inferred
/accounting/control/createFixedAssetMaint,/accounting,createFixedAssetMaint,true,true,service,createFixedAssetMaint,success:view:EditFixedAssetMaint;error:view:EditFixedAssetMaint,applications/accounting/webapp/accounting/WEB-INF/controller.xml,accounting,finance-product-team,provisional-repository-inferred
/accounting/control/updateFixedAssetMaint,/accounting,updateFixedAssetMaint,true,true,service,updateFixedAssetMaint,success:view:EditFixedAssetMaint;error:view:EditFixedAssetMaint,applications/accounting/webapp/accounting/WEB-INF/controller.xml,accounting,finance-product-team,provisional-repository-inferred
/accounting/control/deleteFixedAssetMaint,/accounting,deleteFixedAssetMaint,true,true,service,deleteFixedAssetMaint,success:view:EditFixedAssetMaint;error:view:EditFixedAssetMaint,applications/accounting/webapp/accounting/WEB-INF/controller.xml,accounting,finance-product-team,provisional-repository-inferred
/accounting/control/LookupWorkEffort,/accounting,LookupWorkEffort,true,true,,,success:view:LookupWorkEffort,applications/accounting/webapp/accounting/WEB-INF/controller.xml,accounting,finance-product-team,provisional-repository-inferred
/accounting/control/LookupOrderHeader,/accounting,LookupOrderHeader,true,true,,,success:view:LookupOrderHeader,applications/accounting/webapp/accounting/WEB-INF/controller.xml,accounting,finance-product-team,provisional-repository-inferred
/accounting/control/calendar,/accounting,calendar,true,true,,,success:view:calendar,applications/accounting/webapp/accounting/WEB-INF/controller.xml,accounting,finance-product-team,provisional-repository-inferred
/accounting/control/EditWorkEffort,/accounting,EditWorkEffort,true,true,,,success:view:EditFixedAssetMaint,applications/accounting/webapp/accounting/WEB-INF/controller.xml,accounting,finance-product-team,provisional-repository-inferred
/accounting/control/WorkEffortSummary,/accounting,WorkEffortSummary,true,true,,,success:view:WorkEffortSummary,applications/accounting/webapp/accounting/WEB-INF/controller.xml,accounting,finance-product-team,provisional-repository-inferred
/accounting/control/EditFixedAssetMaintOrders,/accounting,EditFixedAssetMaintOrders,true,true,,,success:view:EditFixedAssetMaintOrders,applications/accounting/webapp/accounting/WEB-INF/controller.xml,accounting,finance-product-team,provisional-repository-inferred
/accounting/control/createFixedAssetMaintOrder,/accounting,createFixedAssetMaintOrder,true,true,service,createFixedAssetMaintOrder,success:view:EditFixedAssetMaintOrders;error:view:EditFixedAssetMaintOrders,applications/accounting/webapp/accounting/WEB-INF/controller.xml,accounting,finance-product-team,provisional-repository-inferred
/accounting/control/deleteFixedAssetMaintOrder,/accounting,deleteFixedAssetMaintOrder,true,true,service,deleteFixedAssetMaintOrder,success:view:EditFixedAssetMaintOrders;error:view:EditFixedAssetMaintOrders,applications/accounting/webapp/accounting/WEB-INF/controller.xml,accounting,finance-product-team,provisional-repository-inferred
/accounting/control/ListBudgets,/accounting,ListBudgets,true,true,,,success:view:ListBudgets,applications/accounting/webapp/accounting/WEB-INF/controller.xml,accounting,finance-product-team,provisional-repository-inferred
/accounting/control/BudgetSearchResults,/accounting,BudgetSearchResults,true,false,,,success:view:BudgetSearchResults,applications/accounting/webapp/accounting/WEB-INF/controller.xml,accounting,finance-product-team,provisional-repository-inferred
/accounting/control/EditBudget,/accounting,EditBudget,true,true,,,success:view:EditBudget,applications/accounting/webapp/accounting/WEB-INF/controller.xml,accounting,finance-product-team,provisional-repository-inferred
/accounting/control/BudgetOverview,/accounting,BudgetOverview,true,true,,,success:view:BudgetOverview,applications/accounting/webapp/accounting/WEB-INF/controller.xml,accounting,finance-product-team,provisional-repository-inferred
/accounting/control/EditBudgetItems,/accounting,EditBudgetItems,true,true,,,success:view:EditBudgetItems,applications/accounting/webapp/accounting/WEB-INF/controller.xml,accounting,finance-product-team,provisional-repository-inferred
/accounting/control/BudgetRoles,/accounting,BudgetRoles,true,true,,,success:view:BudgetRoles,applications/accounting/webapp/accounting/WEB-INF/controller.xml,accounting,finance-product-team,provisional-repository-inferred
/accounting/control/BudgetReviews,/accounting,BudgetReviews,true,true,,,success:view:BudgetReviews,applications/accounting/webapp/accounting/WEB-INF/controller.xml,accounting,finance-product-team,provisional-repository-inferred
/accounting/control/createBudget,/accounting,createBudget,true,true,service,createBudget,success:view:EditBudget;error:view:EditBudget,applications/accounting/webapp/accounting/WEB-INF/controller.xml,accounting,finance-product-team,provisional-repository-inferred
/accounting/control/updateBudget,/accounting,updateBudget,true,true,service,updateBudget,success:view:EditBudget;error:view:EditBudget,applications/accounting/webapp/accounting/WEB-INF/controller.xml,accounting,finance-product-team,provisional-repository-inferred
/accounting/control/updateBudgetStatus,/accounting,updateBudgetStatus,true,true,service,updateBudgetStatus,success:view:BudgetOverview;error:view:BudgetOverview,applications/accounting/webapp/accounting/WEB-INF/controller.xml,accounting,finance-product-team,provisional-repository-inferred
/accounting/control/createBudgetItem,/accounting,createBudgetItem,true,true,service,createBudgetItem,success:view:EditBudgetItems;error:view:EditBudgetItems,applications/accounting/webapp/accounting/WEB-INF/controller.xml,accounting,finance-product-team,provisional-repository-inferred
/accounting/control/updateBudgetItem,/accounting,updateBudgetItem,true,true,service-multi,updateBudgetItem,success:request-redirect:EditBudgetItems;error:view:EditBudgetItems,applications/accounting/webapp/accounting/WEB-INF/controller.xml,accounting,finance-product-team,provisional-repository-inferred
/accounting/control/removeBudgetItem,/accounting,removeBudgetItem,true,true,service,removeBudgetItem,success:view:EditBudgetItems;error:view:EditBudgetItems,applications/accounting/webapp/accounting/WEB-INF/controller.xml,accounting,finance-product-team,provisional-repository-inferred
/accounting/control/createBudgetRole,/accounting,createBudgetRole,true,true,service,createBudgetRole,success:view:BudgetRoles;error:view:BudgetRoles,applications/accounting/webapp/accounting/WEB-INF/controller.xml,accounting,finance-product-team,provisional-repository-inferred
/accounting/control/removeBudgetRole,/accounting,removeBudgetRole,true,true,service,removeBudgetRole,success:view:BudgetRoles;error:view:BudgetRoles,applications/accounting/webapp/accounting/WEB-INF/controller.xml,accounting,finance-product-team,provisional-repository-inferred
/accounting/control/createBudgetReview,/accounting,createBudgetReview,true,true,service,createBudgetReview,success:view:BudgetReviews;error:view:BudgetReviews,applications/accounting/webapp/accounting/WEB-INF/controller.xml,accounting,finance-product-team,provisional-repository-inferred
/accounting/control/removeBudgetReview,/accounting,removeBudgetReview,true,true,service,removeBudgetReview,success:view:BudgetReviews;error:view:BudgetReviews,applications/accounting/webapp/accounting/WEB-INF/controller.xml,accounting,finance-product-team,provisional-repository-inferred
/accounting/control/FindAgreement,/accounting,FindAgreement,true,true,,,success:view:FindAgreement,applications/accounting/webapp/accounting/WEB-INF/controller.xml,accounting,finance-product-team,provisional-repository-inferred
/accounting/control/cancelAgreement,/accounting,cancelAgreement,true,true,service,expireAgreement,success:view:FindAgreement;error:view:FindAgreement,applications/accounting/webapp/accounting/WEB-INF/controller.xml,accounting,finance-product-team,provisional-repository-inferred
/accounting/control/EditAgreement,/accounting,EditAgreement,true,true,,,success:view:EditAgreement,applications/accounting/webapp/accounting/WEB-INF/controller.xml,accounting,finance-product-team,provisional-repository-inferred
/accounting/control/createAgreement,/accounting,createAgreement,true,true,service,createAgreement,success:view:EditAgreement;error:view:EditAgreement,applications/accounting/webapp/accounting/WEB-INF/controller.xml,accounting,finance-product-team,provisional-repository-inferred
/accounting/control/updateAgreement,/accounting,updateAgreement,true,true,service,updateAgreement,success:view:EditAgreement;error:view:EditAgreement,applications/accounting/webapp/accounting/WEB-INF/controller.xml,accounting,finance-product-team,provisional-repository-inferred
/accounting/control/copyAgreement,/accounting,copyAgreement,true,true,service,copyAgreement,success:view:EditAgreement;error:view:EditAgreement,applications/accounting/webapp/accounting/WEB-INF/controller.xml,accounting,finance-product-team,provisional-repository-inferred
/accounting/control/ListAgreementItems,/accounting,ListAgreementItems,true,true,,,success:view:ListAgreementItems,applications/accounting/webapp/accounting/WEB-INF/controller.xml,accounting,finance-product-team,provisional-repository-inferred
/accounting/control/removeAgreementItem,/accounting,removeAgreementItem,true,true,service,removeAgreementItem,success:view:ListAgreementItems;error:view:ListAgreementItems,applications/accounting/webapp/accounting/WEB-INF/controller.xml,accounting,finance-product-team,provisional-repository-inferred
/accounting/control/EditAgreementItem,/accounting,EditAgreementItem,true,true,,,success:view:EditAgreementItem,applications/accounting/webapp/accounting/WEB-INF/controller.xml,accounting,finance-product-team,provisional-repository-inferred
/accounting/control/createAgreementItem,/accounting,createAgreementItem,true,true,service,createAgreementItem,success:view:EditAgreementItem;error:view:EditAgreementItem,applications/accounting/webapp/accounting/WEB-INF/controller.xml,accounting,finance-product-team,provisional-repository-inferred
/accounting/control/updateAgreementItem,/accounting,updateAgreementItem,true,true,service,updateAgreementItem,success:view:EditAgreementItem;error:view:EditAgreementItem,applications/accounting/webapp/accounting/WEB-INF/controller.xml,accounting,finance-product-team,provisional-repository-inferred
/accounting/control/EditAgreementTerms,/accounting,EditAgreementTerms,true,true,,,success:view:EditAgreementTerms,applications/accounting/webapp/accounting/WEB-INF/controller.xml,accounting,finance-product-team,provisional-repository-inferred
/accounting/control/createAgreementTerm,/accounting,createAgreementTerm,true,true,service,createAgreementTerm,success:view:EditAgreementTerms;error:view:EditAgreementTerms,applications/accounting/webapp/accounting/WEB-INF/controller.xml,accounting,finance-product-team,provisional-repository-inferred
/accounting/control/updateAgreementTerm,/accounting,updateAgreementTerm,true,true,service,updateAgreementTerm,success:view:EditAgreementTerms;error:view:EditAgreementTerms,applications/accounting/webapp/accounting/WEB-INF/controller.xml,accounting,finance-product-team,provisional-repository-inferred
/accounting/control/deleteAgreementTerm,/accounting,deleteAgreementTerm,true,true,service,deleteAgreementTerm,success:view:EditAgreementTerms;error:view:EditAgreementTerms,applications/accounting/webapp/accounting/WEB-INF/controller.xml,accounting,finance-product-team,provisional-repository-inferred
/accounting/control/EditAgreementContents,/accounting,EditAgreementContents,true,true,,,success:view:EditAgreementContents,applications/accounting/webapp/accounting/WEB-INF/controller.xml,accounting,finance-product-team,provisional-repository-inferred
/accounting/control/uploadAgreementContent,/accounting,uploadAgreementContent,true,true,service,uploadAgreementContentFile,success:view:EditAgreementContents;error:view:EditAgreementContents,applications/accounting/webapp/accounting/WEB-INF/controller.xml,accounting,finance-product-team,provisional-repository-inferred
/accounting/control/removeAgreementContent,/accounting,removeAgreementContent,true,true,service,removeAgreementContent,success:view:EditAgreementContents;error:view:EditAgreementContents,applications/accounting/webapp/accounting/WEB-INF/controller.xml,accounting,finance-product-team,provisional-repository-inferred
/accounting/control/ListAgreementPromoAppls,/accounting,ListAgreementPromoAppls,true,true,,,success:view:ListAgreementPromoAppls,applications/accounting/webapp/accounting/WEB-INF/controller.xml,accounting,finance-product-team,provisional-repository-inferred
/accounting/control/removeAgreementPromoAppl,/accounting,removeAgreementPromoAppl,true,true,service,removeAgreementPromoAppl,success:view:ListAgreementPromoAppls;error:view:ListAgreementPromoAppls,applications/accounting/webapp/accounting/WEB-INF/controller.xml,accounting,finance-product-team,provisional-repository-inferred
/accounting/control/EditAgreementPromoAppl,/accounting,EditAgreementPromoAppl,true,true,,,success:view:EditAgreementPromoAppl,applications/accounting/webapp/accounting/WEB-INF/controller.xml,accounting,finance-product-team,provisional-repository-inferred
/accounting/control/createAgreementPromoAppl,/accounting,createAgreementPromoAppl,true,true,service,createAgreementPromoAppl,success:view:EditAgreementPromoAppl;error:view:EditAgreementPromoAppl,applications/accounting/webapp/accounting/WEB-INF/controller.xml,accounting,finance-product-team,provisional-repository-inferred
/accounting/control/updateAgreementPromoAppl,/accounting,updateAgreementPromoAppl,true,true,service,updateAgreementPromoAppl,success:view:EditAgreementPromoAppl;error:view:EditAgreementPromoAppl,applications/accounting/webapp/accounting/WEB-INF/controller.xml,accounting,finance-product-team,provisional-repository-inferred
/accounting/control/ListAgreementItemTerms,/accounting,ListAgreementItemTerms,true,true,,,success:view:ListAgreementItemTerms,applications/accounting/webapp/accounting/WEB-INF/controller.xml,accounting,finance-product-team,provisional-repository-inferred
/accounting/control/removeAgreementItemTerm,/accounting,removeAgreementItemTerm,true,true,service,deleteAgreementTerm,success:view:ListAgreementItemTerms;error:view:ListAgreementItemTerms,applications/accounting/webapp/accounting/WEB-INF/controller.xml,accounting,finance-product-team,provisional-repository-inferred
/accounting/control/EditAgreementItemTerm,/accounting,EditAgreementItemTerm,true,true,,,success:view:EditAgreementItemTerm,applications/accounting/webapp/accounting/WEB-INF/controller.xml,accounting,finance-product-team,provisional-repository-inferred
/accounting/control/createAgreementItemTerm,/accounting,createAgreementItemTerm,true,true,service,createAgreementTerm,success:view:EditAgreementItemTerm;error:view:EditAgreementItemTerm,applications/accounting/webapp/accounting/WEB-INF/controller.xml,accounting,finance-product-team,provisional-repository-inferred
/accounting/control/updateAgreementItemTerm,/accounting,updateAgreementItemTerm,true,true,service,updateAgreementTerm,success:view:EditAgreementItemTerm;error:view:EditAgreementItemTerm,applications/accounting/webapp/accounting/WEB-INF/controller.xml,accounting,finance-product-team,provisional-repository-inferred
/accounting/control/ListAgreementItemProducts,/accounting,ListAgreementItemProducts,true,true,,,success:view:ListAgreementItemProducts,applications/accounting/webapp/accounting/WEB-INF/controller.xml,accounting,finance-product-team,provisional-repository-inferred
/accounting/control/ListAgreementItemProductsReport,/accounting,ListAgreementItemProductsReport,true,true,,,success:view:ListAgreementItemProductsReport,applications/accounting/webapp/accounting/WEB-INF/controller.xml,accounting,finance-product-team,provisional-repository-inferred
/accounting/control/removeAgreementItemProduct,/accounting,removeAgreementItemProduct,true,true,service,removeAgreementProductAppl,success:view:ListAgreementItemProducts;error:view:ListAgreementItemProducts,applications/accounting/webapp/accounting/WEB-INF/controller.xml,accounting,finance-product-team,provisional-repository-inferred
/accounting/control/EditAgreementItemProduct,/accounting,EditAgreementItemProduct,true,true,,,success:view:EditAgreementItemProduct,applications/accounting/webapp/accounting/WEB-INF/controller.xml,accounting,finance-product-team,provisional-repository-inferred
/accounting/control/createAgreementItemProduct,/accounting,createAgreementItemProduct,true,true,service,createAgreementProductAppl,success:view:ListAgreementItemProducts;error:view:EditAgreementItemProduct,applications/accounting/webapp/accounting/WEB-INF/controller.xml,accounting,finance-product-team,provisional-repository-inferred
/accounting/control/updateAgreementItemProduct,/accounting,updateAgreementItemProduct,true,true,service,updateAgreementProductAppl,success:view:ListAgreementItemProducts;error:view:EditAgreementItemProduct,applications/accounting/webapp/accounting/WEB-INF/controller.xml,accounting,finance-product-team,provisional-repository-inferred
/accounting/control/ListAgreementItemFacilities,/accounting,ListAgreementItemFacilities,true,true,,,success:view:ListAgreementItemFacilities,applications/accounting/webapp/accounting/WEB-INF/controller.xml,accounting,finance-product-team,provisional-repository-inferred
/accounting/control/ListAgreementItemFacilitiesReport,/accounting,ListAgreementItemFacilitiesReport,true,true,,,success:view:ListAgreementItemFacilitiesReport,applications/accounting/webapp/accounting/WEB-INF/controller.xml,accounting,finance-product-team,provisional-repository-inferred
/accounting/control/removeAgreementItemFacility,/accounting,removeAgreementItemFacility,true,true,service,removeAgreementFacilityAppl,success:view:ListAgreementItemFacilities;error:view:ListAgreementItemFacilities,applications/accounting/webapp/accounting/WEB-INF/controller.xml,accounting,finance-product-team,provisional-repository-inferred
/accounting/control/EditAgreementItemFacility,/accounting,EditAgreementItemFacility,true,true,,,success:view:EditAgreementItemFacility,applications/accounting/webapp/accounting/WEB-INF/controller.xml,accounting,finance-product-team,provisional-repository-inferred
/accounting/control/createAgreementItemFacility,/accounting,createAgreementItemFacility,true,true,service,createAgreementFacilityAppl,success:view:ListAgreementItemFacilities;error:view:EditAgreementItemFacility,applications/accounting/webapp/accounting/WEB-INF/controller.xml,accounting,finance-product-team,provisional-repository-inferred
/accounting/control/updateAgreementItemFacility,/accounting,updateAgreementItemFacility,true,true,service,updateAgreementFacilityAppl,success:view:ListAgreementItemFacilities;error:view:EditAgreementItemFacility,applications/accounting/webapp/accounting/WEB-INF/controller.xml,accounting,finance-product-team,provisional-repository-inferred
/accounting/control/ListAgreementItemSupplierProducts,/accounting,ListAgreementItemSupplierProducts,true,true,,,success:view:ListAgreementItemSupplierProducts,applications/accounting/webapp/accounting/WEB-INF/controller.xml,accounting,finance-product-team,provisional-repository-inferred
/accounting/control/ListAgreementItemSupplierProductsReport,/accounting,ListAgreementItemSupplierProductsReport,true,true,,,success:view:ListAgreementItemSupplierProductsReport,applications/accounting/webapp/accounting/WEB-INF/controller.xml,accounting,finance-product-team,provisional-repository-inferred
/accounting/control/removeAgreementItemSupplierProduct,/accounting,removeAgreementItemSupplierProduct,true,true,service,removeSupplierProduct,success:view:ListAgreementItemSupplierProducts;error:view:ListAgreementItemSupplierProducts,applications/accounting/webapp/accounting/WEB-INF/controller.xml,accounting,finance-product-team,provisional-repository-inferred
/accounting/control/EditAgreementItemSupplierProduct,/accounting,EditAgreementItemSupplierProduct,true,true,,,success:view:EditAgreementItemSupplierProduct,applications/accounting/webapp/accounting/WEB-INF/controller.xml,accounting,finance-product-team,provisional-repository-inferred
/accounting/control/createAgreementItemSupplierProduct,/accounting,createAgreementItemSupplierProduct,true,true,service,createSupplierProduct,success:view:ListAgreementItemSupplierProducts;error:view:EditAgreementItemSupplierProduct,applications/accounting/webapp/accounting/WEB-INF/controller.xml,accounting,finance-product-team,provisional-repository-inferred
/accounting/control/updateAgreementItemSupplierProduct,/accounting,updateAgreementItemSupplierProduct,true,true,service,updateSupplierProduct,success:view:ListAgreementItemSupplierProducts;error:view:EditAgreementItemSupplierProduct,applications/accounting/webapp/accounting/WEB-INF/controller.xml,accounting,finance-product-team,provisional-repository-inferred
/accounting/control/ListAgreementItemParties,/accounting,ListAgreementItemParties,true,true,,,success:view:ListAgreementItemParties,applications/accounting/webapp/accounting/WEB-INF/controller.xml,accounting,finance-product-team,provisional-repository-inferred
/accounting/control/removeAgreementItemParty,/accounting,removeAgreementItemParty,true,true,service,removeAgreementPartyApplic,success:view:ListAgreementItemParties;error:view:ListAgreementItemParties,applications/accounting/webapp/accounting/WEB-INF/controller.xml,accounting,finance-product-team,provisional-repository-inferred
/accounting/control/EditAgreementItemParty,/accounting,EditAgreementItemParty,true,true,,,success:view:EditAgreementItemParty,applications/accounting/webapp/accounting/WEB-INF/controller.xml,accounting,finance-product-team,provisional-repository-inferred
/accounting/control/createAgreementItemParty,/accounting,createAgreementItemParty,true,true,service,createAgreementPartyApplic,success:view:EditAgreementItemParty;error:view:EditAgreementItemParty,applications/accounting/webapp/accounting/WEB-INF/controller.xml,accounting,finance-product-team,provisional-repository-inferred
/accounting/control/updateAgreementItemParty,/accounting,updateAgreementItemParty,true,true,service,updateAgreementPartyApplic,success:view:EditAgreementItemParty;error:view:EditAgreementItemParty,applications/accounting/webapp/accounting/WEB-INF/controller.xml,accounting,finance-product-team,provisional-repository-inferred
/accounting/control/ListAgreementGeographicalApplic,/accounting,ListAgreementGeographicalApplic,true,true,,,success:view:ListAgreementGeographicalApplic,applications/accounting/webapp/accounting/WEB-INF/controller.xml,accounting,finance-product-team,provisional-repository-inferred
/accounting/control/removeAgreementGeographicalApplic,/accounting,removeAgreementGeographicalApplic,true,true,service,removeAgreementGeographicalApplic,success:view:ListAgreementGeographicalApplic;error:view:ListAgreementGeographicalApplic,applications/accounting/webapp/accounting/WEB-INF/controller.xml,accounting,finance-product-team,provisional-repository-inferred
/accounting/control/EditAgreementGeographicalApplic,/accounting,EditAgreementGeographicalApplic,true,true,,,success:view:EditAgreementGeographicalApplic,applications/accounting/webapp/accounting/WEB-INF/controller.xml,accounting,finance-product-team,provisional-repository-inferred
/accounting/control/createAgreementGeographicalApplic,/accounting,createAgreementGeographicalApplic,true,true,service,createAgreementGeographicalApplic,success:view:ListAgreementGeographicalApplic;error:view:EditAgreementGeographicalApplic,applications/accounting/webapp/accounting/WEB-INF/controller.xml,accounting,finance-product-team,provisional-repository-inferred
/accounting/control/EditAgreementWorkEffortApplics,/accounting,EditAgreementWorkEffortApplics,true,true,,,success:view:EditAgreementWorkEffortApplics,applications/accounting/webapp/accounting/WEB-INF/controller.xml,accounting,finance-product-team,provisional-repository-inferred
/accounting/control/createAgreementWorkEffortApplic,/accounting,createAgreementWorkEffortApplic,true,true,service,createAgreementWorkEffortApplic,success:view:EditAgreementWorkEffortApplics;error:view:EditAgreementWorkEffortApplics,applications/accounting/webapp/accounting/WEB-INF/controller.xml,accounting,finance-product-team,provisional-repository-inferred
/accounting/control/deleteAgreementWorkEffortApplic,/accounting,deleteAgreementWorkEffortApplic,true,true,service,deleteAgreementWorkEffortApplic,success:view:EditAgreementWorkEffortApplics;error:view:EditAgreementWorkEffortApplics,applications/accounting/webapp/accounting/WEB-INF/controller.xml,accounting,finance-product-team,provisional-repository-inferred
/accounting/control/FindTaxAuthority,/accounting,FindTaxAuthority,true,true,,,success:view:FindTaxAuthority,applications/accounting/webapp/accounting/WEB-INF/controller.xml,accounting,finance-product-team,provisional-repository-inferred
/accounting/control/EditTaxAuthority,/accounting,EditTaxAuthority,true,true,,,success:view:EditTaxAuthority,applications/accounting/webapp/accounting/WEB-INF/controller.xml,accounting,finance-product-team,provisional-repository-inferred
/accounting/control/createTaxAuthority,/accounting,createTaxAuthority,true,true,service,createTaxAuthority,success:view:EditTaxAuthority;error:view:EditTaxAuthority,applications/accounting/webapp/accounting/WEB-INF/controller.xml,accounting,finance-product-team,provisional-repository-inferred
/accounting/control/updateTaxAuthority,/accounting,updateTaxAuthority,true,true,service,updateTaxAuthority,success:view:EditTaxAuthority;error:view:EditTaxAuthority,applications/accounting/webapp/accounting/WEB-INF/controller.xml,accounting,finance-product-team,provisional-repository-inferred
/accounting/control/EditTaxAuthorityCategories,/accounting,EditTaxAuthorityCategories,true,true,,,success:view:EditTaxAuthorityCategories,applications/accounting/webapp/accounting/WEB-INF/controller.xml,accounting,finance-product-team,provisional-repository-inferred
/accounting/control/createTaxAuthorityCategory,/accounting,createTaxAuthorityCategory,true,true,service,createTaxAuthorityCategory,success:view:EditTaxAuthorityCategories;error:view:EditTaxAuthorityCategories,applications/accounting/webapp/accounting/WEB-INF/controller.xml,accounting,finance-product-team,provisional-repository-inferred
/accounting/control/updateTaxAuthorityCategory,/accounting,updateTaxAuthorityCategory,true,true,service,updateTaxAuthorityCategory,success:view:EditTaxAuthorityCategories;error:view:EditTaxAuthorityCategories,applications/accounting/webapp/accounting/WEB-INF/controller.xml,accounting,finance-product-team,provisional-repository-inferred
/accounting/control/deleteTaxAuthorityCategory,/accounting,deleteTaxAuthorityCategory,true,true,service,deleteTaxAuthorityCategory,success:view:EditTaxAuthorityCategories;error:view:EditTaxAuthorityCategories,applications/accounting/webapp/accounting/WEB-INF/controller.xml,accounting,finance-product-team,provisional-repository-inferred
/accounting/control/EditTaxAuthorityAssocs,/accounting,EditTaxAuthorityAssocs,true,true,,,success:view:EditTaxAuthorityAssocs,applications/accounting/webapp/accounting/WEB-INF/controller.xml,accounting,finance-product-team,provisional-repository-inferred
/accounting/control/createTaxAuthorityAssoc,/accounting,createTaxAuthorityAssoc,true,true,service,createTaxAuthorityAssoc,success:view:EditTaxAuthorityAssocs;error:view:EditTaxAuthorityAssocs,applications/accounting/webapp/accounting/WEB-INF/controller.xml,accounting,finance-product-team,provisional-repository-inferred
/accounting/control/updateTaxAuthorityAssoc,/accounting,updateTaxAuthorityAssoc,true,true,service,updateTaxAuthorityAssoc,success:view:EditTaxAuthorityAssocs;error:view:EditTaxAuthorityAssocs,applications/accounting/webapp/accounting/WEB-INF/controller.xml,accounting,finance-product-team,provisional-repository-inferred
/accounting/control/deleteTaxAuthorityAssoc,/accounting,deleteTaxAuthorityAssoc,true,true,service,deleteTaxAuthorityAssoc,success:view:EditTaxAuthorityAssocs;error:view:EditTaxAuthorityAssocs,applications/accounting/webapp/accounting/WEB-INF/controller.xml,accounting,finance-product-team,provisional-repository-inferred
/accounting/control/EditTaxAuthorityGlAccounts,/accounting,EditTaxAuthorityGlAccounts,true,true,,,success:view:EditTaxAuthorityGlAccounts,applications/accounting/webapp/accounting/WEB-INF/controller.xml,accounting,finance-product-team,provisional-repository-inferred
/accounting/control/createTaxAuthorityGlAccount,/accounting,createTaxAuthorityGlAccount,true,true,service,createTaxAuthorityGlAccount,success:view:EditTaxAuthorityGlAccounts;error:view:EditTaxAuthorityGlAccounts,applications/accounting/webapp/accounting/WEB-INF/controller.xml,accounting,finance-product-team,provisional-repository-inferred
/accounting/control/deleteTaxAuthorityGlAccount,/accounting,deleteTaxAuthorityGlAccount,true,true,service,deleteTaxAuthorityGlAccount,success:view:EditTaxAuthorityGlAccounts;error:view:EditTaxAuthorityGlAccounts,applications/accounting/webapp/accounting/WEB-INF/controller.xml,accounting,finance-product-team,provisional-repository-inferred
/accounting/control/EditTaxAuthorityRateProducts,/accounting,EditTaxAuthorityRateProducts,true,true,,,success:view:EditTaxAuthorityRateProducts,applications/accounting/webapp/accounting/WEB-INF/controller.xml,accounting,finance-product-team,provisional-repository-inferred
/accounting/control/createTaxAuthorityRateProduct,/accounting,createTaxAuthorityRateProduct,true,true,service,createTaxAuthorityRateProduct,success:view:EditTaxAuthorityRateProducts;error:view:EditTaxAuthorityRateProducts,applications/accounting/webapp/accounting/WEB-INF/controller.xml,accounting,finance-product-team,provisional-repository-inferred
/accounting/control/updateTaxAuthorityRateProduct,/accounting,updateTaxAuthorityRateProduct,true,true,service,updateTaxAuthorityRateProduct,success:view:EditTaxAuthorityRateProducts;error:view:EditTaxAuthorityRateProducts,applications/accounting/webapp/accounting/WEB-INF/controller.xml,accounting,finance-product-team,provisional-repository-inferred
/accounting/control/deleteTaxAuthorityRateProduct,/accounting,deleteTaxAuthorityRateProduct,true,true,service,deleteTaxAuthorityRateProduct,success:view:EditTaxAuthorityRateProducts;error:view:EditTaxAuthorityRateProducts,applications/accounting/webapp/accounting/WEB-INF/controller.xml,accounting,finance-product-team,provisional-repository-inferred
/accounting/control/ListTaxAuthorityParties,/accounting,ListTaxAuthorityParties,true,true,,,success:view:ListTaxAuthorityParties,applications/accounting/webapp/accounting/WEB-INF/controller.xml,accounting,finance-product-team,provisional-repository-inferred
/accounting/control/deleteTaxAuthorityPartyInfo,/accounting,deleteTaxAuthorityPartyInfo,true,true,service,deletePartyTaxAuthInfo,success:view:ListTaxAuthorityParties;error:view:ListTaxAuthorityParties,applications/accounting/webapp/accounting/WEB-INF/controller.xml,accounting,finance-product-team,provisional-repository-inferred
/accounting/control/EditTaxAuthorityPartyInfo,/accounting,EditTaxAuthorityPartyInfo,true,true,,,success:view:EditTaxAuthorityPartyInfo,applications/accounting/webapp/accounting/WEB-INF/controller.xml,accounting,finance-product-team,provisional-repository-inferred
/accounting/control/createTaxAuthorityPartyInfo,/accounting,createTaxAuthorityPartyInfo,true,true,service,createPartyTaxAuthInfo,success:view:EditTaxAuthorityPartyInfo;error:view:EditTaxAuthorityPartyInfo,applications/accounting/webapp/accounting/WEB-INF/controller.xml,accounting,finance-product-team,provisional-repository-inferred
/accounting/control/updateTaxAuthorityPartyInfo,/accounting,updateTaxAuthorityPartyInfo,true,true,service,updatePartyTaxAuthInfo,success:view:EditTaxAuthorityPartyInfo;error:view:EditTaxAuthorityPartyInfo,applications/accounting/webapp/accounting/WEB-INF/controller.xml,accounting,finance-product-team,provisional-repository-inferred
/accounting/control/FindTaxAuthorityReport,/accounting,FindTaxAuthorityReport,true,true,,,success:view:FindTaxAuthorityReport;error:view:FindTaxAuthorityReport,applications/accounting/webapp/accounting/WEB-INF/controller.xml,accounting,finance-product-team,provisional-repository-inferred
/accounting/control/ListCompanies,/accounting,ListCompanies,true,true,,,success:view:ListCompanies,applications/accounting/webapp/accounting/WEB-INF/controller.xml,accounting,finance-product-team,provisional-repository-inferred
/accounting/control/AddCompany,/accounting,AddCompany,true,true,,,success:view:AddCompany,applications/accounting/webapp/accounting/WEB-INF/controller.xml,accounting,finance-product-team,provisional-repository-inferred
/accounting/control/AdminMain,/accounting,AdminMain,true,true,service,setAcctgCompany,success:view:PartyAcctgPreference,applications/accounting/webapp/accounting/WEB-INF/controller.xml,accounting,finance-product-team,provisional-repository-inferred
/accounting/control/TimePeriods,/accounting,TimePeriods,true,true,,,success:view:TimePeriods,applications/accounting/webapp/accounting/WEB-INF/controller.xml,accounting,finance-product-team,provisional-repository-inferred
/accounting/control/createCustomTimePeriod,/accounting,createCustomTimePeriod,true,true,service,createCustomTimePeriod,success:view:TimePeriods;error:view:TimePeriods,applications/accounting/webapp/accounting/WEB-INF/controller.xml,accounting,finance-product-team,provisional-repository-inferred
/accounting/control/closeFinancialTimePeriod,/accounting,closeFinancialTimePeriod,true,true,service,closeFinancialTimePeriod,success:view:TimePeriods;error:view:TimePeriods,applications/accounting/webapp/accounting/WEB-INF/controller.xml,accounting,finance-product-team,provisional-repository-inferred
/accounting/control/PartyAcctgPreference,/accounting,PartyAcctgPreference,true,true,service,setAcctgCompany,success:view:PartyAcctgPreference,applications/accounting/webapp/accounting/WEB-INF/controller.xml,accounting,finance-product-team,provisional-repository-inferred
/accounting/control/createPartyAcctgPreference,/accounting,createPartyAcctgPreference,true,true,service,createPartyAcctgPreference,success:view:PartyAcctgPreference;error:view:PartyAcctgPreference,applications/accounting/webapp/accounting/WEB-INF/controller.xml,accounting,finance-product-team,provisional-repository-inferred
/accounting/control/updatePartyAcctgPreference,/accounting,updatePartyAcctgPreference,true,true,service,updatePartyAcctgPreference,success:view:PartyAcctgPreference;error:view:PartyAcctgPreference,applications/accounting/webapp/accounting/WEB-INF/controller.xml,accounting,finance-product-team,provisional-repository-inferred
/accounting/control/ListPartyPrefDocTypeTpl,/accounting,ListPartyPrefDocTypeTpl,true,true,,,success:view:ListPartyPrefDocTypeTpl,applications/accounting/webapp/accounting/WEB-INF/controller.xml,accounting,finance-product-team,provisional-repository-inferred
/accounting/control/createPartyPrefDocTypeTpl,/accounting,createPartyPrefDocTypeTpl,true,true,service,createPartyPrefDocTypeTpl,success:view:ListPartyPrefDocTypeTpl;error:view:ListPartyPrefDocTypeTpl,applications/accounting/webapp/accounting/WEB-INF/controller.xml,accounting,finance-product-team,provisional-repository-inferred
/accounting/control/expirePartyPrefDocTypeTpl,/accounting,expirePartyPrefDocTypeTpl,true,true,service,expirePartyPrefDocTypeTpl,success:view:ListPartyPrefDocTypeTpl;error:view:ListPartyPrefDocTypeTpl,applications/accounting/webapp/accounting/WEB-INF/controller.xml,accounting,finance-product-team,provisional-repository-inferred
/accounting/control/GlAccountAssignment,/accounting,GlAccountAssignment,true,true,,,success:view:GlAccountTypeDefaults,applications/accounting/webapp/accounting/WEB-INF/controller.xml,accounting,finance-product-team,provisional-repository-inferred
/accounting/control/GlAccountTypeDefaults,/accounting,GlAccountTypeDefaults,true,true,,,success:view:GlAccountTypeDefaults,applications/accounting/webapp/accounting/WEB-INF/controller.xml,accounting,finance-product-team,provisional-repository-inferred
/accounting/control/GlAccountSalInvoice,/accounting,GlAccountSalInvoice,true,true,,,success:view:GlAccountSalInvoice,applications/accounting/webapp/accounting/WEB-INF/controller.xml,accounting,finance-product-team,provisional-repository-inferred
/accounting/control/GlAccountPurInvoice,/accounting,GlAccountPurInvoice,true,true,,,success:view:GlAccountPurInvoice,applications/accounting/webapp/accounting/WEB-INF/controller.xml,accounting,finance-product-team,provisional-repository-inferred
/accounting/control/GlAccountTypePaymentType,/accounting,GlAccountTypePaymentType,true,true,,,success:view:GlAccountTypePaymentType,applications/accounting/webapp/accounting/WEB-INF/controller.xml,accounting,finance-product-team,provisional-repository-inferred
/accounting/control/GlAccountNrPaymentMethod,/accounting,GlAccountNrPaymentMethod,true,true,,,success:view:GlAccountNrPaymentMethod,applications/accounting/webapp/accounting/WEB-INF/controller.xml,accounting,finance-product-team,provisional-repository-inferred
/accounting/control/createGlAccountTypeDefault,/accounting,createGlAccountTypeDefault,true,true,service,createGlAccountTypeDefault,success:view:GlAccountTypeDefaults;error:view:GlAccountTypeDefaults,applications/accounting/webapp/accounting/WEB-INF/controller.xml,accounting,finance-product-team,provisional-repository-inferred
/accounting/control/removeGlAccountTypeDefault,/accounting,removeGlAccountTypeDefault,true,true,service,removeGlAccountTypeDefault,success:view:GlAccountTypeDefaults;error:view:GlAccountTypeDefaults,applications/accounting/webapp/accounting/WEB-INF/controller.xml,accounting,finance-product-team,provisional-repository-inferred
/accounting/control/addSalInvoiceItemTypeGlAssignment,/accounting,addSalInvoiceItemTypeGlAssignment,true,true,service,addInvoiceItemTypeGlAssignment,success:view:GlAccountSalInvoice;error:view:GlAccountSalInvoice,applications/accounting/webapp/accounting/WEB-INF/controller.xml,accounting,finance-product-team,provisional-repository-inferred
/accounting/control/removeSalInvoiceItemTypeGlAssignment,/accounting,removeSalInvoiceItemTypeGlAssignment,true,true,service,removeInvoiceItemTypeGlAssignment,success:view:GlAccountSalInvoice;error:view:GlAccountSalInvoice,applications/accounting/webapp/accounting/WEB-INF/controller.xml,accounting,finance-product-team,provisional-repository-inferred
/accounting/control/addPurInvoiceItemTypeGlAssignment,/accounting,addPurInvoiceItemTypeGlAssignment,true,true,service,addInvoiceItemTypeGlAssignment,success:view:GlAccountPurInvoice;error:view:GlAccountPurInvoice,applications/accounting/webapp/accounting/WEB-INF/controller.xml,accounting,finance-product-team,provisional-repository-inferred
/accounting/control/removePurInvoiceItemTypeGlAssignment,/accounting,removePurInvoiceItemTypeGlAssignment,true,true,service,removeInvoiceItemTypeGlAssignment,success:view:GlAccountPurInvoice;error:view:GlAccountPurInvoice,applications/accounting/webapp/accounting/WEB-INF/controller.xml,accounting,finance-product-team,provisional-repository-inferred
/accounting/control/addPaymentTypeGlAssignment,/accounting,addPaymentTypeGlAssignment,true,true,service,addPaymentTypeGlAssignment,success:view:GlAccountTypePaymentType;error:view:GlAccountTypePaymentType,applications/accounting/webapp/accounting/WEB-INF/controller.xml,accounting,finance-product-team,provisional-repository-inferred
/accounting/control/removePaymentTypeGlAssignment,/accounting,removePaymentTypeGlAssignment,true,true,service,removePaymentTypeGlAssignment,success:view:GlAccountTypePaymentType;error:view:GlAccountTypePaymentType,applications/accounting/webapp/accounting/WEB-INF/controller.xml,accounting,finance-product-team,provisional-repository-inferred
/accounting/control/addPaymentMethodTypeGlAssignment,/accounting,addPaymentMethodTypeGlAssignment,true,true,service,addPaymentMethodTypeGlAssignment,success:view:GlAccountNrPaymentMethod;error:view:GlAccountNrPaymentMethod,applications/accounting/webapp/accounting/WEB-INF/controller.xml,accounting,finance-product-team,provisional-repository-inferred
/accounting/control/removePaymentMethodTypeGlAssignment,/accounting,removePaymentMethodTypeGlAssignment,true,true,service,removePaymentMethodTypeGlAssignment,success:view:GlAccountNrPaymentMethod;error:view:GlAccountNrPaymentMethod,applications/accounting/webapp/accounting/WEB-INF/controller.xml,accounting,finance-product-team,provisional-repository-inferred
/accounting/control/viewFXConversions,/accounting,viewFXConversions,true,true,,,success:view:ViewFXConversions,applications/accounting/webapp/accounting/WEB-INF/controller.xml,accounting,finance-product-team,provisional-repository-inferred
/accounting/control/updateFXConversion,/accounting,updateFXConversion,true,true,service,updateFXConversion,success:view:ViewFXConversions;error:view:ViewFXConversions,applications/accounting/webapp/accounting/WEB-INF/controller.xml,accounting,finance-product-team,provisional-repository-inferred
/accounting/control/viewRateAmounts,/accounting,viewRateAmounts,true,true,,,success:view:ViewRateAmounts,applications/accounting/webapp/accounting/WEB-INF/controller.xml,accounting,finance-product-team,provisional-repository-inferred
/accounting/control/updateRateAmount,/accounting,updateRateAmount,true,true,service,updateRateAmount,success:view:ViewRateAmounts;error:view:ViewRateAmounts,applications/accounting/webapp/accounting/WEB-INF/controller.xml,accounting,finance-product-team,provisional-repository-inferred
/accounting/control/expireRateAmount,/accounting,expireRateAmount,true,true,service,expireRateAmount,success:view:ViewRateAmounts;error:view:ViewRateAmounts,applications/accounting/webapp/accounting/WEB-INF/controller.xml,accounting,finance-product-team,provisional-repository-inferred
/accounting/control/editProductGlAccounts,/accounting,editProductGlAccounts,true,true,,,success:view:EditProductGlAccounts,applications/accounting/webapp/accounting/WEB-INF/controller.xml,accounting,finance-product-team,provisional-repository-inferred
/accounting/control/createProductGlAccount,/accounting,createProductGlAccount,true,true,service,createProductGlAccount,success:view:EditProductGlAccounts;error:view:EditProductGlAccounts,applications/accounting/webapp/accounting/WEB-INF/controller.xml,accounting,finance-product-team,provisional-repository-inferred
/accounting/control/updateProductGlAccount,/accounting,updateProductGlAccount,true,true,service,updateProductGlAccount,success:view:EditProductGlAccounts;error:view:EditProductGlAccounts,applications/accounting/webapp/accounting/WEB-INF/controller.xml,accounting,finance-product-team,provisional-repository-inferred
/accounting/control/deleteProductGlAccount,/accounting,deleteProductGlAccount,true,true,service,deleteProductGlAccount,success:view:EditProductGlAccounts;error:view:EditProductGlAccounts,applications/accounting/webapp/accounting/WEB-INF/controller.xml,accounting,finance-product-team,provisional-repository-inferred
/accounting/control/editProductCategoryGlAccounts,/accounting,editProductCategoryGlAccounts,true,true,,,success:view:EditProductCategoryGlAccounts,applications/accounting/webapp/accounting/WEB-INF/controller.xml,accounting,finance-product-team,provisional-repository-inferred
/accounting/control/createProductCategoryGlAccount,/accounting,createProductCategoryGlAccount,true,true,service,createProductCategoryGlAccount,success:view:EditProductCategoryGlAccounts;error:view:EditProductCategoryGlAccounts,applications/accounting/webapp/accounting/WEB-INF/controller.xml,accounting,finance-product-team,provisional-repository-inferred
/accounting/control/updateProductCategoryGlAccount,/accounting,updateProductCategoryGlAccount,true,true,service,updateProductCategoryGlAccount,success:view:EditProductCategoryGlAccounts;error:view:EditProductCategoryGlAccounts,applications/accounting/webapp/accounting/WEB-INF/controller.xml,accounting,finance-product-team,provisional-repository-inferred
/accounting/control/deleteProductCategoryGlAccount,/accounting,deleteProductCategoryGlAccount,true,true,service,deleteProductCategoryGlAccount,success:view:EditProductCategoryGlAccounts;error:view:EditProductCategoryGlAccounts,applications/accounting/webapp/accounting/WEB-INF/controller.xml,accounting,finance-product-team,provisional-repository-inferred
/accounting/control/editVarianceReasonGlAccounts,/accounting,editVarianceReasonGlAccounts,true,true,,,success:view:EditVarianceReasonGlAccounts,applications/accounting/webapp/accounting/WEB-INF/controller.xml,accounting,finance-product-team,provisional-repository-inferred
/accounting/control/createVarianceReasonGlAccount,/accounting,createVarianceReasonGlAccount,true,true,service,createVarianceReasonGlAccount,success:view:EditVarianceReasonGlAccounts;error:view:EditVarianceReasonGlAccounts,applications/accounting/webapp/accounting/WEB-INF/controller.xml,accounting,finance-product-team,provisional-repository-inferred
/accounting/control/updateVarianceReasonGlAccount,/accounting,updateVarianceReasonGlAccount,true,true,service,updateVarianceReasonGlAccount,success:view:EditVarianceReasonGlAccounts;error:view:EditVarianceReasonGlAccounts,applications/accounting/webapp/accounting/WEB-INF/controller.xml,accounting,finance-product-team,provisional-repository-inferred
/accounting/control/deleteVarianceReasonGlAccount,/accounting,deleteVarianceReasonGlAccount,true,true,service,deleteVarianceReasonGlAccount,success:view:EditVarianceReasonGlAccounts;error:view:EditVarianceReasonGlAccounts,applications/accounting/webapp/accounting/WEB-INF/controller.xml,accounting,finance-product-team,provisional-repository-inferred
/accounting/control/editOrganizationTaxAuthorityGlAccount,/accounting,editOrganizationTaxAuthorityGlAccount,true,true,,,success:view:EditOrganizationTaxAuthorityGlAccounts,applications/accounting/webapp/accounting/WEB-INF/controller.xml,accounting,finance-product-team,provisional-repository-inferred
/accounting/control/createOrganizationTaxAuthorityGlAccount,/accounting,createOrganizationTaxAuthorityGlAccount,true,true,service,createTaxAuthorityGlAccount,success:view:EditOrganizationTaxAuthorityGlAccounts;error:view:EditOrganizationTaxAuthorityGlAccounts,applications/accounting/webapp/accounting/WEB-INF/controller.xml,accounting,finance-product-team,provisional-repository-inferred
/accounting/control/updateOrganizationTaxAuthorityGlAccount,/accounting,updateOrganizationTaxAuthorityGlAccount,true,true,service,updateTaxAuthorityGlAccount,success:view:EditOrganizationTaxAuthorityGlAccounts;error:view:EditOrganizationTaxAuthorityGlAccounts,applications/accounting/webapp/accounting/WEB-INF/controller.xml,accounting,finance-product-team,provisional-repository-inferred
/accounting/control/deleteOrganizationTaxAuthorityGlAccount,/accounting,deleteOrganizationTaxAuthorityGlAccount,true,true,service,deleteTaxAuthorityGlAccount,success:view:EditOrganizationTaxAuthorityGlAccounts;error:view:EditOrganizationTaxAuthorityGlAccounts,applications/accounting/webapp/accounting/WEB-INF/controller.xml,accounting,finance-product-team,provisional-repository-inferred
/accounting/control/editCreditCardTypeGlAccounts,/accounting,editCreditCardTypeGlAccounts,true,true,,,success:view:EditCreditCardTypeGlAccounts,applications/accounting/webapp/accounting/WEB-INF/controller.xml,accounting,finance-product-team,provisional-repository-inferred
/accounting/control/createCreditCardTypeGlAccount,/accounting,createCreditCardTypeGlAccount,true,true,service,createCreditCardTypeGlAccount,success:view:EditCreditCardTypeGlAccounts;error:view:EditCreditCardTypeGlAccounts,applications/accounting/webapp/accounting/WEB-INF/controller.xml,accounting,finance-product-team,provisional-repository-inferred
/accounting/control/updateCreditCardTypeGlAccount,/accounting,updateCreditCardTypeGlAccount,true,true,service,updateCreditCardTypeGlAccount,success:view:EditCreditCardTypeGlAccounts;error:view:EditCreditCardTypeGlAccounts,applications/accounting/webapp/accounting/WEB-INF/controller.xml,accounting,finance-product-team,provisional-repository-inferred
/accounting/control/deleteCreditCardTypeGlAccount,/accounting,deleteCreditCardTypeGlAccount,true,true,service,deleteCreditCardTypeGlAccount,success:view:EditCreditCardTypeGlAccounts;error:view:EditCreditCardTypeGlAccounts,applications/accounting/webapp/accounting/WEB-INF/controller.xml,accounting,finance-product-team,provisional-repository-inferred
/accounting/control/findGlAccountReconciliation,/accounting,findGlAccountReconciliation,true,true,,,success:view:FindGlAccountReconciliation;error:view:FindGlAccountReconciliation,applications/accounting/webapp/accounting/WEB-INF/controller.xml,accounting,finance-product-team,provisional-repository-inferred
/accounting/control/EditGlReconciliation,/accounting,EditGlReconciliation,true,true,java,org.apache.ofbiz.accounting.GlEvents:createReconcileAccount,success:view:EditGlReconciliation;error:view:FindGlAccountReconciliation,applications/accounting/webapp/accounting/WEB-INF/controller.xml,accounting,finance-product-team,provisional-repository-inferred
/accounting/control/EditGlReconciliations,/accounting,EditGlReconciliations,true,true,,,success:view:EditGlReconciliation,applications/accounting/webapp/accounting/WEB-INF/controller.xml,accounting,finance-product-team,provisional-repository-inferred
/accounting/control/updateGlReconciliation,/accounting,updateGlReconciliation,true,true,service,updateGlReconciliation,success:view:EditGlReconciliation,applications/accounting/webapp/accounting/WEB-INF/controller.xml,accounting,finance-product-team,provisional-repository-inferred
/accounting/control/findGlAccountReconciliations,/accounting,findGlAccountReconciliations,true,true,,,success:view:FindGlAccountReconciliations;error:view:FindGlAccountReconciliations,applications/accounting/webapp/accounting/WEB-INF/controller.xml,accounting,finance-product-team,provisional-repository-inferred
/accounting/control/cancelReconciliation,/accounting,cancelReconciliation,true,true,service,cancelBankReconciliation,success:view:FindFinAccountReconciliations;error:view:FindFinAccountReconciliations,applications/accounting/webapp/accounting/WEB-INF/controller.xml,accounting,finance-product-team,provisional-repository-inferred
/accounting/control/listChecksToPrint,/accounting,listChecksToPrint,true,true,,,success:view:ListChecksToPrint,applications/accounting/webapp/accounting/WEB-INF/controller.xml,accounting,finance-product-team,provisional-repository-inferred
/accounting/control/listChecksToSend,/accounting,listChecksToSend,true,true,,,success:view:ListChecksToSend,applications/accounting/webapp/accounting/WEB-INF/controller.xml,accounting,finance-product-team,provisional-repository-inferred
/accounting/control/printChecks,/accounting,printChecks,true,true,,,success:view:PrintChecks,applications/accounting/webapp/accounting/WEB-INF/controller.xml,accounting,finance-product-team,provisional-repository-inferred
/accounting/control/quickSendPayment,/accounting,quickSendPayment,true,true,service-multi,quickSendPayment,success:view:ListChecksToSend;error:view:ListChecksToSend,applications/accounting/webapp/accounting/WEB-INF/controller.xml,accounting,finance-product-team,provisional-repository-inferred
/accounting/control/FindFinAccount,/accounting,FindFinAccount,true,true,,,success:view:FindFinAccount,applications/accounting/webapp/accounting/WEB-INF/controller.xml,accounting,finance-product-team,provisional-repository-inferred
/accounting/control/EditFinAccount,/accounting,EditFinAccount,true,true,,,success:view:EditFinAccount,applications/accounting/webapp/accounting/WEB-INF/controller.xml,accounting,finance-product-team,provisional-repository-inferred
/accounting/control/createFinAccount,/accounting,createFinAccount,true,true,service,createFinAccount,success:view:EditFinAccount;error:view:EditFinAccount,applications/accounting/webapp/accounting/WEB-INF/controller.xml,accounting,finance-product-team,provisional-repository-inferred
/accounting/control/updateFinAccount,/accounting,updateFinAccount,true,true,service,updateFinAccount,success:view:EditFinAccount;error:view:EditFinAccount,applications/accounting/webapp/accounting/WEB-INF/controller.xml,accounting,finance-product-team,provisional-repository-inferred
/accounting/control/deleteFinAccount,/accounting,deleteFinAccount,true,true,service,deleteFinAccount,success:view:FindFinAccount;error:view:FindFinAccount,applications/accounting/webapp/accounting/WEB-INF/controller.xml,accounting,finance-product-team,provisional-repository-inferred
/accounting/control/FinAccountMain,/accounting,FinAccountMain,true,true,,,success:view:FinAccountMain,applications/accounting/webapp/accounting/WEB-INF/controller.xml,accounting,finance-product-team,provisional-repository-inferred
/accounting/control/FindDepositSlips,/accounting,FindDepositSlips,true,true,,,success:view:FindDepositSlips,applications/accounting/webapp/accounting/WEB-INF/controller.xml,accounting,finance-product-team,provisional-repository-inferred
/accounting/control/updateDepositSlip,/accounting,updateDepositSlip,true,true,service,updatePaymentGroup,success:view:EditDepositSlipAndMembers;error:view:EditDepositSlipAndMembers,applications/accounting/webapp/accounting/WEB-INF/controller.xml,accounting,finance-product-team,provisional-repository-inferred
/accounting/control/addDepositSlipMember,/accounting,addDepositSlipMember,true,true,service,createPaymentGroupMember,success:view:EditDepositSlipAndMembers;error:view:EditDepositSlipAndMembers,applications/accounting/webapp/accounting/WEB-INF/controller.xml,accounting,finance-product-team,provisional-repository-inferred
/accounting/control/updateDepositSlipMember,/accounting,updateDepositSlipMember,true,true,service,updatePaymentGroupMember,success:view:EditDepositSlipAndMembers;error:view:EditDepositSlipAndMembers,applications/accounting/webapp/accounting/WEB-INF/controller.xml,accounting,finance-product-team,provisional-repository-inferred
/accounting/control/expireDepositSlipMember,/accounting,expireDepositSlipMember,true,true,service,expirePaymentGroupMember,success:view:EditDepositSlipAndMembers;error:view:EditDepositSlipAndMembers,applications/accounting/webapp/accounting/WEB-INF/controller.xml,accounting,finance-product-team,provisional-repository-inferred
/accounting/control/EditDepositSlipAndMembers,/accounting,EditDepositSlipAndMembers,true,true,,,success:view:EditDepositSlipAndMembers,applications/accounting/webapp/accounting/WEB-INF/controller.xml,accounting,finance-product-team,provisional-repository-inferred
/accounting/control/deleteDepositSlip,/accounting,deleteDepositSlip,true,true,service,cancelPaymentBatch,success:view:FindDepositSlips;error:view:FindDepositSlips,applications/accounting/webapp/accounting/WEB-INF/controller.xml,accounting,finance-product-team,provisional-repository-inferred
/accounting/control/NewDepositPayment,/accounting,NewDepositPayment,true,true,,,success:view:NewDepositPayment,applications/accounting/webapp/accounting/WEB-INF/controller.xml,accounting,finance-product-team,provisional-repository-inferred
/accounting/control/NewWithdrawalPayment,/accounting,NewWithdrawalPayment,true,true,,,success:view:NewWithdrawalPayment,applications/accounting/webapp/accounting/WEB-INF/controller.xml,accounting,finance-product-team,provisional-repository-inferred
/accounting/control/createDepositPayment,/accounting,createDepositPayment,true,true,service,createPaymentAndFinAccountTrans,success:view:PaymentsDepositWithdraw;error:view:NewDepositPayment,applications/accounting/webapp/accounting/WEB-INF/controller.xml,accounting,finance-product-team,provisional-repository-inferred
/accounting/control/createWithdrawalPayment,/accounting,createWithdrawalPayment,true,true,service,createPaymentAndFinAccountTrans,success:view:PaymentsDepositWithdraw;error:view:NewWithdrawalPayment,applications/accounting/webapp/accounting/WEB-INF/controller.xml,accounting,finance-product-team,provisional-repository-inferred
/accounting/control/EditFinAccountRoles,/accounting,EditFinAccountRoles,true,true,,,success:view:EditFinAccountRoles,applications/accounting/webapp/accounting/WEB-INF/controller.xml,accounting,finance-product-team,provisional-repository-inferred
/accounting/control/createFinAccountRole,/accounting,createFinAccountRole,true,true,service,createFinAccountRole,success:view:EditFinAccountRoles;error:view:EditFinAccountRoles,applications/accounting/webapp/accounting/WEB-INF/controller.xml,accounting,finance-product-team,provisional-repository-inferred
/accounting/control/updateFinAccountRole,/accounting,updateFinAccountRole,true,true,service,updateFinAccountRole,success:view:EditFinAccountRoles;error:view:EditFinAccountRoles,applications/accounting/webapp/accounting/WEB-INF/controller.xml,accounting,finance-product-team,provisional-repository-inferred
/accounting/control/deleteFinAccountRole,/accounting,deleteFinAccountRole,true,true,service,deleteFinAccountRole,success:view:EditFinAccountRoles;error:view:EditFinAccountRoles,applications/accounting/webapp/accounting/WEB-INF/controller.xml,accounting,finance-product-team,provisional-repository-inferred
/accounting/control/EditFinAccountTrans,/accounting,EditFinAccountTrans,true,true,,,success:view:EditFinAccountTrans;error:view:EditFinAccountTrans,applications/accounting/webapp/accounting/WEB-INF/controller.xml,accounting,finance-product-team,provisional-repository-inferred
/accounting/control/createFinAccountTrans,/accounting,createFinAccountTrans,true,true,service,createFinAccountTrans,success:view:FindFinAccountTrans;error:view:EditFinAccountTrans,applications/accounting/webapp/accounting/WEB-INF/controller.xml,accounting,finance-product-team,provisional-repository-inferred
/accounting/control/FindFinAccountTrans,/accounting,FindFinAccountTrans,true,true,,,success:view:FindFinAccountTrans,applications/accounting/webapp/accounting/WEB-INF/controller.xml,accounting,finance-product-team,provisional-repository-inferred
/accounting/control/setFinAccountTransStatus,/accounting,setFinAccountTransStatus,true,true,service,setFinAccountTransStatus,success:view:FindFinAccountTrans;error:view:FindFinAccountTrans,applications/accounting/webapp/accounting/WEB-INF/controller.xml,accounting,finance-product-team,provisional-repository-inferred
/accounting/control/BankReconciliation,/accounting,BankReconciliation,true,true,,,success:view:BankReconciliation,applications/accounting/webapp/accounting/WEB-INF/controller.xml,accounting,finance-product-team,provisional-repository-inferred
/accounting/control/getFinAccountTransRunningTotalAndBalances,/accounting,getFinAccountTransRunningTotalAndBalances,true,true,service-multi,getFinAccountTransRunningTotalAndBalances,success:request:json;error:request:json,applications/accounting/webapp/accounting/WEB-INF/controller.xml,accounting,finance-product-team,provisional-repository-inferred
/accounting/control/reconcileFinAccountTrans,/accounting,reconcileFinAccountTrans,true,true,service-multi,reconcileFinAccountTrans,success:view:BankReconciliation;error:view:BankReconciliation,applications/accounting/webapp/accounting/WEB-INF/controller.xml,accounting,finance-product-team,provisional-repository-inferred
/accounting/control/EditFinAccountReconciliations,/accounting,EditFinAccountReconciliations,true,true,,,success:view:EditFinAccountReconciliations,applications/accounting/webapp/accounting/WEB-INF/controller.xml,accounting,finance-product-team,provisional-repository-inferred
/accounting/control/FindFinAccountReconciliations,/accounting,FindFinAccountReconciliations,true,true,,,success:view:FindFinAccountReconciliations,applications/accounting/webapp/accounting/WEB-INF/controller.xml,accounting,finance-product-team,provisional-repository-inferred
/accounting/control/createGlReconciliation,/accounting,createGlReconciliation,true,true,service,createGlReconciliation,success:view:EditFinAccountReconciliations;error:view:EditFinAccountReconciliations,applications/accounting/webapp/accounting/WEB-INF/controller.xml,accounting,finance-product-team,provisional-repository-inferred
/accounting/control/updateFinAccountGlReconciliation,/accounting,updateFinAccountGlReconciliation,true,true,service,updateGlReconciliation,success:view:EditFinAccountReconciliations;error:view:EditFinAccountReconciliations,applications/accounting/webapp/accounting/WEB-INF/controller.xml,accounting,finance-product-team,provisional-repository-inferred
/accounting/control/ViewGlReconciliationWithTransaction,/accounting,ViewGlReconciliationWithTransaction,true,true,,,success:view:ViewGlReconciliationWithTransaction,applications/accounting/webapp/accounting/WEB-INF/controller.xml,accounting,finance-product-team,provisional-repository-inferred
/accounting/control/callReconcileFinAccountTrans,/accounting,callReconcileFinAccountTrans,true,true,service-multi,reconcileFinAccountTrans,success:view:ViewGlReconciliationWithTransaction;error:view:ViewGlReconciliationWithTransaction,applications/accounting/webapp/accounting/WEB-INF/controller.xml,accounting,finance-product-team,provisional-repository-inferred
/accounting/control/assignGlRecToFinAccTrans,/accounting,assignGlRecToFinAccTrans,true,true,service-multi,assignGlRecToFinAccTrans,success:view:FindFinAccountTrans;error:view:FindFinAccountTrans,applications/accounting/webapp/accounting/WEB-INF/controller.xml,accounting,finance-product-team,provisional-repository-inferred
/accounting/control/removeFinAccountTransFromReconciliation,/accounting,removeFinAccountTransFromReconciliation,true,true,service,removeFinAccountTransFromReconciliation,success:view:BankReconciliation;error:view:BankReconciliation,applications/accounting/webapp/accounting/WEB-INF/controller.xml,accounting,finance-product-team,provisional-repository-inferred
/accounting/control/reomveFinAccountTransAssociation,/accounting,reomveFinAccountTransAssociation,true,true,service,removeFinAccountTransFromReconciliation,success:view:ViewGlReconciliationWithTransaction;error:view:ViewGlReconciliationWithTransaction,applications/accounting/webapp/accounting/WEB-INF/controller.xml,accounting,finance-product-team,provisional-repository-inferred
/accounting/control/cancelBankReconciliation,/accounting,cancelBankReconciliation,true,true,service,cancelBankReconciliation,success:view:ViewGlReconciliationWithTransaction;error:view:ViewGlReconciliationWithTransaction,applications/accounting/webapp/accounting/WEB-INF/controller.xml,accounting,finance-product-team,provisional-repository-inferred
/accounting/control/EditFinAccountAuths,/accounting,EditFinAccountAuths,true,true,,,success:view:EditFinAccountAuths,applications/accounting/webapp/accounting/WEB-INF/controller.xml,accounting,finance-product-team,provisional-repository-inferred
/accounting/control/createFinAccountAuth,/accounting,createFinAccountAuth,true,true,service,createFinAccountAuth,success:view:EditFinAccountAuths;error:view:EditFinAccountAuths,applications/accounting/webapp/accounting/WEB-INF/controller.xml,accounting,finance-product-team,provisional-repository-inferred
/accounting/control/expireFinAccountAuth,/accounting,expireFinAccountAuth,true,true,service,expireFinAccountAuth,success:view:EditFinAccountAuths;error:view:EditFinAccountAuths,applications/accounting/webapp/accounting/WEB-INF/controller.xml,accounting,finance-product-team,provisional-repository-inferred
/accounting/control/editFinAccountTypeGlAccounts,/accounting,editFinAccountTypeGlAccounts,true,true,,,success:view:EditFinAccountTypeGlAccounts,applications/accounting/webapp/accounting/WEB-INF/controller.xml,accounting,finance-product-team,provisional-repository-inferred
/accounting/control/createFinAccountTypeGlAccount,/accounting,createFinAccountTypeGlAccount,true,true,service,createFinAccountTypeGlAccount,success:view:EditFinAccountTypeGlAccounts;error:view:EditFinAccountTypeGlAccounts,applications/accounting/webapp/accounting/WEB-INF/controller.xml,accounting,finance-product-team,provisional-repository-inferred
/accounting/control/updateFinAccountTypeGlAccount,/accounting,updateFinAccountTypeGlAccount,true,true,service,updateFinAccountTypeGlAccount,success:view:EditFinAccountTypeGlAccounts;error:view:EditFinAccountTypeGlAccounts,applications/accounting/webapp/accounting/WEB-INF/controller.xml,accounting,finance-product-team,provisional-repository-inferred
/accounting/control/deleteFinAccountTypeGlAccount,/accounting,deleteFinAccountTypeGlAccount,true,true,service,deleteFinAccountTypeGlAccount,success:view:EditFinAccountTypeGlAccounts;error:view:EditFinAccountTypeGlAccounts,applications/accounting/webapp/accounting/WEB-INF/controller.xml,accounting,finance-product-team,provisional-repository-inferred
/accounting/control/EditPartyFixedAssetAssignments,/accounting,EditPartyFixedAssetAssignments,true,true,,,success:view:EditPartyFixedAssetAssignments,applications/accounting/webapp/accounting/WEB-INF/controller.xml,accounting,finance-product-team,provisional-repository-inferred
/accounting/control/createPartyFixedAssetAssignment,/accounting,createPartyFixedAssetAssignment,true,true,service,createPartyFixedAssetAssignment,success:view:EditPartyFixedAssetAssignments;error:view:EditPartyFixedAssetAssignments,applications/accounting/webapp/accounting/WEB-INF/controller.xml,accounting,finance-product-team,provisional-repository-inferred
/accounting/control/deletePartyFixedAssetAssignment,/accounting,deletePartyFixedAssetAssignment,true,true,service,deletePartyFixedAssetAssignment,success:view:EditPartyFixedAssetAssignments;error:view:EditPartyFixedAssetAssignments,applications/accounting/webapp/accounting/WEB-INF/controller.xml,accounting,finance-product-team,provisional-repository-inferred
/accounting/control/updatePartyFixedAssetAssignment,/accounting,updatePartyFixedAssetAssignment,true,true,service,updatePartyFixedAssetAssignment,success:view:EditPartyFixedAssetAssignments;error:view:EditPartyFixedAssetAssignments,applications/accounting/webapp/accounting/WEB-INF/controller.xml,accounting,finance-product-team,provisional-repository-inferred
/accounting/control/EditCostCalcs,/accounting,EditCostCalcs,true,true,,,success:view:EditCostCalcs,applications/accounting/webapp/accounting/WEB-INF/controller.xml,accounting,finance-product-team,provisional-repository-inferred
/accounting/control/createCostComponentCalc,/accounting,createCostComponentCalc,true,true,service,createCostComponentCalc,success:view:EditCostCalcs;error:view:EditCostCalcs,applications/accounting/webapp/accounting/WEB-INF/controller.xml,accounting,finance-product-team,provisional-repository-inferred
/accounting/control/updateCostComponentCalc,/accounting,updateCostComponentCalc,true,true,service,updateCostComponentCalc,success:view:EditCostCalcs;error:view:EditCostCalcs,applications/accounting/webapp/accounting/WEB-INF/controller.xml,accounting,finance-product-team,provisional-repository-inferred
/accounting/control/deleteCostComponentCalc,/accounting,deleteCostComponentCalc,true,true,service,removeCostComponentCalc,success:view:EditCostCalcs;error:view:EditCostCalcs,applications/accounting/webapp/accounting/WEB-INF/controller.xml,accounting,finance-product-team,provisional-repository-inferred
/accounting/control/editPaymentMethodType,/accounting,editPaymentMethodType,true,true,,,success:view:EditPaymentMethodType,applications/accounting/webapp/accounting/WEB-INF/controller.xml,accounting,finance-product-team,provisional-repository-inferred
/accounting/control/updatePaymentMethodType,/accounting,updatePaymentMethodType,true,true,service,updatePaymentMethodType,success:view:EditPaymentMethodType;error:view:EditPaymentMethodType,applications/accounting/webapp/accounting/WEB-INF/controller.xml,accounting,finance-product-team,provisional-repository-inferred
/accounting/control/EditAgreementRoles,/accounting,EditAgreementRoles,true,true,,,success:view:EditAgreementRoles,applications/accounting/webapp/accounting/WEB-INF/controller.xml,accounting,finance-product-team,provisional-repository-inferred
/accounting/control/createAgreementRole,/accounting,createAgreementRole,true,true,service,createAgreementRole,success:view:EditAgreementRoles;error:view:EditAgreementRoles,applications/accounting/webapp/accounting/WEB-INF/controller.xml,accounting,finance-product-team,provisional-repository-inferred
/accounting/control/updateAgreementRole,/accounting,updateAgreementRole,true,true,service,updateAgreementRole,success:view:EditAgreementRoles;error:view:EditAgreementRoles,applications/accounting/webapp/accounting/WEB-INF/controller.xml,accounting,finance-product-team,provisional-repository-inferred
/accounting/control/deleteAgreementRole,/accounting,deleteAgreementRole,true,true,service,deleteAgreementRole,success:view:EditAgreementRoles;error:view:EditAgreementRoles,applications/accounting/webapp/accounting/WEB-INF/controller.xml,accounting,finance-product-team,provisional-repository-inferred
/accounting/control/voidPayment,/accounting,voidPayment,true,true,service,voidPayment,success:view:paymentOverview;error:view:paymentOverview,applications/accounting/webapp/accounting/WEB-INF/controller.xml,accounting,finance-product-team,provisional-repository-inferred
/accounting/control/LookupProduct,/accounting,LookupProduct,true,true,,,success:view:LookupProduct,applications/accounting/webapp/accounting/WEB-INF/controller.xml,accounting,finance-product-team,provisional-repository-inferred
/accounting/control/LookupProductFeature,/accounting,LookupProductFeature,true,true,,,success:view:LookupProductFeature,applications/accounting/webapp/accounting/WEB-INF/controller.xml,accounting,finance-product-team,provisional-repository-inferred
/accounting/control/LookupVariantProduct,/accounting,LookupVariantProduct,true,true,,,success:view:LookupVariantProduct,applications/accounting/webapp/accounting/WEB-INF/controller.xml,accounting,finance-product-team,provisional-repository-inferred
/accounting/control/LookupProductCategory,/accounting,LookupProductCategory,true,true,,,success:view:LookupProductCategory,applications/accounting/webapp/accounting/WEB-INF/controller.xml,accounting,finance-product-team,provisional-repository-inferred
/accounting/control/LookupProductStore,/accounting,LookupProductStore,true,true,,,success:view:LookupProductStore,applications/accounting/webapp/accounting/WEB-INF/controller.xml,accounting,finance-product-team,provisional-repository-inferred
/accounting/control/LookupPerson,/accounting,LookupPerson,true,true,,,success:view:LookupPerson,applications/accounting/webapp/accounting/WEB-INF/controller.xml,accounting,finance-product-team,provisional-repository-inferred
/accounting/control/LookupPartyGroup,/accounting,LookupPartyGroup,true,true,,,success:view:LookupPartyGroup,applications/accounting/webapp/accounting/WEB-INF/controller.xml,accounting,finance-product-team,provisional-repository-inferred
/accounting/control/LookupPartyName,/accounting,LookupPartyName,true,true,,,success:view:LookupPartyName,applications/accounting/webapp/accounting/WEB-INF/controller.xml,accounting,finance-product-team,provisional-repository-inferred
/accounting/control/LookupInternalOrganization,/accounting,LookupInternalOrganization,true,true,,,success:view:LookupInternalOrganization,applications/accounting/webapp/accounting/WEB-INF/controller.xml,accounting,finance-product-team,provisional-repository-inferred
/accounting/control/LookupGovernmentAgency,/accounting,LookupGovernmentAgency,true,true,,,success:view:LookupGovernmentAgency,applications/accounting/webapp/accounting/WEB-INF/controller.xml,accounting,finance-product-team,provisional-repository-inferred
/accounting/control/LookupPayment,/accounting,LookupPayment,true,true,,,success:view:LookupPayment,applications/accounting/webapp/accounting/WEB-INF/controller.xml,accounting,finance-product-team,provisional-repository-inferred
/accounting/control/LookupInvoice,/accounting,LookupInvoice,true,true,,,success:view:LookupInvoice,applications/accounting/webapp/accounting/WEB-INF/controller.xml,accounting,finance-product-team,provisional-repository-inferred
/accounting/control/LookupFixedAsset,/accounting,LookupFixedAsset,true,true,,,success:view:LookupFixedAsset,applications/accounting/webapp/accounting/WEB-INF/controller.xml,accounting,finance-product-team,provisional-repository-inferred
/accounting/control/LookupGlAccount,/accounting,LookupGlAccount,true,true,,,success:view:LookupGlAccount,applications/accounting/webapp/accounting/WEB-INF/controller.xml,accounting,finance-product-team,provisional-repository-inferred
/accounting/control/LookupBillingAccount,/accounting,LookupBillingAccount,true,true,,,success:view:LookupBillingAccount,applications/accounting/webapp/accounting/WEB-INF/controller.xml,accounting,finance-product-team,provisional-repository-inferred
/accounting/control/LookupFacility,/accounting,LookupFacility,true,true,,,success:view:LookupFacility,applications/accounting/webapp/accounting/WEB-INF/controller.xml,accounting,finance-product-team,provisional-repository-inferred
/accounting/control/LookupFacilityLocation,/accounting,LookupFacilityLocation,true,true,,,success:view:LookupFacilityLocation,applications/accounting/webapp/accounting/WEB-INF/controller.xml,accounting,finance-product-team,provisional-repository-inferred
/accounting/control/LookupShipment,/accounting,LookupShipment,true,true,,,success:view:LookupShipment,applications/accounting/webapp/accounting/WEB-INF/controller.xml,accounting,finance-product-team,provisional-repository-inferred
/accounting/control/LookupAgreement,/accounting,LookupAgreement,true,true,,,success:view:LookupAgreement,applications/accounting/webapp/accounting/WEB-INF/controller.xml,accounting,finance-product-team,provisional-repository-inferred
/accounting/control/LookupAgreementItem,/accounting,LookupAgreementItem,true,true,,,success:view:LookupAgreementItem,applications/accounting/webapp/accounting/WEB-INF/controller.xml,accounting,finance-product-team,provisional-repository-inferred
/accounting/control/LookupPaymentGroupMember,/accounting,LookupPaymentGroupMember,true,true,,,success:view:LookupPaymentGroupMember,applications/accounting/webapp/accounting/WEB-INF/controller.xml,accounting,finance-product-team,provisional-repository-inferred
/accounting/control/LookupGlReconciliation,/accounting,LookupGlReconciliation,true,true,,,success:view:LookupGlReconciliation,applications/accounting/webapp/accounting/WEB-INF/controller.xml,accounting,finance-product-team,provisional-repository-inferred
/accounting/control/LookupCustomTimePeriod,/accounting,LookupCustomTimePeriod,true,true,,,success:view:LookupCustomTimePeriod,applications/accounting/webapp/accounting/WEB-INF/controller.xml,accounting,finance-product-team,provisional-repository-inferred
/accounting/control/viewprofile,/accounting,viewprofile,true,true,,,success:view:viewprofile,applications/accounting/webapp/accounting/WEB-INF/controller.xml,accounting,finance-product-team,provisional-repository-inferred
/accounting/control/invoice.pdf,/accounting,invoice.pdf,true,true,,,success:view:InvoicePDF,applications/accounting/webapp/accounting/WEB-INF/controller.xml,accounting,finance-product-team,provisional-repository-inferred
/accounting/control/printCheck.pdf,/accounting,printCheck.pdf,,,,,success:view:PrintCheckPDF,applications/accounting/webapp/accounting/WEB-INF/controller.xml,accounting,finance-product-team,provisional-repository-inferred
/accounting/control/PrintInvoices,/accounting,PrintInvoices,true,true,,,success:view:PrintInvoices,applications/accounting/webapp/accounting/WEB-INF/controller.xml,accounting,finance-product-team,provisional-repository-inferred
/accounting/control/globalGLSettings,/accounting,globalGLSettings,true,true,,,success:view:FindGlobalGlAccount,applications/accounting/webapp/accounting/WEB-INF/controller.xml,accounting,finance-product-team,provisional-repository-inferred
/accounting/control/FinancialSummaryReportOptions,/accounting,FinancialSummaryReportOptions,true,true,,,success:view:FinancialSummaryReportOptions,applications/accounting/webapp/accounting/WEB-INF/controller.xml,accounting,finance-product-team,provisional-repository-inferred
/accounting/control/SalesInvoiceByProductCategorySummary,/accounting,SalesInvoiceByProductCategorySummary,true,true,,,success:view:SalesInvoiceByProductCategorySummary,applications/accounting/webapp/accounting/WEB-INF/controller.xml,accounting,finance-product-team,provisional-repository-inferred
/accounting/control/TrialBalance,/accounting,TrialBalance,true,true,,,success:view:TrialBalance,applications/accounting/webapp/accounting/WEB-INF/controller.xml,accounting,finance-product-team,provisional-repository-inferred
/accounting/control/IncomeStatement,/accounting,IncomeStatement,true,true,,,success:view:IncomeStatement,applications/accounting/webapp/accounting/WEB-INF/controller.xml,accounting,finance-product-team,provisional-repository-inferred
/accounting/control/ComparativeIncomeStatement,/accounting,ComparativeIncomeStatement,true,true,,,success:view:ComparativeIncomeStatement;error:view:ComparativeIncomeStatement,applications/accounting/webapp/accounting/WEB-INF/controller.xml,accounting,finance-product-team,provisional-repository-inferred
/accounting/control/BalanceSheet,/accounting,BalanceSheet,true,true,,,success:view:BalanceSheet,applications/accounting/webapp/accounting/WEB-INF/controller.xml,accounting,finance-product-team,provisional-repository-inferred
/accounting/control/BalanceSheet.pdf,/accounting,BalanceSheet.pdf,true,true,,,success:view:BalanceSheetPdf,applications/accounting/webapp/accounting/WEB-INF/controller.xml,accounting,finance-product-team,provisional-repository-inferred
/accounting/control/ComparativeBalanceSheet,/accounting,ComparativeBalanceSheet,true,true,,,success:view:ComparativeBalanceSheet,applications/accounting/webapp/accounting/WEB-INF/controller.xml,accounting,finance-product-team,provisional-repository-inferred
/accounting/control/ComparativeBalanceSheet.pdf,/accounting,ComparativeBalanceSheet.pdf,true,true,,,success:view:ComparativeBalanceSheetPdf,applications/accounting/webapp/accounting/WEB-INF/controller.xml,accounting,finance-product-team,provisional-repository-inferred
/accounting/control/ComparativeBalanceSheet.csv,/accounting,ComparativeBalanceSheet.csv,true,true,,,success:view:ComparativeBalanceSheetCsv,applications/accounting/webapp/accounting/WEB-INF/controller.xml,accounting,finance-product-team,provisional-repository-inferred
/accounting/control/TransactionTotals,/accounting,TransactionTotals,true,true,,,success:view:TransactionTotals,applications/accounting/webapp/accounting/WEB-INF/controller.xml,accounting,finance-product-team,provisional-repository-inferred
/accounting/control/FindPaymentsForDepositOrWithdraw,/accounting,FindPaymentsForDepositOrWithdraw,true,true,,,success:view:PaymentsDepositWithdraw;error:view:PaymentsDepositWithdraw,applications/accounting/webapp/accounting/WEB-INF/controller.xml,accounting,finance-product-team,provisional-repository-inferred
/accounting/control/getPaymentRunningTotal,/accounting,getPaymentRunningTotal,,,service,getPaymentRunningTotal,success:request:json;error:request:json,applications/accounting/webapp/accounting/WEB-INF/controller.xml,accounting,finance-product-team,provisional-repository-inferred
/accounting/control/LookupCustomerName,/accounting,LookupCustomerName,true,true,,,success:view:LookupCustomerName,applications/accounting/webapp/accounting/WEB-INF/controller.xml,accounting,finance-product-team,provisional-repository-inferred
/accounting/control/LookupSupplier,/accounting,LookupSupplier,true,true,,,success:view:LookupSupplier,applications/accounting/webapp/accounting/WEB-INF/controller.xml,accounting,finance-product-team,provisional-repository-inferred
/accounting/control/LookupTaxAuthority,/accounting,LookupTaxAuthority,true,true,,,success:view:LookupTaxAuthority,applications/accounting/webapp/accounting/WEB-INF/controller.xml,accounting,finance-product-team,provisional-repository-inferred
/accounting/control/depositWithdrawPayments,/accounting,depositWithdrawPayments,true,true,service,depositWithdrawPayments,success:view:PaymentsDepositWithdraw;error:view:PaymentsDepositWithdraw,applications/accounting/webapp/accounting/WEB-INF/controller.xml,accounting,finance-product-team,provisional-repository-inferred
/accounting/control/NewDepositSlip,/accounting,NewDepositSlip,true,true,,,success:view:NewDepositSlip,applications/accounting/webapp/accounting/WEB-INF/controller.xml,accounting,finance-product-team,provisional-repository-inferred
/accounting/control/createPaymentBatch,/accounting,createPaymentBatch,true,true,service,checkAndCreateBatchForValidPayments,success:view:EditDepositSlipAndMembers;error:view:NewDepositSlip,applications/accounting/webapp/accounting/WEB-INF/controller.xml,accounting,finance-product-team,provisional-repository-inferred
/accounting/control/InventoryValuation,/accounting,InventoryValuation,true,true,,,success:view:InventoryValuation,applications/accounting/webapp/accounting/WEB-INF/controller.xml,accounting,finance-product-team,provisional-repository-inferred
/accounting/control/InventoryValuation.pdf,/accounting,InventoryValuation.pdf,true,true,,,success:view:InventoryValuationPdf;error:view:InventoryValuation,applications/accounting/webapp/accounting/WEB-INF/controller.xml,accounting,finance-product-team,provisional-repository-inferred
/accounting/control/InventoryValuation.csv,/accounting,InventoryValuation.csv,true,true,,,success:view:InventoryValuationCsv;error:view:InventoryValuation,applications/accounting/webapp/accounting/WEB-INF/controller.xml,accounting,finance-product-team,provisional-repository-inferred
/accounting/control/CashFlowStatement,/accounting,CashFlowStatement,true,true,,,success:view:CashFlowStatement,applications/accounting/webapp/accounting/WEB-INF/controller.xml,accounting,finance-product-team,provisional-repository-inferred
/accounting/control/CashFlowStatementListPdf.pdf,/accounting,CashFlowStatementListPdf.pdf,true,true,,,success:view:CashFlowStatementListPdf,applications/accounting/webapp/accounting/WEB-INF/controller.xml,accounting,finance-product-team,provisional-repository-inferred
/accounting/control/CashFlowStatementListCsv.csv,/accounting,CashFlowStatementListCsv.csv,true,true,,,success:view:CashFlowStatementListCsv,applications/accounting/webapp/accounting/WEB-INF/controller.xml,accounting,finance-product-team,provisional-repository-inferred
/accounting/control/ComparativeCashFlowStatement,/accounting,ComparativeCashFlowStatement,true,true,,,success:view:ComparativeCashFlowStatement;error:view:ComparativeCashFlowStatement,applications/accounting/webapp/accounting/WEB-INF/controller.xml,accounting,finance-product-team,provisional-repository-inferred
/accounting/control/ComparativeCashFlowStatement.csv,/accounting,ComparativeCashFlowStatement.csv,true,true,,,success:view:ComparativeCashFlowStatementCsv;error:view:ComparativeCashFlowStatement,applications/accounting/webapp/accounting/WEB-INF/controller.xml,accounting,finance-product-team,provisional-repository-inferred
/accounting/control/ComparativeCashFlowStatement.pdf,/accounting,ComparativeCashFlowStatement.pdf,true,true,,,success:view:ComparativeCashFlowStatementPdf;error:view:ComparativeCashFlowStatement,applications/accounting/webapp/accounting/WEB-INF/controller.xml,accounting,finance-product-team,provisional-repository-inferred
/accounting/control/showFixedAssetDepreciation,/accounting,showFixedAssetDepreciation,true,true,,,success:view:ShowFixedAssetDepreciation;error:view:ShowFixedAssetDepreciation,applications/accounting/webapp/accounting/WEB-INF/controller.xml,accounting,finance-product-team,provisional-repository-inferred
/accounting/control/createFixedAssetDepMethod,/accounting,createFixedAssetDepMethod,true,true,service,createFixedAssetDepMethod,success:view:ShowFixedAssetDepreciation;error:view:ShowFixedAssetDepreciation,applications/accounting/webapp/accounting/WEB-INF/controller.xml,accounting,finance-product-team,provisional-repository-inferred
/accounting/control/deleteFixedAssetDepMethod,/accounting,deleteFixedAssetDepMethod,true,true,service,deleteFixedAssetDepMethod,success:view:ShowFixedAssetDepreciation;error:view:ShowFixedAssetDepreciation,applications/accounting/webapp/accounting/WEB-INF/controller.xml,accounting,finance-product-team,provisional-repository-inferred
/accounting/control/updateFixedAssetDepMethod,/accounting,updateFixedAssetDepMethod,true,true,service,updateFixedAssetDepMethod,success:view:ShowFixedAssetDepreciation;error:view:ShowFixedAssetDepreciation,applications/accounting/webapp/accounting/WEB-INF/controller.xml,accounting,finance-product-team,provisional-repository-inferred
/accounting/control/createFixedAssetTypeGlAccountForFixedAsset,/accounting,createFixedAssetTypeGlAccountForFixedAsset,true,true,service,createFixedAssetTypeGlAccount,success:view:ShowFixedAssetDepreciation;error:view:ShowFixedAssetDepreciation,applications/accounting/webapp/accounting/WEB-INF/controller.xml,accounting,finance-product-team,provisional-repository-inferred
/accounting/control/deleteFixedAssetTypeGlAccountForFixedAsset,/accounting,deleteFixedAssetTypeGlAccountForFixedAsset,true,true,service,deleteFixedAssetTypeGlAccount,success:view:ShowFixedAssetDepreciation;error:view:ShowFixedAssetDepreciation,applications/accounting/webapp/accounting/WEB-INF/controller.xml,accounting,finance-product-team,provisional-repository-inferred
/accounting/control/FixedAssetTypeGlAccounts,/accounting,FixedAssetTypeGlAccounts,true,true,,,success:view:FixedAssetTypeGlAccounts;error:view:FixedAssetTypeGlAccounts,applications/accounting/webapp/accounting/WEB-INF/controller.xml,accounting,finance-product-team,provisional-repository-inferred
/accounting/control/createFixedAssetTypeGlAccount,/accounting,createFixedAssetTypeGlAccount,true,true,service,createFixedAssetTypeGlAccount,success:view:FixedAssetTypeGlAccounts;error:view:FixedAssetTypeGlAccounts,applications/accounting/webapp/accounting/WEB-INF/controller.xml,accounting,finance-product-team,provisional-repository-inferred
/accounting/control/deleteFixedAssetTypeGlAccount,/accounting,deleteFixedAssetTypeGlAccount,true,true,service,deleteFixedAssetTypeGlAccount,success:view:FixedAssetTypeGlAccounts;error:view:FixedAssetTypeGlAccounts,applications/accounting/webapp/accounting/WEB-INF/controller.xml,accounting,finance-product-team,provisional-repository-inferred
/accounting/control/FixedAssetGeoLocation,/accounting,FixedAssetGeoLocation,true,true,,,success:view:FixedAssetGeoLocation;error:view:EditFixedAsset,applications/accounting/webapp/accounting/WEB-INF/controller.xml,accounting,finance-product-team,provisional-repository-inferred
/accounting/control/AcctgTransEntriesSearchResultsCsv.csv,/accounting,AcctgTransEntriesSearchResultsCsv.csv,true,true,,,success:view:AcctgTransEntriesSearchResultsCsv,applications/accounting/webapp/accounting/WEB-INF/controller.xml,accounting,finance-product-team,provisional-repository-inferred
/accounting/control/AcctgTransEntriesSearchResultsPdf.pdf,/accounting,AcctgTransEntriesSearchResultsPdf.pdf,true,true,,,success:view:AcctgTransEntriesSearchResultsPdf,applications/accounting/webapp/accounting/WEB-INF/controller.xml,accounting,finance-product-team,provisional-repository-inferred
/accounting/control/AcctgTransSearchResultsCsv.csv,/accounting,AcctgTransSearchResultsCsv.csv,true,true,,,success:view:AcctgTransSearchResultsCsv,applications/accounting/webapp/accounting/WEB-INF/controller.xml,accounting,finance-product-team,provisional-repository-inferred
/accounting/control/AcctgTransSearchResultPdf.pdf,/accounting,AcctgTransSearchResultPdf.pdf,true,true,,,success:view:AcctgTransSearchResultPdf,applications/accounting/webapp/accounting/WEB-INF/controller.xml,accounting,finance-product-team,provisional-repository-inferred
/accounting/control/TransactionTotalsPdf.pdf,/accounting,TransactionTotalsPdf.pdf,true,true,,,success:view:TransactionTotalsPdf,applications/accounting/webapp/accounting/WEB-INF/controller.xml,accounting,finance-product-team,provisional-repository-inferred
/accounting/control/TransactionTotalsCsv.csv,/accounting,TransactionTotalsCsv.csv,true,true,,,success:view:TransactionTotalsCsv,applications/accounting/webapp/accounting/WEB-INF/controller.xml,accounting,finance-product-team,provisional-repository-inferred
/accounting/control/IncomeStatementListPdf.pdf,/accounting,IncomeStatementListPdf.pdf,true,true,,,success:view:IncomeStatementListPdf,applications/accounting/webapp/accounting/WEB-INF/controller.xml,accounting,finance-product-team,provisional-repository-inferred
/accounting/control/IncomeStatementListCsv.csv,/accounting,IncomeStatementListCsv.csv,true,true,,,success:view:IncomeStatementListCsv,applications/accounting/webapp/accounting/WEB-INF/controller.xml,accounting,finance-product-team,provisional-repository-inferred
/accounting/control/BalanceSheet.csv,/accounting,BalanceSheet.csv,true,true,,,success:view:BalanceSheetCsv,applications/accounting/webapp/accounting/WEB-INF/controller.xml,accounting,finance-product-team,provisional-repository-inferred
/accounting/control/TrialBalanceSearchResultsPdf.pdf,/accounting,TrialBalanceSearchResultsPdf.pdf,true,true,,,success:view:TrialBalanceSearchResultsPdf,applications/accounting/webapp/accounting/WEB-INF/controller.xml,accounting,finance-product-team,provisional-repository-inferred
/accounting/control/TrialBalanceSearchResultsCsv.csv,/accounting,TrialBalanceSearchResultsCsv.csv,true,true,,,success:view:TrialBalanceSearchResultsCsv,applications/accounting/webapp/accounting/WEB-INF/controller.xml,accounting,finance-product-team,provisional-repository-inferred
/accounting/control/ComparativeIncomeStatements.csv,/accounting,ComparativeIncomeStatements.csv,true,true,,,success:view:ComparativeIncomeStatementsCsv;error:view:ComparativeIncomeStatement,applications/accounting/webapp/accounting/WEB-INF/controller.xml,accounting,finance-product-team,provisional-repository-inferred
/accounting/control/ComparativeIncomeStatements.pdf,/accounting,ComparativeIncomeStatements.pdf,true,true,,,success:view:ComparativeIncomeStatementsPdf;error:view:ComparativeIncomeStatement,applications/accounting/webapp/accounting/WEB-INF/controller.xml,accounting,finance-product-team,provisional-repository-inferred
/accounting/control/acctgTransDetailReportPdf.pdf,/accounting,acctgTransDetailReportPdf.pdf,true,true,,,success:view:AcctgTransDetailReportPdf,applications/accounting/webapp/accounting/WEB-INF/controller.xml,accounting,finance-product-team,provisional-repository-inferred
/accounting/control/GlAccountTrialBalance,/accounting,GlAccountTrialBalance,true,true,,,success:view:GlAccountTrialBalance,applications/accounting/webapp/accounting/WEB-INF/controller.xml,accounting,finance-product-team,provisional-repository-inferred
/accounting/control/GlAccountTrialBalanceReportPdf.pdf,/accounting,GlAccountTrialBalanceReportPdf.pdf,true,true,,,success:view:GlAccountTrialBalanceReportPdf,applications/accounting/webapp/accounting/WEB-INF/controller.xml,accounting,finance-product-team,provisional-repository-inferred
/accounting/control/CommissionRun,/accounting,CommissionRun,true,true,,,success:view:CommissionRun,applications/accounting/webapp/accounting/WEB-INF/controller.xml,accounting,finance-product-team,provisional-repository-inferred
/accounting/control/processCommissionRun,/accounting,processCommissionRun,true,true,service,createCommissionInvoices,success:view:CommissionRun,applications/accounting/webapp/accounting/WEB-INF/controller.xml,accounting,finance-product-team,provisional-repository-inferred
/accounting/control/addtax,/accounting,addtax,true,true,service,addTaxOnInvoice,success:view:ViewInvoice;error:view:ViewInvoice,applications/accounting/webapp/accounting/WEB-INF/controller.xml,accounting,finance-product-team,provisional-repository-inferred
/accounting/control/FindGlAccountCategory,/accounting,FindGlAccountCategory,true,true,,,success:view:FindGlAccountCategory,applications/accounting/webapp/accounting/WEB-INF/controller.xml,accounting,finance-product-team,provisional-repository-inferred
/accounting/control/EditGlAccountCategory,/accounting,EditGlAccountCategory,true,true,,,success:view:EditGlAccountCategory,applications/accounting/webapp/accounting/WEB-INF/controller.xml,accounting,finance-product-team,provisional-repository-inferred
/accounting/control/createGlAccountCategory,/accounting,createGlAccountCategory,true,true,service,createGlAccountCategory,success:view:EditGlAccountCategory,applications/accounting/webapp/accounting/WEB-INF/controller.xml,accounting,finance-product-team,provisional-repository-inferred
/accounting/control/updateGlAccountCategory,/accounting,updateGlAccountCategory,true,true,service,updateGlAccountCategory,success:view:EditGlAccountCategory,applications/accounting/webapp/accounting/WEB-INF/controller.xml,accounting,finance-product-team,provisional-repository-inferred
/accounting/control/EditGlAccountCategoryMember,/accounting,EditGlAccountCategoryMember,true,true,,,success:view:EditGlAccountCategoryMember,applications/accounting/webapp/accounting/WEB-INF/controller.xml,accounting,finance-product-team,provisional-repository-inferred
/accounting/control/updateGlAccountCategoryMember,/accounting,updateGlAccountCategoryMember,true,true,service,updateGlAccountCategoryMember,success:request-redirect:EditGlAccountCategoryMember,applications/accounting/webapp/accounting/WEB-INF/controller.xml,accounting,finance-product-team,provisional-repository-inferred
/accounting/control/createGlAccountCategoryMember,/accounting,createGlAccountCategoryMember,true,true,service,createGlAccountCategoryMember,success:request-redirect:EditGlAccountCategoryMember,applications/accounting/webapp/accounting/WEB-INF/controller.xml,accounting,finance-product-team,provisional-repository-inferred
/accounting/control/deleteGlAccountCategoryMember,/accounting,deleteGlAccountCategoryMember,true,true,service,deleteGlAccountCategoryMember,success:view:EditGlAccountCategoryMember,applications/accounting/webapp/accounting/WEB-INF/controller.xml,accounting,finance-product-team,provisional-repository-inferred
/accounting/control/CostCenters,/accounting,CostCenters,true,true,,,success:view:CostCenters,applications/accounting/webapp/accounting/WEB-INF/controller.xml,accounting,finance-product-team,provisional-repository-inferred
/accounting/control/createUpdateCostCenter,/accounting,createUpdateCostCenter,true,true,service-multi,createUpdateCostCenter,success:view:CostCenters;error:view:CostCenters,applications/accounting/webapp/accounting/WEB-INF/controller.xml,accounting,finance-product-team,provisional-repository-inferred
/accounting/control/GlAccountBalanceByCostCenter,/accounting,GlAccountBalanceByCostCenter,true,true,,,success:view:GlAccountBalanceByCostCenter,applications/accounting/webapp/accounting/WEB-INF/controller.xml,accounting,finance-product-team,provisional-repository-inferred
/accounting/control/GlAccountBalanceByCostCenter.pdf,/accounting,GlAccountBalanceByCostCenter.pdf,true,true,,,success:view:GlAccountBalanceByCostCenterPdf,applications/accounting/webapp/accounting/WEB-INF/controller.xml,accounting,finance-product-team,provisional-repository-inferred
/accounting/control/createWorkEffortAndPartyAssign,/accounting,createWorkEffortAndPartyAssign,true,true,service,createWorkEffortAndPartyAssign,success:view-last:;error:view-last:,applications/accounting/webapp/accounting/WEB-INF/controller.xml,accounting,finance-product-team,provisional-repository-inferred
/accounting/control/updateWorkEffort,/accounting,updateWorkEffort,true,true,service,updateWorkEffort,success:view-last:;error:view-last:,applications/accounting/webapp/accounting/WEB-INF/controller.xml,accounting,finance-product-team,provisional-repository-inferred
/ap/control/main,/ap,main,true,true,,,success:view:main,applications/accounting/webapp/ap/WEB-INF/controller.xml,accounting,finance-product-team,provisional-repository-inferred
/ap/control/listReports,/ap,listReports,true,true,,,success:view:ListReports,applications/accounting/webapp/ap/WEB-INF/controller.xml,accounting,finance-product-team,provisional-repository-inferred
/ap/control/FindPurchaseInvoices,/ap,FindPurchaseInvoices,true,true,,,success:view:FindPurchaseInvoices,applications/accounting/webapp/ap/WEB-INF/controller.xml,accounting,finance-product-team,provisional-repository-inferred
/ap/control/FindApInvoices,/ap,FindApInvoices,true,true,,,success:view:FindApInvoices,applications/accounting/webapp/ap/WEB-INF/controller.xml,accounting,finance-product-team,provisional-repository-inferred
/ap/control/NewPurchaseInvoice,/ap,NewPurchaseInvoice,true,true,,,success:view:NewPurchaseInvoice,applications/accounting/webapp/ap/WEB-INF/controller.xml,accounting,finance-product-team,provisional-repository-inferred
/ap/control/processMassCheckRun,/ap,processMassCheckRun,true,true,service,createPaymentAndPaymentGroupForInvoices,success:request:PaymentGroupOverview;error:view:FindPurchaseInvoices,applications/accounting/webapp/ap/WEB-INF/controller.xml,accounting,finance-product-team,provisional-repository-inferred
/ap/control/findInvoices,/ap,findInvoices,true,true,,,success:view:FindApInvoices,applications/accounting/webapp/ap/WEB-INF/controller.xml,accounting,finance-product-team,provisional-repository-inferred
/ap/control/createInvoice,/ap,createInvoice,true,true,service,createInvoice,success:request:editInvoice;error:view:NewPurchaseInvoice,applications/accounting/webapp/ap/WEB-INF/controller.xml,accounting,finance-product-team,provisional-repository-inferred
/ap/control/findPayments,/ap,findPayments,true,true,,,success:view:FindApPayments,applications/accounting/webapp/ap/WEB-INF/controller.xml,accounting,finance-product-team,provisional-repository-inferred
/ap/control/FindApPayments,/ap,FindApPayments,true,true,,,success:view:FindApPayments,applications/accounting/webapp/ap/WEB-INF/controller.xml,accounting,finance-product-team,provisional-repository-inferred
/ap/control/newPayment,/ap,newPayment,true,true,,,success:view:NewOutgoingPayment,applications/accounting/webapp/ap/WEB-INF/controller.xml,accounting,finance-product-team,provisional-repository-inferred
/ap/control/createPayment,/ap,createPayment,true,true,service,createPaymentAndFinAccountTrans,success:view:editPayment;error:view:NewOutgoingPayment,applications/accounting/webapp/ap/WEB-INF/controller.xml,accounting,finance-product-team,provisional-repository-inferred
/ap/control/FindCommissions,/ap,FindCommissions,true,true,,,success:view:CommissionReport,applications/accounting/webapp/ap/WEB-INF/controller.xml,accounting,finance-product-team,provisional-repository-inferred
/ap/control/newInvoice,/ap,newInvoice,true,true,,,success:view:NewPurchaseInvoice,applications/accounting/webapp/ap/WEB-INF/controller.xml,accounting,finance-product-team,provisional-repository-inferred
/ap/control/FindApPaymentGroups,/ap,FindApPaymentGroups,true,true,,,success:view:FindApPaymentGroups,applications/accounting/webapp/ap/WEB-INF/controller.xml,accounting,finance-product-team,provisional-repository-inferred
/ap/control/massChangeInvoiceStatus,/ap,massChangeInvoiceStatus,true,true,service,massChangeInvoiceStatus,success:view:FindPurchaseInvoices,applications/accounting/webapp/ap/WEB-INF/controller.xml,accounting,finance-product-team,provisional-repository-inferred
/ap/control/cancelCheckRunPayments,/ap,cancelCheckRunPayments,true,true,service,cancelCheckRunPayments,success:view:PaymentGroupOverview;error:view:FindApPaymentGroups,applications/accounting/webapp/ap/WEB-INF/controller.xml,accounting,finance-product-team,provisional-repository-inferred
/ap/control/findVendors,/ap,findVendors,true,true,,,success:view:FindVendors,applications/accounting/webapp/ap/WEB-INF/controller.xml,accounting,finance-product-team,provisional-repository-inferred
/ap/control/editVendor,/ap,editVendor,true,true,,,success:view:EditVendor,applications/accounting/webapp/ap/WEB-INF/controller.xml,accounting,finance-product-team,provisional-repository-inferred
/ap/control/createVendor,/ap,createVendor,true,true,service,createVendor,success:view:FindVendors;error:view:FindVendors,applications/accounting/webapp/ap/WEB-INF/controller.xml,accounting,finance-product-team,provisional-repository-inferred
/ap/control/updateVendor,/ap,updateVendor,true,true,service,updateVendor,success:view:FindVendors;error:view:FindVendors,applications/accounting/webapp/ap/WEB-INF/controller.xml,accounting,finance-product-team,provisional-repository-inferred
/ap/control/CommissionReport.pdf,/ap,CommissionReport.pdf,true,true,,,success:view:CommissionReportPdf,applications/accounting/webapp/ap/WEB-INF/controller.xml,accounting,finance-product-team,provisional-repository-inferred
/ar/control/main,/ar,main,true,true,,,success:view:main,applications/accounting/webapp/ar/WEB-INF/controller.xml,accounting,finance-product-team,provisional-repository-inferred
/ar/control/ListReports,/ar,ListReports,true,true,,,success:view:ListReports,applications/accounting/webapp/ar/WEB-INF/controller.xml,accounting,finance-product-team,provisional-repository-inferred
/ar/control/findPayments,/ar,findPayments,true,true,,,success:view:FindPayments,applications/accounting/webapp/ar/WEB-INF/controller.xml,accounting,finance-product-team,provisional-repository-inferred
/ar/control/batchPayments,/ar,batchPayments,true,true,,,success:view:BatchPayments,applications/accounting/webapp/ar/WEB-INF/controller.xml,accounting,finance-product-team,provisional-repository-inferred
/ar/control/createPaymentBatch,/ar,createPaymentBatch,true,true,service,depositWithdrawPayments,success:view:PaymentGroupOverview;error:view:BatchPayments,applications/accounting/webapp/ar/WEB-INF/controller.xml,accounting,finance-product-team,provisional-repository-inferred
/ar/control/newPayment,/ar,newPayment,true,true,,,success:view:NewIncomingPayment,applications/accounting/webapp/ar/WEB-INF/controller.xml,accounting,finance-product-team,provisional-repository-inferred
/ar/control/createPayment,/ar,createPayment,true,true,service,createPaymentAndFinAccountTrans,success:view:editPayment;error:view:NewIncomingPayment,applications/accounting/webapp/ar/WEB-INF/controller.xml,accounting,finance-product-team,provisional-repository-inferred
/ar/control/findInvoices,/ar,findInvoices,true,true,,,success:view:FindArInvoices,applications/accounting/webapp/ar/WEB-INF/controller.xml,accounting,finance-product-team,provisional-repository-inferred
/ar/control/newInvoice,/ar,newInvoice,true,true,,,success:view:NewSalesInvoice,applications/accounting/webapp/ar/WEB-INF/controller.xml,accounting,finance-product-team,provisional-repository-inferred
/ar/control/createInvoice,/ar,createInvoice,true,true,service,createInvoice,success:request:editInvoice;error:view:NewSalesInvoice,applications/accounting/webapp/ar/WEB-INF/controller.xml,accounting,finance-product-team,provisional-repository-inferred
/ar/control/FindArInvoices,/ar,FindArInvoices,true,true,,,success:view:FindArInvoices,applications/accounting/webapp/ar/WEB-INF/controller.xml,accounting,finance-product-team,provisional-repository-inferred
/ar/control/NewSalesInvoice,/ar,NewSalesInvoice,true,true,,,success:view:NewSalesInvoice,applications/accounting/webapp/ar/WEB-INF/controller.xml,accounting,finance-product-team,provisional-repository-inferred
/ar/control/FindArPaymentGroups,/ar,FindArPaymentGroups,true,true,,,success:view:FindArPaymentGroups,applications/accounting/webapp/ar/WEB-INF/controller.xml,accounting,finance-product-team,provisional-repository-inferred
/ar/control/massChangePaymentStatus,/ar,massChangePaymentStatus,true,true,service,massChangePaymentStatus,success:view:BatchPayments;error:view:BatchPayments,applications/accounting/webapp/ar/WEB-INF/controller.xml,accounting,finance-product-team,provisional-repository-inferred
/ar/control/massChangeInvoiceStatus,/ar,massChangeInvoiceStatus,true,true,service,massChangeInvoiceStatus,success:view:FindArInvoices;error:view:FindArInvoices,applications/accounting/webapp/ar/WEB-INF/controller.xml,accounting,finance-product-team,provisional-repository-inferred
/ar/control/cancelPaymentGroup,/ar,cancelPaymentGroup,true,true,service,cancelPaymentBatch,success:view:PaymentGroupOverview;error:view:FindArPaymentGroups,applications/accounting/webapp/ar/WEB-INF/controller.xml,accounting,finance-product-team,provisional-repository-inferred
deleteSystemInfoNote,,deleteSystemInfoNote,true,true,service,deleteSystemInfoNote,success:view-last:,applications/commonext/webapp/WEB-INF/controller.xml,experience-platform,experience-platform-team,provisional-repository-inferred
deleteAllSystemNotes,,deleteAllSystemNotes,true,true,service,deleteAllSystemNotes,success:view-last:,applications/commonext/webapp/WEB-INF/controller.xml,experience-platform,experience-platform-team,provisional-repository-inferred
createSystemInfoNote,,createSystemInfoNote,true,true,service,createSystemInfoNote,success:view-last:,applications/commonext/webapp/WEB-INF/controller.xml,experience-platform,experience-platform-team,provisional-repository-inferred
stream,,stream,true,true,java,org.apache.ofbiz.content.data.DataEvents:serveObjectData,success:none:;error:view:error;io-error:none:,applications/commonext/webapp/WEB-INF/controller.xml,experience-platform,experience-platform-team,provisional-repository-inferred
/ofbizsetup/control/main,/ofbizsetup,main,true,true,,,success:view:initialsetup,applications/commonext/webapp/ofbizsetup/WEB-INF/controller.xml,experience-platform,experience-platform-team,provisional-repository-inferred
/ofbizsetup/control/initialsetup,/ofbizsetup,initialsetup,true,true,,,success:view:initialsetup,applications/commonext/webapp/ofbizsetup/WEB-INF/controller.xml,experience-platform,experience-platform-team,provisional-repository-inferred
/ofbizsetup/control/showMessage,/ofbizsetup,showMessage,true,true,,,success:view:showMessage,applications/commonext/webapp/ofbizsetup/WEB-INF/controller.xml,experience-platform,experience-platform-team,provisional-repository-inferred
/ofbizsetup/control/updatePartyGroup,/ofbizsetup,updatePartyGroup,true,true,service,updatePartyGroup,success:request:initialsetup;error:view:EditPartyGroup,applications/commonext/webapp/ofbizsetup/WEB-INF/controller.xml,experience-platform,experience-platform-team,provisional-repository-inferred
/ofbizsetup/control/EntityExportAll,/ofbizsetup,EntityExportAll,true,true,,,success:view:EntityExportAll;error:view:EntityExportAll,applications/commonext/webapp/ofbizsetup/WEB-INF/controller.xml,experience-platform,experience-platform-team,provisional-repository-inferred
/ofbizsetup/control/entityExportAll,/ofbizsetup,entityExportAll,true,true,service,entityExportAll,success:view:EntityExportAll;error:view:EntityExportAll,applications/commonext/webapp/ofbizsetup/WEB-INF/controller.xml,experience-platform,experience-platform-team,provisional-repository-inferred
/ofbizsetup/control/FindProductStore,/ofbizsetup,FindProductStore,true,true,,,success:view:FindProductStore,applications/commonext/webapp/ofbizsetup/WEB-INF/controller.xml,experience-platform,experience-platform-team,provisional-repository-inferred
/ofbizsetup/control/EditProductStore,/ofbizsetup,EditProductStore,true,true,,,success:view:EditProductStore,applications/commonext/webapp/ofbizsetup/WEB-INF/controller.xml,experience-platform,experience-platform-team,provisional-repository-inferred
/ofbizsetup/control/createProductStore,/ofbizsetup,createProductStore,true,true,simple,component://commonext/minilang/setup/SetupEvents.xml:createProductStoreWithDefaultSetting,success:view:EditProductStore;error:view:EditProductStore,applications/commonext/webapp/ofbizsetup/WEB-INF/controller.xml,experience-platform,experience-platform-team,provisional-repository-inferred
/ofbizsetup/control/updateProductStore,/ofbizsetup,updateProductStore,true,true,service,updateProductStore,success:view:EditProductStore;error:view:EditProductStore,applications/commonext/webapp/ofbizsetup/WEB-INF/controller.xml,experience-platform,experience-platform-team,provisional-repository-inferred
/ofbizsetup/control/createOrganization,/ofbizsetup,createOrganization,true,true,simple,component://commonext/minilang/setup/SetupEvents.xml:createOrganization,success:view:initialsetup;error:view:initialsetup,applications/commonext/webapp/ofbizsetup/WEB-INF/controller.xml,experience-platform,experience-platform-team,provisional-repository-inferred
/ofbizsetup/control/OrganizationToComplete,/ofbizsetup,OrganizationToComplete,true,true,simple,component://commonext/minilang/setup/SetupEvents.xml:setupDefaultGeneralLedger,success:url:/catalog;error:view:initialsetup,applications/commonext/webapp/ofbizsetup/WEB-INF/controller.xml,experience-platform,experience-platform-team,provisional-repository-inferred
/ofbizsetup/control/ViewFacility,/ofbizsetup,ViewFacility,true,true,,,success:view:ViewFacility,applications/commonext/webapp/ofbizsetup/WEB-INF/controller.xml,experience-platform,experience-platform-team,provisional-repository-inferred
/ofbizsetup/control/EditFacility,/ofbizsetup,EditFacility,true,true,,,success:view:EditFacility,applications/commonext/webapp/ofbizsetup/WEB-INF/controller.xml,experience-platform,experience-platform-team,provisional-repository-inferred
/ofbizsetup/control/CreateFacility,/ofbizsetup,CreateFacility,true,true,simple,component://commonext/minilang/setup/SetupEvents.xml:createFacilityAndContactMech,success:view:EditFacility;error:view:EditFacility,applications/commonext/webapp/ofbizsetup/WEB-INF/controller.xml,experience-platform,experience-platform-team,provisional-repository-inferred
/ofbizsetup/control/UpdateFacility,/ofbizsetup,UpdateFacility,true,true,service,updateFacility,success:view:EditFacility;error:view:EditFacility,applications/commonext/webapp/ofbizsetup/WEB-INF/controller.xml,experience-platform,experience-platform-team,provisional-repository-inferred
/ofbizsetup/control/FindWebSite,/ofbizsetup,FindWebSite,true,true,,,success:view:FindWebSite,applications/commonext/webapp/ofbizsetup/WEB-INF/controller.xml,experience-platform,experience-platform-team,provisional-repository-inferred
/ofbizsetup/control/EditWebSite,/ofbizsetup,EditWebSite,true,true,,,success:view:EditWebSite,applications/commonext/webapp/ofbizsetup/WEB-INF/controller.xml,experience-platform,experience-platform-team,provisional-repository-inferred
/ofbizsetup/control/createWebSite,/ofbizsetup,createWebSite,true,true,simple,component://commonext/minilang/setup/SetupEvents.xml:createDefaultWebSite,success:view:EditWebSite;error:view:EditWebSite,applications/commonext/webapp/ofbizsetup/WEB-INF/controller.xml,experience-platform,experience-platform-team,provisional-repository-inferred
/ofbizsetup/control/updateWebSite,/ofbizsetup,updateWebSite,true,true,service,updateWebSite,success:view:EditWebSite;error:view:EditWebSite,applications/commonext/webapp/ofbizsetup/WEB-INF/controller.xml,experience-platform,experience-platform-team,provisional-repository-inferred
/ofbizsetup/control/firstproduct,/ofbizsetup,firstproduct,true,true,,,success:view:firstproduct,applications/commonext/webapp/ofbizsetup/WEB-INF/controller.xml,experience-platform,experience-platform-team,provisional-repository-inferred
/ofbizsetup/control/createProdCatalog,/ofbizsetup,createProdCatalog,true,true,simple,component://commonext/minilang/setup/SetupEvents.xml:createProdCatalogAndProductStoreCatalog,success:view:firstproduct;error:view:firstproduct,applications/commonext/webapp/ofbizsetup/WEB-INF/controller.xml,experience-platform,experience-platform-team,provisional-repository-inferred
/ofbizsetup/control/updateProdCatalog,/ofbizsetup,updateProdCatalog,true,true,service,updateProdCatalog,success:view:firstproduct;error:view:firstproduct,applications/commonext/webapp/ofbizsetup/WEB-INF/controller.xml,experience-platform,experience-platform-team,provisional-repository-inferred
/ofbizsetup/control/EditCategory,/ofbizsetup,EditCategory,true,true,,,success:view:EditCategory,applications/commonext/webapp/ofbizsetup/WEB-INF/controller.xml,experience-platform,experience-platform-team,provisional-repository-inferred
/ofbizsetup/control/createProductCategory,/ofbizsetup,createProductCategory,true,true,simple,component://commonext/minilang/setup/SetupEvents.xml:createProductCategoryAndAddToProdCatalog,success:view:EditCategory;error:view:EditCategory,applications/commonext/webapp/ofbizsetup/WEB-INF/controller.xml,experience-platform,experience-platform-team,provisional-repository-inferred
/ofbizsetup/control/updateProductCategory,/ofbizsetup,updateProductCategory,true,true,service,updateProductCategory,success:view:EditCategory;error:view:EditCategory,applications/commonext/webapp/ofbizsetup/WEB-INF/controller.xml,experience-platform,experience-platform-team,provisional-repository-inferred
/ofbizsetup/control/EditProduct,/ofbizsetup,EditProduct,true,true,,,success:view:EditProduct,applications/commonext/webapp/ofbizsetup/WEB-INF/controller.xml,experience-platform,experience-platform-team,provisional-repository-inferred
/ofbizsetup/control/createUpdateProduct,/ofbizsetup,createUpdateProduct,true,true,simple,component://commonext/minilang/setup/SetupEvents.xml:createUpdateProductInCategory,success:view:EditProduct;error:view:EditProduct,applications/commonext/webapp/ofbizsetup/WEB-INF/controller.xml,experience-platform,experience-platform-team,provisional-repository-inferred
/ofbizsetup/control/firstcustomer,/ofbizsetup,firstcustomer,true,true,,,success:view:firstcustomer,applications/commonext/webapp/ofbizsetup/WEB-INF/controller.xml,experience-platform,experience-platform-team,provisional-repository-inferred
/ofbizsetup/control/createCustomer,/ofbizsetup,createCustomer,true,true,simple,component://commonext/minilang/setup/SetupEvents.xml:createCustomer,success:view:firstcustomer;error:view:firstcustomer,applications/commonext/webapp/ofbizsetup/WEB-INF/controller.xml,experience-platform,experience-platform-team,provisional-repository-inferred
/ofbizsetup/control/LookupFacility,/ofbizsetup,LookupFacility,true,true,,,success:view:LookupFacility,applications/commonext/webapp/ofbizsetup/WEB-INF/controller.xml,experience-platform,experience-platform-team,provisional-repository-inferred
/ofbizsetup/control/LookupPartyName,/ofbizsetup,LookupPartyName,true,true,,,success:view:LookupPartyName,applications/commonext/webapp/ofbizsetup/WEB-INF/controller.xml,experience-platform,experience-platform-team,provisional-repository-inferred
/content/control/<@ofbizContentUrl>,/content,<@ofbizContentUrl>,true,true,groovy,component://content/webapp/content/WEB-INF/events/OfbizContentUrlEvent.groovy,success:none:,applications/content/webapp/content/WEB-INF/controller.xml,content-media,content-product-team,provisional-repository-inferred
/content/control/chain,/content,chain,false,false,java,org.apache.ofbiz.webapp.event.TestEvent:test,success:request:/view;error:view:error,applications/content/webapp/content/WEB-INF/controller.xml,content-media,content-product-team,provisional-repository-inferred
/content/control/main,/content,main,true,true,,,success:view:FindWebSite,applications/content/webapp/content/WEB-INF/controller.xml,content-media,content-product-team,provisional-repository-inferred
/content/control/fonts.pdf,/content,fonts.pdf,true,true,,,success:view:fonts.fo,applications/content/webapp/content/WEB-INF/controller.xml,content-media,content-product-team,provisional-repository-inferred
/content/control/blogMain,/content,blogMain,true,true,,,success:view:blogMain,applications/content/webapp/content/WEB-INF/controller.xml,content-media,content-product-team,provisional-repository-inferred
/content/control/editBlog,/content,editBlog,true,true,,,success:view:EditBlog,applications/content/webapp/content/WEB-INF/controller.xml,content-media,content-product-team,provisional-repository-inferred
/content/control/updateBlog,/content,updateBlog,true,true,service,updateContent,success:view:blogMain;error:view:EditBlog,applications/content/webapp/content/WEB-INF/controller.xml,content-media,content-product-team,provisional-repository-inferred
/content/control/newBlog,/content,newBlog,true,true,service,createContent,success:view:blogMain;error:view:EditBlog,applications/content/webapp/content/WEB-INF/controller.xml,content-media,content-product-team,provisional-repository-inferred
/content/control/blogContent,/content,blogContent,true,true,,,success:view:blogContent,applications/content/webapp/content/WEB-INF/controller.xml,content-media,content-product-team,provisional-repository-inferred
/content/control/updateBlogArticle,/content,updateBlogArticle,true,true,service,updateBlogEntry,success:view:blogContent;error:view:EditBlogArticle,applications/content/webapp/content/WEB-INF/controller.xml,content-media,content-product-team,provisional-repository-inferred
/content/control/createBlogArticle,/content,createBlogArticle,true,true,service,createBlogEntry,error:view:EditBlogArticle;success:view:blogContent,applications/content/webapp/content/WEB-INF/controller.xml,content-media,content-product-team,provisional-repository-inferred
/content/control/ViewBlogArticle,/content,ViewBlogArticle,true,true,,,success:view:ViewBlogArticle,applications/content/webapp/content/WEB-INF/controller.xml,content-media,content-product-team,provisional-repository-inferred
/content/control/ViewBlogRss,/content,ViewBlogRss,true,true,rome,generateBlogRssFeed,success:none:;error:view:error,applications/content/webapp/content/WEB-INF/controller.xml,content-media,content-product-team,provisional-repository-inferred
/content/control/ViewResponse,/content,ViewResponse,true,true,,,success:view:ViewResponse,applications/content/webapp/content/WEB-INF/controller.xml,content-media,content-product-team,provisional-repository-inferred
/content/control/LatestResponses,/content,LatestResponses,true,true,,,success:view:LatestResponses,applications/content/webapp/content/WEB-INF/controller.xml,content-media,content-product-team,provisional-repository-inferred
/content/control/EditBlogArticle,/content,EditBlogArticle,true,true,,,success:view:EditBlogArticle,applications/content/webapp/content/WEB-INF/controller.xml,content-media,content-product-team,provisional-repository-inferred
/content/control/EditBlogImage,/content,EditBlogImage,true,true,,,success:view:EditBlogImage,applications/content/webapp/content/WEB-INF/controller.xml,content-media,content-product-team,provisional-repository-inferred
/content/control/EditBlogText,/content,EditBlogText,true,true,,,success:view:EditBlogText,applications/content/webapp/content/WEB-INF/controller.xml,content-media,content-product-team,provisional-repository-inferred
/content/control/RespondBlog,/content,RespondBlog,true,true,,,success:view:RespondBlog,applications/content/webapp/content/WEB-INF/controller.xml,content-media,content-product-team,provisional-repository-inferred
/content/control/persistBlogSummary,/content,persistBlogSummary,true,true,service,persistContentAndAssoc,success:view:EditBlog;error:view:EditBlog,applications/content/webapp/content/WEB-INF/controller.xml,content-media,content-product-team,provisional-repository-inferred
/content/control/persistBlogText,/content,persistBlogText,true,true,service,persistContentAndAssoc,success:view:EditBlog;error:view:EditBlog,applications/content/webapp/content/WEB-INF/controller.xml,content-media,content-product-team,provisional-repository-inferred
/content/control/persistBlogImage,/content,persistBlogImage,true,true,service,persistContentAndAssoc,success:view:EditBlog;error:view:EditBlog,applications/content/webapp/content/WEB-INF/controller.xml,content-media,content-product-team,provisional-repository-inferred
/content/control/createBlogResponse,/content,createBlogResponse,true,true,service,createTextContent,success:view:ViewResponse;error:view:ViewResponse,applications/content/webapp/content/WEB-INF/controller.xml,content-media,content-product-team,provisional-repository-inferred
/content/control/updateBlogResponse,/content,updateBlogResponse,false,true,service,updateTextContent,success:view:ViewResponse;error:view:ViewResponse,applications/content/webapp/content/WEB-INF/controller.xml,content-media,content-product-team,provisional-repository-inferred
/content/control/findForumGroups,/content,findForumGroups,true,true,,,success:view:FindForumGroups,applications/content/webapp/content/WEB-INF/controller.xml,content-media,content-product-team,provisional-repository-inferred
/content/control/createForumGroup,/content,createForumGroup,true,true,service,createContent,success:view:FindForumGroups;error:view:FindForumGroups,applications/content/webapp/content/WEB-INF/controller.xml,content-media,content-product-team,provisional-repository-inferred
/content/control/updateForumGroup,/content,updateForumGroup,true,true,service,updateContent,success:view:FindForumGroups;error:view:FindForumGroups,applications/content/webapp/content/WEB-INF/controller.xml,content-media,content-product-team,provisional-repository-inferred
/content/control/forumGroupRoles,/content,forumGroupRoles,true,true,,,success:view:ForumGroupRoles,applications/content/webapp/content/WEB-INF/controller.xml,content-media,content-product-team,provisional-repository-inferred
/content/control/createForumGroupRole,/content,createForumGroupRole,true,true,service,createContentRole,success:view:ForumGroupRoles;error:view:ForumGroupRoles,applications/content/webapp/content/WEB-INF/controller.xml,content-media,content-product-team,provisional-repository-inferred
/content/control/updateForumGroupRole,/content,updateForumGroupRole,true,true,service,updateContentRole,success:view:ForumGroupRoles;error:view:ForumGroupRoles,applications/content/webapp/content/WEB-INF/controller.xml,content-media,content-product-team,provisional-repository-inferred
/content/control/deleteForumGroupRole,/content,deleteForumGroupRole,true,true,service,removeContentRole,success:view:ForumGroupRoles;error:view:ForumGroupRoles,applications/content/webapp/content/WEB-INF/controller.xml,content-media,content-product-team,provisional-repository-inferred
/content/control/forumGroupPurposes,/content,forumGroupPurposes,true,true,,,success:view:ForumGroupPurposes,applications/content/webapp/content/WEB-INF/controller.xml,content-media,content-product-team,provisional-repository-inferred
/content/control/createForumGroupPurpose,/content,createForumGroupPurpose,true,true,service,createContentPurpose,success:view:ForumGroupPurposes;error:view:ForumGroupPurposes,applications/content/webapp/content/WEB-INF/controller.xml,content-media,content-product-team,provisional-repository-inferred
/content/control/deleteForumGroupPurpose,/content,deleteForumGroupPurpose,true,true,service,removeContentPurpose,success:view:ForumGroupPurposes;error:view:ForumGroupPurposes,applications/content/webapp/content/WEB-INF/controller.xml,content-media,content-product-team,provisional-repository-inferred
/content/control/findForums,/content,findForums,true,true,,,success:view:FindForums,applications/content/webapp/content/WEB-INF/controller.xml,content-media,content-product-team,provisional-repository-inferred
/content/control/createForum,/content,createForum,true,true,service,persistContentAndAssoc,success:view:FindForums;error:view:FindForums,applications/content/webapp/content/WEB-INF/controller.xml,content-media,content-product-team,provisional-repository-inferred
/content/control/updateForum,/content,updateForum,true,true,service,persistContentAndAssoc,success:view:FindForums;error:view:FindForums,applications/content/webapp/content/WEB-INF/controller.xml,content-media,content-product-team,provisional-repository-inferred
/content/control/findForumMessages,/content,findForumMessages,true,true,,,success:view:FindForumMessages,applications/content/webapp/content/WEB-INF/controller.xml,content-media,content-product-team,provisional-repository-inferred
/content/control/findForumThreads,/content,findForumThreads,true,true,,,success:view:FindForumThreads,applications/content/webapp/content/WEB-INF/controller.xml,content-media,content-product-team,provisional-repository-inferred
/content/control/addForumMessage,/content,addForumMessage,true,true,,,success:view:AddForumMessage,applications/content/webapp/content/WEB-INF/controller.xml,content-media,content-product-team,provisional-repository-inferred
/content/control/addForumThreadMessage,/content,addForumThreadMessage,true,true,,,success:view:AddForumThreadMessage,applications/content/webapp/content/WEB-INF/controller.xml,content-media,content-product-team,provisional-repository-inferred
/content/control/editForumMessage,/content,editForumMessage,true,true,,,success:view:EditForumMessage,applications/content/webapp/content/WEB-INF/controller.xml,content-media,content-product-team,provisional-repository-inferred
/content/control/updateForumMessage,/content,updateForumMessage,true,true,service,persistContentAndAssoc,success:view:FindForumMessages;error:view:FindForumMessages,applications/content/webapp/content/WEB-INF/controller.xml,content-media,content-product-team,provisional-repository-inferred
/content/control/updateForumThreadMessage,/content,updateForumThreadMessage,true,true,service,persistContentAndAssoc,success:view:FindForumThreads;error:view:FindForumThreads,applications/content/webapp/content/WEB-INF/controller.xml,content-media,content-product-team,provisional-repository-inferred
/content/control/FindWebSite,/content,FindWebSite,true,true,,,success:view:FindWebSite,applications/content/webapp/content/WEB-INF/controller.xml,content-media,content-product-team,provisional-repository-inferred
/content/control/ListWebSite,/content,ListWebSite,true,true,,,success:view:ListWebSite,applications/content/webapp/content/WEB-INF/controller.xml,content-media,content-product-team,provisional-repository-inferred
/content/control/EditWebSite,/content,EditWebSite,true,true,,,success:view:EditWebSite,applications/content/webapp/content/WEB-INF/controller.xml,content-media,content-product-team,provisional-repository-inferred
/content/control/createWebSite,/content,createWebSite,true,true,service,createWebSite,success:view:EditWebSite;error:view:EditWebSite,applications/content/webapp/content/WEB-INF/controller.xml,content-media,content-product-team,provisional-repository-inferred
/content/control/updateWebSite,/content,updateWebSite,true,true,service,updateWebSite,success:view:EditWebSite;error:view:EditWebSite,applications/content/webapp/content/WEB-INF/controller.xml,content-media,content-product-team,provisional-repository-inferred
/content/control/ListWebSiteContent,/content,ListWebSiteContent,true,true,,,success:view:WebSiteContent,applications/content/webapp/content/WEB-INF/controller.xml,content-media,content-product-team,provisional-repository-inferred
/content/control/CreateWebSiteContent,/content,CreateWebSiteContent,true,true,service,createWebSiteContent,success:view:WebSiteContent;error:view:WebSiteContent,applications/content/webapp/content/WEB-INF/controller.xml,content-media,content-product-team,provisional-repository-inferred
/content/control/UpdateWebSiteContent,/content,UpdateWebSiteContent,true,true,service,updateWebSiteContent,success:view:WebSiteContent;error:view:WebSiteContent,applications/content/webapp/content/WEB-INF/controller.xml,content-media,content-product-team,provisional-repository-inferred
/content/control/RemoveWebSiteContent,/content,RemoveWebSiteContent,true,true,service,removeWebSiteContent,success:view:WebSiteContent;error:view:WebSiteContent,applications/content/webapp/content/WEB-INF/controller.xml,content-media,content-product-team,provisional-repository-inferred
/content/control/autoCreateWebSiteContent,/content,autoCreateWebSiteContent,true,true,service,autoCreateWebSiteContent,success:view:WebSiteContent;error:view:WebSiteContent,applications/content/webapp/content/WEB-INF/controller.xml,content-media,content-product-team,provisional-repository-inferred
/content/control/EditWebSiteParties,/content,EditWebSiteParties,true,true,,,success:view:EditWebSiteParties,applications/content/webapp/content/WEB-INF/controller.xml,content-media,content-product-team,provisional-repository-inferred
/content/control/createWebSiteRole,/content,createWebSiteRole,true,true,service,createWebSiteRole,success:view:EditWebSiteParties;error:view:EditWebSiteParties,applications/content/webapp/content/WEB-INF/controller.xml,content-media,content-product-team,provisional-repository-inferred
/content/control/updateWebSiteRole,/content,updateWebSiteRole,true,true,service,updateWebSiteRole,success:view:EditWebSiteParties;error:view:EditWebSiteParties,applications/content/webapp/content/WEB-INF/controller.xml,content-media,content-product-team,provisional-repository-inferred
/content/control/removeWebSiteRole,/content,removeWebSiteRole,true,true,service,removeWebSiteRole,success:view:EditWebSiteParties;error:view:EditWebSiteParties,applications/content/webapp/content/WEB-INF/controller.xml,content-media,content-product-team,provisional-repository-inferred
/content/control/WebSiteAliases,/content,WebSiteAliases,true,true,,,success:view:WebSiteAliases,applications/content/webapp/content/WEB-INF/controller.xml,content-media,content-product-team,provisional-repository-inferred
/content/control/WebSiteAliasesSearchResults,/content,WebSiteAliasesSearchResults,true,true,,,success:view:WebSiteAliasesSearchResults,applications/content/webapp/content/WEB-INF/controller.xml,content-media,content-product-team,provisional-repository-inferred
/content/control/EditWebSitePathAlias,/content,EditWebSitePathAlias,true,true,,,success:view:EditWebSitePathAlias,applications/content/webapp/content/WEB-INF/controller.xml,content-media,content-product-team,provisional-repository-inferred
/content/control/createWebSitePathAlias,/content,createWebSitePathAlias,true,true,service,createWebSitePathAlias,success:view:WebSiteAliases;error:view:EditWebSitePathAlias,applications/content/webapp/content/WEB-INF/controller.xml,content-media,content-product-team,provisional-repository-inferred
/content/control/updateWebSitePathAlias,/content,updateWebSitePathAlias,true,true,service,updateWebSitePathAlias,success:view:WebSiteAliases;error:view:EditWebSitePathAlias,applications/content/webapp/content/WEB-INF/controller.xml,content-media,content-product-team,provisional-repository-inferred
/content/control/removeWebSitePathAlias,/content,removeWebSitePathAlias,true,true,service,removeWebSitePathAlias,success:request:WebSiteAliases;error:request:WebSiteAliases,applications/content/webapp/content/WEB-INF/controller.xml,content-media,content-product-team,provisional-repository-inferred
/content/control/WebSiteCms,/content,WebSiteCms,true,true,,,success:view:WebSiteCMS,applications/content/webapp/content/WEB-INF/controller.xml,content-media,content-product-team,provisional-repository-inferred
/content/control/createTextContentCms,/content,createTextContentCms,true,true,service,createTextContent,success:view:WebSiteCMS;error:view:WebSiteCMS,applications/content/webapp/content/WEB-INF/controller.xml,content-media,content-product-team,provisional-repository-inferred
/content/control/updateTextContentCms,/content,updateTextContentCms,true,true,service,updateTextContent,success:view:WebSiteCMS;error:view:WebSiteCMS,applications/content/webapp/content/WEB-INF/controller.xml,content-media,content-product-team,provisional-repository-inferred
/content/control/createObjectContentCms,/content,createObjectContentCms,true,true,service,createContentFromUploadedFile,success:view:WebSiteCMS;error:view:WebSiteCMS,applications/content/webapp/content/WEB-INF/controller.xml,content-media,content-product-team,provisional-repository-inferred
/content/control/updateObjectContentCms,/content,updateObjectContentCms,true,true,service,updateContentAndUploadedFile,success:view:WebSiteCMS;error:view:WebSiteCMS,applications/content/webapp/content/WEB-INF/controller.xml,content-media,content-product-team,provisional-repository-inferred
/content/control/createContentCms,/content,createContentCms,true,true,service,createContent,success:view:WebSiteCMS;error:view:WebSiteCMS,applications/content/webapp/content/WEB-INF/controller.xml,content-media,content-product-team,provisional-repository-inferred
/content/control/updateContentCms,/content,updateContentCms,true,true,service,updateContent,success:view:WebSiteCMS;error:view:WebSiteCMS,applications/content/webapp/content/WEB-INF/controller.xml,content-media,content-product-team,provisional-repository-inferred
/content/control/createWebSiteMetaInfoJson,/content,createWebSiteMetaInfoJson,true,true,service,createTextContent,success:request:json;error:request:json,applications/content/webapp/content/WEB-INF/controller.xml,content-media,content-product-team,provisional-repository-inferred
/content/control/updateWebSiteMetaInfoJson,/content,updateWebSiteMetaInfoJson,true,true,service,updateDataResource,success:request:json;error:request:json,applications/content/webapp/content/WEB-INF/controller.xml,content-media,content-product-team,provisional-repository-inferred
/content/control/createWebSitePathAliasJson,/content,createWebSitePathAliasJson,true,true,service,createWebSitePathAlias,success:request:json;error:request:json,applications/content/webapp/content/WEB-INF/controller.xml,content-media,content-product-team,provisional-repository-inferred
/content/control/removeWebSitePathAliasJson,/content,removeWebSitePathAliasJson,true,true,service,removeWebSitePathAlias,success:request:json;error:request:json,applications/content/webapp/content/WEB-INF/controller.xml,content-media,content-product-team,provisional-repository-inferred
/content/control/getContentAssocsJson,/content,getContentAssocsJson,true,true,java,org.apache.ofbiz.content.cms.ContentJsonEvents:getContentAssocs,success:none:,applications/content/webapp/content/WEB-INF/controller.xml,content-media,content-product-team,provisional-repository-inferred
/content/control/moveContentJson,/content,moveContentJson,true,true,java,org.apache.ofbiz.content.cms.ContentJsonEvents:moveContent,success:none:,applications/content/webapp/content/WEB-INF/controller.xml,content-media,content-product-team,provisional-repository-inferred
/content/control/deleteContentJson,/content,deleteContentJson,true,true,java,org.apache.ofbiz.content.cms.ContentJsonEvents:deleteContent,success:none:,applications/content/webapp/content/WEB-INF/controller.xml,content-media,content-product-team,provisional-repository-inferred
/content/control/EditContentType,/content,EditContentType,true,true,,,success:view:EditContentType,applications/content/webapp/content/WEB-INF/controller.xml,content-media,content-product-team,provisional-repository-inferred
/content/control/addContentType,/content,addContentType,true,true,service,createContentType,success:view:EditContentType;error:view:EditContentType,applications/content/webapp/content/WEB-INF/controller.xml,content-media,content-product-team,provisional-repository-inferred
/content/control/updateContentType,/content,updateContentType,true,true,service,updateContentType,success:view:EditContentType;error:view:EditContentType,applications/content/webapp/content/WEB-INF/controller.xml,content-media,content-product-team,provisional-repository-inferred
/content/control/removeContentType,/content,removeContentType,true,true,service,removeContentType,success:view:EditContentType;error:view:EditContentType,applications/content/webapp/content/WEB-INF/controller.xml,content-media,content-product-team,provisional-repository-inferred
/content/control/EditContentRole,/content,EditContentRole,true,true,,,success:view:EditContentRole,applications/content/webapp/content/WEB-INF/controller.xml,content-media,content-product-team,provisional-repository-inferred
/content/control/addContentRole,/content,addContentRole,true,true,service,createContentRole,success:view:EditContentRole;error:view:EditContentRole,applications/content/webapp/content/WEB-INF/controller.xml,content-media,content-product-team,provisional-repository-inferred
/content/control/updateContentRole,/content,updateContentRole,true,true,service,updateContentRole,success:view:EditContentRole;error:view:EditContentRole,applications/content/webapp/content/WEB-INF/controller.xml,content-media,content-product-team,provisional-repository-inferred
/content/control/removeContentRole,/content,removeContentRole,true,true,service,removeContentRole,success:view:EditContentRole;error:view:EditContentRole,applications/content/webapp/content/WEB-INF/controller.xml,content-media,content-product-team,provisional-repository-inferred
/content/control/EditContentAssocType,/content,EditContentAssocType,true,true,,,success:view:EditContentAssocType,applications/content/webapp/content/WEB-INF/controller.xml,content-media,content-product-team,provisional-repository-inferred
/content/control/addContentAssocType,/content,addContentAssocType,true,true,service,createContentAssocType,success:view:EditContentAssocType;error:view:EditContentAssocType,applications/content/webapp/content/WEB-INF/controller.xml,content-media,content-product-team,provisional-repository-inferred
/content/control/updateContentAssocType,/content,updateContentAssocType,true,true,service,updateContentAssocType,success:view:EditContentAssocType;error:view:EditContentAssocType,applications/content/webapp/content/WEB-INF/controller.xml,content-media,content-product-team,provisional-repository-inferred
/content/control/removeContentAssocType,/content,removeContentAssocType,true,true,service,removeContentAssocType,success:view:EditContentAssocType;error:view:EditContentAssocType,applications/content/webapp/content/WEB-INF/controller.xml,content-media,content-product-team,provisional-repository-inferred
/content/control/EditContentPurposeType,/content,EditContentPurposeType,true,true,,,success:view:EditContentPurposeType,applications/content/webapp/content/WEB-INF/controller.xml,content-media,content-product-team,provisional-repository-inferred
/content/control/addContentPurposeType,/content,addContentPurposeType,true,true,service,createContentPurposeType,success:view:EditContentPurposeType;error:view:EditContentPurposeType,applications/content/webapp/content/WEB-INF/controller.xml,content-media,content-product-team,provisional-repository-inferred
/content/control/updateContentPurposeType,/content,updateContentPurposeType,true,true,service,updateContentPurposeType,success:view:EditContentPurposeType;error:view:EditContentPurposeType,applications/content/webapp/content/WEB-INF/controller.xml,content-media,content-product-team,provisional-repository-inferred
/content/control/removeContentPurposeType,/content,removeContentPurposeType,true,true,service,removeContentPurposeType,success:view:EditContentPurposeType;error:view:EditContentPurposeType,applications/content/webapp/content/WEB-INF/controller.xml,content-media,content-product-team,provisional-repository-inferred
/content/control/EditContentTypeAttr,/content,EditContentTypeAttr,true,true,,,success:view:EditContentTypeAttr,applications/content/webapp/content/WEB-INF/controller.xml,content-media,content-product-team,provisional-repository-inferred
/content/control/addContentTypeAttr,/content,addContentTypeAttr,true,true,service,createContentTypeAttr,success:view:EditContentTypeAttr;error:view:EditContentTypeAttr,applications/content/webapp/content/WEB-INF/controller.xml,content-media,content-product-team,provisional-repository-inferred
/content/control/removeContentTypeAttr,/content,removeContentTypeAttr,true,true,service,removeContentTypeAttr,success:view:EditContentTypeAttr;error:view:EditContentTypeAttr,applications/content/webapp/content/WEB-INF/controller.xml,content-media,content-product-team,provisional-repository-inferred
/content/control/EditContentAssocPredicate,/content,EditContentAssocPredicate,true,true,,,success:view:EditContentAssocPredicate,applications/content/webapp/content/WEB-INF/controller.xml,content-media,content-product-team,provisional-repository-inferred
/content/control/addContentAssocPredicate,/content,addContentAssocPredicate,true,true,service,createContentAssocPredicate,success:view:EditContentAssocPredicate;error:view:EditContentAssocPredicate,applications/content/webapp/content/WEB-INF/controller.xml,content-media,content-product-team,provisional-repository-inferred
/content/control/updateContentAssocPredicate,/content,updateContentAssocPredicate,true,true,service,updateContentAssocPredicate,success:view:EditContentAssocPredicate;error:view:EditContentAssocPredicate,applications/content/webapp/content/WEB-INF/controller.xml,content-media,content-product-team,provisional-repository-inferred
/content/control/removeContentAssocPredicate,/content,removeContentAssocPredicate,true,true,service,removeContentAssocPredicate,success:view:EditContentAssocPredicate;error:view:EditContentAssocPredicate,applications/content/webapp/content/WEB-INF/controller.xml,content-media,content-product-team,provisional-repository-inferred
/content/control/EditCharacterSet,/content,EditCharacterSet,true,true,,,success:view:EditCharacterSet,applications/content/webapp/content/WEB-INF/controller.xml,content-media,content-product-team,provisional-repository-inferred
/content/control/addCharacterSet,/content,addCharacterSet,true,true,service,createCharacterSet,success:view:EditCharacterSet;error:view:EditCharacterSet,applications/content/webapp/content/WEB-INF/controller.xml,content-media,content-product-team,provisional-repository-inferred
/content/control/updateCharacterSet,/content,updateCharacterSet,true,true,service,updateCharacterSet,success:view:EditCharacterSet;error:view:EditCharacterSet,applications/content/webapp/content/WEB-INF/controller.xml,content-media,content-product-team,provisional-repository-inferred
/content/control/removeCharacterSet,/content,removeCharacterSet,true,true,service,removeCharacterSet,success:view:EditCharacterSet;error:view:EditCharacterSet,applications/content/webapp/content/WEB-INF/controller.xml,content-media,content-product-team,provisional-repository-inferred
/content/control/EditDataCategory,/content,EditDataCategory,true,true,,,success:view:EditDataCategory,applications/content/webapp/content/WEB-INF/controller.xml,content-media,content-product-team,provisional-repository-inferred
/content/control/addDataCategory,/content,addDataCategory,true,true,service,createDataCategory,success:view:EditDataCategory;error:view:EditDataCategory,applications/content/webapp/content/WEB-INF/controller.xml,content-media,content-product-team,provisional-repository-inferred
/content/control/updateDataCategory,/content,updateDataCategory,true,true,service,updateDataCategory,success:view:EditDataCategory;error:view:EditDataCategory,applications/content/webapp/content/WEB-INF/controller.xml,content-media,content-product-team,provisional-repository-inferred
/content/control/removeDataCategory,/content,removeDataCategory,true,true,service,removeDataCategory,success:view:EditDataCategory;error:view:EditDataCategory,applications/content/webapp/content/WEB-INF/controller.xml,content-media,content-product-team,provisional-repository-inferred
/content/control/findDataResource,/content,findDataResource,true,true,,,success:view:FindDataResource,applications/content/webapp/content/WEB-INF/controller.xml,content-media,content-product-team,provisional-repository-inferred
/content/control/findDataResourceSearchResults,/content,findDataResourceSearchResults,true,true,,,success:view:findDataResourceSearchResults,applications/content/webapp/content/WEB-INF/controller.xml,content-media,content-product-team,provisional-repository-inferred
/content/control/navigateDataResource,/content,navigateDataResource,true,true,,,success:view:navigateDataResource,applications/content/webapp/content/WEB-INF/controller.xml,content-media,content-product-team,provisional-repository-inferred
/content/control/listDataResources,/content,listDataResources,true,true,,,success:view:listDataResources,applications/content/webapp/content/WEB-INF/controller.xml,content-media,content-product-team,provisional-repository-inferred
/content/control/ViewBinaryDataResource,/content,ViewBinaryDataResource,true,true,,,success:view:ViewBinaryDataResource,applications/content/webapp/content/WEB-INF/controller.xml,content-media,content-product-team,provisional-repository-inferred
/content/control/EditDataResourceType,/content,EditDataResourceType,true,true,,,success:view:EditDataResourceType,applications/content/webapp/content/WEB-INF/controller.xml,content-media,content-product-team,provisional-repository-inferred
/content/control/addDataResourceType,/content,addDataResourceType,true,true,service,createDataResourceType,success:view:EditDataResourceType;error:view:EditDataResourceType,applications/content/webapp/content/WEB-INF/controller.xml,content-media,content-product-team,provisional-repository-inferred
/content/control/updateDataResourceType,/content,updateDataResourceType,true,true,service,updateDataResourceType,success:view:EditDataResourceType;error:view:EditDataResourceType,applications/content/webapp/content/WEB-INF/controller.xml,content-media,content-product-team,provisional-repository-inferred
/content/control/removeDataResourceType,/content,removeDataResourceType,true,true,service,removeDataResourceType,success:view:EditDataResourceType;error:view:EditDataResourceType,applications/content/webapp/content/WEB-INF/controller.xml,content-media,content-product-team,provisional-repository-inferred
/content/control/EditDataResourceAttribute,/content,EditDataResourceAttribute,true,true,,,success:view:EditDataResourceAttribute,applications/content/webapp/content/WEB-INF/controller.xml,content-media,content-product-team,provisional-repository-inferred
/content/control/addDataResourceAttribute,/content,addDataResourceAttribute,true,true,service,createDataResourceAttribute,success:view:EditDataResourceAttribute;error:view:EditDataResourceAttribute,applications/content/webapp/content/WEB-INF/controller.xml,content-media,content-product-team,provisional-repository-inferred
/content/control/updateDataResourceAttribute,/content,updateDataResourceAttribute,true,true,service,updateDataResourceAttribute,success:view:EditDataResourceAttribute;error:view:EditDataResourceAttribute,applications/content/webapp/content/WEB-INF/controller.xml,content-media,content-product-team,provisional-repository-inferred
/content/control/removeDataResourceAttribute,/content,removeDataResourceAttribute,true,true,service,removeDataResourceAttribute,success:view:EditDataResourceAttribute;error:view:EditDataResourceAttribute,applications/content/webapp/content/WEB-INF/controller.xml,content-media,content-product-team,provisional-repository-inferred
/content/control/EditElectronicText,/content,EditElectronicText,true,true,,,success:view:EditElectronicText,applications/content/webapp/content/WEB-INF/controller.xml,content-media,content-product-team,provisional-repository-inferred
/content/control/EditHtmlText,/content,EditHtmlText,true,true,,,success:view:EditHtmlText,applications/content/webapp/content/WEB-INF/controller.xml,content-media,content-product-team,provisional-repository-inferred
/content/control/addElectronicText,/content,addElectronicText,true,true,service,createElectronicText,success:view:EditElectronicText;error:view:EditElectronicText,applications/content/webapp/content/WEB-INF/controller.xml,content-media,content-product-team,provisional-repository-inferred
/content/control/updateElectronicText,/content,updateElectronicText,true,true,service,updateElectronicText,success:view:EditElectronicText;error:view:EditElectronicText,applications/content/webapp/content/WEB-INF/controller.xml,content-media,content-product-team,provisional-repository-inferred
/content/control/addHtmlText,/content,addHtmlText,true,true,service,createElectronicText,success:view:EditHtmlText;error:view:EditHtmlText,applications/content/webapp/content/WEB-INF/controller.xml,content-media,content-product-team,provisional-repository-inferred
/content/control/updateHtmlText,/content,updateHtmlText,true,true,service,updateElectronicText,success:view:EditHtmlText;error:view:EditHtmlText,applications/content/webapp/content/WEB-INF/controller.xml,content-media,content-product-team,provisional-repository-inferred
/content/control/removeElectronicText,/content,removeElectronicText,true,true,service,removeElectronicText,success:view:EditElectronicText;error:view:EditElectronicText,applications/content/webapp/content/WEB-INF/controller.xml,content-media,content-product-team,provisional-repository-inferred
/content/control/EditDataResourceRole,/content,EditDataResourceRole,true,true,,,success:view:EditDataResourceRole,applications/content/webapp/content/WEB-INF/controller.xml,content-media,content-product-team,provisional-repository-inferred
/content/control/addDataResourceRole,/content,addDataResourceRole,true,true,service,createDataResourceRole,success:view:EditDataResourceRole;error:view:EditDataResourceRole,applications/content/webapp/content/WEB-INF/controller.xml,content-media,content-product-team,provisional-repository-inferred
/content/control/updateDataResourceRole,/content,updateDataResourceRole,true,true,service,updateDataResourceRole,success:view:EditDataResourceRole;error:view:EditDataResourceRole,applications/content/webapp/content/WEB-INF/controller.xml,content-media,content-product-team,provisional-repository-inferred
/content/control/removeDataResourceRole,/content,removeDataResourceRole,true,true,service,removeDataResourceRole,success:view:EditDataResourceRole;error:view:EditDataResourceRole,applications/content/webapp/content/WEB-INF/controller.xml,content-media,content-product-team,provisional-repository-inferred
/content/control/EditDataResourceProductFeatures,/content,EditDataResourceProductFeatures,true,true,,,success:view:EditDataResourceProductFeatures,applications/content/webapp/content/WEB-INF/controller.xml,content-media,content-product-team,provisional-repository-inferred
/content/control/createDataResourceProductFeature,/content,createDataResourceProductFeature,true,true,service,createProductFeatureDataResource,success:view:EditDataResourceProductFeatures;error:view:EditDataResourceProductFeatures,applications/content/webapp/content/WEB-INF/controller.xml,content-media,content-product-team,provisional-repository-inferred
/content/control/removeDataResourceProductFeature,/content,removeDataResourceProductFeature,true,true,service,removeProductFeatureDataResource,success:view:EditDataResourceProductFeatures;error:view:EditDataResourceProductFeatures,applications/content/webapp/content/WEB-INF/controller.xml,content-media,content-product-team,provisional-repository-inferred
/content/control/EditDataResourceTypeAttr,/content,EditDataResourceTypeAttr,true,true,,,success:view:EditDataResourceTypeAttr,applications/content/webapp/content/WEB-INF/controller.xml,content-media,content-product-team,provisional-repository-inferred
/content/control/addDataResourceTypeAttr,/content,addDataResourceTypeAttr,true,true,service,createDataResourceTypeAttr,success:view:EditDataResourceTypeAttr;error:view:EditDataResourceTypeAttr,applications/content/webapp/content/WEB-INF/controller.xml,content-media,content-product-team,provisional-repository-inferred
/content/control/removeDataResourceTypeAttr,/content,removeDataResourceTypeAttr,true,true,service,removeDataResourceTypeAttr,success:view:EditDataResourceTypeAttr;error:view:EditDataResourceTypeAttr,applications/content/webapp/content/WEB-INF/controller.xml,content-media,content-product-team,provisional-repository-inferred
/content/control/EditFileExtension,/content,EditFileExtension,true,true,,,success:view:EditFileExtension,applications/content/webapp/content/WEB-INF/controller.xml,content-media,content-product-team,provisional-repository-inferred
/content/control/addFileExtension,/content,addFileExtension,true,true,service,createFileExtension,success:view:EditFileExtension;error:view:EditFileExtension,applications/content/webapp/content/WEB-INF/controller.xml,content-media,content-product-team,provisional-repository-inferred
/content/control/updateFileExtension,/content,updateFileExtension,true,true,service,updateFileExtension,success:view:EditFileExtension;error:view:EditFileExtension,applications/content/webapp/content/WEB-INF/controller.xml,content-media,content-product-team,provisional-repository-inferred
/content/control/removeFileExtension,/content,removeFileExtension,true,true,service,removeFileExtension,success:view:EditFileExtension;error:view:EditFileExtension,applications/content/webapp/content/WEB-INF/controller.xml,content-media,content-product-team,provisional-repository-inferred
/content/control/EditMetaDataPredicate,/content,EditMetaDataPredicate,true,true,,,success:view:EditMetaDataPredicate,applications/content/webapp/content/WEB-INF/controller.xml,content-media,content-product-team,provisional-repository-inferred
/content/control/addMetaDataPredicate,/content,addMetaDataPredicate,true,true,service,createMetaDataPredicate,success:view:EditMetaDataPredicate;error:view:EditMetaDataPredicate,applications/content/webapp/content/WEB-INF/controller.xml,content-media,content-product-team,provisional-repository-inferred
/content/control/updateMetaDataPredicate,/content,updateMetaDataPredicate,true,true,service,updateMetaDataPredicate,success:view:EditMetaDataPredicate;error:view:EditMetaDataPredicate,applications/content/webapp/content/WEB-INF/controller.xml,content-media,content-product-team,provisional-repository-inferred
/content/control/removeMetaDataPredicate,/content,removeMetaDataPredicate,true,true,service,removeMetaDataPredicate,success:view:EditMetaDataPredicate;error:view:EditMetaDataPredicate,applications/content/webapp/content/WEB-INF/controller.xml,content-media,content-product-team,provisional-repository-inferred
/content/control/EditMimeType,/content,EditMimeType,true,true,,,success:view:EditMimeType,applications/content/webapp/content/WEB-INF/controller.xml,content-media,content-product-team,provisional-repository-inferred
/content/control/addMimeType,/content,addMimeType,true,true,service,createMimeType,success:view:EditMimeType;error:view:EditMimeType,applications/content/webapp/content/WEB-INF/controller.xml,content-media,content-product-team,provisional-repository-inferred
/content/control/updateMimeType,/content,updateMimeType,true,true,service,updateMimeType,success:view:EditMimeType;error:view:EditMimeType,applications/content/webapp/content/WEB-INF/controller.xml,content-media,content-product-team,provisional-repository-inferred
/content/control/removeMimeType,/content,removeMimeType,true,true,service,removeMimeType,success:view:EditMimeType;error:view:EditMimeType,applications/content/webapp/content/WEB-INF/controller.xml,content-media,content-product-team,provisional-repository-inferred
/content/control/EditMimeTypeHtmlTemplate,/content,EditMimeTypeHtmlTemplate,true,true,,,success:view:EditMimeTypeHtmlTemplate,applications/content/webapp/content/WEB-INF/controller.xml,content-media,content-product-team,provisional-repository-inferred
/content/control/createMimeTypeHtmlTemplate,/content,createMimeTypeHtmlTemplate,true,true,service,createMimeTypeHtmlTemplate,success:view:EditMimeTypeHtmlTemplate;error:view:EditMimeTypeHtmlTemplate,applications/content/webapp/content/WEB-INF/controller.xml,content-media,content-product-team,provisional-repository-inferred
/content/control/updateMimeTypeHtmlTemplate,/content,updateMimeTypeHtmlTemplate,true,true,service,updateMimeTypeHtmlTemplate,success:view:EditMimeTypeHtmlTemplate;error:view:EditMimeTypeHtmlTemplate,applications/content/webapp/content/WEB-INF/controller.xml,content-media,content-product-team,provisional-repository-inferred
/content/control/removeMimeTypeHtmlTemplate,/content,removeMimeTypeHtmlTemplate,true,true,service,removeMimeTypeHtmlTemplate,success:view:EditMimeTypeHtmlTemplate;error:view:EditMimeTypeHtmlTemplate,applications/content/webapp/content/WEB-INF/controller.xml,content-media,content-product-team,provisional-repository-inferred
/content/control/findContent,/content,findContent,true,true,,,success:view:FindContent,applications/content/webapp/content/WEB-INF/controller.xml,content-media,content-product-team,provisional-repository-inferred
/content/control/findContentSearchResults,/content,findContentSearchResults,true,true,,,success:view:findContentSearchResults,applications/content/webapp/content/WEB-INF/controller.xml,content-media,content-product-team,provisional-repository-inferred
/content/control/ContentSetupMenu,/content,ContentSetupMenu,true,true,,,success:view:EditContentType,applications/content/webapp/content/WEB-INF/controller.xml,content-media,content-product-team,provisional-repository-inferred
/content/control/DataSetupMenu,/content,DataSetupMenu,true,true,,,success:view:EditDataResourceType,applications/content/webapp/content/WEB-INF/controller.xml,content-media,content-product-team,provisional-repository-inferred
/content/control/LayoutMenu,/content,LayoutMenu,true,true,,,success:view:ListLayout,applications/content/webapp/content/WEB-INF/controller.xml,content-media,content-product-team,provisional-repository-inferred
/content/control/EditContent,/content,EditContent,true,true,,,success:view:EditContent,applications/content/webapp/content/WEB-INF/controller.xml,content-media,content-product-team,provisional-repository-inferred
/content/control/updateContent,/content,updateContent,true,true,service,updateContent,success:view:EditContent;error:view:EditContent,applications/content/webapp/content/WEB-INF/controller.xml,content-media,content-product-team,provisional-repository-inferred
/content/control/createContent,/content,createContent,true,true,service,createContent,success:view:EditContent;error:view:EditContent,applications/content/webapp/content/WEB-INF/controller.xml,content-media,content-product-team,provisional-repository-inferred
/content/control/editContent,/content,editContent,true,true,,,success:view:EditContent,applications/content/webapp/content/WEB-INF/controller.xml,content-media,content-product-team,provisional-repository-inferred
/content/control/EditContentAssoc,/content,EditContentAssoc,true,true,,,success:view:EditContentAssoc,applications/content/webapp/content/WEB-INF/controller.xml,content-media,content-product-team,provisional-repository-inferred
/content/control/updateContentAssoc,/content,updateContentAssoc,true,true,service,updateContentAssoc,success:view:EditContentAssoc;error:view:EditContentAssoc,applications/content/webapp/content/WEB-INF/controller.xml,content-media,content-product-team,provisional-repository-inferred
/content/control/createContentAssoc,/content,createContentAssoc,true,true,service,createContentAssoc,success:view:EditContentAssoc;error:view:EditContentAssoc,applications/content/webapp/content/WEB-INF/controller.xml,content-media,content-product-team,provisional-repository-inferred
/content/control/removeContentAssoc,/content,removeContentAssoc,true,true,service,removeContentAssoc,success:view:EditContentAssoc;error:view:EditContentAssoc,applications/content/webapp/content/WEB-INF/controller.xml,content-media,content-product-team,provisional-repository-inferred
/content/control/EditDataResource,/content,EditDataResource,true,true,,,success:view:EditDataResource,applications/content/webapp/content/WEB-INF/controller.xml,content-media,content-product-team,provisional-repository-inferred
/content/control/AddDataResource,/content,AddDataResource,true,true,,,success:view:AddDataResource,applications/content/webapp/content/WEB-INF/controller.xml,content-media,content-product-team,provisional-repository-inferred
/content/control/AddDataResourceText,/content,AddDataResourceText,true,true,,,success:view:AddDataResourceText,applications/content/webapp/content/WEB-INF/controller.xml,content-media,content-product-team,provisional-repository-inferred
/content/control/AddDataResourceUrl,/content,AddDataResourceUrl,true,true,,,success:view:EditDataResourceUrl,applications/content/webapp/content/WEB-INF/controller.xml,content-media,content-product-team,provisional-repository-inferred
/content/control/AddDataResourceUpload,/content,AddDataResourceUpload,true,true,,,success:view:AddDataResourceUpload,applications/content/webapp/content/WEB-INF/controller.xml,content-media,content-product-team,provisional-repository-inferred
/content/control/AddDataResourceFromContent,/content,AddDataResourceFromContent,true,true,,,success:view:AddDataResourceFromContent,applications/content/webapp/content/WEB-INF/controller.xml,content-media,content-product-team,provisional-repository-inferred
/content/control/updateDataResourceText,/content,updateDataResourceText,true,true,service,updateDataResource,success:request:EditDataResource;error:view:EditDataResource,applications/content/webapp/content/WEB-INF/controller.xml,content-media,content-product-team,provisional-repository-inferred
/content/control/updateDataResource,/content,updateDataResource,true,true,service,updateDataResource,success:view:EditDataResource;error:view:EditDataResource,applications/content/webapp/content/WEB-INF/controller.xml,content-media,content-product-team,provisional-repository-inferred
/content/control/createDataResource,/content,createDataResource,true,true,java,org.apache.ofbiz.content.data.DataEvents:persistDataResource,success:view:EditDataResource;ELECTRONIC_TEXT:view:EditElectronicText;IMAGE_OBJECT:view:UploadImage;error:view:AddDataResource,applications/content/webapp/content/WEB-INF/controller.xml,content-media,content-product-team,provisional-repository-inferred
/content/control/createDataResourceAndAssocToContent,/content,createDataResourceAndAssocToContent,true,true,service,createDataResourceAndAssocToContent,success:view:EditContent;ELECTRONIC_TEXT:view:EditElectronicText;IMAGE_OBJECT:view:UploadImage;error:view:AddDataResourceFromContent,applications/content/webapp/content/WEB-INF/controller.xml,content-media,content-product-team,provisional-repository-inferred
/content/control/createDataResourceUpload,/content,createDataResourceUpload,true,true,service,createDataResource,success:request:EditDataResourceUpload;error:view:AddDataResourceUpload,applications/content/webapp/content/WEB-INF/controller.xml,content-media,content-product-team,provisional-repository-inferred
/content/control/createDataResourceAndText,/content,createDataResourceAndText,true,true,service,createDataResourceAndText,success:view:EditDataResourceText;error:view:AddDataResourceText,applications/content/webapp/content/WEB-INF/controller.xml,content-media,content-product-team,provisional-repository-inferred
/content/control/EditDataResourceText,/content,EditDataResourceText,true,true,,,success:view:EditDataResourceText,applications/content/webapp/content/WEB-INF/controller.xml,content-media,content-product-team,provisional-repository-inferred
/content/control/EditDataResourceUrl,/content,EditDataResourceUrl,true,true,,,success:view:EditDataResourceUrl,applications/content/webapp/content/WEB-INF/controller.xml,content-media,content-product-team,provisional-repository-inferred
/content/control/EditDataResourceUpload,/content,EditDataResourceUpload,true,true,,,success:view:EditDataResourceUpload,applications/content/webapp/content/WEB-INF/controller.xml,content-media,content-product-team,provisional-repository-inferred
/content/control/uploadImage,/content,uploadImage,true,true,service,persistContentAndAssoc,success:request:UploadImage;error:view:UploadImage,applications/content/webapp/content/WEB-INF/controller.xml,content-media,content-product-team,provisional-repository-inferred
/content/control/UploadImage,/content,UploadImage,true,true,,,success:view:UploadImage,applications/content/webapp/content/WEB-INF/controller.xml,content-media,content-product-team,provisional-repository-inferred
/content/control/img,/content,img,true,true,java,org.apache.ofbiz.content.data.DataEvents:serveImage,success:none:;error:request:main,applications/content/webapp/content/WEB-INF/controller.xml,content-media,content-product-team,provisional-repository-inferred
/content/control/EditContentOperation,/content,EditContentOperation,true,true,,,success:view:EditContentOperation,applications/content/webapp/content/WEB-INF/controller.xml,content-media,content-product-team,provisional-repository-inferred
/content/control/addContentOperation,/content,addContentOperation,true,true,service,createContentOperation,success:view:EditContentOperation;error:view:EditContentOperation,applications/content/webapp/content/WEB-INF/controller.xml,content-media,content-product-team,provisional-repository-inferred
/content/control/updateContentOperation,/content,updateContentOperation,true,true,service,updateContentOperation,success:view:EditContentOperation;error:view:EditContentOperation,applications/content/webapp/content/WEB-INF/controller.xml,content-media,content-product-team,provisional-repository-inferred
/content/control/removeContentOperation,/content,removeContentOperation,true,true,service,removeContentOperation,success:view:EditContentOperation;error:view:EditContentOperation,applications/content/webapp/content/WEB-INF/controller.xml,content-media,content-product-team,provisional-repository-inferred
/content/control/EditContentAttribute,/content,EditContentAttribute,true,true,,,success:view:EditContentAttribute,applications/content/webapp/content/WEB-INF/controller.xml,content-media,content-product-team,provisional-repository-inferred
/content/control/addContentAttribute,/content,addContentAttribute,true,true,service,createContentAttribute,success:view:EditContentAttribute;error:view:EditContentAttribute,applications/content/webapp/content/WEB-INF/controller.xml,content-media,content-product-team,provisional-repository-inferred
/content/control/updateContentAttribute,/content,updateContentAttribute,true,true,service,updateContentAttribute,success:view:EditContentAttribute;error:view:EditContentAttribute,applications/content/webapp/content/WEB-INF/controller.xml,content-media,content-product-team,provisional-repository-inferred
/content/control/removeContentAttribute,/content,removeContentAttribute,true,true,service,removeContentAttribute,success:view:EditContentAttribute;error:view:EditContentAttribute,applications/content/webapp/content/WEB-INF/controller.xml,content-media,content-product-team,provisional-repository-inferred
/content/control/EditContentMetaData,/content,EditContentMetaData,true,true,,,success:view:EditContentMetaData,applications/content/webapp/content/WEB-INF/controller.xml,content-media,content-product-team,provisional-repository-inferred
/content/control/addContentMetaData,/content,addContentMetaData,true,true,service,createContentMetaData,success:view:EditContentMetaData;error:view:EditContentMetaData,applications/content/webapp/content/WEB-INF/controller.xml,content-media,content-product-team,provisional-repository-inferred
/content/control/updateContentMetaData,/content,updateContentMetaData,true,true,service,updateContentMetaData,success:view:EditContentMetaData;error:view:EditContentMetaData,applications/content/webapp/content/WEB-INF/controller.xml,content-media,content-product-team,provisional-repository-inferred
/content/control/removeContentMetaData,/content,removeContentMetaData,true,true,service,removeContentMetaData,success:view:EditContentMetaData;error:view:EditContentMetaData,applications/content/webapp/content/WEB-INF/controller.xml,content-media,content-product-team,provisional-repository-inferred
/content/control/EditContentPurpose,/content,EditContentPurpose,true,true,,,success:view:EditContentPurpose,applications/content/webapp/content/WEB-INF/controller.xml,content-media,content-product-team,provisional-repository-inferred
/content/control/addContentPurpose,/content,addContentPurpose,true,true,service,createContentPurpose,success:view:EditContentPurpose;error:view:EditContentPurpose,applications/content/webapp/content/WEB-INF/controller.xml,content-media,content-product-team,provisional-repository-inferred
/content/control/updateContentPurpose,/content,updateContentPurpose,true,true,service,updateContentPurpose,success:view:EditContentPurpose;error:view:EditContentPurpose,applications/content/webapp/content/WEB-INF/controller.xml,content-media,content-product-team,provisional-repository-inferred
/content/control/removeContentPurpose,/content,removeContentPurpose,true,true,service,removeContentPurpose,success:view:EditContentPurpose;error:view:EditContentPurpose,applications/content/webapp/content/WEB-INF/controller.xml,content-media,content-product-team,provisional-repository-inferred
/content/control/EditContentPurposeOperation,/content,EditContentPurposeOperation,true,true,,,success:view:EditContentPurposeOperation,applications/content/webapp/content/WEB-INF/controller.xml,content-media,content-product-team,provisional-repository-inferred
/content/control/addContentPurposeOperation,/content,addContentPurposeOperation,true,true,service,createContentPurposeOperation,success:view:EditContentPurposeOperation;error:view:EditContentPurposeOperation,applications/content/webapp/content/WEB-INF/controller.xml,content-media,content-product-team,provisional-repository-inferred
/content/control/updateContentPurposeOperation,/content,updateContentPurposeOperation,true,true,service,updateContentPurposeOperation,success:view:EditContentPurposeOperation;error:view:EditContentPurposeOperation,applications/content/webapp/content/WEB-INF/controller.xml,content-media,content-product-team,provisional-repository-inferred
/content/control/removeContentPurposeOperation,/content,removeContentPurposeOperation,true,true,service,removeContentPurposeOperation,success:view:EditContentPurposeOperation;error:view:EditContentPurposeOperation,applications/content/webapp/content/WEB-INF/controller.xml,content-media,content-product-team,provisional-repository-inferred
/content/control/EditContentWorkEfforts,/content,EditContentWorkEfforts,true,true,,,success:view:EditContentWorkEfforts,applications/content/webapp/content/WEB-INF/controller.xml,content-media,content-product-team,provisional-repository-inferred
/content/control/createWorkEffortContent,/content,createWorkEffortContent,true,true,service,createWorkEffortContent,success:view:EditContentWorkEfforts;error:view:EditContentWorkEfforts,applications/content/webapp/content/WEB-INF/controller.xml,content-media,content-product-team,provisional-repository-inferred
/content/control/updateWorkEffortContent,/content,updateWorkEffortContent,true,true,service,updateWorkEffortContent,success:view:EditContentWorkEfforts;error:view:EditContentWorkEfforts,applications/content/webapp/content/WEB-INF/controller.xml,content-media,content-product-team,provisional-repository-inferred
/content/control/deleteWorkEffortContent,/content,deleteWorkEffortContent,true,true,service,deleteWorkEffortContent,success:view:EditContentWorkEfforts;error:view:EditContentWorkEfforts,applications/content/webapp/content/WEB-INF/controller.xml,content-media,content-product-team,provisional-repository-inferred
/content/control/ListContentApproval,/content,ListContentApproval,true,true,,,success:view:ListContentApproval,applications/content/webapp/content/WEB-INF/controller.xml,content-media,content-product-team,provisional-repository-inferred
/content/control/ListWaitingContentApproval,/content,ListWaitingContentApproval,true,true,,,success:view:ListWaitingContentApproval,applications/content/webapp/content/WEB-INF/controller.xml,content-media,content-product-team,provisional-repository-inferred
/content/control/EditContentApproval,/content,EditContentApproval,true,true,,,success:view:EditContentApproval,applications/content/webapp/content/WEB-INF/controller.xml,content-media,content-product-team,provisional-repository-inferred
/content/control/createContentApproval,/content,createContentApproval,true,true,service,createContentApproval,success:view:ListContentApproval;error:view:ListContentApproval,applications/content/webapp/content/WEB-INF/controller.xml,content-media,content-product-team,provisional-repository-inferred
/content/control/updateContentApproval,/content,updateContentApproval,true,true,service,updateContentApproval,success:view:ListContentApproval;error:view:ListContentApproval,applications/content/webapp/content/WEB-INF/controller.xml,content-media,content-product-team,provisional-repository-inferred
/content/control/updateContentApprovalStatus,/content,updateContentApprovalStatus,true,true,service,updateContentApproval,success:view:ListContentApproval;error:view:ListContentApproval,applications/content/webapp/content/WEB-INF/controller.xml,content-media,content-product-team,provisional-repository-inferred
/content/control/updateWaitingContentApproval,/content,updateWaitingContentApproval,true,true,service,updateContentApproval,success:view:ListWaitingContentApproval;error:view:ListWaitingContentApproval,applications/content/webapp/content/WEB-INF/controller.xml,content-media,content-product-team,provisional-repository-inferred
/content/control/removeContentApproval,/content,removeContentApproval,true,true,service,removeContentApproval,success:view:ListContentApproval;error:view:ListContentApproval,applications/content/webapp/content/WEB-INF/controller.xml,content-media,content-product-team,provisional-repository-inferred
/content/control/ListContentRevisions,/content,ListContentRevisions,true,true,,,success:view:ListContentRevisions,applications/content/webapp/content/WEB-INF/controller.xml,content-media,content-product-team,provisional-repository-inferred
/content/control/EditContentRevision,/content,EditContentRevision,true,true,,,success:view:EditContentRevision,applications/content/webapp/content/WEB-INF/controller.xml,content-media,content-product-team,provisional-repository-inferred
/content/control/createContentRevision,/content,createContentRevision,true,true,service,createContentRevision,success:view:EditContentRevision;error:view:EditContentRevision,applications/content/webapp/content/WEB-INF/controller.xml,content-media,content-product-team,provisional-repository-inferred
/content/control/updateContentRevision,/content,updateContentRevision,true,true,service,updateContentRevision,success:view:EditContentRevision;error:view:EditContentRevision,applications/content/webapp/content/WEB-INF/controller.xml,content-media,content-product-team,provisional-repository-inferred
/content/control/removeContentRevision,/content,removeContentRevision,true,true,service,removeContentRevision,success:view:EditContentRevision;error:view:EditContentRevision,applications/content/webapp/content/WEB-INF/controller.xml,content-media,content-product-team,provisional-repository-inferred
/content/control/ListContentRevisionItem,/content,ListContentRevisionItem,true,true,,,success:view:ListContentRevisionItem,applications/content/webapp/content/WEB-INF/controller.xml,content-media,content-product-team,provisional-repository-inferred
/content/control/EditContentRevisionItem,/content,EditContentRevisionItem,true,true,,,success:view:EditContentRevisionItem,applications/content/webapp/content/WEB-INF/controller.xml,content-media,content-product-team,provisional-repository-inferred
/content/control/createContentRevisionItem,/content,createContentRevisionItem,true,true,service,createContentRevisionItem,success:view:EditContentRevisionItem;error:view:EditContentRevisionItem,applications/content/webapp/content/WEB-INF/controller.xml,content-media,content-product-team,provisional-repository-inferred
/content/control/updateContentRevisionItem,/content,updateContentRevisionItem,true,true,service,updateContentRevisionItem,success:view:EditContentRevisionItem;error:view:EditContentRevisionItem,applications/content/webapp/content/WEB-INF/controller.xml,content-media,content-product-team,provisional-repository-inferred
/content/control/removeContentRevisionItem,/content,removeContentRevisionItem,true,true,service,removeContentRevisionItem,success:view:EditContentRevisionItem;error:view:EditContentRevisionItem,applications/content/webapp/content/WEB-INF/controller.xml,content-media,content-product-team,provisional-repository-inferred
/content/control/FindSurvey,/content,FindSurvey,true,true,,,success:view:FindSurvey,applications/content/webapp/content/WEB-INF/controller.xml,content-media,content-product-team,provisional-repository-inferred
/content/control/ListFindSurveySearchResults,/content,ListFindSurveySearchResults,true,true,,,success:view:ListFindSurveySearchResults,applications/content/webapp/content/WEB-INF/controller.xml,content-media,content-product-team,provisional-repository-inferred
/content/control/EditSurvey,/content,EditSurvey,true,true,,,success:view:EditSurvey,applications/content/webapp/content/WEB-INF/controller.xml,content-media,content-product-team,provisional-repository-inferred
/content/control/createSurvey,/content,createSurvey,true,true,service,createSurvey,success:view:EditSurvey;error:view:EditSurvey,applications/content/webapp/content/WEB-INF/controller.xml,content-media,content-product-team,provisional-repository-inferred
/content/control/updateSurvey,/content,updateSurvey,true,true,service,updateSurvey,success:view:EditSurvey;error:view:EditSurvey,applications/content/webapp/content/WEB-INF/controller.xml,content-media,content-product-team,provisional-repository-inferred
/content/control/buildSurveyFromPdf,/content,buildSurveyFromPdf,true,true,service,buildSurveyFromPdf,success:view:EditSurvey;error:view:EditSurvey,applications/content/webapp/content/WEB-INF/controller.xml,content-media,content-product-team,provisional-repository-inferred
/content/control/buildSurveyResponseFromPdf,/content,buildSurveyResponseFromPdf,true,true,service,buildSurveyResponseFromPdf,success:view:EditSurveyResponse;error:view:EditSurveyResponse,applications/content/webapp/content/WEB-INF/controller.xml,content-media,content-product-team,provisional-repository-inferred
/content/control/deleteSurvey,/content,deleteSurvey,true,true,service,deleteSurvey,success:view:EditSurvey;error:view:EditSurvey,applications/content/webapp/content/WEB-INF/controller.xml,content-media,content-product-team,provisional-repository-inferred
/content/control/EditSurveyMultiResps,/content,EditSurveyMultiResps,true,true,,,success:view:EditSurveyMultiResps,applications/content/webapp/content/WEB-INF/controller.xml,content-media,content-product-team,provisional-repository-inferred
/content/control/createSurveyMultiResp,/content,createSurveyMultiResp,true,true,service,createSurveyMultiResp,success:view:EditSurveyMultiResps;error:view:EditSurveyMultiResps,applications/content/webapp/content/WEB-INF/controller.xml,content-media,content-product-team,provisional-repository-inferred
/content/control/updateSurveyMultiResp,/content,updateSurveyMultiResp,true,true,service,updateSurveyMultiResp,success:view:EditSurveyMultiResps;error:view:EditSurveyMultiResps,applications/content/webapp/content/WEB-INF/controller.xml,content-media,content-product-team,provisional-repository-inferred
/content/control/deleteSurveyMultiResp,/content,deleteSurveyMultiResp,true,true,service,deleteSurveyMultiResp,success:view:EditSurveyMultiResps;error:view:EditSurveyMultiResps,applications/content/webapp/content/WEB-INF/controller.xml,content-media,content-product-team,provisional-repository-inferred
/content/control/createSurveyMultiRespColumn,/content,createSurveyMultiRespColumn,true,true,service,createSurveyMultiRespColumn,success:view:EditSurveyMultiResps;error:view:EditSurveyMultiResps,applications/content/webapp/content/WEB-INF/controller.xml,content-media,content-product-team,provisional-repository-inferred
/content/control/updateSurveyMultiRespColumn,/content,updateSurveyMultiRespColumn,true,true,service,updateSurveyMultiRespColumn,success:view:EditSurveyMultiResps;error:view:EditSurveyMultiResps,applications/content/webapp/content/WEB-INF/controller.xml,content-media,content-product-team,provisional-repository-inferred
/content/control/deleteSurveyMultiRespColumn,/content,deleteSurveyMultiRespColumn,true,true,service,deleteSurveyMultiRespColumn,success:view:EditSurveyMultiResps;error:view:EditSurveyMultiResps,applications/content/webapp/content/WEB-INF/controller.xml,content-media,content-product-team,provisional-repository-inferred
/content/control/EditSurveyQuestions,/content,EditSurveyQuestions,true,true,,,success:view:EditSurveyQuestions,applications/content/webapp/content/WEB-INF/controller.xml,content-media,content-product-team,provisional-repository-inferred
/content/control/createSurveyQuestion,/content,createSurveyQuestion,true,true,service,createSurveyQuestion,success:view:EditSurveyQuestions;error:view:EditSurveyQuestions,applications/content/webapp/content/WEB-INF/controller.xml,content-media,content-product-team,provisional-repository-inferred
/content/control/updateSurveyQuestion,/content,updateSurveyQuestion,true,true,service,updateSurveyQuestion,success:view:EditSurveyQuestions;error:view:EditSurveyQuestions,applications/content/webapp/content/WEB-INF/controller.xml,content-media,content-product-team,provisional-repository-inferred
/content/control/deleteSurveyQuestion,/content,deleteSurveyQuestion,true,true,service,deleteSurveyQuestion,success:view:EditSurveyQuestions;error:view:EditSurveyQuestions,applications/content/webapp/content/WEB-INF/controller.xml,content-media,content-product-team,provisional-repository-inferred
/content/control/createSurveyQuestionOption,/content,createSurveyQuestionOption,true,true,service,createSurveyQuestionOption,success:view:EditSurveyQuestions;error:view:EditSurveyQuestions,applications/content/webapp/content/WEB-INF/controller.xml,content-media,content-product-team,provisional-repository-inferred
/content/control/updateSurveyQuestionOption,/content,updateSurveyQuestionOption,true,true,service,updateSurveyQuestionOption,success:view:EditSurveyQuestions;error:view:EditSurveyQuestions,applications/content/webapp/content/WEB-INF/controller.xml,content-media,content-product-team,provisional-repository-inferred
/content/control/deleteSurveyQuestionOption,/content,deleteSurveyQuestionOption,true,true,service,deleteSurveyQuestionOption,success:view:EditSurveyQuestions;error:view:EditSurveyQuestions,applications/content/webapp/content/WEB-INF/controller.xml,content-media,content-product-team,provisional-repository-inferred
/content/control/createSurveyQuestionCategory,/content,createSurveyQuestionCategory,true,true,service,createSurveyQuestionCategory,success:view:EditSurveyQuestions;error:view:EditSurveyQuestions,applications/content/webapp/content/WEB-INF/controller.xml,content-media,content-product-team,provisional-repository-inferred
/content/control/createSurveyQuestionAppl,/content,createSurveyQuestionAppl,true,true,service,createSurveyQuestionAppl,success:view:EditSurveyQuestions;error:view:EditSurveyQuestions,applications/content/webapp/content/WEB-INF/controller.xml,content-media,content-product-team,provisional-repository-inferred
/content/control/updateSurveyQuestionAppl,/content,updateSurveyQuestionAppl,true,true,service,updateSurveyQuestionAppl,success:view:EditSurveyQuestions;error:view:EditSurveyQuestions,applications/content/webapp/content/WEB-INF/controller.xml,content-media,content-product-team,provisional-repository-inferred
/content/control/removeSurveyQuestionAppl,/content,removeSurveyQuestionAppl,true,true,service,deleteSurveyQuestionAppl,success:view:EditSurveyQuestions;error:view:EditSurveyQuestions,applications/content/webapp/content/WEB-INF/controller.xml,content-media,content-product-team,provisional-repository-inferred
/content/control/createSurveyPage,/content,createSurveyPage,true,true,service,createSurveyPage,success:view:EditSurveyQuestions;error:view:EditSurveyQuestions,applications/content/webapp/content/WEB-INF/controller.xml,content-media,content-product-team,provisional-repository-inferred
/content/control/updateSurveyPage,/content,updateSurveyPage,true,true,service,updateSurveyPage,success:view:EditSurveyQuestions;error:view:EditSurveyQuestions,applications/content/webapp/content/WEB-INF/controller.xml,content-media,content-product-team,provisional-repository-inferred
/content/control/removeSurveyPage,/content,removeSurveyPage,true,true,service,deleteSurveyPage,success:view:EditSurveyQuestions;error:view:EditSurveyQuestions,applications/content/webapp/content/WEB-INF/controller.xml,content-media,content-product-team,provisional-repository-inferred
/content/control/FindSurveyResponse,/content,FindSurveyResponse,true,true,,,success:view:FindSurveyResponse,applications/content/webapp/content/WEB-INF/controller.xml,content-media,content-product-team,provisional-repository-inferred
/content/control/ViewSurveyResponses,/content,ViewSurveyResponses,true,true,,,success:view:ViewSurveyResponses,applications/content/webapp/content/WEB-INF/controller.xml,content-media,content-product-team,provisional-repository-inferred
/content/control/EditSurveyResponse,/content,EditSurveyResponse,true,true,,,success:view:EditSurveyResponse,applications/content/webapp/content/WEB-INF/controller.xml,content-media,content-product-team,provisional-repository-inferred
/content/control/updateSurveyResponse,/content,updateSurveyResponse,true,true,service,createSurveyResponse,success:view:ViewSurveyResponses;error:view:EditSurveyResponse,applications/content/webapp/content/WEB-INF/controller.xml,content-media,content-product-team,provisional-repository-inferred
/content/control/ListLayout,/content,ListLayout,true,true,,,success:view:ListLayout,applications/content/webapp/content/WEB-INF/controller.xml,content-media,content-product-team,provisional-repository-inferred
/content/control/clipFindLayout,/content,clipFindLayout,true,true,java,org.apache.ofbiz.content.layout.LayoutEvents:copyToClip,success:view:FindLayout;error:view:FindLayout,applications/content/webapp/content/WEB-INF/controller.xml,content-media,content-product-team,provisional-repository-inferred
/content/control/FindLayout,/content,FindLayout,true,true,,,success:view:FindLayout,applications/content/webapp/content/WEB-INF/controller.xml,content-media,content-product-team,provisional-repository-inferred
/content/control/EditLayout,/content,EditLayout,true,true,,,success:view:EditLayout,applications/content/webapp/content/WEB-INF/controller.xml,content-media,content-product-team,provisional-repository-inferred
/content/control/AddLayout,/content,AddLayout,true,true,,,success:view:AddLayout,applications/content/webapp/content/WEB-INF/controller.xml,content-media,content-product-team,provisional-repository-inferred
/content/control/createLayout,/content,createLayout,true,true,simple,component://content/minilang/layout/LayoutEvents.xml:createLayout,success:view:EditLayout;error:view:AddLayout,applications/content/webapp/content/WEB-INF/controller.xml,content-media,content-product-team,provisional-repository-inferred
/content/control/updateLayout,/content,updateLayout,true,true,simple,component://content/minilang/layout/LayoutEvents.xml:updateLayout,success:view:EditLayout;error:view:EditLayout,applications/content/webapp/content/WEB-INF/controller.xml,content-media,content-product-team,provisional-repository-inferred
/content/control/createLayoutSubContent,/content,createLayoutSubContent,true,true,java,org.apache.ofbiz.content.layout.LayoutEvents:createLayoutSubContent,success:view:EditLayoutSubContent;error:view:EditLayoutSubContent,applications/content/webapp/content/WEB-INF/controller.xml,content-media,content-product-team,provisional-repository-inferred
/content/control/updateLayoutSubContent,/content,updateLayoutSubContent,true,true,java,org.apache.ofbiz.content.layout.LayoutEvents:updateLayoutSubContent,success:view:EditLayoutSubContent;error:view:EditLayoutSubContent,applications/content/webapp/content/WEB-INF/controller.xml,content-media,content-product-team,provisional-repository-inferred
/content/control/replaceSubContent,/content,replaceSubContent,true,true,java,org.apache.ofbiz.content.layout.LayoutEvents:replaceSubContent,success:view:EditLayout;error:view:EditLayout,applications/content/webapp/content/WEB-INF/controller.xml,content-media,content-product-team,provisional-repository-inferred
/content/control/pasteSubContent,/content,pasteSubContent,true,true,simple,component://content/minilang/layout/LayoutEvents.xml:pasteSubContent,success:view:EditLayout;error:view:EditLayout,applications/content/webapp/content/WEB-INF/controller.xml,content-media,content-product-team,provisional-repository-inferred
/content/control/removeLayout,/content,removeLayout,true,true,service,removeContentAssoc,success:view:ListLayout;error:view:main,applications/content/webapp/content/WEB-INF/controller.xml,content-media,content-product-team,provisional-repository-inferred
/content/control/EditLayoutHtml,/content,EditLayoutHtml,true,true,,,success:view:EditLayoutHtml,applications/content/webapp/content/WEB-INF/controller.xml,content-media,content-product-team,provisional-repository-inferred
/content/control/EditLayoutText,/content,EditLayoutText,true,true,,,success:view:EditLayoutText,applications/content/webapp/content/WEB-INF/controller.xml,content-media,content-product-team,provisional-repository-inferred
/content/control/EditLayoutImage,/content,EditLayoutImage,true,true,,,success:view:EditLayoutImage,applications/content/webapp/content/WEB-INF/controller.xml,content-media,content-product-team,provisional-repository-inferred
/content/control/EditLayoutUrl,/content,EditLayoutUrl,true,true,,,success:view:EditLayoutUrl,applications/content/webapp/content/WEB-INF/controller.xml,content-media,content-product-team,provisional-repository-inferred
/content/control/createLayoutText,/content,createLayoutText,true,true,simple,component://content/minilang/layout/LayoutEvents.xml:createLayoutText,success:view:EditLayoutText;error:view:EditLayoutText,applications/content/webapp/content/WEB-INF/controller.xml,content-media,content-product-team,provisional-repository-inferred
/content/control/EditLayoutSubContent,/content,EditLayoutSubContent,true,true,,,success:view:EditLayoutSubContent,applications/content/webapp/content/WEB-INF/controller.xml,content-media,content-product-team,provisional-repository-inferred
/content/control/updateLayoutText,/content,updateLayoutText,true,true,simple,component://content/minilang/layout/LayoutEvents.xml:updateLayoutText,success:view:EditLayoutText;error:view:EditLayoutText,applications/content/webapp/content/WEB-INF/controller.xml,content-media,content-product-team,provisional-repository-inferred
/content/control/createLayoutHtml,/content,createLayoutHtml,true,true,simple,component://content/minilang/layout/LayoutEvents.xml:createLayoutText,success:view:EditLayoutHtml;error:view:EditLayoutHtml,applications/content/webapp/content/WEB-INF/controller.xml,content-media,content-product-team,provisional-repository-inferred
/content/control/updateLayoutHtml,/content,updateLayoutHtml,true,true,simple,component://content/minilang/layout/LayoutEvents.xml:updateLayoutText,success:view:EditLayoutHtml;error:view:EditLayoutHtml,applications/content/webapp/content/WEB-INF/controller.xml,content-media,content-product-team,provisional-repository-inferred
/content/control/createLayoutUrl,/content,createLayoutUrl,true,true,simple,component://content/minilang/layout/LayoutEvents.xml:createLayoutUrl,success:view:EditLayoutUrl;error:view:EditLayoutUrl,applications/content/webapp/content/WEB-INF/controller.xml,content-media,content-product-team,provisional-repository-inferred
/content/control/updateLayoutUrl,/content,updateLayoutUrl,true,true,simple,component://content/minilang/layout/LayoutEvents.xml:updateLayoutUrl,success:view:EditLayoutUrl;error:view:EditLayoutUrl,applications/content/webapp/content/WEB-INF/controller.xml,content-media,content-product-team,provisional-repository-inferred
/content/control/createLayoutImage,/content,createLayoutImage,true,true,java,org.apache.ofbiz.content.layout.LayoutEvents:createLayoutImage,success:view:EditLayoutImage;error:view:EditLayoutImage,applications/content/webapp/content/WEB-INF/controller.xml,content-media,content-product-team,provisional-repository-inferred
/content/control/updateLayoutImage,/content,updateLayoutImage,true,true,java,org.apache.ofbiz.content.layout.LayoutEvents:updateLayoutImage,success:view:EditLayoutImage;error:view:EditLayoutImage,applications/content/webapp/content/WEB-INF/controller.xml,content-media,content-product-team,provisional-repository-inferred
/content/control/updateLayoutImageOnly,/content,updateLayoutImageOnly,true,true,java,org.apache.ofbiz.content.layout.LayoutEvents:updateLayoutImageOnly,success:view:EditLayoutImage;error:view:EditLayoutImage,applications/content/webapp/content/WEB-INF/controller.xml,content-media,content-product-team,provisional-repository-inferred
/content/control/cloneLayout,/content,cloneLayout,true,true,java,org.apache.ofbiz.content.layout.LayoutEvents:cloneLayout,success:view:EditLayout;error:view:EditLayout,applications/content/webapp/content/WEB-INF/controller.xml,content-media,content-product-team,provisional-repository-inferred
/content/control/UserPermissions,/content,UserPermissions,true,true,,,success:view:UserPermissions,applications/content/webapp/content/WEB-INF/controller.xml,content-media,content-product-team,provisional-repository-inferred
/content/control/CMSContentFind,/content,CMSContentFind,true,true,,,success:view:CMSContentFind,applications/content/webapp/content/WEB-INF/controller.xml,content-media,content-product-team,provisional-repository-inferred
/content/control/CMSContentEdit,/content,CMSContentEdit,true,true,,,success:view:CMSContentEdit,applications/content/webapp/content/WEB-INF/controller.xml,content-media,content-product-team,provisional-repository-inferred
/content/control/CMSSites,/content,CMSSites,true,true,,,success:view:CMSSites,applications/content/webapp/content/WEB-INF/controller.xml,content-media,content-product-team,provisional-repository-inferred
/content/control/updateSiteRoles,/content,updateSiteRoles,true,true,service-multi,updateSiteRoles,success:view:CMSSites;error:view:CMSSites,applications/content/webapp/content/WEB-INF/controller.xml,content-media,content-product-team,provisional-repository-inferred
/content/control/linkContentToPubPt,/content,linkContentToPubPt,true,true,service-multi,linkContentToPubPt,success:view:CMSContentEdit;error:view:CMSContentEdit,applications/content/webapp/content/WEB-INF/controller.xml,content-media,content-product-team,provisional-repository-inferred
/content/control/updateFeatures,/content,updateFeatures,true,true,service-multi,createOrRemoveProductFeatureDataResource,success:view:CMSContentEdit;error:view:CMSContentEdit,applications/content/webapp/content/WEB-INF/controller.xml,content-media,content-product-team,provisional-repository-inferred
/content/control/publishResponse,/content,publishResponse,true,true,service-multi,updateContent,success:view:CMSSites;error:view:CMSSites,applications/content/webapp/content/WEB-INF/controller.xml,content-media,content-product-team,provisional-repository-inferred
/content/control/addSubSite,/content,addSubSite,true,true,,,success:view:addSubSite,applications/content/webapp/content/WEB-INF/controller.xml,content-media,content-product-team,provisional-repository-inferred
/content/control/postNewSubSite,/content,postNewSubSite,true,true,service,persistContentAndAssoc,success:view:CMSSites;error:view:CMSSites,applications/content/webapp/content/WEB-INF/controller.xml,content-media,content-product-team,provisional-repository-inferred
/content/control/removeSite,/content,removeSite,true,true,service,deactivateAssocs,success:view:CMSSites;error:view:CMSSites,applications/content/webapp/content/WEB-INF/controller.xml,content-media,content-product-team,provisional-repository-inferred
/content/control/EditAddContent,/content,EditAddContent,true,true,,,success:view:EditAddContent,applications/content/webapp/content/WEB-INF/controller.xml,content-media,content-product-team,provisional-repository-inferred
/content/control/persistContentStuff,/content,persistContentStuff,true,true,service,persistContentAndAssoc,success:view:EditAddContent;error:view:EditAddContent,applications/content/webapp/content/WEB-INF/controller.xml,content-media,content-product-team,provisional-repository-inferred
/content/control/EditAddSubContent,/content,EditAddSubContent,true,true,,,success:view:EditAddSubContent,applications/content/webapp/content/WEB-INF/controller.xml,content-media,content-product-team,provisional-repository-inferred
/content/control/persistSubContentStuff,/content,persistSubContentStuff,true,true,service,persistContentAndAssoc,success:view:EditAddContent;error:view:EditAddSubContent,applications/content/webapp/content/WEB-INF/controller.xml,content-media,content-product-team,provisional-repository-inferred
/content/control/persistContent,/content,persistContent,true,true,service,persistContentAndAssoc,success:view:CMSContentEdit;error:view:EditAddContent,applications/content/webapp/content/WEB-INF/controller.xml,content-media,content-product-team,provisional-repository-inferred
/content/control/persistImage,/content,persistImage,true,true,java,org.apache.ofbiz.content.content.UploadContentAndImage:uploadContentAndImage,success:view:CMSContentEdit;error:view:EditAddContent,applications/content/webapp/content/WEB-INF/controller.xml,content-media,content-product-team,provisional-repository-inferred
/content/control/ViewSimpleContent,/content,ViewSimpleContent,true,true,,,success:view:ViewSimpleContent,applications/content/webapp/content/WEB-INF/controller.xml,content-media,content-product-team,provisional-repository-inferred
/content/control/LookupContent,/content,LookupContent,true,true,,,success:view:LookupContent,applications/content/webapp/content/WEB-INF/controller.xml,content-media,content-product-team,provisional-repository-inferred
/content/control/LookupSubContent,/content,LookupSubContent,true,true,,,success:view:LookupSubContent,applications/content/webapp/content/WEB-INF/controller.xml,content-media,content-product-team,provisional-repository-inferred
/content/control/LookupDataResource,/content,LookupDataResource,true,true,,,success:view:LookupDataResource,applications/content/webapp/content/WEB-INF/controller.xml,content-media,content-product-team,provisional-repository-inferred
/content/control/LookupListLayout,/content,LookupListLayout,true,true,,,success:view:LookupListLayout,applications/content/webapp/content/WEB-INF/controller.xml,content-media,content-product-team,provisional-repository-inferred
/content/control/LookupSurvey,/content,LookupSurvey,true,true,,,success:view:LookupSurvey,applications/content/webapp/content/WEB-INF/controller.xml,content-media,content-product-team,provisional-repository-inferred
/content/control/LookupSurveyResponse,/content,LookupSurveyResponse,true,true,,,success:view:LookupSurveyResponse,applications/content/webapp/content/WEB-INF/controller.xml,content-media,content-product-team,provisional-repository-inferred
/content/control/LookupTreeContent,/content,LookupTreeContent,true,true,,,success:view:LookupTreeContent,applications/content/webapp/content/WEB-INF/controller.xml,content-media,content-product-team,provisional-repository-inferred
/content/control/LookupDetailContentTree,/content,LookupDetailContentTree,true,true,,,success:view:LookupDetailContentTree,applications/content/webapp/content/WEB-INF/controller.xml,content-media,content-product-team,provisional-repository-inferred
/content/control/LookupUserLoginAndPartyDetails,/content,LookupUserLoginAndPartyDetails,true,true,,,success:view:LookupUserLoginAndPartyDetails,applications/content/webapp/content/WEB-INF/controller.xml,content-media,content-product-team,provisional-repository-inferred
/content/control/LookupPerson,/content,LookupPerson,true,true,,,success:view:LookupPerson,applications/content/webapp/content/WEB-INF/controller.xml,content-media,content-product-team,provisional-repository-inferred
/content/control/LookupPartyAndUserLoginAndPerson,/content,LookupPartyAndUserLoginAndPerson,true,true,,,success:view:LookupPartyAndUserLoginAndPerson,applications/content/webapp/content/WEB-INF/controller.xml,content-media,content-product-team,provisional-repository-inferred
/content/control/LookupProductFeature,/content,LookupProductFeature,true,true,,,success:view:LookupProductFeature,applications/content/webapp/content/WEB-INF/controller.xml,content-media,content-product-team,provisional-repository-inferred
/content/control/LookupPartyName,/content,LookupPartyName,true,true,,,success:view:LookupPartyName,applications/content/webapp/content/WEB-INF/controller.xml,content-media,content-product-team,provisional-repository-inferred
/content/control/LookupWorkEffort,/content,LookupWorkEffort,true,true,,,success:view:LookupWorkEffort,applications/content/webapp/content/WEB-INF/controller.xml,content-media,content-product-team,provisional-repository-inferred
/content/control/navigateContent,/content,navigateContent,true,true,,,success:view:navigateContent,applications/content/webapp/content/WEB-INF/controller.xml,content-media,content-product-team,provisional-repository-inferred
/content/control/updateDocumentTree,/content,updateDocumentTree,true,true,service,updateContent,success:view:navigateContent;error:view:navigateContent,applications/content/webapp/content/WEB-INF/controller.xml,content-media,content-product-team,provisional-repository-inferred
/content/control/removeDocumentFromTree,/content,removeDocumentFromTree,true,true,service,removeContentAssoc,success:view:navigateContent;error:view:navigateContent,applications/content/webapp/content/WEB-INF/controller.xml,content-media,content-product-team,provisional-repository-inferred
/content/control/addDocumentToTree,/content,addDocumentToTree,true,true,simple,component://content/minilang/content/ContentEvents.xml:createDocument,success:view:navigateContent;error:request:navigateContent,applications/content/webapp/content/WEB-INF/controller.xml,content-media,content-product-team,provisional-repository-inferred
/content/control/showContent,/content,showContent,true,true,,,success:view:showContent,applications/content/webapp/content/WEB-INF/controller.xml,content-media,content-product-team,provisional-repository-inferred
/content/control/showContentPdf,/content,showContentPdf,true,true,,,success:view:showContentPdf,applications/content/webapp/content/WEB-INF/controller.xml,content-media,content-product-team,provisional-repository-inferred
/content/control/WebSiteCmsPreview,/content,WebSiteCmsPreview,true,true,java,org.apache.ofbiz.content.content.WebSiteCmsPreviewEvent:execute,success:none:,applications/content/webapp/content/WEB-INF/controller.xml,content-media,content-product-team,provisional-repository-inferred
/content/control/ContentSearchOptions,/content,ContentSearchOptions,true,true,,,success:view:ContentSearchOptions,applications/content/webapp/content/WEB-INF/controller.xml,content-media,content-product-team,provisional-repository-inferred
/content/control/ContentSearchResults,/content,ContentSearchResults,true,true,,,success:view:ContentSearchResults,applications/content/webapp/content/WEB-INF/controller.xml,content-media,content-product-team,provisional-repository-inferred
/content/control/EditContentKeywords,/content,EditContentKeywords,true,true,,,success:view:EditContentKeywords,applications/content/webapp/content/WEB-INF/controller.xml,content-media,content-product-team,provisional-repository-inferred
/content/control/createContentKeyword,/content,createContentKeyword,true,true,service,createContentKeyword,success:view:EditContentKeywords;error:view:EditContentKeywords,applications/content/webapp/content/WEB-INF/controller.xml,content-media,content-product-team,provisional-repository-inferred
/content/control/deleteContentKeyword,/content,deleteContentKeyword,true,true,service,deleteContentKeyword,success:view:EditContentKeywords;error:view:EditContentKeywords,applications/content/webapp/content/WEB-INF/controller.xml,content-media,content-product-team,provisional-repository-inferred
/content/control/deleteContentKeywords,/content,deleteContentKeywords,true,true,service,deleteContentKeywords,success:view:EditContentKeywords;error:view:EditContentKeywords,applications/content/webapp/content/WEB-INF/controller.xml,content-media,content-product-team,provisional-repository-inferred
/content/control/updateContentAllKeywords,/content,updateContentAllKeywords,true,true,java,org.apache.ofbiz.content.content.ContentEvents:updateAllContentKeywords,success:view:FindContent;error:view:FindContent,applications/content/webapp/content/WEB-INF/controller.xml,content-media,content-product-team,provisional-repository-inferred
/content/control/WebSiteSeo,/content,WebSiteSeo,true,true,,,success:view:WebSiteSEO,applications/content/webapp/content/WEB-INF/controller.xml,content-media,content-product-team,provisional-repository-inferred
/content/control/generateMissingSeoUrlForWebsite,/content,generateMissingSeoUrlForWebsite,true,true,service,generateMissingSeoUrlForWebsite,success:view:WebSiteSEO;error:view:WebSiteSEO,applications/content/webapp/content/WEB-INF/controller.xml,content-media,content-product-team,provisional-repository-inferred
/content/control/WebSiteContactList,/content,WebSiteContactList,true,true,,,success:view:WebSiteContactList,applications/content/webapp/content/WEB-INF/controller.xml,content-media,content-product-team,provisional-repository-inferred
/content/control/createWebSiteContactList,/content,createWebSiteContactList,true,true,service,createWebSiteContactList,success:view:WebSiteContactList;error:view:WebSiteContactList,applications/content/webapp/content/WEB-INF/controller.xml,content-media,content-product-team,provisional-repository-inferred
/content/control/updateWebSiteContactList,/content,updateWebSiteContactList,true,true,service,updateWebSiteContactList,success:view:WebSiteContactList;error:view:WebSiteContactList,applications/content/webapp/content/WEB-INF/controller.xml,content-media,content-product-team,provisional-repository-inferred
/content/control/deleteWebSiteContactList,/content,deleteWebSiteContactList,true,true,service,deleteWebSiteContactList,success:view:WebSiteContactList;error:view:WebSiteContactList,applications/content/webapp/content/WEB-INF/controller.xml,content-media,content-product-team,provisional-repository-inferred
/content/control/WebAnalytics,/content,WebAnalytics,true,true,,,success:view:FindWebAnalyticsConfigs;error:view:FindWebAnalyticsConfigs,applications/content/webapp/content/WEB-INF/controller.xml,content-media,content-product-team,provisional-repository-inferred
/content/control/WebAnalyticsConfigs,/content,WebAnalyticsConfigs,true,true,,,success:view:FindWebAnalyticsConfigs;error:view:FindWebAnalyticsConfigs,applications/content/webapp/content/WEB-INF/controller.xml,content-media,content-product-team,provisional-repository-inferred
/content/control/FindWebAnalyticsConfigs,/content,FindWebAnalyticsConfigs,true,true,,,success:view:FindWebAnalyticsConfigs;error:view:FindWebAnalyticsConfigs,applications/content/webapp/content/WEB-INF/controller.xml,content-media,content-product-team,provisional-repository-inferred
/content/control/EditWebAnalyticsConfig,/content,EditWebAnalyticsConfig,true,true,,,success:view:EditWebAnalyticsConfig;error:view:EditWebAnalyticsConfig,applications/content/webapp/content/WEB-INF/controller.xml,content-media,content-product-team,provisional-repository-inferred
/content/control/createWebAnalyticsConfig,/content,createWebAnalyticsConfig,true,true,service,createWebAnalyticsConfig,success:request-redirect:FindWebAnalyticsConfigs;error:view:EditWebAnalyticsConfig,applications/content/webapp/content/WEB-INF/controller.xml,content-media,content-product-team,provisional-repository-inferred
/content/control/updateWebAnalyticsConfig,/content,updateWebAnalyticsConfig,true,true,service,updateWebAnalyticsConfig,success:request-redirect:FindWebAnalyticsConfigs;error:view:EditWebAnalyticsConfig,applications/content/webapp/content/WEB-INF/controller.xml,content-media,content-product-team,provisional-repository-inferred
/content/control/deleteWebAnalyticsConfig,/content,deleteWebAnalyticsConfig,true,true,service,deleteWebAnalyticsConfig,success:request-redirect:FindWebAnalyticsConfigs,applications/content/webapp/content/WEB-INF/controller.xml,content-media,content-product-team,provisional-repository-inferred
/humanres/control/view,/humanres,view,true,true,,,success:request:main,applications/humanres/webapp/humanres/WEB-INF/controller.xml,workforce,workforce-product-team,provisional-repository-inferred
/humanres/control/main,/humanres,main,true,true,,,success:view:main,applications/humanres/webapp/humanres/WEB-INF/controller.xml,workforce,workforce-product-team,provisional-repository-inferred
/humanres/control/FindPartyQuals,/humanres,FindPartyQuals,true,true,,,success:view:FindPartyQuals,applications/humanres/webapp/humanres/WEB-INF/controller.xml,workforce,workforce-product-team,provisional-repository-inferred
/humanres/control/NewPartyQual,/humanres,NewPartyQual,true,true,,,success:view:NewPartyQual,applications/humanres/webapp/humanres/WEB-INF/controller.xml,workforce,workforce-product-team,provisional-repository-inferred
/humanres/control/createPartyQual,/humanres,createPartyQual,true,true,service,createPartyQual,success:view:NewPartyQual,applications/humanres/webapp/humanres/WEB-INF/controller.xml,workforce,workforce-product-team,provisional-repository-inferred
/humanres/control/updatePartyQual,/humanres,updatePartyQual,true,true,service-multi,updatePartyQual,success:view:FindPartyQuals,applications/humanres/webapp/humanres/WEB-INF/controller.xml,workforce,workforce-product-team,provisional-repository-inferred
/humanres/control/deletePartyQual,/humanres,deletePartyQual,true,true,service,deletePartyQual,success:view:FindPartyQuals,applications/humanres/webapp/humanres/WEB-INF/controller.xml,workforce,workforce-product-team,provisional-repository-inferred
/humanres/control/FindPartyResumes,/humanres,FindPartyResumes,true,true,,,success:view:FindPartyResumes,applications/humanres/webapp/humanres/WEB-INF/controller.xml,workforce,workforce-product-team,provisional-repository-inferred
/humanres/control/EditPartyResume,/humanres,EditPartyResume,true,true,,,success:view:EditPartyResume,applications/humanres/webapp/humanres/WEB-INF/controller.xml,workforce,workforce-product-team,provisional-repository-inferred
/humanres/control/createPartyResume,/humanres,createPartyResume,true,true,service,createPartyResume,success:view:EditPartyResume,applications/humanres/webapp/humanres/WEB-INF/controller.xml,workforce,workforce-product-team,provisional-repository-inferred
/humanres/control/updatePartyResume,/humanres,updatePartyResume,true,true,service,updatePartyResume,success:view:EditPartyResume,applications/humanres/webapp/humanres/WEB-INF/controller.xml,workforce,workforce-product-team,provisional-repository-inferred
/humanres/control/deletePartyResume,/humanres,deletePartyResume,true,true,service,deletePartyResume,success:view:FindPartyResumes,applications/humanres/webapp/humanres/WEB-INF/controller.xml,workforce,workforce-product-team,provisional-repository-inferred
/humanres/control/FindPartySkills,/humanres,FindPartySkills,true,true,,,success:view:FindPartySkills,applications/humanres/webapp/humanres/WEB-INF/controller.xml,workforce,workforce-product-team,provisional-repository-inferred
/humanres/control/NewPartySkill,/humanres,NewPartySkill,true,true,,,success:view:NewPartySkill,applications/humanres/webapp/humanres/WEB-INF/controller.xml,workforce,workforce-product-team,provisional-repository-inferred
/humanres/control/createPartySkill,/humanres,createPartySkill,true,true,service,createPartySkill,success:view:FindPartySkills;error:view:NewPartySkill,applications/humanres/webapp/humanres/WEB-INF/controller.xml,workforce,workforce-product-team,provisional-repository-inferred
/humanres/control/updatePartySkill,/humanres,updatePartySkill,true,true,service,updatePartySkill,success:view:FindPartySkills;error:view:FindPartySkills,applications/humanres/webapp/humanres/WEB-INF/controller.xml,workforce,workforce-product-team,provisional-repository-inferred
/humanres/control/deletePartySkill,/humanres,deletePartySkill,true,true,service,deletePartySkill,success:view:FindPartySkills,applications/humanres/webapp/humanres/WEB-INF/controller.xml,workforce,workforce-product-team,provisional-repository-inferred
/humanres/control/FindPerfReviews,/humanres,FindPerfReviews,true,true,,,success:view:FindPerfReviews,applications/humanres/webapp/humanres/WEB-INF/controller.xml,workforce,workforce-product-team,provisional-repository-inferred
/humanres/control/EditPerfReview,/humanres,EditPerfReview,true,true,,,success:view:EditPerfReviews,applications/humanres/webapp/humanres/WEB-INF/controller.xml,workforce,workforce-product-team,provisional-repository-inferred
/humanres/control/createPerfReview,/humanres,createPerfReview,true,true,service,createPerfReview,error:view:EditPerfReviews;success:request-redirect:EditPerfReview,applications/humanres/webapp/humanres/WEB-INF/controller.xml,workforce,workforce-product-team,provisional-repository-inferred
/humanres/control/updatePerfReview,/humanres,updatePerfReview,true,true,service,updatePerfReview,error:view:EditPerfReviews;success:request-redirect:EditPerfReview,applications/humanres/webapp/humanres/WEB-INF/controller.xml,workforce,workforce-product-team,provisional-repository-inferred
/humanres/control/deletePerfReview,/humanres,deletePerfReview,true,true,service,deletePerfReview,success:view:EditPerfReviews,applications/humanres/webapp/humanres/WEB-INF/controller.xml,workforce,workforce-product-team,provisional-repository-inferred
/humanres/control/EditPerfReviewItems,/humanres,EditPerfReviewItems,true,true,,,success:view:EditPerfReviewItems,applications/humanres/webapp/humanres/WEB-INF/controller.xml,workforce,workforce-product-team,provisional-repository-inferred
/humanres/control/createPerfReviewItem,/humanres,createPerfReviewItem,true,true,service,createPerfReviewItem,success:view:EditPerfReviewItems,applications/humanres/webapp/humanres/WEB-INF/controller.xml,workforce,workforce-product-team,provisional-repository-inferred
/humanres/control/updatePerfReviewItem,/humanres,updatePerfReviewItem,true,true,service,updatePerfReviewItem,success:view:EditPerfReviewItems,applications/humanres/webapp/humanres/WEB-INF/controller.xml,workforce,workforce-product-team,provisional-repository-inferred
/humanres/control/deletePerfReviewItem,/humanres,deletePerfReviewItem,true,true,service,deletePerfReviewItem,success:view:EditPerfReviewItems,applications/humanres/webapp/humanres/WEB-INF/controller.xml,workforce,workforce-product-team,provisional-repository-inferred
/humanres/control/EditPerformanceNotes,/humanres,EditPerformanceNotes,true,true,,,success:view:EditPerformanceNotes,applications/humanres/webapp/humanres/WEB-INF/controller.xml,workforce,workforce-product-team,provisional-repository-inferred
/humanres/control/createPerformanceNote,/humanres,createPerformanceNote,true,true,service,createPerformanceNote,success:view:EditPerformanceNotes;error:view:EditPerformanceNotes,applications/humanres/webapp/humanres/WEB-INF/controller.xml,workforce,workforce-product-team,provisional-repository-inferred
/humanres/control/FindEmployments,/humanres,FindEmployments,true,true,,,success:view:FindEmployments,applications/humanres/webapp/humanres/WEB-INF/controller.xml,workforce,workforce-product-team,provisional-repository-inferred
/humanres/control/EditEmployment,/humanres,EditEmployment,true,true,,,success:view:EditEmployment,applications/humanres/webapp/humanres/WEB-INF/controller.xml,workforce,workforce-product-team,provisional-repository-inferred
/humanres/control/ListEmployments,/humanres,ListEmployments,true,true,,,success:view:ListEmployments,applications/humanres/webapp/humanres/WEB-INF/controller.xml,workforce,workforce-product-team,provisional-repository-inferred
/humanres/control/createEmployment,/humanres,createEmployment,true,true,service,createEmployment,success:view:EditEmployment,applications/humanres/webapp/humanres/WEB-INF/controller.xml,workforce,workforce-product-team,provisional-repository-inferred
/humanres/control/updateEmployment,/humanres,updateEmployment,true,true,service,updateEmployment,success:view:EditEmployment,applications/humanres/webapp/humanres/WEB-INF/controller.xml,workforce,workforce-product-team,provisional-repository-inferred
/humanres/control/deleteEmployment,/humanres,deleteEmployment,true,true,service,deleteEmployment,success:view:FindEmployments,applications/humanres/webapp/humanres/WEB-INF/controller.xml,workforce,workforce-product-team,provisional-repository-inferred
/humanres/control/FindEmploymentApps,/humanres,FindEmploymentApps,true,true,,,success:view:FindEmploymentApps,applications/humanres/webapp/humanres/WEB-INF/controller.xml,workforce,workforce-product-team,provisional-repository-inferred
/humanres/control/NewEmploymentApp,/humanres,NewEmploymentApp,true,true,,,success:view:NewEmploymentApp,applications/humanres/webapp/humanres/WEB-INF/controller.xml,workforce,workforce-product-team,provisional-repository-inferred
/humanres/control/createEmploymentApp,/humanres,createEmploymentApp,true,true,service,createEmploymentApp,success:view:FindEmploymentApps,applications/humanres/webapp/humanres/WEB-INF/controller.xml,workforce,workforce-product-team,provisional-repository-inferred
/humanres/control/updateEmploymentApp,/humanres,updateEmploymentApp,true,true,service-multi,updateEmploymentApp,success:request:FindEmploymentApps;error:view:FindEmploymentApps,applications/humanres/webapp/humanres/WEB-INF/controller.xml,workforce,workforce-product-team,provisional-repository-inferred
/humanres/control/deleteEmploymentApp,/humanres,deleteEmploymentApp,true,true,service,deleteEmploymentApp,success:view:FindEmploymentApps,applications/humanres/webapp/humanres/WEB-INF/controller.xml,workforce,workforce-product-team,provisional-repository-inferred
/humanres/control/ListPayHistories,/humanres,ListPayHistories,true,true,,,success:view:ListPayHistories,applications/humanres/webapp/humanres/WEB-INF/controller.xml,workforce,workforce-product-team,provisional-repository-inferred
/humanres/control/EditPayHistory,/humanres,EditPayHistory,true,true,,,success:view:EditPayHistory,applications/humanres/webapp/humanres/WEB-INF/controller.xml,workforce,workforce-product-team,provisional-repository-inferred
/humanres/control/updatePayHistory,/humanres,updatePayHistory,true,true,service,updatePayHistory,success:view:ListPayHistories,applications/humanres/webapp/humanres/WEB-INF/controller.xml,workforce,workforce-product-team,provisional-repository-inferred
/humanres/control/deletePayHistory,/humanres,deletePayHistory,true,true,service,deletePayHistory,success:view:ListPayHistories,applications/humanres/webapp/humanres/WEB-INF/controller.xml,workforce,workforce-product-team,provisional-repository-inferred
/humanres/control/expirePayHistory,/humanres,expirePayHistory,true,true,service,expirePayHistory,success:view:ListPayHistories,applications/humanres/webapp/humanres/WEB-INF/controller.xml,workforce,workforce-product-team,provisional-repository-inferred
/humanres/control/findPartyBenefits,/humanres,findPartyBenefits,true,true,,,success:view:EditPartyBenefits,applications/humanres/webapp/humanres/WEB-INF/controller.xml,workforce,workforce-product-team,provisional-repository-inferred
/humanres/control/EditPartyBenefits,/humanres,EditPartyBenefits,true,true,,,success:view:EditPartyBenefits,applications/humanres/webapp/humanres/WEB-INF/controller.xml,workforce,workforce-product-team,provisional-repository-inferred
/humanres/control/createPartyBenefit,/humanres,createPartyBenefit,true,true,service,createPartyBenefit,success:view:EditPartyBenefits,applications/humanres/webapp/humanres/WEB-INF/controller.xml,workforce,workforce-product-team,provisional-repository-inferred
/humanres/control/updatePartyBenefit,/humanres,updatePartyBenefit,true,true,service-multi,updatePartyBenefit,success:view:EditPartyBenefits,applications/humanres/webapp/humanres/WEB-INF/controller.xml,workforce,workforce-product-team,provisional-repository-inferred
/humanres/control/deletePartyBenefit,/humanres,deletePartyBenefit,true,true,service,deletePartyBenefit,success:view:EditPartyBenefits,applications/humanres/webapp/humanres/WEB-INF/controller.xml,workforce,workforce-product-team,provisional-repository-inferred
/humanres/control/findPayRollPreferences,/humanres,findPayRollPreferences,true,true,,,success:view:EditPayrollPreferences,applications/humanres/webapp/humanres/WEB-INF/controller.xml,workforce,workforce-product-team,provisional-repository-inferred
/humanres/control/EditPayrollPreferences,/humanres,EditPayrollPreferences,true,true,,,success:view:EditPayrollPreferences,applications/humanres/webapp/humanres/WEB-INF/controller.xml,workforce,workforce-product-team,provisional-repository-inferred
/humanres/control/createPayrollPreference,/humanres,createPayrollPreference,true,true,service,createPayrollPreference,success:view:EditPayrollPreferences,applications/humanres/webapp/humanres/WEB-INF/controller.xml,workforce,workforce-product-team,provisional-repository-inferred
/humanres/control/updatePayrollPreference,/humanres,updatePayrollPreference,true,true,service-multi,updatePayrollPreference,success:view:EditPayrollPreferences,applications/humanres/webapp/humanres/WEB-INF/controller.xml,workforce,workforce-product-team,provisional-repository-inferred
/humanres/control/deletePayrollPreference,/humanres,deletePayrollPreference,true,true,service,deletePayrollPreference,success:view:EditPayrollPreferences,applications/humanres/webapp/humanres/WEB-INF/controller.xml,workforce,workforce-product-team,provisional-repository-inferred
/humanres/control/FindPayGrades,/humanres,FindPayGrades,true,true,,,success:view:FindPayGrades,applications/humanres/webapp/humanres/WEB-INF/controller.xml,workforce,workforce-product-team,provisional-repository-inferred
/humanres/control/EditPayGrade,/humanres,EditPayGrade,true,true,,,success:view:EditPayGrade,applications/humanres/webapp/humanres/WEB-INF/controller.xml,workforce,workforce-product-team,provisional-repository-inferred
/humanres/control/createPayGrade,/humanres,createPayGrade,true,true,service,createPayGrade,success:view:EditPayGrade;error:view:EditPayGrade,applications/humanres/webapp/humanres/WEB-INF/controller.xml,workforce,workforce-product-team,provisional-repository-inferred
/humanres/control/updatePayGrade,/humanres,updatePayGrade,true,true,service,updatePayGrade,success:view:EditPayGrade;error:view:EditPayGrade,applications/humanres/webapp/humanres/WEB-INF/controller.xml,workforce,workforce-product-team,provisional-repository-inferred
/humanres/control/deletePayGrade,/humanres,deletePayGrade,true,true,service,deletePayGrade,success:view:FindPayGrades;error:view:FindPayGrades,applications/humanres/webapp/humanres/WEB-INF/controller.xml,workforce,workforce-product-team,provisional-repository-inferred
/humanres/control/EditSalarySteps,/humanres,EditSalarySteps,true,true,,,success:view:EditSalarySteps,applications/humanres/webapp/humanres/WEB-INF/controller.xml,workforce,workforce-product-team,provisional-repository-inferred
/humanres/control/createSalaryStep,/humanres,createSalaryStep,true,true,service,createSalaryStep,success:view:EditSalarySteps,applications/humanres/webapp/humanres/WEB-INF/controller.xml,workforce,workforce-product-team,provisional-repository-inferred
/humanres/control/updateSalaryStep,/humanres,updateSalaryStep,true,true,service-multi,updateSalaryStep,success:view:EditSalarySteps,applications/humanres/webapp/humanres/WEB-INF/controller.xml,workforce,workforce-product-team,provisional-repository-inferred
/humanres/control/deleteSalaryStep,/humanres,deleteSalaryStep,true,true,service,deleteSalaryStep,success:view:EditSalarySteps,applications/humanres/webapp/humanres/WEB-INF/controller.xml,workforce,workforce-product-team,provisional-repository-inferred
/humanres/control/EditTerminationReasons,/humanres,EditTerminationReasons,true,true,,,success:view:EditTerminationReasons,applications/humanres/webapp/humanres/WEB-INF/controller.xml,workforce,workforce-product-team,provisional-repository-inferred
/humanres/control/createTerminationReason,/humanres,createTerminationReason,true,true,service,createTerminationReason,success:view:EditTerminationReasons,applications/humanres/webapp/humanres/WEB-INF/controller.xml,workforce,workforce-product-team,provisional-repository-inferred
/humanres/control/updateTerminationReason,/humanres,updateTerminationReason,true,true,service-multi,updateTerminationReason,success:view:EditTerminationReasons,applications/humanres/webapp/humanres/WEB-INF/controller.xml,workforce,workforce-product-team,provisional-repository-inferred
/humanres/control/deleteTerminationReason,/humanres,deleteTerminationReason,true,true,service,deleteTerminationReason,success:view:EditTerminationReasons,applications/humanres/webapp/humanres/WEB-INF/controller.xml,workforce,workforce-product-team,provisional-repository-inferred
/humanres/control/FindUnemploymentClaim,/humanres,FindUnemploymentClaim,true,true,,,success:view:EditUnemploymentClaims,applications/humanres/webapp/humanres/WEB-INF/controller.xml,workforce,workforce-product-team,provisional-repository-inferred
/humanres/control/EditUnemploymentClaims,/humanres,EditUnemploymentClaims,true,true,,,success:view:EditUnemploymentClaims,applications/humanres/webapp/humanres/WEB-INF/controller.xml,workforce,workforce-product-team,provisional-repository-inferred
/humanres/control/createUnemploymentClaim,/humanres,createUnemploymentClaim,true,true,service,createUnemploymentClaim,success:view:EditUnemploymentClaims,applications/humanres/webapp/humanres/WEB-INF/controller.xml,workforce,workforce-product-team,provisional-repository-inferred
/humanres/control/updateUnemploymentClaim,/humanres,updateUnemploymentClaim,true,true,service-multi,updateUnemploymentClaim,success:view:EditUnemploymentClaims,applications/humanres/webapp/humanres/WEB-INF/controller.xml,workforce,workforce-product-team,provisional-repository-inferred
/humanres/control/deleteUnemploymentClaim,/humanres,deleteUnemploymentClaim,true,true,service,deleteUnemploymentClaim,success:view:EditUnemploymentClaims,applications/humanres/webapp/humanres/WEB-INF/controller.xml,workforce,workforce-product-team,provisional-repository-inferred
/humanres/control/FindEmplLeaves,/humanres,FindEmplLeaves,true,true,,,success:view:FindEmplLeaves,applications/humanres/webapp/humanres/WEB-INF/controller.xml,workforce,workforce-product-team,provisional-repository-inferred
/humanres/control/EditEmplLeave,/humanres,EditEmplLeave,true,true,,,success:view:EditEmplLeave,applications/humanres/webapp/humanres/WEB-INF/controller.xml,workforce,workforce-product-team,provisional-repository-inferred
/humanres/control/deleteEmplLeave,/humanres,deleteEmplLeave,true,true,service,deleteEmplLeave,success:view:FindEmplLeaves;error:view:FindEmplLeaves,applications/humanres/webapp/humanres/WEB-INF/controller.xml,workforce,workforce-product-team,provisional-repository-inferred
/humanres/control/EditEmplLeaveTypes,/humanres,EditEmplLeaveTypes,true,true,,,success:view:EditEmplLeaveTypes,applications/humanres/webapp/humanres/WEB-INF/controller.xml,workforce,workforce-product-team,provisional-repository-inferred
/humanres/control/createEmplLeaveType,/humanres,createEmplLeaveType,true,true,service,createEmplLeaveType,success:view:EditEmplLeaveTypes;error:view:EditEmplLeaveTypes,applications/humanres/webapp/humanres/WEB-INF/controller.xml,workforce,workforce-product-team,provisional-repository-inferred
/humanres/control/updateEmplLeaveType,/humanres,updateEmplLeaveType,true,true,service-multi,updateEmplLeaveType,success:view:EditEmplLeaveTypes;error:view:EditEmplLeaveTypes,applications/humanres/webapp/humanres/WEB-INF/controller.xml,workforce,workforce-product-team,provisional-repository-inferred
/humanres/control/deleteEmplLeaveType,/humanres,deleteEmplLeaveType,true,true,service,deleteEmplLeaveType,success:view:EditEmplLeaveTypes;error:view:EditEmplLeaveTypes,applications/humanres/webapp/humanres/WEB-INF/controller.xml,workforce,workforce-product-team,provisional-repository-inferred
/humanres/control/FindEmplPositions,/humanres,FindEmplPositions,true,true,,,success:view:FindEmplPositions,applications/humanres/webapp/humanres/WEB-INF/controller.xml,workforce,workforce-product-team,provisional-repository-inferred
/humanres/control/EditEmplPosition,/humanres,EditEmplPosition,true,true,,,success:view:EditEmplPosition,applications/humanres/webapp/humanres/WEB-INF/controller.xml,workforce,workforce-product-team,provisional-repository-inferred
/humanres/control/ListEmplPositions,/humanres,ListEmplPositions,true,true,,,success:view:ListEmplPositions,applications/humanres/webapp/humanres/WEB-INF/controller.xml,workforce,workforce-product-team,provisional-repository-inferred
/humanres/control/createEmplPosition,/humanres,createEmplPosition,true,true,service,createEmplPosition,success:view:EditEmplPosition;error:view:EditEmplPosition,applications/humanres/webapp/humanres/WEB-INF/controller.xml,workforce,workforce-product-team,provisional-repository-inferred
/humanres/control/updateEmplPosition,/humanres,updateEmplPosition,true,true,service,updateEmplPosition,success:view:EditEmplPosition,applications/humanres/webapp/humanres/WEB-INF/controller.xml,workforce,workforce-product-team,provisional-repository-inferred
/humanres/control/deleteEmplPosition,/humanres,deleteEmplPosition,true,true,service,deleteEmplPosition,success:view:FindEmplPositions,applications/humanres/webapp/humanres/WEB-INF/controller.xml,workforce,workforce-product-team,provisional-repository-inferred
/humanres/control/EditEmplPositionFulfillments,/humanres,EditEmplPositionFulfillments,true,true,,,success:view:EditEmplPositionFulfillments,applications/humanres/webapp/humanres/WEB-INF/controller.xml,workforce,workforce-product-team,provisional-repository-inferred
/humanres/control/createEmplPositionFulfillment,/humanres,createEmplPositionFulfillment,true,true,service,createEmplPositionFulfillment,success:view:EditEmplPositionFulfillments,applications/humanres/webapp/humanres/WEB-INF/controller.xml,workforce,workforce-product-team,provisional-repository-inferred
/humanres/control/updateEmplPositionFulfillment,/humanres,updateEmplPositionFulfillment,true,true,service,updateEmplPositionFulfillment,success:view:EditEmplPositionFulfillments,applications/humanres/webapp/humanres/WEB-INF/controller.xml,workforce,workforce-product-team,provisional-repository-inferred
/humanres/control/deleteEmplPositionFulfillment,/humanres,deleteEmplPositionFulfillment,true,true,service,deleteEmplPositionFulfillment,success:view:EditEmplPositionFulfillments,applications/humanres/webapp/humanres/WEB-INF/controller.xml,workforce,workforce-product-team,provisional-repository-inferred
/humanres/control/EditEmplPositionResponsibilities,/humanres,EditEmplPositionResponsibilities,true,true,,,success:view:EditEmplPositionResponsibilities,applications/humanres/webapp/humanres/WEB-INF/controller.xml,workforce,workforce-product-team,provisional-repository-inferred
/humanres/control/createEmplPositionResponsibility,/humanres,createEmplPositionResponsibility,true,true,service,createEmplPositionResponsibility,success:view:EditEmplPositionResponsibilities,applications/humanres/webapp/humanres/WEB-INF/controller.xml,workforce,workforce-product-team,provisional-repository-inferred
/humanres/control/updateEmplPositionResponsibility,/humanres,updateEmplPositionResponsibility,true,true,service,updateEmplPositionResponsibility,success:view:EditEmplPositionResponsibilities,applications/humanres/webapp/humanres/WEB-INF/controller.xml,workforce,workforce-product-team,provisional-repository-inferred
/humanres/control/deleteEmplPositionResponsibility,/humanres,deleteEmplPositionResponsibility,true,true,service,deleteEmplPositionResponsibility,success:view:EditEmplPositionResponsibilities,applications/humanres/webapp/humanres/WEB-INF/controller.xml,workforce,workforce-product-team,provisional-repository-inferred
/humanres/control/EditEmplPositionReportingStructs,/humanres,EditEmplPositionReportingStructs,true,true,,,success:view:EditEmplPositionReportingStructs,applications/humanres/webapp/humanres/WEB-INF/controller.xml,workforce,workforce-product-team,provisional-repository-inferred
/humanres/control/createEmplPositionReportingStruct,/humanres,createEmplPositionReportingStruct,true,true,service,createEmplPositionReportingStruct,success:view:EditEmplPositionReportingStructs;error:view:EditEmplPositionReportingStructs,applications/humanres/webapp/humanres/WEB-INF/controller.xml,workforce,workforce-product-team,provisional-repository-inferred
/humanres/control/updateEmplPositionReportingStruct,/humanres,updateEmplPositionReportingStruct,true,true,service,updateEmplPositionReportingStruct,success:view:EditEmplPositionReportingStructs;error:view:EditEmplPositionReportingStructs,applications/humanres/webapp/humanres/WEB-INF/controller.xml,workforce,workforce-product-team,provisional-repository-inferred
/humanres/control/deleteEmplPositionReportingStruct,/humanres,deleteEmplPositionReportingStruct,true,true,service,deleteEmplPositionReportingStruct,success:view:EditEmplPositionReportingStructs;error:view:EditEmplPositionReportingStructs,applications/humanres/webapp/humanres/WEB-INF/controller.xml,workforce,workforce-product-team,provisional-repository-inferred
/humanres/control/findValidResponsibilities,/humanres,findValidResponsibilities,true,true,,,success:view:ListValidResponsibilities,applications/humanres/webapp/humanres/WEB-INF/controller.xml,workforce,workforce-product-team,provisional-repository-inferred
/humanres/control/EditValidResponsibility,/humanres,EditValidResponsibility,true,true,,,success:view:EditValidResponsibility,applications/humanres/webapp/humanres/WEB-INF/controller.xml,workforce,workforce-product-team,provisional-repository-inferred
/humanres/control/createValidResponsibility,/humanres,createValidResponsibility,true,true,service,createValidResponsibility,success:view:EditValidResponsibility,applications/humanres/webapp/humanres/WEB-INF/controller.xml,workforce,workforce-product-team,provisional-repository-inferred
/humanres/control/updateValidResponsibility,/humanres,updateValidResponsibility,true,true,service,updateValidResponsibility,success:view:EditValidResponsibility,applications/humanres/webapp/humanres/WEB-INF/controller.xml,workforce,workforce-product-team,provisional-repository-inferred
/humanres/control/deleteValidResponsibility,/humanres,deleteValidResponsibility,true,true,service,deleteValidResponsibility,success:view:ListValidResponsibilities,applications/humanres/webapp/humanres/WEB-INF/controller.xml,workforce,workforce-product-team,provisional-repository-inferred
/humanres/control/EmployeeProfile,/humanres,EmployeeProfile,true,true,,,success:view:EmployeeProfile,applications/humanres/webapp/humanres/WEB-INF/controller.xml,workforce,workforce-product-team,provisional-repository-inferred
/humanres/control/findSkillTypes,/humanres,findSkillTypes,true,true,,,success:view:EditSkillTypes,applications/humanres/webapp/humanres/WEB-INF/controller.xml,workforce,workforce-product-team,provisional-repository-inferred
/humanres/control/EditSkillTypes,/humanres,EditSkillTypes,true,true,,,success:view:EditSkillTypes,applications/humanres/webapp/humanres/WEB-INF/controller.xml,workforce,workforce-product-team,provisional-repository-inferred
/humanres/control/createSkillType,/humanres,createSkillType,true,true,service,createSkillType,success:view:EditSkillTypes,applications/humanres/webapp/humanres/WEB-INF/controller.xml,workforce,workforce-product-team,provisional-repository-inferred
/humanres/control/updateSkillType,/humanres,updateSkillType,true,true,service-multi,updateSkillType,success:view:EditSkillTypes,applications/humanres/webapp/humanres/WEB-INF/controller.xml,workforce,workforce-product-team,provisional-repository-inferred
/humanres/control/deleteSkillType,/humanres,deleteSkillType,true,true,service,deleteSkillType,success:view:EditSkillTypes,applications/humanres/webapp/humanres/WEB-INF/controller.xml,workforce,workforce-product-team,provisional-repository-inferred
/humanres/control/findEmployees,/humanres,findEmployees,true,true,,,success:view:FindEmployee,applications/humanres/webapp/humanres/WEB-INF/controller.xml,workforce,workforce-product-team,provisional-repository-inferred
/humanres/control/NewEmployee,/humanres,NewEmployee,true,true,,,success:view:NewEmployee,applications/humanres/webapp/humanres/WEB-INF/controller.xml,workforce,workforce-product-team,provisional-repository-inferred
/humanres/control/createEmployee,/humanres,createEmployee,true,true,service,createEmployee,success:request:EmployeeProfile;error:view:NewEmployee,applications/humanres/webapp/humanres/WEB-INF/controller.xml,workforce,workforce-product-team,provisional-repository-inferred
/humanres/control/EditEmployeeSkills,/humanres,EditEmployeeSkills,true,true,,,success:view:EditEmployeeSkills,applications/humanres/webapp/humanres/WEB-INF/controller.xml,workforce,workforce-product-team,provisional-repository-inferred
/humanres/control/createEmployeeSkill,/humanres,createEmployeeSkill,true,true,service,createPartySkill,success:view:EditEmployeeSkills;error:view:EditEmployeeSkills,applications/humanres/webapp/humanres/WEB-INF/controller.xml,workforce,workforce-product-team,provisional-repository-inferred
/humanres/control/updateEmployeeSkill,/humanres,updateEmployeeSkill,true,true,service,updatePartySkill,success:view:EditEmployeeSkills;error:view:EditEmployeeSkills,applications/humanres/webapp/humanres/WEB-INF/controller.xml,workforce,workforce-product-team,provisional-repository-inferred
/humanres/control/deleteEmployeeSkill,/humanres,deleteEmployeeSkill,true,true,service,deletePartySkill,success:view:EditEmployeeSkills;error:view:EditEmployeeSkills,applications/humanres/webapp/humanres/WEB-INF/controller.xml,workforce,workforce-product-team,provisional-repository-inferred
/humanres/control/EditEmployeeQuals,/humanres,EditEmployeeQuals,true,true,,,success:view:EditEmployeeQuals,applications/humanres/webapp/humanres/WEB-INF/controller.xml,workforce,workforce-product-team,provisional-repository-inferred
/humanres/control/createEmployeeQualification,/humanres,createEmployeeQualification,true,true,service,createPartyQual,success:view:EditEmployeeQuals;error:view:EditEmployeeQuals,applications/humanres/webapp/humanres/WEB-INF/controller.xml,workforce,workforce-product-team,provisional-repository-inferred
/humanres/control/updateEmployeeQualification,/humanres,updateEmployeeQualification,true,true,service,updatePartyQual,success:view:EditEmployeeQuals;error:view:EditEmployeeQuals,applications/humanres/webapp/humanres/WEB-INF/controller.xml,workforce,workforce-product-team,provisional-repository-inferred
/humanres/control/deleteEmployeeQualification,/humanres,deleteEmployeeQualification,true,true,service,deletePartyQual,success:view:EditEmployeeQuals;error:view:EditEmployeeQuals,applications/humanres/webapp/humanres/WEB-INF/controller.xml,workforce,workforce-product-team,provisional-repository-inferred
/humanres/control/EditEmployeeTrainings,/humanres,EditEmployeeTrainings,true,true,,,success:view:EditEmployeeTrainings,applications/humanres/webapp/humanres/WEB-INF/controller.xml,workforce,workforce-product-team,provisional-repository-inferred
/humanres/control/EditEmployeeResumes,/humanres,EditEmployeeResumes,true,true,,,success:view:EditEmployeeResumes,applications/humanres/webapp/humanres/WEB-INF/controller.xml,workforce,workforce-product-team,provisional-repository-inferred
/humanres/control/EditEmployeePerformanceNotes,/humanres,EditEmployeePerformanceNotes,true,true,,,success:view:EditEmployeePerformanceNotes,applications/humanres/webapp/humanres/WEB-INF/controller.xml,workforce,workforce-product-team,provisional-repository-inferred
/humanres/control/EditEmployeeLeaves,/humanres,EditEmployeeLeaves,true,true,,,success:view:EditEmployeeLeaves,applications/humanres/webapp/humanres/WEB-INF/controller.xml,workforce,workforce-product-team,provisional-repository-inferred
/humanres/control/createEmplLeave,/humanres,createEmplLeave,true,true,service,createEmplLeave,success:view:EditEmployeeLeaves;error:view:EditEmployeeLeaves,applications/humanres/webapp/humanres/WEB-INF/controller.xml,workforce,workforce-product-team,provisional-repository-inferred
/humanres/control/updateEmplLeave,/humanres,updateEmplLeave,true,true,service,updateEmplLeave,success:view:EditEmployeeLeaves;error:view:EditEmployeeLeaves,applications/humanres/webapp/humanres/WEB-INF/controller.xml,workforce,workforce-product-team,provisional-repository-inferred
/humanres/control/EditResponsibilityTypes,/humanres,EditResponsibilityTypes,true,true,,,success:view:EditResponsibilityTypes,applications/humanres/webapp/humanres/WEB-INF/controller.xml,workforce,workforce-product-team,provisional-repository-inferred
/humanres/control/createResponsibilityType,/humanres,createResponsibilityType,true,true,service,createResponsibilityType,success:view:EditResponsibilityTypes;error:view:EditResponsibilityTypes,applications/humanres/webapp/humanres/WEB-INF/controller.xml,workforce,workforce-product-team,provisional-repository-inferred
/humanres/control/updateResponsibilityType,/humanres,updateResponsibilityType,true,true,service-multi,updateResponsibilityType,success:view:EditResponsibilityTypes;error:view:EditResponsibilityTypes,applications/humanres/webapp/humanres/WEB-INF/controller.xml,workforce,workforce-product-team,provisional-repository-inferred
/humanres/control/deleteResponsibilityType,/humanres,deleteResponsibilityType,true,true,service,deleteResponsibilityType,success:view:EditResponsibilityTypes;error:view:EditResponsibilityTypes,applications/humanres/webapp/humanres/WEB-INF/controller.xml,workforce,workforce-product-team,provisional-repository-inferred
/humanres/control/emplPositionView,/humanres,emplPositionView,true,true,,,success:view:EmplPositionView,applications/humanres/webapp/humanres/WEB-INF/controller.xml,workforce,workforce-product-team,provisional-repository-inferred
/humanres/control/globalHRSettings,/humanres,globalHRSettings,true,true,,,success:view:EditSkillTypes,applications/humanres/webapp/humanres/WEB-INF/controller.xml,workforce,workforce-product-team,provisional-repository-inferred
/humanres/control/EditTerminationTypes,/humanres,EditTerminationTypes,true,true,,,success:view:EditTerminationTypes,applications/humanres/webapp/humanres/WEB-INF/controller.xml,workforce,workforce-product-team,provisional-repository-inferred
/humanres/control/createTerminationType,/humanres,createTerminationType,true,true,service,createTerminationType,success:view:EditTerminationTypes,applications/humanres/webapp/humanres/WEB-INF/controller.xml,workforce,workforce-product-team,provisional-repository-inferred
/humanres/control/updateTerminationType,/humanres,updateTerminationType,true,true,service-multi,updateTerminationType,success:view:EditTerminationTypes,applications/humanres/webapp/humanres/WEB-INF/controller.xml,workforce,workforce-product-team,provisional-repository-inferred
/humanres/control/deleteTerminationType,/humanres,deleteTerminationType,true,true,service,deleteTerminationType,success:view:EditTerminationTypes,applications/humanres/webapp/humanres/WEB-INF/controller.xml,workforce,workforce-product-team,provisional-repository-inferred
/humanres/control/FindEmplPositionTypes,/humanres,FindEmplPositionTypes,true,true,,,success:view:FindEmplPositionTypes,applications/humanres/webapp/humanres/WEB-INF/controller.xml,workforce,workforce-product-team,provisional-repository-inferred
/humanres/control/EditEmplPositionTypes,/humanres,EditEmplPositionTypes,true,true,,,success:view:EditEmplPositionTypes,applications/humanres/webapp/humanres/WEB-INF/controller.xml,workforce,workforce-product-team,provisional-repository-inferred
/humanres/control/createEmplPositionType,/humanres,createEmplPositionType,true,true,service,createEmplPositionType,success:view:EditEmplPositionTypes,applications/humanres/webapp/humanres/WEB-INF/controller.xml,workforce,workforce-product-team,provisional-repository-inferred
/humanres/control/updateEmplPositionType,/humanres,updateEmplPositionType,true,true,service,updateEmplPositionType,success:view:EditEmplPositionTypes,applications/humanres/webapp/humanres/WEB-INF/controller.xml,workforce,workforce-product-team,provisional-repository-inferred
/humanres/control/deleteEmplPositionType,/humanres,deleteEmplPositionType,true,true,service,deleteEmplPositionType,success:request-redirect-noparam:FindEmplPositionTypes,applications/humanres/webapp/humanres/WEB-INF/controller.xml,workforce,workforce-product-team,provisional-repository-inferred
/humanres/control/EditEmplPositionTypeRates,/humanres,EditEmplPositionTypeRates,true,true,,,success:view:EditEmplPositionTypeRates,applications/humanres/webapp/humanres/WEB-INF/controller.xml,workforce,workforce-product-team,provisional-repository-inferred
/humanres/control/updateEmplPositionTypeRate,/humanres,updateEmplPositionTypeRate,true,true,service,updateEmplPositionTypeRate,success:view:EditEmplPositionTypeRates,applications/humanres/webapp/humanres/WEB-INF/controller.xml,workforce,workforce-product-team,provisional-repository-inferred
/humanres/control/deleteEmplPositionTypeRate,/humanres,deleteEmplPositionTypeRate,true,true,service,deleteEmplPositionTypeRate,success:view:EditEmplPositionTypeRates,applications/humanres/webapp/humanres/WEB-INF/controller.xml,workforce,workforce-product-team,provisional-repository-inferred
/humanres/control/EditAgreementEmploymentAppls,/humanres,EditAgreementEmploymentAppls,true,true,,,success:view:EditAgreementEmploymentAppls,applications/humanres/webapp/humanres/WEB-INF/controller.xml,workforce,workforce-product-team,provisional-repository-inferred
/humanres/control/createAgreementEmploymentAppl,/humanres,createAgreementEmploymentAppl,true,true,service,createAgreementEmploymentAppl,success:view:EditAgreementEmploymentAppls;error:view:EditAgreementEmploymentAppls,applications/humanres/webapp/humanres/WEB-INF/controller.xml,workforce,workforce-product-team,provisional-repository-inferred
/humanres/control/updateAgreementEmploymentAppl,/humanres,updateAgreementEmploymentAppl,true,true,service-multi,updateAgreementEmploymentAppl,success:view:EditAgreementEmploymentAppls,applications/humanres/webapp/humanres/WEB-INF/controller.xml,workforce,workforce-product-team,provisional-repository-inferred
/humanres/control/deleteAgreementEmploymentAppl,/humanres,deleteAgreementEmploymentAppl,true,true,service,deleteAgreementEmploymentAppl,success:view:EditAgreementEmploymentAppls,applications/humanres/webapp/humanres/WEB-INF/controller.xml,workforce,workforce-product-team,provisional-repository-inferred
/humanres/control/EditPartySkillsExt,/humanres,EditPartySkillsExt,true,true,,,success:view:EditPartySkills,applications/humanres/webapp/humanres/WEB-INF/controller.xml,workforce,workforce-product-team,provisional-repository-inferred
/humanres/control/EditPartyResumes,/humanres,EditPartyResumes,true,true,,,success:view:EditPartyResumes,applications/humanres/webapp/humanres/WEB-INF/controller.xml,workforce,workforce-product-team,provisional-repository-inferred
/humanres/control/EditPartyResumesExt,/humanres,EditPartyResumesExt,true,true,,,success:view:EditPartyResumes,applications/humanres/webapp/humanres/WEB-INF/controller.xml,workforce,workforce-product-team,provisional-repository-inferred
/humanres/control/EditEmployeeEmploymentApps,/humanres,EditEmployeeEmploymentApps,true,true,,,success:view:EditEmployeeEmploymentApps,applications/humanres/webapp/humanres/WEB-INF/controller.xml,workforce,workforce-product-team,provisional-repository-inferred
/humanres/control/EditEmploymentAppsExt,/humanres,EditEmploymentAppsExt,true,true,,,success:view:EditEmploymentApps,applications/humanres/webapp/humanres/WEB-INF/controller.xml,workforce,workforce-product-team,provisional-repository-inferred
/humanres/control/createPartySkillExt,/humanres,createPartySkillExt,true,true,service,createPartySkill,success:view:EditPartySkills;error:view:EditPartySkills,applications/humanres/webapp/humanres/WEB-INF/controller.xml,workforce,workforce-product-team,provisional-repository-inferred
/humanres/control/updatePartySkillExt,/humanres,updatePartySkillExt,true,true,service,updatePartySkill,success:view:EditPartySkills;error:view:EditPartySkills,applications/humanres/webapp/humanres/WEB-INF/controller.xml,workforce,workforce-product-team,provisional-repository-inferred
/humanres/control/createPartyQualExt,/humanres,createPartyQualExt,true,true,service,createPartyQual,success:view:EditPartyQuals;error:view:EditPartyQuals,applications/humanres/webapp/humanres/WEB-INF/controller.xml,workforce,workforce-product-team,provisional-repository-inferred
/humanres/control/updatePartyQualExt,/humanres,updatePartyQualExt,true,true,service-multi,updatePartyQual,success:view:EditPartyQuals;error:view:EditPartyQuals,applications/humanres/webapp/humanres/WEB-INF/controller.xml,workforce,workforce-product-team,provisional-repository-inferred
/humanres/control/createEmploymentAppExt,/humanres,createEmploymentAppExt,true,true,service,createEmploymentApp,success:view:EditEmploymentApps;error:view:EditEmploymentApps,applications/humanres/webapp/humanres/WEB-INF/controller.xml,workforce,workforce-product-team,provisional-repository-inferred
/humanres/control/updateEmploymentAppExt,/humanres,updateEmploymentAppExt,true,true,service-multi,updateEmploymentApp,success:request:EditEmploymentApps;error:view:EditEmploymentApps,applications/humanres/webapp/humanres/WEB-INF/controller.xml,workforce,workforce-product-team,provisional-repository-inferred
/humanres/control/createEmplLeaveExt,/humanres,createEmplLeaveExt,true,true,service,createEmplLeave,success:view:EditEmplLeave;error:view:EditEmplLeave,applications/humanres/webapp/humanres/WEB-INF/controller.xml,workforce,workforce-product-team,provisional-repository-inferred
/humanres/control/updateEmplLeaveExt,/humanres,updateEmplLeaveExt,true,true,service,updateEmplLeave,success:view:EditEmplLeave;error:view:EditEmplLeave,applications/humanres/webapp/humanres/WEB-INF/controller.xml,workforce,workforce-product-team,provisional-repository-inferred
/humanres/control/FindJobRequisitions,/humanres,FindJobRequisitions,true,true,,,success:view:FindJobRequisitions,applications/humanres/webapp/humanres/WEB-INF/controller.xml,workforce,workforce-product-team,provisional-repository-inferred
/humanres/control/EditJobRequisition,/humanres,EditJobRequisition,true,true,,,success:view:EditJobRequisition,applications/humanres/webapp/humanres/WEB-INF/controller.xml,workforce,workforce-product-team,provisional-repository-inferred
/humanres/control/createJobRequisition,/humanres,createJobRequisition,true,true,service,createJobRequisition,success:view:EditJobRequisition;error:view:EditJobRequisition,applications/humanres/webapp/humanres/WEB-INF/controller.xml,workforce,workforce-product-team,provisional-repository-inferred
/humanres/control/updateJobRequisition,/humanres,updateJobRequisition,true,true,service,updateJobRequisition,success:request:EditJobRequisition;error:view:EditJobRequisition,applications/humanres/webapp/humanres/WEB-INF/controller.xml,workforce,workforce-product-team,provisional-repository-inferred
/humanres/control/deleteJobRequisition,/humanres,deleteJobRequisition,true,true,service,deleteJobRequisition,success:view:FindJobRequisitions,applications/humanres/webapp/humanres/WEB-INF/controller.xml,workforce,workforce-product-team,provisional-repository-inferred
/humanres/control/FindInternalJobPosting,/humanres,FindInternalJobPosting,true,true,,,success:view:FindInternalJobPosting,applications/humanres/webapp/humanres/WEB-INF/controller.xml,workforce,workforce-product-team,provisional-repository-inferred
/humanres/control/EditInternalJobPosting,/humanres,EditInternalJobPosting,true,true,,,success:view:EditInternalJobPosting,applications/humanres/webapp/humanres/WEB-INF/controller.xml,workforce,workforce-product-team,provisional-repository-inferred
/humanres/control/createInternalJobPosting,/humanres,createInternalJobPosting,true,true,service,createInternalJobPosting,success:view:EditInternalJobPosting;error:view:EditInternalJobPosting,applications/humanres/webapp/humanres/WEB-INF/controller.xml,workforce,workforce-product-team,provisional-repository-inferred
/humanres/control/updateInternalJobPosting,/humanres,updateInternalJobPosting,true,true,service,updateInternalJobPosting,success:view:EditInternalJobPosting;error:view:EditInternalJobPosting,applications/humanres/webapp/humanres/WEB-INF/controller.xml,workforce,workforce-product-team,provisional-repository-inferred
/humanres/control/deleteInternalJobPosting,/humanres,deleteInternalJobPosting,true,true,service,deleteInternalJobPosting,success:view:FindInternalJobPosting,applications/humanres/webapp/humanres/WEB-INF/controller.xml,workforce,workforce-product-team,provisional-repository-inferred
/humanres/control/FindJobInterview,/humanres,FindJobInterview,true,true,,,success:view:FindJobInterview,applications/humanres/webapp/humanres/WEB-INF/controller.xml,workforce,workforce-product-team,provisional-repository-inferred
/humanres/control/EditJobInterview,/humanres,EditJobInterview,true,true,,,success:view:EditJobInterview,applications/humanres/webapp/humanres/WEB-INF/controller.xml,workforce,workforce-product-team,provisional-repository-inferred
/humanres/control/createJobInterview,/humanres,createJobInterview,true,true,service,createJobInterview,success:view:EditJobInterview;error:view:EditJobInterview,applications/humanres/webapp/humanres/WEB-INF/controller.xml,workforce,workforce-product-team,provisional-repository-inferred
/humanres/control/updateJobInterview,/humanres,updateJobInterview,true,true,service,updateJobInterview,success:request:EditJobInterview,applications/humanres/webapp/humanres/WEB-INF/controller.xml,workforce,workforce-product-team,provisional-repository-inferred
/humanres/control/deleteJobInterview,/humanres,deleteJobInterview,true,true,service,deleteJobInterview,success:view:FindJobInterview,applications/humanres/webapp/humanres/WEB-INF/controller.xml,workforce,workforce-product-team,provisional-repository-inferred
/humanres/control/FindApprovals,/humanres,FindApprovals,true,true,,,success:view:FindApprovals,applications/humanres/webapp/humanres/WEB-INF/controller.xml,workforce,workforce-product-team,provisional-repository-inferred
/humanres/control/EditApprovalStatus,/humanres,EditApprovalStatus,true,true,,,success:view:EditApprovalStatus,applications/humanres/webapp/humanres/WEB-INF/controller.xml,workforce,workforce-product-team,provisional-repository-inferred
/humanres/control/updateApprovalStatus,/humanres,updateApprovalStatus,true,true,service,updateApprovalStatus,success:view:EditApprovalStatus;error:view:EditApprovalStatus,applications/humanres/webapp/humanres/WEB-INF/controller.xml,workforce,workforce-product-team,provisional-repository-inferred
/humanres/control/FindRelocation,/humanres,FindRelocation,true,true,,,success:view:FindRelocation,applications/humanres/webapp/humanres/WEB-INF/controller.xml,workforce,workforce-product-team,provisional-repository-inferred
/humanres/control/EditJobInterviewType,/humanres,EditJobInterviewType,true,true,,,success:view:EditJobInterviewType,applications/humanres/webapp/humanres/WEB-INF/controller.xml,workforce,workforce-product-team,provisional-repository-inferred
/humanres/control/createJobInterviewType,/humanres,createJobInterviewType,true,true,service,createJobInterviewType,success:view:EditJobInterviewType,applications/humanres/webapp/humanres/WEB-INF/controller.xml,workforce,workforce-product-team,provisional-repository-inferred
/humanres/control/updateJobInterviewType,/humanres,updateJobInterviewType,true,true,service-multi,updateJobInterviewType,success:request:EditJobInterviewType,applications/humanres/webapp/humanres/WEB-INF/controller.xml,workforce,workforce-product-team,provisional-repository-inferred
/humanres/control/deleteJobInterviewType,/humanres,deleteJobInterviewType,true,true,service,deleteJobInterviewType,success:request:EditJobInterviewType,applications/humanres/webapp/humanres/WEB-INF/controller.xml,workforce,workforce-product-team,provisional-repository-inferred
/humanres/control/TrainingCalendar,/humanres,TrainingCalendar,true,true,,,success:view:TrainingCalendar,applications/humanres/webapp/humanres/WEB-INF/controller.xml,workforce,workforce-product-team,provisional-repository-inferred
/humanres/control/createTrainingCalendar,/humanres,createTrainingCalendar,true,true,service,createWorkEffortAndPartyAssign,success:view:TrainingCalendar;error:view:TrainingCalendar,applications/humanres/webapp/humanres/WEB-INF/controller.xml,workforce,workforce-product-team,provisional-repository-inferred
/humanres/control/updateTrainingCalendar,/humanres,updateTrainingCalendar,true,true,service,updateWorkEffort,success:view-home:TrainingCalendar;error:view:TrainingCalendar,applications/humanres/webapp/humanres/WEB-INF/controller.xml,workforce,workforce-product-team,provisional-repository-inferred
/humanres/control/EditWorkEffort,/humanres,EditWorkEffort,true,true,,,success:view:TrainingCalendar,applications/humanres/webapp/humanres/WEB-INF/controller.xml,workforce,workforce-product-team,provisional-repository-inferred
/humanres/control/createTrainingTypes,/humanres,createTrainingTypes,true,true,service,createTrainingTypes,success:view:EditTrainingTypes;error:view:EditTrainingTypes,applications/humanres/webapp/humanres/WEB-INF/controller.xml,workforce,workforce-product-team,provisional-repository-inferred
/humanres/control/EditTrainingTypes,/humanres,EditTrainingTypes,true,true,,,success:view:EditTrainingTypes,applications/humanres/webapp/humanres/WEB-INF/controller.xml,workforce,workforce-product-team,provisional-repository-inferred
/humanres/control/updateTrainingTypes,/humanres,updateTrainingTypes,true,true,service-multi,updateTrainingTypes,success:view:EditTrainingTypes;error:view:EditTrainingTypes,applications/humanres/webapp/humanres/WEB-INF/controller.xml,workforce,workforce-product-team,provisional-repository-inferred
/humanres/control/deleteTrainingTypes,/humanres,deleteTrainingTypes,true,true,service,deleteTrainingTypes,success:view:EditTrainingTypes;error:view:EditTrainingTypes,applications/humanres/webapp/humanres/WEB-INF/controller.xml,workforce,workforce-product-team,provisional-repository-inferred
/humanres/control/FindTrainingStatus,/humanres,FindTrainingStatus,true,true,,,success:view:FindTrainingStatus,applications/humanres/webapp/humanres/WEB-INF/controller.xml,workforce,workforce-product-team,provisional-repository-inferred
/humanres/control/updateTrainingStatus,/humanres,updateTrainingStatus,true,true,service,updateTrainingStatus,success:view:EditTrainingApprovals;error:view:EditTrainingApprovals,applications/humanres/webapp/humanres/WEB-INF/controller.xml,workforce,workforce-product-team,provisional-repository-inferred
/humanres/control/FindTrainingApprovals,/humanres,FindTrainingApprovals,true,true,,,success:view:FindTrainingApprovals,applications/humanres/webapp/humanres/WEB-INF/controller.xml,workforce,workforce-product-team,provisional-repository-inferred
/humanres/control/EditTrainingApprovals,/humanres,EditTrainingApprovals,true,true,,,success:view:EditTrainingApprovals,applications/humanres/webapp/humanres/WEB-INF/controller.xml,workforce,workforce-product-team,provisional-repository-inferred
/humanres/control/applyTraining,/humanres,applyTraining,true,true,service,applyTraining,success:view:FindTrainingStatus;error:view:TrainingCalendar,applications/humanres/webapp/humanres/WEB-INF/controller.xml,workforce,workforce-product-team,provisional-repository-inferred
/humanres/control/assignTraining,/humanres,assignTraining,true,true,service,assignTraining,success:view:FindTrainingApprovals;error:view:TrainingCalendar,applications/humanres/webapp/humanres/WEB-INF/controller.xml,workforce,workforce-product-team,provisional-repository-inferred
/humanres/control/LookupTraining,/humanres,LookupTraining,true,true,,,success:view:LookupTraining,applications/humanres/webapp/humanres/WEB-INF/controller.xml,workforce,workforce-product-team,provisional-repository-inferred
/humanres/control/EditEmplLeaveReasonTypes,/humanres,EditEmplLeaveReasonTypes,true,true,,,success:view:EditEmplLeaveReasonTypes,applications/humanres/webapp/humanres/WEB-INF/controller.xml,workforce,workforce-product-team,provisional-repository-inferred
/humanres/control/createEmplLeaveReasonType,/humanres,createEmplLeaveReasonType,true,true,service,createEmplLeaveReasonType,success:view:EditEmplLeaveReasonTypes;error:view:EditEmplLeaveReasonTypes,applications/humanres/webapp/humanres/WEB-INF/controller.xml,workforce,workforce-product-team,provisional-repository-inferred
/humanres/control/updateEmplLeaveReasonType,/humanres,updateEmplLeaveReasonType,true,true,service-multi,updateEmplLeaveReasonType,success:view:EditEmplLeaveReasonTypes;error:view:EditEmplLeaveReasonTypes,applications/humanres/webapp/humanres/WEB-INF/controller.xml,workforce,workforce-product-team,provisional-repository-inferred
/humanres/control/deleteEmplLeaveReasonType,/humanres,deleteEmplLeaveReasonType,true,true,service,deleteEmplLeaveReasonType,success:view:EditEmplLeaveReasonTypes;error:view:EditEmplLeaveReasonTypes,applications/humanres/webapp/humanres/WEB-INF/controller.xml,workforce,workforce-product-team,provisional-repository-inferred
/humanres/control/FindLeaveApprovals,/humanres,FindLeaveApprovals,true,true,,,success:view:FindLeaveApprovals,applications/humanres/webapp/humanres/WEB-INF/controller.xml,workforce,workforce-product-team,provisional-repository-inferred
/humanres/control/EditEmplLeaveStatus,/humanres,EditEmplLeaveStatus,true,true,,,success:view:EditEmplLeaveStatus,applications/humanres/webapp/humanres/WEB-INF/controller.xml,workforce,workforce-product-team,provisional-repository-inferred
/humanres/control/updateEmplLeaveStatus,/humanres,updateEmplLeaveStatus,true,true,service,updateEmplLeaveStatus,success:view:EditEmplLeaveStatus;error:view:EditEmplLeaveStatus,applications/humanres/webapp/humanres/WEB-INF/controller.xml,workforce,workforce-product-team,provisional-repository-inferred
/humanres/control/getHRChild,/humanres,getHRChild,true,true,java,org.apache.ofbiz.humanres.HumanResEvents:getChildHRCategoryTree,success:request:json;error:request:json,applications/humanres/webapp/humanres/WEB-INF/controller.xml,workforce,workforce-product-team,provisional-repository-inferred
/humanres/control/createInternalOrg,/humanres,createInternalOrg,true,true,simple,component://humanres/minilang/HumanResEvents.xml:createInternalOrg,success:view:main;error:view:main,applications/humanres/webapp/humanres/WEB-INF/controller.xml,workforce,workforce-product-team,provisional-repository-inferred
/humanres/control/removeInternalOrg,/humanres,removeInternalOrg,true,true,simple,component://humanres/minilang/HumanResEvents.xml:removeInternalOrg,success:view:main;error:view:main,applications/humanres/webapp/humanres/WEB-INF/controller.xml,workforce,workforce-product-team,provisional-repository-inferred
/humanres/control/EditInternalOrgFtl,/humanres,EditInternalOrgFtl,true,true,,,success:view:EditInternalOrgFtl,applications/humanres/webapp/humanres/WEB-INF/controller.xml,workforce,workforce-product-team,provisional-repository-inferred
/humanres/control/RemoveInternalOrgFtl,/humanres,RemoveInternalOrgFtl,true,true,,,success:view:RemoveInternalOrgFtl,applications/humanres/webapp/humanres/WEB-INF/controller.xml,workforce,workforce-product-team,provisional-repository-inferred
/humanres/control/PublicHoliday,/humanres,PublicHoliday,true,true,,,success:view:PublicHoliday;error:view:PublicHoliday,applications/humanres/webapp/humanres/WEB-INF/controller.xml,workforce,workforce-product-team,provisional-repository-inferred
/humanres/control/createPublicHoliday,/humanres,createPublicHoliday,true,true,simple,component://humanres/minilang/HumanResEvents.xml:createPublicHoliday,success:request-redirect-noparam:PublicHoliday;error:view:PublicHoliday,applications/humanres/webapp/humanres/WEB-INF/controller.xml,workforce,workforce-product-team,provisional-repository-inferred
/humanres/control/updatePublicHoliday,/humanres,updatePublicHoliday,true,true,service,updateWorkEffort,success:request-redirect-noparam:PublicHoliday;error:view-last:,applications/humanres/webapp/humanres/WEB-INF/controller.xml,workforce,workforce-product-team,provisional-repository-inferred
/humanres/control/deletePublicHoliday,/humanres,deletePublicHoliday,true,true,service,deleteWorkEffort,success:view:PublicHoliday;error:view-last:,applications/humanres/webapp/humanres/WEB-INF/controller.xml,workforce,workforce-product-team,provisional-repository-inferred
/humanres/control/PayrollHistory,/humanres,PayrollHistory,true,true,,,success:view:PayrollHistory,applications/humanres/webapp/humanres/WEB-INF/controller.xml,workforce,workforce-product-team,provisional-repository-inferred
/humanres/control/LookupPartyName,/humanres,LookupPartyName,true,true,,,success:view:LookupPartyName,applications/humanres/webapp/humanres/WEB-INF/controller.xml,workforce,workforce-product-team,provisional-repository-inferred
/humanres/control/LookupEmployee,/humanres,LookupEmployee,true,true,,,success:view:LookupEmployee,applications/humanres/webapp/humanres/WEB-INF/controller.xml,workforce,workforce-product-team,provisional-repository-inferred
/humanres/control/LookupPayment,/humanres,LookupPayment,true,true,,,success:view:LookupPayment,applications/humanres/webapp/humanres/WEB-INF/controller.xml,workforce,workforce-product-team,provisional-repository-inferred
/humanres/control/LookupBudget,/humanres,LookupBudget,true,true,,,success:view:LookupBudget,applications/humanres/webapp/humanres/WEB-INF/controller.xml,workforce,workforce-product-team,provisional-repository-inferred
/humanres/control/LookupBudgetItem,/humanres,LookupBudgetItem,true,true,,,success:view:LookupBudgetItem,applications/humanres/webapp/humanres/WEB-INF/controller.xml,workforce,workforce-product-team,provisional-repository-inferred
/humanres/control/LookupEmplPosition,/humanres,LookupEmplPosition,true,true,,,success:view:LookupEmplPosition,applications/humanres/webapp/humanres/WEB-INF/controller.xml,workforce,workforce-product-team,provisional-repository-inferred
/humanres/control/LookupTerminationReason,/humanres,LookupTerminationReason,true,true,,,success:view:LookupTerminationReason,applications/humanres/webapp/humanres/WEB-INF/controller.xml,workforce,workforce-product-team,provisional-repository-inferred
/humanres/control/LookupSalaryStep,/humanres,LookupSalaryStep,true,true,,,success:view:LookupSalaryStep,applications/humanres/webapp/humanres/WEB-INF/controller.xml,workforce,workforce-product-team,provisional-repository-inferred
/humanres/control/LookupPayGrade,/humanres,LookupPayGrade,true,true,,,success:view:LookupPayGrade,applications/humanres/webapp/humanres/WEB-INF/controller.xml,workforce,workforce-product-team,provisional-repository-inferred
/humanres/control/LookupPayRollPreference,/humanres,LookupPayRollPreference,true,true,,,success:view:LookupPayRollPreference,applications/humanres/webapp/humanres/WEB-INF/controller.xml,workforce,workforce-product-team,provisional-repository-inferred
/humanres/control/LookupUnemploymentClaim,/humanres,LookupUnemploymentClaim,true,true,,,success:view:LookupUnemploymentClaim,applications/humanres/webapp/humanres/WEB-INF/controller.xml,workforce,workforce-product-team,provisional-repository-inferred
/humanres/control/LookupAgreementEmploymentAppl,/humanres,LookupAgreementEmploymentAppl,true,true,,,success:view:LookupAgreementEmploymentAppl,applications/humanres/webapp/humanres/WEB-INF/controller.xml,workforce,workforce-product-team,provisional-repository-inferred
/humanres/control/LookupPerfReview,/humanres,LookupPerfReview,true,true,,,success:view:LookupPerfReview,applications/humanres/webapp/humanres/WEB-INF/controller.xml,workforce,workforce-product-team,provisional-repository-inferred
/humanres/control/LookupPartyResume,/humanres,LookupPartyResume,true,true,,,success:view:LookupPartyResume,applications/humanres/webapp/humanres/WEB-INF/controller.xml,workforce,workforce-product-team,provisional-repository-inferred
/humanres/control/LookupEmploymentApp,/humanres,LookupEmploymentApp,true,true,,,success:view:LookupEmploymentApp,applications/humanres/webapp/humanres/WEB-INF/controller.xml,workforce,workforce-product-team,provisional-repository-inferred
/humanres/control/LookupAgreement,/humanres,LookupAgreement,true,true,,,success:view:LookupAgreement,applications/humanres/webapp/humanres/WEB-INF/controller.xml,workforce,workforce-product-team,provisional-repository-inferred
/humanres/control/LookupJobRequisition,/humanres,LookupJobRequisition,true,true,,,success:view:LookupJobRequisition,applications/humanres/webapp/humanres/WEB-INF/controller.xml,workforce,workforce-product-team,provisional-repository-inferred
/manufacturing/control/view,/manufacturing,view,true,true,,,success:request:main,applications/manufacturing/webapp/manufacturing/WEB-INF/controller.xml,manufacturing,manufacturing-product-team,provisional-repository-inferred
/manufacturing/control/main,/manufacturing,main,true,true,,,success:view:main,applications/manufacturing/webapp/manufacturing/WEB-INF/controller.xml,manufacturing,manufacturing-product-team,provisional-repository-inferred
/manufacturing/control/LookupPartyName,/manufacturing,LookupPartyName,true,true,,,success:view:LookupPartyName,applications/manufacturing/webapp/manufacturing/WEB-INF/controller.xml,manufacturing,manufacturing-product-team,provisional-repository-inferred
/manufacturing/control/LookupCustomerName,/manufacturing,LookupCustomerName,true,true,,,success:view:LookupCustomerName,applications/manufacturing/webapp/manufacturing/WEB-INF/controller.xml,manufacturing,manufacturing-product-team,provisional-repository-inferred
/manufacturing/control/LookupRouting,/manufacturing,LookupRouting,true,true,,,success:view:LookupRouting,applications/manufacturing/webapp/manufacturing/WEB-INF/controller.xml,manufacturing,manufacturing-product-team,provisional-repository-inferred
/manufacturing/control/LookupRoutingTask,/manufacturing,LookupRoutingTask,true,true,,,success:view:LookupRoutingTask,applications/manufacturing/webapp/manufacturing/WEB-INF/controller.xml,manufacturing,manufacturing-product-team,provisional-repository-inferred
/manufacturing/control/LookupProduct,/manufacturing,LookupProduct,true,true,,,success:view:LookupProduct,applications/manufacturing/webapp/manufacturing/WEB-INF/controller.xml,manufacturing,manufacturing-product-team,provisional-repository-inferred
/manufacturing/control/LookupVirtualProduct,/manufacturing,LookupVirtualProduct,true,true,,,success:view:LookupVirtualProduct,applications/manufacturing/webapp/manufacturing/WEB-INF/controller.xml,manufacturing,manufacturing-product-team,provisional-repository-inferred
/manufacturing/control/LookupVariantProduct,/manufacturing,LookupVariantProduct,true,true,,,success:view:LookupVariantProduct,applications/manufacturing/webapp/manufacturing/WEB-INF/controller.xml,manufacturing,manufacturing-product-team,provisional-repository-inferred
/manufacturing/control/LookupProductFeature,/manufacturing,LookupProductFeature,true,true,,,success:view:LookupProductFeature,applications/manufacturing/webapp/manufacturing/WEB-INF/controller.xml,manufacturing,manufacturing-product-team,provisional-repository-inferred
/manufacturing/control/LookupInventoryItem,/manufacturing,LookupInventoryItem,true,true,,,success:view:LookupInventoryItem,applications/manufacturing/webapp/manufacturing/WEB-INF/controller.xml,manufacturing,manufacturing-product-team,provisional-repository-inferred
/manufacturing/control/FindCalendar,/manufacturing,FindCalendar,true,true,,,success:view:FindCalendar,applications/manufacturing/webapp/manufacturing/WEB-INF/controller.xml,manufacturing,manufacturing-product-team,provisional-repository-inferred
/manufacturing/control/EditCalendar,/manufacturing,EditCalendar,true,true,,,success:view:EditCalendar,applications/manufacturing/webapp/manufacturing/WEB-INF/controller.xml,manufacturing,manufacturing-product-team,provisional-repository-inferred
/manufacturing/control/CreateCalendar,/manufacturing,CreateCalendar,true,true,service,createCalendar,success:view:EditCalendar;error:view:EditCalendar,applications/manufacturing/webapp/manufacturing/WEB-INF/controller.xml,manufacturing,manufacturing-product-team,provisional-repository-inferred
/manufacturing/control/UpdateCalendar,/manufacturing,UpdateCalendar,true,true,service,updateCalendar,success:view:EditCalendar;error:view:EditCalendar,applications/manufacturing/webapp/manufacturing/WEB-INF/controller.xml,manufacturing,manufacturing-product-team,provisional-repository-inferred
/manufacturing/control/RemoveCalendar,/manufacturing,RemoveCalendar,true,true,service,removeCalendar,success:view:FindCalendar;error:view:FindCalendar,applications/manufacturing/webapp/manufacturing/WEB-INF/controller.xml,manufacturing,manufacturing-product-team,provisional-repository-inferred
/manufacturing/control/EditCalendarWeek,/manufacturing,EditCalendarWeek,true,true,,,success:view:EditCalendarWeek,applications/manufacturing/webapp/manufacturing/WEB-INF/controller.xml,manufacturing,manufacturing-product-team,provisional-repository-inferred
/manufacturing/control/ListCalendarWeek,/manufacturing,ListCalendarWeek,true,true,,,success:view:ListCalendarWeek,applications/manufacturing/webapp/manufacturing/WEB-INF/controller.xml,manufacturing,manufacturing-product-team,provisional-repository-inferred
/manufacturing/control/createCalendarWeek,/manufacturing,createCalendarWeek,true,true,service,createCalendarWeek,success:view:EditCalendarWeek;error:view:EditCalendarWeek,applications/manufacturing/webapp/manufacturing/WEB-INF/controller.xml,manufacturing,manufacturing-product-team,provisional-repository-inferred
/manufacturing/control/updateCalendarWeek,/manufacturing,updateCalendarWeek,true,true,service,updateCalendarWeek,success:view:EditCalendarWeek;error:view:EditCalendarWeek,applications/manufacturing/webapp/manufacturing/WEB-INF/controller.xml,manufacturing,manufacturing-product-team,provisional-repository-inferred
/manufacturing/control/RemoveCalendarWeek,/manufacturing,RemoveCalendarWeek,true,true,service,removeCalendarWeek,success:view:ListCalendarWeek;error:view:ListCalendarWeek,applications/manufacturing/webapp/manufacturing/WEB-INF/controller.xml,manufacturing,manufacturing-product-team,provisional-repository-inferred
/manufacturing/control/EditCalendarExceptionDay,/manufacturing,EditCalendarExceptionDay,true,true,,,success:view:EditCalendarExceptionDay,applications/manufacturing/webapp/manufacturing/WEB-INF/controller.xml,manufacturing,manufacturing-product-team,provisional-repository-inferred
/manufacturing/control/CreateCalendarExceptionDay,/manufacturing,CreateCalendarExceptionDay,true,true,service,createCalendarExceptionDay,success:view:EditCalendarExceptionDay;error:view:EditCalendarExceptionDay,applications/manufacturing/webapp/manufacturing/WEB-INF/controller.xml,manufacturing,manufacturing-product-team,provisional-repository-inferred
/manufacturing/control/UpdateCalendarExceptionDay,/manufacturing,UpdateCalendarExceptionDay,true,true,service,updateCalendarExceptionDay,success:view:EditCalendarExceptionDay;error:view:EditCalendarExceptionDay,applications/manufacturing/webapp/manufacturing/WEB-INF/controller.xml,manufacturing,manufacturing-product-team,provisional-repository-inferred
/manufacturing/control/RemoveCalendarExceptionDay,/manufacturing,RemoveCalendarExceptionDay,true,true,service,removeCalendarExceptionDay,success:view:EditCalendarExceptionDay;error:view:EditCalendarExceptionDay,applications/manufacturing/webapp/manufacturing/WEB-INF/controller.xml,manufacturing,manufacturing-product-team,provisional-repository-inferred
/manufacturing/control/EditCalendarExceptionWeek,/manufacturing,EditCalendarExceptionWeek,true,true,,,success:view:EditCalendarExceptionWeek,applications/manufacturing/webapp/manufacturing/WEB-INF/controller.xml,manufacturing,manufacturing-product-team,provisional-repository-inferred
/manufacturing/control/CreateCalendarExceptionWeek,/manufacturing,CreateCalendarExceptionWeek,true,true,service,createCalendarExceptionWeek,success:view:EditCalendarExceptionWeek;error:view:EditCalendarExceptionWeek,applications/manufacturing/webapp/manufacturing/WEB-INF/controller.xml,manufacturing,manufacturing-product-team,provisional-repository-inferred
/manufacturing/control/UpdateCalendarExceptionWeek,/manufacturing,UpdateCalendarExceptionWeek,true,true,service,updateCalendarExceptionWeek,success:view:EditCalendarExceptionWeek;error:view:EditCalendarExceptionWeek,applications/manufacturing/webapp/manufacturing/WEB-INF/controller.xml,manufacturing,manufacturing-product-team,provisional-repository-inferred
/manufacturing/control/RemoveCalendarExceptionWeek,/manufacturing,RemoveCalendarExceptionWeek,true,true,service,removeCalendarExceptionWeek,success:view:EditCalendarExceptionWeek;error:view:EditCalendarExceptionWeek,applications/manufacturing/webapp/manufacturing/WEB-INF/controller.xml,manufacturing,manufacturing-product-team,provisional-repository-inferred
/manufacturing/control/FindRoutingTask,/manufacturing,FindRoutingTask,true,true,,,success:view:FindRoutingTask,applications/manufacturing/webapp/manufacturing/WEB-INF/controller.xml,manufacturing,manufacturing-product-team,provisional-repository-inferred
/manufacturing/control/EditRoutingTask,/manufacturing,EditRoutingTask,true,true,,,success:view:EditRoutingTask,applications/manufacturing/webapp/manufacturing/WEB-INF/controller.xml,manufacturing,manufacturing-product-team,provisional-repository-inferred
/manufacturing/control/EditRoutingTaskCosts,/manufacturing,EditRoutingTaskCosts,true,true,,,success:view:EditRoutingTaskCosts,applications/manufacturing/webapp/manufacturing/WEB-INF/controller.xml,manufacturing,manufacturing-product-team,provisional-repository-inferred
/manufacturing/control/ListRoutingTaskRoutings,/manufacturing,ListRoutingTaskRoutings,true,true,,,success:view:ListRoutingTaskRoutings,applications/manufacturing/webapp/manufacturing/WEB-INF/controller.xml,manufacturing,manufacturing-product-team,provisional-repository-inferred
/manufacturing/control/ListRoutingTaskProducts,/manufacturing,ListRoutingTaskProducts,true,true,,,success:view:ListRoutingTaskProducts,applications/manufacturing/webapp/manufacturing/WEB-INF/controller.xml,manufacturing,manufacturing-product-team,provisional-repository-inferred
/manufacturing/control/EditRoutingTaskProduct,/manufacturing,EditRoutingTaskProduct,true,true,,,success:view:EditRoutingTaskProduct,applications/manufacturing/webapp/manufacturing/WEB-INF/controller.xml,manufacturing,manufacturing-product-team,provisional-repository-inferred
/manufacturing/control/CreateRoutingTask,/manufacturing,CreateRoutingTask,true,true,service,createWorkEffort,success:view:EditRoutingTask;error:view:EditRoutingTask,applications/manufacturing/webapp/manufacturing/WEB-INF/controller.xml,manufacturing,manufacturing-product-team,provisional-repository-inferred
/manufacturing/control/UpdateRoutingTask,/manufacturing,UpdateRoutingTask,true,true,service,updateWorkEffort,success:view:EditRoutingTask;error:view:EditRoutingTask,applications/manufacturing/webapp/manufacturing/WEB-INF/controller.xml,manufacturing,manufacturing-product-team,provisional-repository-inferred
/manufacturing/control/RemoveRoutingTask,/manufacturing,RemoveRoutingTask,true,true,service,deleteWorkEffort,success:view:FindRoutingTask;error:view:FindRoutingTask,applications/manufacturing/webapp/manufacturing/WEB-INF/controller.xml,manufacturing,manufacturing-product-team,provisional-repository-inferred
/manufacturing/control/FindRouting,/manufacturing,FindRouting,true,true,,,success:view:FindRouting,applications/manufacturing/webapp/manufacturing/WEB-INF/controller.xml,manufacturing,manufacturing-product-team,provisional-repository-inferred
/manufacturing/control/EditRouting,/manufacturing,EditRouting,true,true,,,success:view:EditRouting,applications/manufacturing/webapp/manufacturing/WEB-INF/controller.xml,manufacturing,manufacturing-product-team,provisional-repository-inferred
/manufacturing/control/CreateRouting,/manufacturing,CreateRouting,true,true,service,createWorkEffort,success:view:EditRouting;error:view:EditRouting,applications/manufacturing/webapp/manufacturing/WEB-INF/controller.xml,manufacturing,manufacturing-product-team,provisional-repository-inferred
/manufacturing/control/UpdateRouting,/manufacturing,UpdateRouting,true,true,service,updateWorkEffort,success:view:EditRouting;error:view:EditRouting,applications/manufacturing/webapp/manufacturing/WEB-INF/controller.xml,manufacturing,manufacturing-product-team,provisional-repository-inferred
/manufacturing/control/EditRoutingTaskAssoc,/manufacturing,EditRoutingTaskAssoc,true,true,,,success:view:EditRoutingTaskAssoc,applications/manufacturing/webapp/manufacturing/WEB-INF/controller.xml,manufacturing,manufacturing-product-team,provisional-repository-inferred
/manufacturing/control/AddRoutingTaskAssoc,/manufacturing,AddRoutingTaskAssoc,true,true,simple,component://manufacturing/minilang/techdata/RoutingSimpleEvents.xml:addRoutingTaskAssoc,success:view:EditRoutingTaskAssoc;error:view:EditRoutingTaskAssoc,applications/manufacturing/webapp/manufacturing/WEB-INF/controller.xml,manufacturing,manufacturing-product-team,provisional-repository-inferred
/manufacturing/control/UpdateRoutingTaskAssoc,/manufacturing,UpdateRoutingTaskAssoc,true,true,simple,component://manufacturing/minilang/techdata/RoutingSimpleEvents.xml:updateRoutingTaskAssoc,success:view:EditRoutingTaskAssoc;error:view:EditRoutingTaskAssoc,applications/manufacturing/webapp/manufacturing/WEB-INF/controller.xml,manufacturing,manufacturing-product-team,provisional-repository-inferred
/manufacturing/control/RemoveRoutingTaskAssoc,/manufacturing,RemoveRoutingTaskAssoc,true,true,service,removeWorkEffortAssoc,success:view:EditRoutingTaskAssoc;error:view:EditRoutingTaskAssoc,applications/manufacturing/webapp/manufacturing/WEB-INF/controller.xml,manufacturing,manufacturing-product-team,provisional-repository-inferred
/manufacturing/control/UpdateRoutingTaskForRouting,/manufacturing,UpdateRoutingTaskForRouting,true,true,service,updateWorkEffort,success:view:EditRoutingTaskAssoc;error:view:EditRoutingTaskAssoc,applications/manufacturing/webapp/manufacturing/WEB-INF/controller.xml,manufacturing,manufacturing-product-team,provisional-repository-inferred
/manufacturing/control/EditRoutingProductLink,/manufacturing,EditRoutingProductLink,true,true,,,success:view:EditRoutingProductLink,applications/manufacturing/webapp/manufacturing/WEB-INF/controller.xml,manufacturing,manufacturing-product-team,provisional-repository-inferred
/manufacturing/control/AddRoutingProductLink,/manufacturing,AddRoutingProductLink,true,true,service,createWorkEffortGoodStandard,success:view:EditRoutingProductLink;error:view:EditRoutingProductLink,applications/manufacturing/webapp/manufacturing/WEB-INF/controller.xml,manufacturing,manufacturing-product-team,provisional-repository-inferred
/manufacturing/control/UpdateRoutingProductLink,/manufacturing,UpdateRoutingProductLink,true,true,service,updateWorkEffortGoodStandard,success:view:EditRoutingProductLink;error:view:EditRoutingProductLink,applications/manufacturing/webapp/manufacturing/WEB-INF/controller.xml,manufacturing,manufacturing-product-team,provisional-repository-inferred
/manufacturing/control/addRoutingTaskProduct,/manufacturing,addRoutingTaskProduct,true,true,service,createWorkEffortGoodStandard,success:view:EditRoutingTaskProduct;error:view:EditRoutingTaskProduct,applications/manufacturing/webapp/manufacturing/WEB-INF/controller.xml,manufacturing,manufacturing-product-team,provisional-repository-inferred
/manufacturing/control/updateRoutingTaskProduct,/manufacturing,updateRoutingTaskProduct,true,true,service,updateWorkEffortGoodStandard,success:view:EditRoutingTaskProduct;error:view:EditRoutingTaskProduct,applications/manufacturing/webapp/manufacturing/WEB-INF/controller.xml,manufacturing,manufacturing-product-team,provisional-repository-inferred
/manufacturing/control/addRoutingTaskCost,/manufacturing,addRoutingTaskCost,true,true,service,createWorkEffortCostCalc,success:view:EditRoutingTaskCosts;error:view:EditRoutingTaskCosts,applications/manufacturing/webapp/manufacturing/WEB-INF/controller.xml,manufacturing,manufacturing-product-team,provisional-repository-inferred
/manufacturing/control/removeRoutingTaskCost,/manufacturing,removeRoutingTaskCost,true,true,service,removeWorkEffortCostCalc,success:view:EditRoutingTaskCosts;error:view:EditRoutingTaskCosts,applications/manufacturing/webapp/manufacturing/WEB-INF/controller.xml,manufacturing,manufacturing-product-team,provisional-repository-inferred
/manufacturing/control/EditRoutingTaskFixedAssets,/manufacturing,EditRoutingTaskFixedAssets,true,true,,,success:view:EditRoutingTaskFixedAssets,applications/manufacturing/webapp/manufacturing/WEB-INF/controller.xml,manufacturing,manufacturing-product-team,provisional-repository-inferred
/manufacturing/control/createRoutingTaskFixedAsset,/manufacturing,createRoutingTaskFixedAsset,true,true,service,createWorkEffortFixedAssetStd,success:view:EditRoutingTaskFixedAssets;error:view:EditRoutingTaskFixedAssets,applications/manufacturing/webapp/manufacturing/WEB-INF/controller.xml,manufacturing,manufacturing-product-team,provisional-repository-inferred
/manufacturing/control/updateRoutingTaskFixedAsset,/manufacturing,updateRoutingTaskFixedAsset,true,true,service,updateWorkEffortFixedAssetStd,success:view:EditRoutingTaskFixedAssets;error:view:EditRoutingTaskFixedAssets,applications/manufacturing/webapp/manufacturing/WEB-INF/controller.xml,manufacturing,manufacturing-product-team,provisional-repository-inferred
/manufacturing/control/removeRoutingTaskFixedAsset,/manufacturing,removeRoutingTaskFixedAsset,true,true,service,removeWorkEffortFixedAssetStd,success:view:EditRoutingTaskFixedAssets;error:view:EditRoutingTaskFixedAssets,applications/manufacturing/webapp/manufacturing/WEB-INF/controller.xml,manufacturing,manufacturing-product-team,provisional-repository-inferred
/manufacturing/control/EditRoutingTaskParties,/manufacturing,EditRoutingTaskParties,true,true,,,success:view:EditRoutingTaskParties,applications/manufacturing/webapp/manufacturing/WEB-INF/controller.xml,manufacturing,manufacturing-product-team,provisional-repository-inferred
/manufacturing/control/createRoutinTaskPartyAssign,/manufacturing,createRoutinTaskPartyAssign,true,true,service,assignPartyToWorkEffort,success:request-redirect:EditRoutingTaskParties,applications/manufacturing/webapp/manufacturing/WEB-INF/controller.xml,manufacturing,manufacturing-product-team,provisional-repository-inferred
/manufacturing/control/updateRoutinTaskPartyAssign,/manufacturing,updateRoutinTaskPartyAssign,true,true,service,updatePartyToWorkEffortAssignment,success:request-redirect:EditRoutingTaskParties,applications/manufacturing/webapp/manufacturing/WEB-INF/controller.xml,manufacturing,manufacturing-product-team,provisional-repository-inferred
/manufacturing/control/EditRoutingTaskSkills,/manufacturing,EditRoutingTaskSkills,true,true,,,success:view:EditRoutingTaskSkills,applications/manufacturing/webapp/manufacturing/WEB-INF/controller.xml,manufacturing,manufacturing-product-team,provisional-repository-inferred
/manufacturing/control/createRoutingTaskSkill,/manufacturing,createRoutingTaskSkill,true,true,service,createWorkEffortSkillStandard,success:request-redirect:EditRoutingTaskSkills,applications/manufacturing/webapp/manufacturing/WEB-INF/controller.xml,manufacturing,manufacturing-product-team,provisional-repository-inferred
/manufacturing/control/updateRoutingTaskSkill,/manufacturing,updateRoutingTaskSkill,true,true,service,updateWorkEffortSkillStandard,success:request-redirect:EditRoutingTaskSkills,applications/manufacturing/webapp/manufacturing/WEB-INF/controller.xml,manufacturing,manufacturing-product-team,provisional-repository-inferred
/manufacturing/control/deleteRoutingTaskSkill,/manufacturing,deleteRoutingTaskSkill,true,true,service,deleteWorkEffortSkillStandard,success:request-redirect:EditRoutingTaskSkills,applications/manufacturing/webapp/manufacturing/WEB-INF/controller.xml,manufacturing,manufacturing-product-team,provisional-repository-inferred
/manufacturing/control/EditCostCalcs,/manufacturing,EditCostCalcs,true,true,,,success:view:EditCostCalcs,applications/manufacturing/webapp/manufacturing/WEB-INF/controller.xml,manufacturing,manufacturing-product-team,provisional-repository-inferred
/manufacturing/control/createCostComponentCalc,/manufacturing,createCostComponentCalc,true,true,service,createCostComponentCalc,success:view:EditCostCalcs;error:view:EditCostCalcs,applications/manufacturing/webapp/manufacturing/WEB-INF/controller.xml,manufacturing,manufacturing-product-team,provisional-repository-inferred
/manufacturing/control/updateCostComponentCalc,/manufacturing,updateCostComponentCalc,true,true,service,updateCostComponentCalc,success:view:EditCostCalcs;error:view:EditCostCalcs,applications/manufacturing/webapp/manufacturing/WEB-INF/controller.xml,manufacturing,manufacturing-product-team,provisional-repository-inferred
/manufacturing/control/removeCostComponentCalc,/manufacturing,removeCostComponentCalc,true,true,service,removeCostComponentCalc,success:view:EditCostCalcs;error:view:EditCostCalcs,applications/manufacturing/webapp/manufacturing/WEB-INF/controller.xml,manufacturing,manufacturing-product-team,provisional-repository-inferred
/manufacturing/control/BomSimulation,/manufacturing,BomSimulation,true,true,,,success:view:BomSimulation,applications/manufacturing/webapp/manufacturing/WEB-INF/controller.xml,manufacturing,manufacturing-product-team,provisional-repository-inferred
/manufacturing/control/runBomSimulation,/manufacturing,runBomSimulation,true,true,service,getBOMTree,success:view:BomSimulation,applications/manufacturing/webapp/manufacturing/WEB-INF/controller.xml,manufacturing,manufacturing-product-team,provisional-repository-inferred
/manufacturing/control/EditProductBom,/manufacturing,EditProductBom,true,true,,,success:view:EditProductBom,applications/manufacturing/webapp/manufacturing/WEB-INF/controller.xml,manufacturing,manufacturing-product-team,provisional-repository-inferred
/manufacturing/control/UpdateProductBom,/manufacturing,UpdateProductBom,true,true,simple,component://manufacturing/minilang/bom/BomSimpleMethods.xml:eventEditBOM,success:view:EditProductBom;error:view:EditProductBom,applications/manufacturing/webapp/manufacturing/WEB-INF/controller.xml,manufacturing,manufacturing-product-team,provisional-repository-inferred
/manufacturing/control/FindBom,/manufacturing,FindBom,true,true,,,success:view:FindBom,applications/manufacturing/webapp/manufacturing/WEB-INF/controller.xml,manufacturing,manufacturing-product-team,provisional-repository-inferred
/manufacturing/control/EditProductManufacturingRules,/manufacturing,EditProductManufacturingRules,true,true,,,success:view:EditProductManufacturingRules,applications/manufacturing/webapp/manufacturing/WEB-INF/controller.xml,manufacturing,manufacturing-product-team,provisional-repository-inferred
/manufacturing/control/AddProductManufacturingRule,/manufacturing,AddProductManufacturingRule,true,true,service,addProductManufacturingRule,success:view:EditProductManufacturingRules;error:view:EditProductManufacturingRules,applications/manufacturing/webapp/manufacturing/WEB-INF/controller.xml,manufacturing,manufacturing-product-team,provisional-repository-inferred
/manufacturing/control/UpdateProductManufacturingRule,/manufacturing,UpdateProductManufacturingRule,true,true,service,updateProductManufacturingRule,success:view:EditProductManufacturingRules;error:view:EditProductManufacturingRules,applications/manufacturing/webapp/manufacturing/WEB-INF/controller.xml,manufacturing,manufacturing-product-team,provisional-repository-inferred
/manufacturing/control/DeleteProductManufacturingRule,/manufacturing,DeleteProductManufacturingRule,true,true,service,deleteProductManufacturingRule,success:request-redirect-noparam:EditProductManufacturingRules;error:request-redirect-noparam:EditProductManufacturingRules,applications/manufacturing/webapp/manufacturing/WEB-INF/controller.xml,manufacturing,manufacturing-product-team,provisional-repository-inferred
/manufacturing/control/FindInventoryEventPlan,/manufacturing,FindInventoryEventPlan,true,true,,,success:view:FindMrpPlannedEvents,applications/manufacturing/webapp/manufacturing/WEB-INF/controller.xml,manufacturing,manufacturing-product-team,provisional-repository-inferred
/manufacturing/control/RunMrp,/manufacturing,RunMrp,true,true,,,success:view:MrpExecution,applications/manufacturing/webapp/manufacturing/WEB-INF/controller.xml,manufacturing,manufacturing-product-team,provisional-repository-inferred
/manufacturing/control/runMrpGo,/manufacturing,runMrpGo,true,true,service,launchMrpRun,success:view:RunMrpGo;error:view:MrpExecution,applications/manufacturing/webapp/manufacturing/WEB-INF/controller.xml,manufacturing,manufacturing-product-team,provisional-repository-inferred
/manufacturing/control/CreateProductionRun,/manufacturing,CreateProductionRun,true,true,,,success:view:CreateProductionRun,applications/manufacturing/webapp/manufacturing/WEB-INF/controller.xml,manufacturing,manufacturing-product-team,provisional-repository-inferred
/manufacturing/control/createProductionRun,/manufacturing,createProductionRun,true,true,simple,component://manufacturing/minilang/jobshopmgt/ProductionRunSimpleEvents.xml:createProductionRun,createProductionRunsForProductBom:request:createProductionRunsForProductBom;createProductionRunSingle:request:createProductionRunSingle,applications/manufacturing/webapp/manufacturing/WEB-INF/controller.xml,manufacturing,manufacturing-product-team,provisional-repository-inferred
/manufacturing/control/createProductionRunsForProductBom,/manufacturing,createProductionRunsForProductBom,true,true,service,createProductionRunsForProductBom,success:view:EditProductionRun;error:view:CreateProductionRun,applications/manufacturing/webapp/manufacturing/WEB-INF/controller.xml,manufacturing,manufacturing-product-team,provisional-repository-inferred
/manufacturing/control/createProductionRunSingle,/manufacturing,createProductionRunSingle,true,true,service,createProductionRun,success:view:EditProductionRun;error:view:CreateProductionRun,applications/manufacturing/webapp/manufacturing/WEB-INF/controller.xml,manufacturing,manufacturing-product-team,provisional-repository-inferred
/manufacturing/control/ShowProductionRun,/manufacturing,ShowProductionRun,true,true,groovy,component://manufacturing/src/main/groovy/org/apache/ofbiz/manufacturing/jobshopmgt/ShowProductionRun.groovy,docs_not_printed:view:EditProductionRun;docs_printed:view:ProductionRunDeclaration;error:view:FindProductionRun,applications/manufacturing/webapp/manufacturing/WEB-INF/controller.xml,manufacturing,manufacturing-product-team,provisional-repository-inferred
/manufacturing/control/EditProductionRun,/manufacturing,EditProductionRun,true,true,,,success:view:EditProductionRun,applications/manufacturing/webapp/manufacturing/WEB-INF/controller.xml,manufacturing,manufacturing-product-team,provisional-repository-inferred
/manufacturing/control/PrintProductionRun,/manufacturing,PrintProductionRun,true,true,,,success:view:PrintProductionRun,applications/manufacturing/webapp/manufacturing/WEB-INF/controller.xml,manufacturing,manufacturing-product-team,provisional-repository-inferred
/manufacturing/control/LinkProductionRun,/manufacturing,LinkProductionRun,true,true,,,success:view:LinkProductionRun,applications/manufacturing/webapp/manufacturing/WEB-INF/controller.xml,manufacturing,manufacturing-product-team,provisional-repository-inferred
/manufacturing/control/assocProductionRunParty,/manufacturing,assocProductionRunParty,true,true,,,success:view:assocProdRunParty,applications/manufacturing/webapp/manufacturing/WEB-INF/controller.xml,manufacturing,manufacturing-product-team,provisional-repository-inferred
/manufacturing/control/createProductionRunPartyAssign,/manufacturing,createProductionRunPartyAssign,true,true,service,createProductionRunPartyAssign,success:view:ProductionRunParties,applications/manufacturing/webapp/manufacturing/WEB-INF/controller.xml,manufacturing,manufacturing-product-team,provisional-repository-inferred
/manufacturing/control/productionRunParties,/manufacturing,productionRunParties,true,true,,,success:view:ProductionRunParties,applications/manufacturing/webapp/manufacturing/WEB-INF/controller.xml,manufacturing,manufacturing-product-team,provisional-repository-inferred
/manufacturing/control/createProductionRunAssoc,/manufacturing,createProductionRunAssoc,true,true,service,createProductionRunAssoc,success:view:ProductionRunAssocs,applications/manufacturing/webapp/manufacturing/WEB-INF/controller.xml,manufacturing,manufacturing-product-team,provisional-repository-inferred
/manufacturing/control/removeProductionRunAssoc,/manufacturing,removeProductionRunAssoc,true,true,service,removeWorkEffortAssoc,success:view:EditProductionRun;error:view:EditProductionRun,applications/manufacturing/webapp/manufacturing/WEB-INF/controller.xml,manufacturing,manufacturing-product-team,provisional-repository-inferred
/manufacturing/control/ManufacturingReports,/manufacturing,ManufacturingReports,true,true,,,success:view:ManufacturingReports,applications/manufacturing/webapp/manufacturing/WEB-INF/controller.xml,manufacturing,manufacturing-product-team,provisional-repository-inferred
/manufacturing/control/FindProductionRun,/manufacturing,FindProductionRun,true,true,,,success:view:FindProductionRun,applications/manufacturing/webapp/manufacturing/WEB-INF/controller.xml,manufacturing,manufacturing-product-team,provisional-repository-inferred
/manufacturing/control/updateProductionRun,/manufacturing,updateProductionRun,true,true,service,updateProductionRun,success:view:EditProductionRun;error:view:EditProductionRun,applications/manufacturing/webapp/manufacturing/WEB-INF/controller.xml,manufacturing,manufacturing-product-team,provisional-repository-inferred
/manufacturing/control/ProductionRunDeclaration,/manufacturing,ProductionRunDeclaration,true,true,,,success:view:ProductionRunDeclaration,applications/manufacturing/webapp/manufacturing/WEB-INF/controller.xml,manufacturing,manufacturing-product-team,provisional-repository-inferred
/manufacturing/control/ProductionRunCosts,/manufacturing,ProductionRunCosts,true,true,,,success:view:ProductionRunCosts,applications/manufacturing/webapp/manufacturing/WEB-INF/controller.xml,manufacturing,manufacturing-product-team,provisional-repository-inferred
/manufacturing/control/ProductionRunFixedAssets,/manufacturing,ProductionRunFixedAssets,true,true,,,success:view:ProductionRunFixedAssets,applications/manufacturing/webapp/manufacturing/WEB-INF/controller.xml,manufacturing,manufacturing-product-team,provisional-repository-inferred
/manufacturing/control/createWorkEffortFixedAssetAssign,/manufacturing,createWorkEffortFixedAssetAssign,true,true,service,createWorkEffortFixedAssetAssign,success:view:ProductionRunFixedAssets;error:view:ProductionRunFixedAssets,applications/manufacturing/webapp/manufacturing/WEB-INF/controller.xml,manufacturing,manufacturing-product-team,provisional-repository-inferred
/manufacturing/control/updateWorkEffortFixedAssetAssign,/manufacturing,updateWorkEffortFixedAssetAssign,true,true,service,updateWorkEffortFixedAssetAssign,success:view:ProductionRunFixedAssets;error:view:ProductionRunFixedAssets,applications/manufacturing/webapp/manufacturing/WEB-INF/controller.xml,manufacturing,manufacturing-product-team,provisional-repository-inferred
/manufacturing/control/removeWorkEffortFixedAssetAssign,/manufacturing,removeWorkEffortFixedAssetAssign,true,true,service,removeWorkEffortFixedAssetAssign,success:view:ProductionRunFixedAssets;error:view:ProductionRunFixedAssets,applications/manufacturing/webapp/manufacturing/WEB-INF/controller.xml,manufacturing,manufacturing-product-team,provisional-repository-inferred
/manufacturing/control/ProductionRunTasks,/manufacturing,ProductionRunTasks,true,true,,,success:view:ProductionRunTasks,applications/manufacturing/webapp/manufacturing/WEB-INF/controller.xml,manufacturing,manufacturing-product-team,provisional-repository-inferred
/manufacturing/control/addProductionRunRoutingTask,/manufacturing,addProductionRunRoutingTask,true,true,simple,component://manufacturing/minilang/jobshopmgt/ProductionRunSimpleEvents.xml:addProductionRunRoutingTask,success:view:ProductionRunTasks,applications/manufacturing/webapp/manufacturing/WEB-INF/controller.xml,manufacturing,manufacturing-product-team,provisional-repository-inferred
/manufacturing/control/updateProductionRunRoutingTask,/manufacturing,updateProductionRunRoutingTask,true,true,simple,component://manufacturing/minilang/jobshopmgt/ProductionRunSimpleEvents.xml:editProductionRunRoutingTask,success:view:ProductionRunTasks,applications/manufacturing/webapp/manufacturing/WEB-INF/controller.xml,manufacturing,manufacturing-product-team,provisional-repository-inferred
/manufacturing/control/deleteProductionRunRoutingTask,/manufacturing,deleteProductionRunRoutingTask,true,true,service,deleteWorkEffort,success:view:ProductionRunTasks;error:view:ProductionRunTasks,applications/manufacturing/webapp/manufacturing/WEB-INF/controller.xml,manufacturing,manufacturing-product-team,provisional-repository-inferred
/manufacturing/control/ProductionRunComponents,/manufacturing,ProductionRunComponents,true,true,,,success:view:ProductionRunComponents,applications/manufacturing/webapp/manufacturing/WEB-INF/controller.xml,manufacturing,manufacturing-product-team,provisional-repository-inferred
/manufacturing/control/ConfirmForceIssueModal,/manufacturing,ConfirmForceIssueModal,true,true,,,success:view:ConfirmForceIssueModal,applications/manufacturing/webapp/manufacturing/WEB-INF/controller.xml,manufacturing,manufacturing-product-team,provisional-repository-inferred
/manufacturing/control/reallocateAndIssueInventory,/manufacturing,reallocateAndIssueInventory,true,true,service,reallocateAndIssueInventory,success:request-redirect:ProductionRunDeclaration;error:request-redirect:ProductionRunDeclaration,applications/manufacturing/webapp/manufacturing/WEB-INF/controller.xml,manufacturing,manufacturing-product-team,provisional-repository-inferred
/manufacturing/control/EditWorkEffortInvRes,/manufacturing,EditWorkEffortInvRes,true,true,,,success:view:EditWorkEffortInvRes,applications/manufacturing/webapp/manufacturing/WEB-INF/controller.xml,manufacturing,manufacturing-product-team,provisional-repository-inferred
/manufacturing/control/createWorkEffortInvRes,/manufacturing,createWorkEffortInvRes,true,true,service,reserveWorkEffortInventoryItem,success:view:EditWorkEffortInvRes;error:view:EditWorkEffortInvRes,applications/manufacturing/webapp/manufacturing/WEB-INF/controller.xml,manufacturing,manufacturing-product-team,provisional-repository-inferred
/manufacturing/control/deleteWorkEffortInvRes,/manufacturing,deleteWorkEffortInvRes,true,true,service,releaseProductionRunTaskComponent,success:view:EditWorkEffortInvRes;error:view:EditWorkEffortInvRes,applications/manufacturing/webapp/manufacturing/WEB-INF/controller.xml,manufacturing,manufacturing-product-team,provisional-repository-inferred
/manufacturing/control/addProductionRunComponent,/manufacturing,addProductionRunComponent,true,true,service,addProductionRunComponent,success:view:ProductionRunComponents;error:view:ProductionRunComponents,applications/manufacturing/webapp/manufacturing/WEB-INF/controller.xml,manufacturing,manufacturing-product-team,provisional-repository-inferred
/manufacturing/control/updateProductionRunComponent,/manufacturing,updateProductionRunComponent,true,true,service,updateProductionRunComponent,success:view:ProductionRunComponents;error:view:ProductionRunComponents,applications/manufacturing/webapp/manufacturing/WEB-INF/controller.xml,manufacturing,manufacturing-product-team,provisional-repository-inferred
/manufacturing/control/deleteProductionRunComponent,/manufacturing,deleteProductionRunComponent,true,true,service,removeWorkEffortGoodStandard,success:view:ProductionRunComponents;error:view:ProductionRunComponents,applications/manufacturing/webapp/manufacturing/WEB-INF/controller.xml,manufacturing,manufacturing-product-team,provisional-repository-inferred
/manufacturing/control/ProductionRunActualComponents,/manufacturing,ProductionRunActualComponents,true,true,,,success:view:ProductionRunActualComponents,applications/manufacturing/webapp/manufacturing/WEB-INF/controller.xml,manufacturing,manufacturing-product-team,provisional-repository-inferred
/manufacturing/control/issueProductionRunTaskComponent,/manufacturing,issueProductionRunTaskComponent,true,true,service,issueProductionRunTaskComponent,success:view:ProductionRunActualComponents;error:view:ProductionRunActualComponents,applications/manufacturing/webapp/manufacturing/WEB-INF/controller.xml,manufacturing,manufacturing-product-team,provisional-repository-inferred
/manufacturing/control/ProductionRunContent,/manufacturing,ProductionRunContent,true,true,,,success:view:ProductionRunContent,applications/manufacturing/webapp/manufacturing/WEB-INF/controller.xml,manufacturing,manufacturing-product-team,provisional-repository-inferred
/manufacturing/control/ProductionRunAssocs,/manufacturing,ProductionRunAssocs,true,true,,,success:view:ProductionRunAssocs,applications/manufacturing/webapp/manufacturing/WEB-INF/controller.xml,manufacturing,manufacturing-product-team,provisional-repository-inferred
/manufacturing/control/removeRoutingProductLink,/manufacturing,removeRoutingProductLink,true,true,service,removeWorkEffortGoodStandard,success:view:EditRoutingProductLink;error:view:EditRoutingProductLink,applications/manufacturing/webapp/manufacturing/WEB-INF/controller.xml,manufacturing,manufacturing-product-team,provisional-repository-inferred
/manufacturing/control/removeRoutingTaskProduct,/manufacturing,removeRoutingTaskProduct,true,true,service,removeWorkEffortGoodStandard,success:view:ListRoutingTaskProducts;error:view:ListRoutingTaskProducts,applications/manufacturing/webapp/manufacturing/WEB-INF/controller.xml,manufacturing,manufacturing-product-team,provisional-repository-inferred
/manufacturing/control/changeProductionRunStatusToPrinted,/manufacturing,changeProductionRunStatusToPrinted,true,true,service,changeProductionRunStatus,success:view:ProductionRunDeclaration;error:view:EditProductionRun,applications/manufacturing/webapp/manufacturing/WEB-INF/controller.xml,manufacturing,manufacturing-product-team,provisional-repository-inferred
/manufacturing/control/changeProductionRunStatusToClosed,/manufacturing,changeProductionRunStatusToClosed,true,true,service,changeProductionRunStatus,success:view:ProductionRunDeclaration;error:view:EditProductionRun,applications/manufacturing/webapp/manufacturing/WEB-INF/controller.xml,manufacturing,manufacturing-product-team,provisional-repository-inferred
/manufacturing/control/changeProductionRunTaskStatus,/manufacturing,changeProductionRunTaskStatus,true,true,service,changeProductionRunTaskStatus,success:view:ProductionRunDeclaration;error:view:ProductionRunDeclaration,applications/manufacturing/webapp/manufacturing/WEB-INF/controller.xml,manufacturing,manufacturing-product-team,provisional-repository-inferred
/manufacturing/control/issueProductionRunRoutingTask,/manufacturing,issueProductionRunRoutingTask,true,true,service,issueProductionRunTask,success:view:ProductionRunDeclaration;error:view:ProductionRunDeclaration,applications/manufacturing/webapp/manufacturing/WEB-INF/controller.xml,manufacturing,manufacturing-product-team,provisional-repository-inferred
/manufacturing/control/issueProductionRunTaskComponents,/manufacturing,issueProductionRunTaskComponents,true,true,service-multi,issueProductionRunTaskComponent,success:view:ProductionRunDeclaration;error:view:ProductionRunDeclaration,applications/manufacturing/webapp/manufacturing/WEB-INF/controller.xml,manufacturing,manufacturing-product-team,provisional-repository-inferred
/manufacturing/control/createProductionRunTaskProduct,/manufacturing,createProductionRunTaskProduct,true,true,service,productionRunTaskProduce,success:view:ProductionRunDeclaration;error:view:ProductionRunDeclaration,applications/manufacturing/webapp/manufacturing/WEB-INF/controller.xml,manufacturing,manufacturing-product-team,provisional-repository-inferred
/manufacturing/control/productionRunTaskReturnMaterials,/manufacturing,productionRunTaskReturnMaterials,true,true,service-multi,productionRunTaskReturnMaterial,success:view:ProductionRunDeclaration;error:view:ProductionRunDeclaration,applications/manufacturing/webapp/manufacturing/WEB-INF/controller.xml,manufacturing,manufacturing-product-team,provisional-repository-inferred
/manufacturing/control/createProductionRunContents,/manufacturing,createProductionRunContents,true,true,service-multi,createWorkEffortContent,success:view:ProductionRunContent;error:view:ProductionRunContent,applications/manufacturing/webapp/manufacturing/WEB-INF/controller.xml,manufacturing,manufacturing-product-team,provisional-repository-inferred
/manufacturing/control/deleteProductionRunContent,/manufacturing,deleteProductionRunContent,true,true,service,deleteWorkEffortContent,success:view:ProductionRunContent;error:view:ProductionRunContent,applications/manufacturing/webapp/manufacturing/WEB-INF/controller.xml,manufacturing,manufacturing-product-team,provisional-repository-inferred
/manufacturing/control/quickRunProductionRunTask,/manufacturing,quickRunProductionRunTask,true,true,service,quickRunProductionRunTask,success:view:ProductionRunDeclaration;error:view:ProductionRunDeclaration,applications/manufacturing/webapp/manufacturing/WEB-INF/controller.xml,manufacturing,manufacturing-product-team,provisional-repository-inferred
/manufacturing/control/quickRunAllProductionRunTasks,/manufacturing,quickRunAllProductionRunTasks,true,true,service,quickRunAllProductionRunTasks,success:view:ProductionRunDeclaration;error:view:ProductionRunDeclaration,applications/manufacturing/webapp/manufacturing/WEB-INF/controller.xml,manufacturing,manufacturing-product-team,provisional-repository-inferred
/manufacturing/control/quickStartAllProductionRunTasks,/manufacturing,quickStartAllProductionRunTasks,true,true,service,quickStartAllProductionRunTasks,success:view:ProductionRunDeclaration;error:view:ProductionRunDeclaration,applications/manufacturing/webapp/manufacturing/WEB-INF/controller.xml,manufacturing,manufacturing-product-team,provisional-repository-inferred
/manufacturing/control/scheduleProductionRun,/manufacturing,scheduleProductionRun,true,true,service,quickChangeProductionRunStatus,success:view:EditProductionRun;error:view:EditProductionRun,applications/manufacturing/webapp/manufacturing/WEB-INF/controller.xml,manufacturing,manufacturing-product-team,provisional-repository-inferred
/manufacturing/control/quickChangeProductionRunStatus,/manufacturing,quickChangeProductionRunStatus,true,true,service,quickChangeProductionRunStatus,success:view:ProductionRunDeclaration;error:view:ProductionRunDeclaration,applications/manufacturing/webapp/manufacturing/WEB-INF/controller.xml,manufacturing,manufacturing-product-team,provisional-repository-inferred
/manufacturing/control/cancelProductionRun,/manufacturing,cancelProductionRun,true,true,service,cancelProductionRun,success:view:ProductionRunDeclaration;error:view:ProductionRunDeclaration,applications/manufacturing/webapp/manufacturing/WEB-INF/controller.xml,manufacturing,manufacturing-product-team,provisional-repository-inferred
/manufacturing/control/productionRunProduce,/manufacturing,productionRunProduce,true,true,service,productionRunProduce,success:view:ProductionRunDeclaration;error:view:ProductionRunDeclaration,applications/manufacturing/webapp/manufacturing/WEB-INF/controller.xml,manufacturing,manufacturing-product-team,provisional-repository-inferred
/manufacturing/control/productionRunDeclareAndProduce,/manufacturing,productionRunDeclareAndProduce,true,true,java,org.apache.ofbiz.manufacturing.jobshopmgt.ProductionRunEvents:productionRunDeclareAndProduce,success:view:ProductionRunDeclaration;error:view:ProductionRunDeclaration,applications/manufacturing/webapp/manufacturing/WEB-INF/controller.xml,manufacturing,manufacturing-product-team,provisional-repository-inferred
/manufacturing/control/updateProductionRunTask,/manufacturing,updateProductionRunTask,true,true,service,updateProductionRunTask,success:view:ProductionRunDeclaration;error:view:ProductionRunDeclaration,applications/manufacturing/webapp/manufacturing/WEB-INF/controller.xml,manufacturing,manufacturing-product-team,provisional-repository-inferred
/manufacturing/control/createProductionRunsForShipment,/manufacturing,createProductionRunsForShipment,true,true,java,org.apache.ofbiz.manufacturing.bom.BOMHelper:createProductionRunsForShipment,success:view:WorkWithShipmentPlans,applications/manufacturing/webapp/manufacturing/WEB-INF/controller.xml,manufacturing,manufacturing-product-team,provisional-repository-inferred
/manufacturing/control/WorkWithShipmentPlans,/manufacturing,WorkWithShipmentPlans,true,true,,,success:view:WorkWithShipmentPlans,applications/manufacturing/webapp/manufacturing/WEB-INF/controller.xml,manufacturing,manufacturing-product-team,provisional-repository-inferred
/manufacturing/control/CuttingListReport.pdf,/manufacturing,CuttingListReport.pdf,true,true,,,success:view:CuttingListReport,applications/manufacturing/webapp/manufacturing/WEB-INF/controller.xml,manufacturing,manufacturing-product-team,provisional-repository-inferred
/manufacturing/control/ShipmentPlanStockReport.pdf,/manufacturing,ShipmentPlanStockReport.pdf,true,true,,,success:view:ShipmentPlanStockReport,applications/manufacturing/webapp/manufacturing/WEB-INF/controller.xml,manufacturing,manufacturing-product-team,provisional-repository-inferred
/manufacturing/control/ShipmentLabel.pdf,/manufacturing,ShipmentLabel.pdf,true,true,,,success:view:ShipmentLabel,applications/manufacturing/webapp/manufacturing/WEB-INF/controller.xml,manufacturing,manufacturing-product-team,provisional-repository-inferred
/manufacturing/control/ShipmentWorkEffortTasks.pdf,/manufacturing,ShipmentWorkEffortTasks.pdf,true,true,,,success:view:ShipmentWorkEffortTasks,applications/manufacturing/webapp/manufacturing/WEB-INF/controller.xml,manufacturing,manufacturing-product-team,provisional-repository-inferred
/manufacturing/control/MRPPRunsProductsByFeature.pdf,/manufacturing,MRPPRunsProductsByFeature.pdf,true,true,,,success:view:MRPPRunsProductsByFeature,applications/manufacturing/webapp/manufacturing/WEB-INF/controller.xml,manufacturing,manufacturing-product-team,provisional-repository-inferred
/manufacturing/control/SPPRunsProductsByFeature.pdf,/manufacturing,SPPRunsProductsByFeature.pdf,true,true,,,success:view:SPPRunsProductsByFeature,applications/manufacturing/webapp/manufacturing/WEB-INF/controller.xml,manufacturing,manufacturing-product-team,provisional-repository-inferred
/manufacturing/control/MRPPRunsComponentsByFeature.pdf,/manufacturing,MRPPRunsComponentsByFeature.pdf,true,true,,,success:view:MRPPRunsComponentsByFeature,applications/manufacturing/webapp/manufacturing/WEB-INF/controller.xml,manufacturing,manufacturing-product-team,provisional-repository-inferred
/manufacturing/control/SPPRunsComponentsByFeature.pdf,/manufacturing,SPPRunsComponentsByFeature.pdf,true,true,,,success:view:SPPRunsComponentsByFeature,applications/manufacturing/webapp/manufacturing/WEB-INF/controller.xml,manufacturing,manufacturing-product-team,provisional-repository-inferred
/manufacturing/control/PackageContentsAndOrder.pdf,/manufacturing,PackageContentsAndOrder.pdf,true,true,,,success:view:PackageContentsAndOrder,applications/manufacturing/webapp/manufacturing/WEB-INF/controller.xml,manufacturing,manufacturing-product-team,provisional-repository-inferred
/manufacturing/control/PRunsProductsStacks.pdf,/manufacturing,PRunsProductsStacks.pdf,true,true,,,success:view:PRunsProductsStacks,applications/manufacturing/webapp/manufacturing/WEB-INF/controller.xml,manufacturing,manufacturing-product-team,provisional-repository-inferred
/manufacturing/control/PRunsProductsAndOrder.pdf,/manufacturing,PRunsProductsAndOrder.pdf,true,true,,,success:view:PRunsProductsAndOrder,applications/manufacturing/webapp/manufacturing/WEB-INF/controller.xml,manufacturing,manufacturing-product-team,provisional-repository-inferred
/manufacturing/control/PRunsInfoAndOrder.pdf,/manufacturing,PRunsInfoAndOrder.pdf,true,true,,,success:view:PRunsInfoAndOrder,applications/manufacturing/webapp/manufacturing/WEB-INF/controller.xml,manufacturing,manufacturing-product-team,provisional-repository-inferred
/manufacturing/control/LookupFacilityLocation,/manufacturing,LookupFacilityLocation,true,true,,,success:view:LookupFacilityLocation,applications/manufacturing/webapp/manufacturing/WEB-INF/controller.xml,manufacturing,manufacturing-product-team,provisional-repository-inferred
/marketing/control/MarketingReport,/marketing,MarketingReport,true,true,,,success:view:MarketingReport,applications/marketing/webapp/marketing/WEB-INF/controller.xml,marketing-sales,marketing-product-team,provisional-repository-inferred
/marketing/control/view,/marketing,view,true,false,,,success:request:main,applications/marketing/webapp/marketing/WEB-INF/controller.xml,marketing-sales,marketing-product-team,provisional-repository-inferred
/marketing/control/main,/marketing,main,true,true,,,success:view:main,applications/marketing/webapp/marketing/WEB-INF/controller.xml,marketing-sales,marketing-product-team,provisional-repository-inferred
/marketing/control/FindDataSource,/marketing,FindDataSource,true,true,,,success:view:FindDataSource,applications/marketing/webapp/marketing/WEB-INF/controller.xml,marketing-sales,marketing-product-team,provisional-repository-inferred
/marketing/control/EditDataSource,/marketing,EditDataSource,true,true,,,success:view:EditDataSource,applications/marketing/webapp/marketing/WEB-INF/controller.xml,marketing-sales,marketing-product-team,provisional-repository-inferred
/marketing/control/createDataSource,/marketing,createDataSource,true,true,service,createDataSource,success:view:EditDataSource;error:view:EditDataSource,applications/marketing/webapp/marketing/WEB-INF/controller.xml,marketing-sales,marketing-product-team,provisional-repository-inferred
/marketing/control/updateDataSource,/marketing,updateDataSource,true,true,service,updateDataSource,success:view:EditDataSource;error:view:EditDataSource,applications/marketing/webapp/marketing/WEB-INF/controller.xml,marketing-sales,marketing-product-team,provisional-repository-inferred
/marketing/control/deleteDataSource,/marketing,deleteDataSource,true,true,service,deleteDataSource,success:view:FindDataSource;error:view:FindDataSource,applications/marketing/webapp/marketing/WEB-INF/controller.xml,marketing-sales,marketing-product-team,provisional-repository-inferred
/marketing/control/FindDataSourceType,/marketing,FindDataSourceType,true,true,,,success:view:FindDataSourceType,applications/marketing/webapp/marketing/WEB-INF/controller.xml,marketing-sales,marketing-product-team,provisional-repository-inferred
/marketing/control/EditDataSourceType,/marketing,EditDataSourceType,true,true,,,success:view:EditDataSourceType,applications/marketing/webapp/marketing/WEB-INF/controller.xml,marketing-sales,marketing-product-team,provisional-repository-inferred
/marketing/control/createDataSourceType,/marketing,createDataSourceType,true,true,service,createDataSourceType,success:view:EditDataSourceType;error:view:EditDataSourceType,applications/marketing/webapp/marketing/WEB-INF/controller.xml,marketing-sales,marketing-product-team,provisional-repository-inferred
/marketing/control/updateDataSourceType,/marketing,updateDataSourceType,true,true,service,updateDataSourceType,success:view:EditDataSourceType;error:view:EditDataSourceType,applications/marketing/webapp/marketing/WEB-INF/controller.xml,marketing-sales,marketing-product-team,provisional-repository-inferred
/marketing/control/deleteDataSourceType,/marketing,deleteDataSourceType,true,true,service,deleteDataSourceType,success:view:FindDataSourceType;error:view:FindDataSourceType,applications/marketing/webapp/marketing/WEB-INF/controller.xml,marketing-sales,marketing-product-team,provisional-repository-inferred
/marketing/control/FindTrackingCode,/marketing,FindTrackingCode,true,true,,,success:view:FindTrackingCode,applications/marketing/webapp/marketing/WEB-INF/controller.xml,marketing-sales,marketing-product-team,provisional-repository-inferred
/marketing/control/EditTrackingCode,/marketing,EditTrackingCode,true,true,,,success:view:EditTrackingCode,applications/marketing/webapp/marketing/WEB-INF/controller.xml,marketing-sales,marketing-product-team,provisional-repository-inferred
/marketing/control/createTrackingCode,/marketing,createTrackingCode,true,true,service,createTrackingCode,success:view:FindTrackingCode;error:view:EditTrackingCode,applications/marketing/webapp/marketing/WEB-INF/controller.xml,marketing-sales,marketing-product-team,provisional-repository-inferred
/marketing/control/updateTrackingCode,/marketing,updateTrackingCode,true,true,service,updateTrackingCode,success:view:EditTrackingCode;error:view:EditTrackingCode,applications/marketing/webapp/marketing/WEB-INF/controller.xml,marketing-sales,marketing-product-team,provisional-repository-inferred
/marketing/control/deleteTrackingCode,/marketing,deleteTrackingCode,true,true,service,deleteTrackingCode,success:view:FindTrackingCode;error:view:FindTrackingCode,applications/marketing/webapp/marketing/WEB-INF/controller.xml,marketing-sales,marketing-product-team,provisional-repository-inferred
/marketing/control/FindTrackingCodeOrders,/marketing,FindTrackingCodeOrders,true,true,,,success:view:FindTrackingCodeOrders,applications/marketing/webapp/marketing/WEB-INF/controller.xml,marketing-sales,marketing-product-team,provisional-repository-inferred
/marketing/control/FindTrackingCodeVisits,/marketing,FindTrackingCodeVisits,true,true,,,success:view:FindTrackingCodeVisits,applications/marketing/webapp/marketing/WEB-INF/controller.xml,marketing-sales,marketing-product-team,provisional-repository-inferred
/marketing/control/FindTrackingCodeType,/marketing,FindTrackingCodeType,true,true,,,success:view:FindTrackingCodeType,applications/marketing/webapp/marketing/WEB-INF/controller.xml,marketing-sales,marketing-product-team,provisional-repository-inferred
/marketing/control/EditTrackingCodeType,/marketing,EditTrackingCodeType,true,true,,,success:view:EditTrackingCodeType,applications/marketing/webapp/marketing/WEB-INF/controller.xml,marketing-sales,marketing-product-team,provisional-repository-inferred
/marketing/control/createTrackingCodeType,/marketing,createTrackingCodeType,true,true,service,createTrackingCodeType,success:view:EditTrackingCodeType;error:view:EditTrackingCodeType,applications/marketing/webapp/marketing/WEB-INF/controller.xml,marketing-sales,marketing-product-team,provisional-repository-inferred
/marketing/control/updateTrackingCodeType,/marketing,updateTrackingCodeType,true,true,service,updateTrackingCodeType,success:view:EditTrackingCodeType;error:view:EditTrackingCodeType,applications/marketing/webapp/marketing/WEB-INF/controller.xml,marketing-sales,marketing-product-team,provisional-repository-inferred
/marketing/control/deleteTrackingCodeType,/marketing,deleteTrackingCodeType,true,true,service,deleteTrackingCodeType,success:view:FindTrackingCodeType;error:view:FindTrackingCodeType,applications/marketing/webapp/marketing/WEB-INF/controller.xml,marketing-sales,marketing-product-team,provisional-repository-inferred
/marketing/control/FindMarketingCampaign,/marketing,FindMarketingCampaign,true,true,,,success:view:FindMarketingCampaign,applications/marketing/webapp/marketing/WEB-INF/controller.xml,marketing-sales,marketing-product-team,provisional-repository-inferred
/marketing/control/EditMarketingCampaign,/marketing,EditMarketingCampaign,true,true,,,success:view:EditMarketingCampaign,applications/marketing/webapp/marketing/WEB-INF/controller.xml,marketing-sales,marketing-product-team,provisional-repository-inferred
/marketing/control/createMarketingCampaign,/marketing,createMarketingCampaign,true,true,service,createMarketingCampaign,success:view:EditMarketingCampaign;error:view:EditMarketingCampaign,applications/marketing/webapp/marketing/WEB-INF/controller.xml,marketing-sales,marketing-product-team,provisional-repository-inferred
/marketing/control/updateMarketingCampaign,/marketing,updateMarketingCampaign,true,true,service,updateMarketingCampaign,success:view:EditMarketingCampaign;error:view:EditMarketingCampaign,applications/marketing/webapp/marketing/WEB-INF/controller.xml,marketing-sales,marketing-product-team,provisional-repository-inferred
/marketing/control/removeMarketingCampaign,/marketing,removeMarketingCampaign,true,true,service,deleteMarketingCampaign,success:view:FindMarketingCampaign;error:view:FindMarketingCampaign,applications/marketing/webapp/marketing/WEB-INF/controller.xml,marketing-sales,marketing-product-team,provisional-repository-inferred
/marketing/control/EditMarketingCampaignRoles,/marketing,EditMarketingCampaignRoles,true,true,,,success:view:EditMarketingCampaignRoles,applications/marketing/webapp/marketing/WEB-INF/controller.xml,marketing-sales,marketing-product-team,provisional-repository-inferred
/marketing/control/ListMarketingCampaignRoles,/marketing,ListMarketingCampaignRoles,true,true,,,success:view:ListMarketingCampaignRoles,applications/marketing/webapp/marketing/WEB-INF/controller.xml,marketing-sales,marketing-product-team,provisional-repository-inferred
/marketing/control/createMarketingCampaignRole,/marketing,createMarketingCampaignRole,true,true,service,createMarketingCampaignRole,success:view:ListMarketingCampaignRoles;error:view:EditMarketingCampaignRoles,applications/marketing/webapp/marketing/WEB-INF/controller.xml,marketing-sales,marketing-product-team,provisional-repository-inferred
/marketing/control/removeMarketingCampaignRole,/marketing,removeMarketingCampaignRole,true,true,service,deleteMarketingCampaignRole,success:view:ListMarketingCampaignRoles;error:view:ListMarketingCampaignRoles,applications/marketing/webapp/marketing/WEB-INF/controller.xml,marketing-sales,marketing-product-team,provisional-repository-inferred
/marketing/control/viewSegmentGroup,/marketing,viewSegmentGroup,true,true,,,success:view:viewSegmentGroup,applications/marketing/webapp/marketing/WEB-INF/controller.xml,marketing-sales,marketing-product-team,provisional-repository-inferred
/marketing/control/FindSegmentGroup,/marketing,FindSegmentGroup,true,true,,,success:view:FindSegmentGroup,applications/marketing/webapp/marketing/WEB-INF/controller.xml,marketing-sales,marketing-product-team,provisional-repository-inferred
/marketing/control/createSegmentGroup,/marketing,createSegmentGroup,true,true,service,createSegmentGroup,success:view:viewSegmentGroup;error:view:viewSegmentGroup,applications/marketing/webapp/marketing/WEB-INF/controller.xml,marketing-sales,marketing-product-team,provisional-repository-inferred
/marketing/control/updateSegmentGroup,/marketing,updateSegmentGroup,true,true,service,updateSegmentGroup,success:view:viewSegmentGroup;error:view:viewSegmentGroup,applications/marketing/webapp/marketing/WEB-INF/controller.xml,marketing-sales,marketing-product-team,provisional-repository-inferred
/marketing/control/deleteSegmentGroup,/marketing,deleteSegmentGroup,true,true,service,deleteSegmentGroup,success:view:FindSegmentGroup;error:view:FindSegmentGroup,applications/marketing/webapp/marketing/WEB-INF/controller.xml,marketing-sales,marketing-product-team,provisional-repository-inferred
/marketing/control/listSegmentGroupClass,/marketing,listSegmentGroupClass,true,true,,,success:view:listSegmentGroupClass,applications/marketing/webapp/marketing/WEB-INF/controller.xml,marketing-sales,marketing-product-team,provisional-repository-inferred
/marketing/control/createSegmentGroupClassification,/marketing,createSegmentGroupClassification,true,true,service,createSegmentGroupClassification,success:view:listSegmentGroupClass;error:view:listSegmentGroupClass,applications/marketing/webapp/marketing/WEB-INF/controller.xml,marketing-sales,marketing-product-team,provisional-repository-inferred
/marketing/control/updateSegmentGroupClassification,/marketing,updateSegmentGroupClassification,true,true,service,updateSegmentGroupClassification,success:view:listSegmentGroupClass;error:view:listSegmentGroupClass,applications/marketing/webapp/marketing/WEB-INF/controller.xml,marketing-sales,marketing-product-team,provisional-repository-inferred
/marketing/control/deleteSegmentGroupClassification,/marketing,deleteSegmentGroupClassification,true,true,service,deleteSegmentGroupClassification,success:view:listSegmentGroupClass;error:view:listSegmentGroupClass,applications/marketing/webapp/marketing/WEB-INF/controller.xml,marketing-sales,marketing-product-team,provisional-repository-inferred
/marketing/control/listSegmentGroupGeo,/marketing,listSegmentGroupGeo,true,true,,,success:view:listSegmentGroupGeo,applications/marketing/webapp/marketing/WEB-INF/controller.xml,marketing-sales,marketing-product-team,provisional-repository-inferred
/marketing/control/createSegmentGroupGeo,/marketing,createSegmentGroupGeo,true,true,service,createSegmentGroupGeo,success:view:listSegmentGroupGeo;error:view:listSegmentGroupGeo,applications/marketing/webapp/marketing/WEB-INF/controller.xml,marketing-sales,marketing-product-team,provisional-repository-inferred
/marketing/control/updateSegmentGroupGeo,/marketing,updateSegmentGroupGeo,true,true,service,updateSegmentGroupGeo,success:view:listSegmentGroupGeo;error:view:listSegmentGroupGeo,applications/marketing/webapp/marketing/WEB-INF/controller.xml,marketing-sales,marketing-product-team,provisional-repository-inferred
/marketing/control/deleteSegmentGroupGeo,/marketing,deleteSegmentGroupGeo,true,true,service,deleteSegmentGroupGeo,success:view:listSegmentGroupGeo;error:view:listSegmentGroupGeo,applications/marketing/webapp/marketing/WEB-INF/controller.xml,marketing-sales,marketing-product-team,provisional-repository-inferred
/marketing/control/listSegmentGroupRole,/marketing,listSegmentGroupRole,true,true,,,success:view:listSegmentGroupRole,applications/marketing/webapp/marketing/WEB-INF/controller.xml,marketing-sales,marketing-product-team,provisional-repository-inferred
/marketing/control/createSegmentGroupRole,/marketing,createSegmentGroupRole,true,true,service,createSegmentGroupRole,success:view:listSegmentGroupRole;error:view:listSegmentGroupRole,applications/marketing/webapp/marketing/WEB-INF/controller.xml,marketing-sales,marketing-product-team,provisional-repository-inferred
/marketing/control/updateSegmentGroupRole,/marketing,updateSegmentGroupRole,true,true,service,updateSegmentGroupRole,success:view:listSegmentGroupRole;error:view:listSegmentGroupRole,applications/marketing/webapp/marketing/WEB-INF/controller.xml,marketing-sales,marketing-product-team,provisional-repository-inferred
/marketing/control/deleteSegmentGroupRole,/marketing,deleteSegmentGroupRole,true,true,service,deleteSegmentGroupRole,success:view:listSegmentGroupRole;error:view:listSegmentGroupRole,applications/marketing/webapp/marketing/WEB-INF/controller.xml,marketing-sales,marketing-product-team,provisional-repository-inferred
/marketing/control/FindContactLists,/marketing,FindContactLists,true,true,,,success:view:FindContactLists,applications/marketing/webapp/marketing/WEB-INF/controller.xml,marketing-sales,marketing-product-team,provisional-repository-inferred
/marketing/control/ListContactLists,/marketing,ListContactLists,true,true,,,success:view:ListContactLists,applications/marketing/webapp/marketing/WEB-INF/controller.xml,marketing-sales,marketing-product-team,provisional-repository-inferred
/marketing/control/EditContactList,/marketing,EditContactList,true,true,,,success:view:EditContactList,applications/marketing/webapp/marketing/WEB-INF/controller.xml,marketing-sales,marketing-product-team,provisional-repository-inferred
/marketing/control/LookupContactList,/marketing,LookupContactList,true,true,,,success:view:LookupContactList,applications/marketing/webapp/marketing/WEB-INF/controller.xml,marketing-sales,marketing-product-team,provisional-repository-inferred
/marketing/control/createContactList,/marketing,createContactList,true,true,service,createContactList,success:view:EditContactList;error:view:EditContactList,applications/marketing/webapp/marketing/WEB-INF/controller.xml,marketing-sales,marketing-product-team,provisional-repository-inferred
/marketing/control/updateContactList,/marketing,updateContactList,true,true,service,updateContactList,success:view:EditContactList;error:view:EditContactList,applications/marketing/webapp/marketing/WEB-INF/controller.xml,marketing-sales,marketing-product-team,provisional-repository-inferred
/marketing/control/removeContactList,/marketing,removeContactList,true,true,service,removeContactList,success:view:ListContactLists;error:view:ListContactLists,applications/marketing/webapp/marketing/WEB-INF/controller.xml,marketing-sales,marketing-product-team,provisional-repository-inferred
/marketing/control/EditContactListParty,/marketing,EditContactListParty,true,true,,,success:view:EditContactListParty,applications/marketing/webapp/marketing/WEB-INF/controller.xml,marketing-sales,marketing-product-team,provisional-repository-inferred
/marketing/control/FindContactListParties,/marketing,FindContactListParties,true,true,,,success:view:FindContactListParties,applications/marketing/webapp/marketing/WEB-INF/controller.xml,marketing-sales,marketing-product-team,provisional-repository-inferred
/marketing/control/ListContactListParties,/marketing,ListContactListParties,true,true,,,success:view:ListContactListParties,applications/marketing/webapp/marketing/WEB-INF/controller.xml,marketing-sales,marketing-product-team,provisional-repository-inferred
/marketing/control/createContactListParty,/marketing,createContactListParty,true,true,service,createContactListParty,success:view:EditContactListParty;error:view:EditContactListParty,applications/marketing/webapp/marketing/WEB-INF/controller.xml,marketing-sales,marketing-product-team,provisional-repository-inferred
/marketing/control/updateContactListParty,/marketing,updateContactListParty,true,true,service,updateContactListParty,success:view:EditContactListParty;error:view:EditContactListParty,applications/marketing/webapp/marketing/WEB-INF/controller.xml,marketing-sales,marketing-product-team,provisional-repository-inferred
/marketing/control/removeContactListParty,/marketing,removeContactListParty,true,true,service,deleteContactListParty,success:view:ListContactListParties;error:view:ListContactListParties,applications/marketing/webapp/marketing/WEB-INF/controller.xml,marketing-sales,marketing-product-team,provisional-repository-inferred
/marketing/control/importContactListParties,/marketing,importContactListParties,true,true,simple,component://marketing/minilang/marketing/contact/ContactListEvents.xml:importContactListParties,success:request-redirect:FindImportContactListParties;error:request-redirect:FindImportContactListParties,applications/marketing/webapp/marketing/WEB-INF/controller.xml,marketing-sales,marketing-product-team,provisional-repository-inferred
/marketing/control/contactListOptOut,/marketing,contactListOptOut,true,true,service,updateContactListPartyNoUserLogin,success:view:ContactListOptOut,applications/marketing/webapp/marketing/WEB-INF/controller.xml,marketing-sales,marketing-product-team,provisional-repository-inferred
/marketing/control/webSiteContactList,/marketing,webSiteContactList,true,true,,,success:view:WebSiteContactList,applications/marketing/webapp/marketing/WEB-INF/controller.xml,marketing-sales,marketing-product-team,provisional-repository-inferred
/marketing/control/createWebSiteContactList,/marketing,createWebSiteContactList,true,true,service,createWebSiteContactList,success:view:WebSiteContactList;error:view:WebSiteContactList,applications/marketing/webapp/marketing/WEB-INF/controller.xml,marketing-sales,marketing-product-team,provisional-repository-inferred
/marketing/control/updateWebSiteContactList,/marketing,updateWebSiteContactList,true,true,service,updateWebSiteContactList,success:view:WebSiteContactList;error:view:WebSiteContactList,applications/marketing/webapp/marketing/WEB-INF/controller.xml,marketing-sales,marketing-product-team,provisional-repository-inferred
/marketing/control/deleteWebSiteContactList,/marketing,deleteWebSiteContactList,true,true,service,deleteWebSiteContactList,success:view:WebSiteContactList;error:view:WebSiteContactList,applications/marketing/webapp/marketing/WEB-INF/controller.xml,marketing-sales,marketing-product-team,provisional-repository-inferred
/marketing/control/ListContactListCommEvents,/marketing,ListContactListCommEvents,true,true,,,success:view:ListContactListCommEvents,applications/marketing/webapp/marketing/WEB-INF/controller.xml,marketing-sales,marketing-product-team,provisional-repository-inferred
/marketing/control/EditContactListCommEvent,/marketing,EditContactListCommEvent,true,true,,,success:view:EditContactListCommEvent,applications/marketing/webapp/marketing/WEB-INF/controller.xml,marketing-sales,marketing-product-team,provisional-repository-inferred
/marketing/control/FindContactListCommEvents,/marketing,FindContactListCommEvents,true,true,,,success:view:FindContactListCommEvents,applications/marketing/webapp/marketing/WEB-INF/controller.xml,marketing-sales,marketing-product-team,provisional-repository-inferred
/marketing/control/FindImportContactListParties,/marketing,FindImportContactListParties,true,true,,,success:view:FindImportContactListParties,applications/marketing/webapp/marketing/WEB-INF/controller.xml,marketing-sales,marketing-product-team,provisional-repository-inferred
/marketing/control/PreviewContactListCommEvent,/marketing,PreviewContactListCommEvent,true,true,,,success:view:PreviewContactListCommEvent,applications/marketing/webapp/marketing/WEB-INF/controller.xml,marketing-sales,marketing-product-team,provisional-repository-inferred
/marketing/control/createContactListCommEvent,/marketing,createContactListCommEvent,true,true,service,createCommunicationEvent,success:view:EditContactListCommEvent;error:view:EditContactListCommEvent,applications/marketing/webapp/marketing/WEB-INF/controller.xml,marketing-sales,marketing-product-team,provisional-repository-inferred
/marketing/control/updateContactListCommEvent,/marketing,updateContactListCommEvent,true,true,service,updateCommunicationEvent,success:view:EditContactListCommEvent;error:view:EditContactListCommEvent,applications/marketing/webapp/marketing/WEB-INF/controller.xml,marketing-sales,marketing-product-team,provisional-repository-inferred
/marketing/control/removeContactListCommEvent,/marketing,removeContactListCommEvent,true,true,service,deleteCommunicationEvent,success:view:ListContactListCommEvents;error:view:ListContactListCommEvents,applications/marketing/webapp/marketing/WEB-INF/controller.xml,marketing-sales,marketing-product-team,provisional-repository-inferred
/marketing/control/expireContactListParty,/marketing,expireContactListParty,true,true,service,updateContactListParty,success:request-redirect:ListContactListParties;error:view:ListContactListParties,applications/marketing/webapp/marketing/WEB-INF/controller.xml,marketing-sales,marketing-product-team,provisional-repository-inferred
/marketing/control/ContactMechTypeOnly,/marketing,ContactMechTypeOnly,true,true,,,success:view:ContactMechTypeOnly,applications/marketing/webapp/marketing/WEB-INF/controller.xml,marketing-sales,marketing-product-team,provisional-repository-inferred
/marketing/control/LookupSegmentGroup,/marketing,LookupSegmentGroup,true,true,,,success:view:LookupSegmentGroup,applications/marketing/webapp/marketing/WEB-INF/controller.xml,marketing-sales,marketing-product-team,provisional-repository-inferred
/marketing/control/LookupProductStore,/marketing,LookupProductStore,true,true,,,success:view:LookupProductStore,applications/marketing/webapp/marketing/WEB-INF/controller.xml,marketing-sales,marketing-product-team,provisional-repository-inferred
/marketing/control/LookupPartyName,/marketing,LookupPartyName,true,true,,,success:view:LookupPartyName,applications/marketing/webapp/marketing/WEB-INF/controller.xml,marketing-sales,marketing-product-team,provisional-repository-inferred
/marketing/control/LookupPartyClassificationGroup,/marketing,LookupPartyClassificationGroup,true,true,,,success:view:LookupPartyClassificationGroup,applications/marketing/webapp/marketing/WEB-INF/controller.xml,marketing-sales,marketing-product-team,provisional-repository-inferred
/marketing/control/LookupContactMech,/marketing,LookupContactMech,true,true,,,success:view:LookupContactMech,applications/marketing/webapp/marketing/WEB-INF/controller.xml,marketing-sales,marketing-product-team,provisional-repository-inferred
/marketing/control/LookupPreferredContactMech,/marketing,LookupPreferredContactMech,true,true,,,success:view:LookupPreferredContactMech,applications/marketing/webapp/marketing/WEB-INF/controller.xml,marketing-sales,marketing-product-team,provisional-repository-inferred
/marketing/control/LookupCommEvent,/marketing,LookupCommEvent,true,true,,,success:view:LookupCommEvent,applications/marketing/webapp/marketing/WEB-INF/controller.xml,marketing-sales,marketing-product-team,provisional-repository-inferred
/marketing/control/TrackingCodeReport,/marketing,TrackingCodeReport,true,true,,,success:view:TrackingCodeReport,applications/marketing/webapp/marketing/WEB-INF/controller.xml,marketing-sales,marketing-product-team,provisional-repository-inferred
/marketing/control/MarketingCampaignReport,/marketing,MarketingCampaignReport,true,true,,,success:view:MarketingCampaignReport,applications/marketing/webapp/marketing/WEB-INF/controller.xml,marketing-sales,marketing-product-team,provisional-repository-inferred
/marketing/control/EmailStatusReport,/marketing,EmailStatusReport,true,true,,,success:view:EmailStatusReport,applications/marketing/webapp/marketing/WEB-INF/controller.xml,marketing-sales,marketing-product-team,provisional-repository-inferred
/marketing/control/PartyStatusReport,/marketing,PartyStatusReport,true,true,,,success:view:PartyStatusReport,applications/marketing/webapp/marketing/WEB-INF/controller.xml,marketing-sales,marketing-product-team,provisional-repository-inferred
/sfa/control/main,/sfa,main,true,true,,,success:view:main,applications/marketing/webapp/sfa/WEB-INF/controller.xml,marketing-sales,marketing-product-team,provisional-repository-inferred
/sfa/control/FindSalesOpportunity,/sfa,FindSalesOpportunity,true,true,,,success:view:FindSalesOpportunity,applications/marketing/webapp/sfa/WEB-INF/controller.xml,marketing-sales,marketing-product-team,provisional-repository-inferred
/sfa/control/ViewSalesOpportunity,/sfa,ViewSalesOpportunity,true,true,,,success:view:ViewSalesOpportunity,applications/marketing/webapp/sfa/WEB-INF/controller.xml,marketing-sales,marketing-product-team,provisional-repository-inferred
/sfa/control/EditSalesOpportunity,/sfa,EditSalesOpportunity,true,true,,,success:view:EditSalesOpportunity,applications/marketing/webapp/sfa/WEB-INF/controller.xml,marketing-sales,marketing-product-team,provisional-repository-inferred
/sfa/control/createSalesOpportunity,/sfa,createSalesOpportunity,true,true,service,createSalesOpportunity,success:view:ViewSalesOpportunity;error:view:EditSalesOpportunity,applications/marketing/webapp/sfa/WEB-INF/controller.xml,marketing-sales,marketing-product-team,provisional-repository-inferred
/sfa/control/updateSalesOpportunity,/sfa,updateSalesOpportunity,true,true,service,updateSalesOpportunity,success:request:ViewSalesOpportunity;error:view:EditSalesOpportunity,applications/marketing/webapp/sfa/WEB-INF/controller.xml,marketing-sales,marketing-product-team,provisional-repository-inferred
/sfa/control/closeSalesOpportunity,/sfa,closeSalesOpportunity,true,true,service,updateSalesOpportunity,success:request:FindSalesOpportunity;error:view:FindSalesOpportunity,applications/marketing/webapp/sfa/WEB-INF/controller.xml,marketing-sales,marketing-product-team,provisional-repository-inferred
/sfa/control/ViewAccountProfile,/sfa,ViewAccountProfile,true,true,,,success:view:ViewAccountProfile,applications/marketing/webapp/sfa/WEB-INF/controller.xml,marketing-sales,marketing-product-team,provisional-repository-inferred
/sfa/control/ViewAccountLeadProfile,/sfa,ViewAccountLeadProfile,true,true,,,success:view:ViewAccountLeadProfile,applications/marketing/webapp/sfa/WEB-INF/controller.xml,marketing-sales,marketing-product-team,provisional-repository-inferred
/sfa/control/FindAccounts,/sfa,FindAccounts,true,true,,,success:view:FindAccounts,applications/marketing/webapp/sfa/WEB-INF/controller.xml,marketing-sales,marketing-product-team,provisional-repository-inferred
/sfa/control/NewAccount,/sfa,NewAccount,true,true,,,success:view:NewAccount,applications/marketing/webapp/sfa/WEB-INF/controller.xml,marketing-sales,marketing-product-team,provisional-repository-inferred
/sfa/control/createAccount,/sfa,createAccount,true,true,service,createAccount,success:view:FindAccounts;error:view:NewAccount,applications/marketing/webapp/sfa/WEB-INF/controller.xml,marketing-sales,marketing-product-team,provisional-repository-inferred
/sfa/control/ContactMechTypeOnly,/sfa,ContactMechTypeOnly,true,true,,,success:view:ContactMechTypeOnly,applications/marketing/webapp/sfa/WEB-INF/controller.xml,marketing-sales,marketing-product-team,provisional-repository-inferred
/sfa/control/ViewLeadProfile,/sfa,ViewLeadProfile,true,true,,,success:view:ViewLeadProfile,applications/marketing/webapp/sfa/WEB-INF/controller.xml,marketing-sales,marketing-product-team,provisional-repository-inferred
/sfa/control/FindLeads,/sfa,FindLeads,true,true,,,success:view:FindLeads,applications/marketing/webapp/sfa/WEB-INF/controller.xml,marketing-sales,marketing-product-team,provisional-repository-inferred
/sfa/control/NewLead,/sfa,NewLead,true,true,,,success:view:NewLead,applications/marketing/webapp/sfa/WEB-INF/controller.xml,marketing-sales,marketing-product-team,provisional-repository-inferred
/sfa/control/createLead,/sfa,createLead,true,true,service,createLead,success:request-redirect:viewprofile;error:request-redirect:NewLead,applications/marketing/webapp/sfa/WEB-INF/controller.xml,marketing-sales,marketing-product-team,provisional-repository-inferred
/sfa/control/ConvertLead,/sfa,ConvertLead,true,true,,,success:view:ConvertLead,applications/marketing/webapp/sfa/WEB-INF/controller.xml,marketing-sales,marketing-product-team,provisional-repository-inferred
/sfa/control/convertLead,/sfa,convertLead,true,true,service,convertLeadToContact,success:request:viewprofile;error:view:ConvertLead,applications/marketing/webapp/sfa/WEB-INF/controller.xml,marketing-sales,marketing-product-team,provisional-repository-inferred
/sfa/control/CloneLead,/sfa,CloneLead,true,true,,,success:view:CloneLead,applications/marketing/webapp/sfa/WEB-INF/controller.xml,marketing-sales,marketing-product-team,provisional-repository-inferred
/sfa/control/MergeLeads,/sfa,MergeLeads,true,true,,,success:view:MergeLeads,applications/marketing/webapp/sfa/WEB-INF/controller.xml,marketing-sales,marketing-product-team,provisional-repository-inferred
/sfa/control/mergeLeads,/sfa,mergeLeads,true,true,,,success:request:viewprofile;error:view:MergeLeads,applications/marketing/webapp/sfa/WEB-INF/controller.xml,marketing-sales,marketing-product-team,provisional-repository-inferred
/sfa/control/NewLeadFromVCard,/sfa,NewLeadFromVCard,true,true,,,success:view:NewLeadFromVCard,applications/marketing/webapp/sfa/WEB-INF/controller.xml,marketing-sales,marketing-product-team,provisional-repository-inferred
/sfa/control/createLeadFromVCard,/sfa,createLeadFromVCard,true,true,service,createPartyLeadFromVCard,success:view:ViewPartiesCreatedByVCard;error:view:NewLeadFromVCard,applications/marketing/webapp/sfa/WEB-INF/controller.xml,marketing-sales,marketing-product-team,provisional-repository-inferred
/sfa/control/quickAddLead,/sfa,quickAddLead,true,true,service,createLead,success:request:viewprofile,applications/marketing/webapp/sfa/WEB-INF/controller.xml,marketing-sales,marketing-product-team,provisional-repository-inferred
/sfa/control/createLeadPartyDataSource,/sfa,createLeadPartyDataSource,true,true,service,createPartyDataSource,success:request-redirect:viewprofile;error:request-redirect:viewprofile,applications/marketing/webapp/sfa/WEB-INF/controller.xml,marketing-sales,marketing-product-team,provisional-repository-inferred
/sfa/control/AddRelatedCompany,/sfa,AddRelatedCompany,true,true,,,success:view:AddRelatedCompany,applications/marketing/webapp/sfa/WEB-INF/controller.xml,marketing-sales,marketing-product-team,provisional-repository-inferred
/sfa/control/ViewContactProfile,/sfa,ViewContactProfile,true,true,,,success:view:ViewContactProfile,applications/marketing/webapp/sfa/WEB-INF/controller.xml,marketing-sales,marketing-product-team,provisional-repository-inferred
/sfa/control/FindContacts,/sfa,FindContacts,true,true,,,success:view:FindContacts,applications/marketing/webapp/sfa/WEB-INF/controller.xml,marketing-sales,marketing-product-team,provisional-repository-inferred
/sfa/control/NewContact,/sfa,NewContact,true,true,,,success:view:NewContact,applications/marketing/webapp/sfa/WEB-INF/controller.xml,marketing-sales,marketing-product-team,provisional-repository-inferred
/sfa/control/createContact,/sfa,createContact,true,true,service,createContact,success:request:viewprofile;error:view:NewContact,applications/marketing/webapp/sfa/WEB-INF/controller.xml,marketing-sales,marketing-product-team,provisional-repository-inferred
/sfa/control/MergeContacts,/sfa,MergeContacts,true,true,,,success:view:MergeContacts,applications/marketing/webapp/sfa/WEB-INF/controller.xml,marketing-sales,marketing-product-team,provisional-repository-inferred
/sfa/control/mergeContacts,/sfa,mergeContacts,true,true,service,mergeContacts,success:request:viewprofile;error:view:MergeContacts,applications/marketing/webapp/sfa/WEB-INF/controller.xml,marketing-sales,marketing-product-team,provisional-repository-inferred
/sfa/control/NewContactFromVCard,/sfa,NewContactFromVCard,true,true,,,success:view:NewContactFromVCard,applications/marketing/webapp/sfa/WEB-INF/controller.xml,marketing-sales,marketing-product-team,provisional-repository-inferred
/sfa/control/createContactFromVCard,/sfa,createContactFromVCard,true,true,service,createPartyContactFromVCard,success:view:ViewPartiesCreatedByVCard;error:view:NewContactFromVCard,applications/marketing/webapp/sfa/WEB-INF/controller.xml,marketing-sales,marketing-product-team,provisional-repository-inferred
/sfa/control/createVCardFromContact,/sfa,createVCardFromContact,true,true,service,exportVCard,success:view:FindContacts;error:view:FindContacts,applications/marketing/webapp/sfa/WEB-INF/controller.xml,marketing-sales,marketing-product-team,provisional-repository-inferred
/sfa/control/quickAddContact,/sfa,quickAddContact,true,true,service,createContact,success:request-redirect:viewprofile,applications/marketing/webapp/sfa/WEB-INF/controller.xml,marketing-sales,marketing-product-team,provisional-repository-inferred
/sfa/control/FindSalesForecast,/sfa,FindSalesForecast,true,true,,,success:view:FindSalesForecast,applications/marketing/webapp/sfa/WEB-INF/controller.xml,marketing-sales,marketing-product-team,provisional-repository-inferred
/sfa/control/EditSalesForecast,/sfa,EditSalesForecast,true,true,,,success:view:EditSalesForecast,applications/marketing/webapp/sfa/WEB-INF/controller.xml,marketing-sales,marketing-product-team,provisional-repository-inferred
/sfa/control/createSalesForecast,/sfa,createSalesForecast,true,true,service,createSalesForecast,success:view:EditSalesForecast;error:view:EditSalesForecast,applications/marketing/webapp/sfa/WEB-INF/controller.xml,marketing-sales,marketing-product-team,provisional-repository-inferred
/sfa/control/updateSalesForecast,/sfa,updateSalesForecast,true,true,service,updateSalesForecast,success:view:EditSalesForecast;error:view:EditSalesForecast,applications/marketing/webapp/sfa/WEB-INF/controller.xml,marketing-sales,marketing-product-team,provisional-repository-inferred
/sfa/control/EditSalesForecastDetail,/sfa,EditSalesForecastDetail,true,true,,,success:view:EditSalesForecastDetail,applications/marketing/webapp/sfa/WEB-INF/controller.xml,marketing-sales,marketing-product-team,provisional-repository-inferred
/sfa/control/createSalesForecastDetail,/sfa,createSalesForecastDetail,true,true,service,createSalesForecastDetail,success:view:EditSalesForecastDetail;error:view:EditSalesForecastDetail,applications/marketing/webapp/sfa/WEB-INF/controller.xml,marketing-sales,marketing-product-team,provisional-repository-inferred
/sfa/control/updateSalesForecastDetail,/sfa,updateSalesForecastDetail,true,true,service,updateSalesForecastDetail,success:view:EditSalesForecastDetail;error:view:EditSalesForecastDetail,applications/marketing/webapp/sfa/WEB-INF/controller.xml,marketing-sales,marketing-product-team,provisional-repository-inferred
/sfa/control/deleteSalesForecastDetail,/sfa,deleteSalesForecastDetail,true,true,service,deleteSalesForecastDetail,success:view:EditSalesForecastDetail;error:view:EditSalesForecastDetail,applications/marketing/webapp/sfa/WEB-INF/controller.xml,marketing-sales,marketing-product-team,provisional-repository-inferred
/sfa/control/Events,/sfa,Events,true,true,,,success:view:Events,applications/marketing/webapp/sfa/WEB-INF/controller.xml,marketing-sales,marketing-product-team,provisional-repository-inferred
/sfa/control/updateTaskAssigment,/sfa,updateTaskAssigment,true,true,service,updateTaskAssigment,success:view-home:;error:view-home:,applications/marketing/webapp/sfa/WEB-INF/controller.xml,marketing-sales,marketing-product-team,provisional-repository-inferred
/sfa/control/EditEvent,/sfa,EditEvent,true,true,,,success:view:EditEvent,applications/marketing/webapp/sfa/WEB-INF/controller.xml,marketing-sales,marketing-product-team,provisional-repository-inferred
/sfa/control/createCommunicationEvent,/sfa,createCommunicationEvent,true,true,service,createCommunicationEvent,success:view-last:;error:view:EditCommunicationEvent,applications/marketing/webapp/sfa/WEB-INF/controller.xml,marketing-sales,marketing-product-team,provisional-repository-inferred
/sfa/control/LookupSalesForecast,/sfa,LookupSalesForecast,true,true,,,success:view:LookupSalesForecast,applications/marketing/webapp/sfa/WEB-INF/controller.xml,marketing-sales,marketing-product-team,provisional-repository-inferred
/sfa/control/LookupProduct,/sfa,LookupProduct,true,true,,,success:view:LookupProduct,applications/marketing/webapp/sfa/WEB-INF/controller.xml,marketing-sales,marketing-product-team,provisional-repository-inferred
/sfa/control/LookupProductCategory,/sfa,LookupProductCategory,true,true,,,success:view:LookupProductCategory,applications/marketing/webapp/sfa/WEB-INF/controller.xml,marketing-sales,marketing-product-team,provisional-repository-inferred
/sfa/control/LookupLeads,/sfa,LookupLeads,true,true,,,success:view:LookupLeads,applications/marketing/webapp/sfa/WEB-INF/controller.xml,marketing-sales,marketing-product-team,provisional-repository-inferred
/sfa/control/LookupAccounts,/sfa,LookupAccounts,true,true,,,success:view:LookupAccounts,applications/marketing/webapp/sfa/WEB-INF/controller.xml,marketing-sales,marketing-product-team,provisional-repository-inferred
/sfa/control/LookupAccountLeads,/sfa,LookupAccountLeads,true,true,,,success:view:LookupAccountLeads,applications/marketing/webapp/sfa/WEB-INF/controller.xml,marketing-sales,marketing-product-team,provisional-repository-inferred
/ordermgr/control/view,/ordermgr,view,true,true,,,success:request:main,applications/order/webapp/ordermgr/WEB-INF/controller.xml,order-management,order-product-team,provisional-repository-inferred
/ordermgr/control/main,/ordermgr,main,true,true,,,success:view:main,applications/order/webapp/ordermgr/WEB-INF/controller.xml,order-management,order-product-team,provisional-repository-inferred
/ordermgr/control/orderstats,/ordermgr,orderstats,true,true,,,success:view:orderstats,applications/order/webapp/ordermgr/WEB-INF/controller.xml,order-management,order-product-team,provisional-repository-inferred
/ordermgr/control/orderview,/ordermgr,orderview,true,true,,,success:view:orderview,applications/order/webapp/ordermgr/WEB-INF/controller.xml,order-management,order-product-team,provisional-repository-inferred
/ordermgr/control/findorders,/ordermgr,findorders,true,true,,,success:view:findorders,applications/order/webapp/ordermgr/WEB-INF/controller.xml,order-management,order-product-team,provisional-repository-inferred
/ordermgr/control/searchorders,/ordermgr,searchorders,true,true,service,findOrders,success:view:findorders;error:view:findorders,applications/order/webapp/ordermgr/WEB-INF/controller.xml,order-management,order-product-team,provisional-repository-inferred
/ordermgr/control/orderlist,/ordermgr,orderlist,true,true,,,success:view:orderlist,applications/order/webapp/ordermgr/WEB-INF/controller.xml,order-management,order-product-team,provisional-repository-inferred
/ordermgr/control/confirmationmailedit,/ordermgr,confirmationmailedit,true,true,,,success:view:SendConfirmationMail,applications/order/webapp/ordermgr/WEB-INF/controller.xml,order-management,order-product-team,provisional-repository-inferred
/ordermgr/control/completionmailedit,/ordermgr,completionmailedit,true,true,,,success:view:SendCompletionMail,applications/order/webapp/ordermgr/WEB-INF/controller.xml,order-management,order-product-team,provisional-repository-inferred
/ordermgr/control/sendconfirmationmail,/ordermgr,sendconfirmationmail,true,true,service,sendMail,success:view:orderview;error:view:SendConfirmationMail,applications/order/webapp/ordermgr/WEB-INF/controller.xml,order-management,order-product-team,provisional-repository-inferred
/ordermgr/control/OrderHistory,/ordermgr,OrderHistory,true,true,,,success:view:OrderHistory,applications/order/webapp/ordermgr/WEB-INF/controller.xml,order-management,order-product-team,provisional-repository-inferred
/ordermgr/control/sendPOEmail,/ordermgr,sendPOEmail,true,true,service,sendPOEmail,success:view:orderview;error:view:orderview,applications/order/webapp/ordermgr/WEB-INF/controller.xml,order-management,order-product-team,provisional-repository-inferred
/ordermgr/control/massApproveOrders,/ordermgr,massApproveOrders,true,true,service,massChangeOrderApproved,success:request-redirect:findorders;error:view:findorders,applications/order/webapp/ordermgr/WEB-INF/controller.xml,order-management,order-product-team,provisional-repository-inferred
/ordermgr/control/massProcessOrders,/ordermgr,massProcessOrders,true,true,service,massProcessOrders,success:request-redirect:findorders;error:view:findorders,applications/order/webapp/ordermgr/WEB-INF/controller.xml,order-management,order-product-team,provisional-repository-inferred
/ordermgr/control/massHoldOrders,/ordermgr,massHoldOrders,true,true,service,massHoldOrders,success:request-redirect:findorders;error:view:findorders,applications/order/webapp/ordermgr/WEB-INF/controller.xml,order-management,order-product-team,provisional-repository-inferred
/ordermgr/control/massCancelOrders,/ordermgr,massCancelOrders,true,true,service,massCancelOrders,success:request-redirect:findorders;error:view:findorders,applications/order/webapp/ordermgr/WEB-INF/controller.xml,order-management,order-product-team,provisional-repository-inferred
/ordermgr/control/massCancelRemainingPurchaseOrderItems,/ordermgr,massCancelRemainingPurchaseOrderItems,true,true,service,massCancelRemainingPurchaseOrderItems,success:request-redirect:findorders;error:view:findorders,applications/order/webapp/ordermgr/WEB-INF/controller.xml,order-management,order-product-team,provisional-repository-inferred
/ordermgr/control/massRejectOrders,/ordermgr,massRejectOrders,true,true,service,massRejectOrders,success:request-redirect:findorders;error:view:findorders,applications/order/webapp/ordermgr/WEB-INF/controller.xml,order-management,order-product-team,provisional-repository-inferred
/ordermgr/control/massQuickShipOrders,/ordermgr,massQuickShipOrders,true,true,service,massQuickShipOrders,success:request-redirect:findorders;error:view:findorders,applications/order/webapp/ordermgr/WEB-INF/controller.xml,order-management,order-product-team,provisional-repository-inferred
/ordermgr/control/massPickOrders,/ordermgr,massPickOrders,true,true,service,massPickOrders,success:request-redirect:findorders;error:view:findorders,applications/order/webapp/ordermgr/WEB-INF/controller.xml,order-management,order-product-team,provisional-repository-inferred
/ordermgr/control/massPrintOrders,/ordermgr,massPrintOrders,true,true,service,massPrintOrders,success:request-redirect:findorders;error:view:findorders,applications/order/webapp/ordermgr/WEB-INF/controller.xml,order-management,order-product-team,provisional-repository-inferred
/ordermgr/control/massCreateFileForOrders,/ordermgr,massCreateFileForOrders,true,true,service,massCreateFileForOrders,success:request-redirect:findorders;error:view:findorders,applications/order/webapp/ordermgr/WEB-INF/controller.xml,order-management,order-product-team,provisional-repository-inferred
/ordermgr/control/OrderDeliveryScheduleInfo,/ordermgr,OrderDeliveryScheduleInfo,true,true,,,success:view:OrderDeliveryScheduleInfo,applications/order/webapp/ordermgr/WEB-INF/controller.xml,order-management,order-product-team,provisional-repository-inferred
/ordermgr/control/createOrderDeliverySchedule,/ordermgr,createOrderDeliverySchedule,true,true,service,createOrderDeliverySchedule,success:view:orderview;error:view:orderview,applications/order/webapp/ordermgr/WEB-INF/controller.xml,order-management,order-product-team,provisional-repository-inferred
/ordermgr/control/updateOrderDeliverySchedule,/ordermgr,updateOrderDeliverySchedule,true,true,service,updateOrderDeliverySchedule,success:view:orderview;error:view:orderview,applications/order/webapp/ordermgr/WEB-INF/controller.xml,order-management,order-product-team,provisional-repository-inferred
/ordermgr/control/changeOrderStatus,/ordermgr,changeOrderStatus,true,true,service,changeOrderStatus,success:view:orderlist;error:view:orderview,applications/order/webapp/ordermgr/WEB-INF/controller.xml,order-management,order-product-team,provisional-repository-inferred
/ordermgr/control/changeOrderItemStatus,/ordermgr,changeOrderItemStatus,true,true,service,changeOrderItemStatus,success:view:orderview;error:view:orderview,applications/order/webapp/ordermgr/WEB-INF/controller.xml,order-management,order-product-team,provisional-repository-inferred
/ordermgr/control/cancelOrderItem,/ordermgr,cancelOrderItem,true,true,service,cancelOrderItem,success:view:orderview;error:view:orderview,applications/order/webapp/ordermgr/WEB-INF/controller.xml,order-management,order-product-team,provisional-repository-inferred
/ordermgr/control/cancelSelectedOrderItems,/ordermgr,cancelSelectedOrderItems,true,true,java,org.apache.ofbiz.order.order.OrderEvents:cancelSelectedOrderItems,success:view:orderview;error:view:orderview,applications/order/webapp/ordermgr/WEB-INF/controller.xml,order-management,order-product-team,provisional-repository-inferred
/ordermgr/control/createOrderAdjustment,/ordermgr,createOrderAdjustment,true,true,service,createOrderAdjustment,success:request:recalcTax;error:view:editorderitems,applications/order/webapp/ordermgr/WEB-INF/controller.xml,order-management,order-product-team,provisional-repository-inferred
/ordermgr/control/updateOrderAdjustment,/ordermgr,updateOrderAdjustment,true,true,service,updateOrderAdjustment,success:request:recalcTax;error:view:editorderitems,applications/order/webapp/ordermgr/WEB-INF/controller.xml,order-management,order-product-team,provisional-repository-inferred
/ordermgr/control/deleteOrderAdjustment,/ordermgr,deleteOrderAdjustment,true,true,service,deleteOrderAdjustment,success:request:recalcTax;error:view:editorderitems,applications/order/webapp/ordermgr/WEB-INF/controller.xml,order-management,order-product-team,provisional-repository-inferred
/ordermgr/control/recalcTax,/ordermgr,recalcTax,true,true,service,recalcTaxTotal,success:view:editorderitems;error:view:editorderitems,applications/order/webapp/ordermgr/WEB-INF/controller.xml,order-management,order-product-team,provisional-repository-inferred
/ordermgr/control/addpromocode,/ordermgr,addpromocode,true,true,java,org.apache.ofbiz.order.shoppingcart.ShoppingCartEvents:addProductPromoCode,success:view:showcart;error:view:showcart,applications/order/webapp/ordermgr/WEB-INF/controller.xml,order-management,order-product-team,provisional-repository-inferred
/ordermgr/control/getConfigDetailsEvent,/ordermgr,getConfigDetailsEvent,true,true,java,org.apache.ofbiz.order.shoppingcart.ShoppingCartEvents:getConfigDetailsEvent,success:request:json;error:request:json,applications/order/webapp/ordermgr/WEB-INF/controller.xml,order-management,order-product-team,provisional-repository-inferred
/ordermgr/control/updateTrackingNumber,/ordermgr,updateTrackingNumber,true,true,service,updateTrackingNumber,success:view:orderview;error:view:orderview,applications/order/webapp/ordermgr/WEB-INF/controller.xml,order-management,order-product-team,provisional-repository-inferred
/ordermgr/control/receivepayment,/ordermgr,receivepayment,true,true,,,success:view:receivepayment,applications/order/webapp/ordermgr/WEB-INF/controller.xml,order-management,order-product-team,provisional-repository-inferred
/ordermgr/control/receiveOfflinePayments,/ordermgr,receiveOfflinePayments,true,true,java,org.apache.ofbiz.order.OrderManagerEvents:receiveOfflinePayment,success:view:orderview;error:view:receivepayment,applications/order/webapp/ordermgr/WEB-INF/controller.xml,order-management,order-product-team,provisional-repository-inferred
/ordermgr/control/allowordersplit,/ordermgr,allowordersplit,true,true,service,setAllowOrderSplit,success:view:orderview;error:view:orderview,applications/order/webapp/ordermgr/WEB-INF/controller.xml,order-management,order-product-team,provisional-repository-inferred
/ordermgr/control/quickShipOrder,/ordermgr,quickShipOrder,true,true,service,quickShipEntireOrder,success:request-redirect:orderview;error:view:orderview,applications/order/webapp/ordermgr/WEB-INF/controller.xml,order-management,order-product-team,provisional-repository-inferred
/ordermgr/control/createQuoteTerm,/ordermgr,createQuoteTerm,true,true,service,createQuoteTerm,success:request-redirect:ListQuoteTerms;error:request-redirect:EditQuoteTerm,applications/order/webapp/ordermgr/WEB-INF/controller.xml,order-management,order-product-team,provisional-repository-inferred
/ordermgr/control/createQuoteTermFromItem,/ordermgr,createQuoteTermFromItem,true,true,service,createQuoteTerm,success:request-redirect:EditQuoteItem;error:request-redirect:EditQuoteTermItem,applications/order/webapp/ordermgr/WEB-INF/controller.xml,order-management,order-product-team,provisional-repository-inferred
/ordermgr/control/updateQuoteTermFromItem,/ordermgr,updateQuoteTermFromItem,true,true,service,updateQuoteTerm,success:request-redirect:EditQuoteItem;error:request-redirect:EditQuoteTermItem,applications/order/webapp/ordermgr/WEB-INF/controller.xml,order-management,order-product-team,provisional-repository-inferred
/ordermgr/control/updateQuoteTerm,/ordermgr,updateQuoteTerm,true,true,service,updateQuoteTerm,success:request-redirect:ListQuoteTerms;error:request-redirect:EditQuoteTerm,applications/order/webapp/ordermgr/WEB-INF/controller.xml,order-management,order-product-team,provisional-repository-inferred
/ordermgr/control/deleteQuoteTermFromItem,/ordermgr,deleteQuoteTermFromItem,true,true,service,deleteQuoteTerm,success:request-redirect:EditQuoteItem;error:view:EditQuoteItem,applications/order/webapp/ordermgr/WEB-INF/controller.xml,order-management,order-product-team,provisional-repository-inferred
/ordermgr/control/deleteQuoteTerm,/ordermgr,deleteQuoteTerm,true,true,service,deleteQuoteTerm,success:request-redirect:ListQuoteTerms;error:view:ListQuoteTerms,applications/order/webapp/ordermgr/WEB-INF/controller.xml,order-management,order-product-team,provisional-repository-inferred
/ordermgr/control/quickDropShipOrder,/ordermgr,quickDropShipOrder,true,true,service,quickDropShipOrder,success:request-redirect:orderview;error:view:orderview,applications/order/webapp/ordermgr/WEB-INF/controller.xml,order-management,order-product-team,provisional-repository-inferred
/ordermgr/control/completePurchaseOrder,/ordermgr,completePurchaseOrder,true,true,service,completePurchaseOrder,success:view:orderview;error:view:orderview,applications/order/webapp/ordermgr/WEB-INF/controller.xml,order-management,order-product-team,provisional-repository-inferred
/ordermgr/control/balanceInventoryItems,/ordermgr,balanceInventoryItems,true,true,service,balanceInventoryItems,success:view:orderview;error:view:orderview,applications/order/webapp/ordermgr/WEB-INF/controller.xml,order-management,order-product-team,provisional-repository-inferred
/ordermgr/control/editOrderItems,/ordermgr,editOrderItems,true,true,,,success:view:editorderitems,applications/order/webapp/ordermgr/WEB-INF/controller.xml,order-management,order-product-team,provisional-repository-inferred
/ordermgr/control/updateOrderItems,/ordermgr,updateOrderItems,true,true,service,updateOrderItems,success:view:orderview;error:view:editorderitems,applications/order/webapp/ordermgr/WEB-INF/controller.xml,order-management,order-product-team,provisional-repository-inferred
/ordermgr/control/appendItemToOrder,/ordermgr,appendItemToOrder,true,true,service,appendOrderItem,success:view:orderview;error:view:editorderitems,applications/order/webapp/ordermgr/WEB-INF/controller.xml,order-management,order-product-team,provisional-repository-inferred
/ordermgr/control/viewimage,/ordermgr,viewimage,true,true,,,success:view:viewimage,applications/order/webapp/ordermgr/WEB-INF/controller.xml,order-management,order-product-team,provisional-repository-inferred
/ordermgr/control/setShippingInstructions,/ordermgr,setShippingInstructions,true,true,service,setShippingInstructions,success:view:orderview;error:view:orderview,applications/order/webapp/ordermgr/WEB-INF/controller.xml,order-management,order-product-team,provisional-repository-inferred
/ordermgr/control/setGiftMessage,/ordermgr,setGiftMessage,true,true,service,setGiftMessage,success:view:orderview;error:view:orderview,applications/order/webapp/ordermgr/WEB-INF/controller.xml,order-management,order-product-team,provisional-repository-inferred
/ordermgr/control/createnewnote,/ordermgr,createnewnote,true,true,,,success:view:createnewnote,applications/order/webapp/ordermgr/WEB-INF/controller.xml,order-management,order-product-team,provisional-repository-inferred
/ordermgr/control/createordernote,/ordermgr,createordernote,true,true,service,createOrderNote,success:view:orderview;error:view:createnewnote,applications/order/webapp/ordermgr/WEB-INF/controller.xml,order-management,order-product-team,provisional-repository-inferred
/ordermgr/control/ListOrderTerms,/ordermgr,ListOrderTerms,true,true,,,success:view:ListOrderTerms,applications/order/webapp/ordermgr/WEB-INF/controller.xml,order-management,order-product-team,provisional-repository-inferred
/ordermgr/control/createOrderTerm,/ordermgr,createOrderTerm,true,true,service,createOrderTerm,success:view:ListOrderTerms;error:view:ListOrderTerms,applications/order/webapp/ordermgr/WEB-INF/controller.xml,order-management,order-product-team,provisional-repository-inferred
/ordermgr/control/updateOrderTerm,/ordermgr,updateOrderTerm,true,true,service,updateOrderTerm,success:view:ListOrderTerms;error:view:ListOrderTerms,applications/order/webapp/ordermgr/WEB-INF/controller.xml,order-management,order-product-team,provisional-repository-inferred
/ordermgr/control/removeOrderTerm,/ordermgr,removeOrderTerm,true,true,service,removeOrderTerm,success:view:ListOrderTerms;error:view:ListOrderTerms,applications/order/webapp/ordermgr/WEB-INF/controller.xml,order-management,order-product-team,provisional-repository-inferred
/ordermgr/control/updateOrderNote,/ordermgr,updateOrderNote,true,true,service,updateOrderNote,success:request-redirect:orderview;error:view:orderview,applications/order/webapp/ordermgr/WEB-INF/controller.xml,order-management,order-product-team,provisional-repository-inferred
/ordermgr/control/orderentry,/ordermgr,orderentry,true,true,java,org.apache.ofbiz.order.shoppingcart.ShoppingCartEvents:routeOrderEntry,init:view:checkinits;agreements:view:orderagreements;cart:view:showcart;error:view:checkinits,applications/order/webapp/ordermgr/WEB-INF/controller.xml,order-management,order-product-team,provisional-repository-inferred
/ordermgr/control/initorderentry,/ordermgr,initorderentry,true,true,java,org.apache.ofbiz.order.shoppingcart.ShoppingCartEvents:initializeOrderEntry,success:request:orderentry;error:view:checkinits,applications/order/webapp/ordermgr/WEB-INF/controller.xml,order-management,order-product-team,provisional-repository-inferred
/ordermgr/control/checkinits,/ordermgr,checkinits,true,true,,,success:view:checkinits,applications/order/webapp/ordermgr/WEB-INF/controller.xml,order-management,order-product-team,provisional-repository-inferred
/ordermgr/control/orderagreements,/ordermgr,orderagreements,true,true,,,success:view:orderagreements,applications/order/webapp/ordermgr/WEB-INF/controller.xml,order-management,order-product-team,provisional-repository-inferred
/ordermgr/control/setOrderCurrencyAgreementShipDates,/ordermgr,setOrderCurrencyAgreementShipDates,true,true,java,org.apache.ofbiz.order.shoppingcart.ShoppingCartEvents:setOrderCurrencyAgreementShipDates,success:request:orderentry;error:request:orderagreements,applications/order/webapp/ordermgr/WEB-INF/controller.xml,order-management,order-product-team,provisional-repository-inferred
/ordermgr/control/setOrderAgreement,/ordermgr,setOrderAgreement,true,true,java,org.apache.ofbiz.order.shoppingcart.ShoppingCartEvents:selectAgreement,success:request:orderentry;error:request:orderagreements,applications/order/webapp/ordermgr/WEB-INF/controller.xml,order-management,order-product-team,provisional-repository-inferred
/ordermgr/control/setOrderCurrency,/ordermgr,setOrderCurrency,true,true,java,org.apache.ofbiz.order.shoppingcart.ShoppingCartEvents:setCurrency,success:request:orderentry;error:request:orderagreements,applications/order/webapp/ordermgr/WEB-INF/controller.xml,order-management,order-product-team,provisional-repository-inferred
/ordermgr/control/setOrderName,/ordermgr,setOrderName,true,true,java,org.apache.ofbiz.order.shoppingcart.ShoppingCartEvents:setOrderName,success:request:orderentry;error:request:orderentry,applications/order/webapp/ordermgr/WEB-INF/controller.xml,order-management,order-product-team,provisional-repository-inferred
/ordermgr/control/setPoNumber,/ordermgr,setPoNumber,true,true,java,org.apache.ofbiz.order.shoppingcart.ShoppingCartEvents:setPoNumber,success:request:orderentry;error:request:orderentry,applications/order/webapp/ordermgr/WEB-INF/controller.xml,order-management,order-product-team,provisional-repository-inferred
/ordermgr/control/additem,/ordermgr,additem,true,true,java,org.apache.ofbiz.order.shoppingcart.ShoppingCartEvents:addToCart,success:request:orderentry;survey:view:survey;product:view:product;error:request:orderentry,applications/order/webapp/ordermgr/WEB-INF/controller.xml,order-management,order-product-team,provisional-repository-inferred
/ordermgr/control/additemsurvey,/ordermgr,additemsurvey,true,true,java,org.apache.ofbiz.content.survey.SurveyEvents:createSurveyResponseAndRestoreParameters,success:request:additem;error:request:orderentry,applications/order/webapp/ordermgr/WEB-INF/controller.xml,order-management,order-product-team,provisional-repository-inferred
/ordermgr/control/addRequirementsToCart,/ordermgr,addRequirementsToCart,true,true,java,org.apache.ofbiz.order.shoppingcart.ShoppingCartEvents:addToCartBulkRequirements,success:request:orderentry;error:request:orderentry,applications/order/webapp/ordermgr/WEB-INF/controller.xml,order-management,order-product-team,provisional-repository-inferred
/ordermgr/control/quickAddRequirementsToCart,/ordermgr,quickAddRequirementsToCart,true,true,java,org.apache.ofbiz.order.shoppingcart.ShoppingCartEvents:addToCartBulkRequirements,success:request:quickCheckoutOrderWithDefaultOptions;error:request:orderentry,applications/order/webapp/ordermgr/WEB-INF/controller.xml,order-management,order-product-team,provisional-repository-inferred
/ordermgr/control/FindQuoteForCart,/ordermgr,FindQuoteForCart,true,true,,,success:view:FindQuoteForCart,applications/order/webapp/ordermgr/WEB-INF/controller.xml,order-management,order-product-team,provisional-repository-inferred
/ordermgr/control/createQuoteFromCart,/ordermgr,createQuoteFromCart,true,true,java,org.apache.ofbiz.order.shoppingcart.ShoppingCartEvents:createQuoteFromCart,success:request:ViewQuote;error:request:orderentry,applications/order/webapp/ordermgr/WEB-INF/controller.xml,order-management,order-product-team,provisional-repository-inferred
/ordermgr/control/createCustRequestFromCart,/ordermgr,createCustRequestFromCart,true,true,java,org.apache.ofbiz.order.shoppingcart.ShoppingCartEvents:createCustRequestFromCart,success:request:ViewRequest;error:request:orderentry,applications/order/webapp/ordermgr/WEB-INF/controller.xml,order-management,order-product-team,provisional-repository-inferred
/ordermgr/control/createQuoteFromShoppingList,/ordermgr,createQuoteFromShoppingList,true,true,service,createQuoteFromShoppingList,success:request:ViewQuote;error:request:orderentry,applications/order/webapp/ordermgr/WEB-INF/controller.xml,order-management,order-product-team,provisional-repository-inferred
/ordermgr/control/createQuoteFromCustRequest,/ordermgr,createQuoteFromCustRequest,true,true,service,createQuoteFromCustRequest,success:request:ViewQuote;error:request:request,applications/order/webapp/ordermgr/WEB-INF/controller.xml,order-management,order-product-team,provisional-repository-inferred
/ordermgr/control/createCustRequestFromShoppingList,/ordermgr,createCustRequestFromShoppingList,true,true,service,createCustRequestFromShoppingList,success:request:ViewRequest;error:request:orderentry,applications/order/webapp/ordermgr/WEB-INF/controller.xml,order-management,order-product-team,provisional-repository-inferred
/ordermgr/control/viewPartyShoppingLists,/ordermgr,viewPartyShoppingLists,true,true,,,success:view:viewshoppinglists,applications/order/webapp/ordermgr/WEB-INF/controller.xml,order-management,order-product-team,provisional-repository-inferred
/ordermgr/control/addFromShoppingList,/ordermgr,addFromShoppingList,true,true,,,success:view:addfromshoppinglist,applications/order/webapp/ordermgr/WEB-INF/controller.xml,order-management,order-product-team,provisional-repository-inferred
/ordermgr/control/addAllFromShoppingList,/ordermgr,addAllFromShoppingList,true,true,java,org.apache.ofbiz.order.shoppinglist.ShoppingListEvents:addListToCart,success:request:orderentry;error:view:checkinits,applications/order/webapp/ordermgr/WEB-INF/controller.xml,order-management,order-product-team,provisional-repository-inferred
/ordermgr/control/addBulkToShoppingList,/ordermgr,addBulkToShoppingList,true,true,java,org.apache.ofbiz.order.shoppinglist.ShoppingListEvents:addBulkFromCart,success:request:addFromShoppingList;error:view:checkinits,applications/order/webapp/ordermgr/WEB-INF/controller.xml,order-management,order-product-team,provisional-repository-inferred
/ordermgr/control/addItemToShoppingList,/ordermgr,addItemToShoppingList,true,true,service,createShoppingListItem,success:view:viewshoppinglists;error:view:viewshoppinglists,applications/order/webapp/ordermgr/WEB-INF/controller.xml,order-management,order-product-team,provisional-repository-inferred
/ordermgr/control/loadCartFromShoppingList,/ordermgr,loadCartFromShoppingList,true,true,java,org.apache.ofbiz.order.shoppingcart.ShoppingCartEvents:loadCartFromShoppingList,success:view:showcart;error:view:checkinits,applications/order/webapp/ordermgr/WEB-INF/controller.xml,order-management,order-product-team,provisional-repository-inferred
/ordermgr/control/loadCartFromOrder,/ordermgr,loadCartFromOrder,true,true,java,org.apache.ofbiz.order.shoppingcart.ShoppingCartEvents:loadCartFromOrder,success:request:finalizeOrder;error:view:orderview,applications/order/webapp/ordermgr/WEB-INF/controller.xml,order-management,order-product-team,provisional-repository-inferred
/ordermgr/control/getProductInventoryAvailable,/ordermgr,getProductInventoryAvailable,true,true,service,getInventoryAvailableByFacility,success:view:showcart;error:view:showcart,applications/order/webapp/ordermgr/WEB-INF/controller.xml,order-management,order-product-team,provisional-repository-inferred
/ordermgr/control/AddGiftCertificate,/ordermgr,AddGiftCertificate,true,true,,,success:view:AddGiftCertificate,applications/order/webapp/ordermgr/WEB-INF/controller.xml,order-management,order-product-team,provisional-repository-inferred
/ordermgr/control/addGiftCertificateSurvey,/ordermgr,addGiftCertificateSurvey,true,true,java,org.apache.ofbiz.content.survey.SurveyEvents:createSurveyResponseAndRestoreParameters,success:request:additem;error:view:AddGiftCertificate,applications/order/webapp/ordermgr/WEB-INF/controller.xml,order-management,order-product-team,provisional-repository-inferred
/ordermgr/control/loadCartForReplacementOrder,/ordermgr,loadCartForReplacementOrder,true,true,java,org.apache.ofbiz.order.shoppingcart.ShoppingCartEvents:loadCartFromOrder,success:request:createReplacementOrder;error:view:orderview,applications/order/webapp/ordermgr/WEB-INF/controller.xml,order-management,order-product-team,provisional-repository-inferred
/ordermgr/control/createReplacementOrder,/ordermgr,createReplacementOrder,true,true,java,org.apache.ofbiz.order.shoppingcart.CheckOutEvents:createReplacementOrder,success:request:clearCartForReplacementOrder;error:view:orderview,applications/order/webapp/ordermgr/WEB-INF/controller.xml,order-management,order-product-team,provisional-repository-inferred
/ordermgr/control/clearCartForReplacementOrder,/ordermgr,clearCartForReplacementOrder,true,true,java,org.apache.ofbiz.order.shoppingcart.ShoppingCartEvents:destroyCart,success:view:orderview;error:view:orderview,applications/order/webapp/ordermgr/WEB-INF/controller.xml,order-management,order-product-team,provisional-repository-inferred
/ordermgr/control/addseperator,/ordermgr,addseperator,true,true,java,org.apache.ofbiz.order.shoppingcart.ShoppingCartEvents:addSeparator,success:request:orderentry;error:request:orderentry,applications/order/webapp/ordermgr/WEB-INF/controller.xml,order-management,order-product-team,provisional-repository-inferred
/ordermgr/control/modifycart,/ordermgr,modifycart,true,true,java,org.apache.ofbiz.order.shoppingcart.ShoppingCartEvents:modifyCart,success:request:orderentry;error:request:orderentry,applications/order/webapp/ordermgr/WEB-INF/controller.xml,order-management,order-product-team,provisional-repository-inferred
/ordermgr/control/emptycart,/ordermgr,emptycart,true,true,java,org.apache.ofbiz.order.shoppingcart.ShoppingCartEvents:destroyCart,success:request:orderentry;error:request:orderentry,applications/order/webapp/ordermgr/WEB-INF/controller.xml,order-management,order-product-team,provisional-repository-inferred
/ordermgr/control/doManualPromotions,/ordermgr,doManualPromotions,true,true,java,org.apache.ofbiz.order.shoppingcart.ShoppingCartEvents:doManualPromotions,success:view:showcart;error:view:showcart,applications/order/webapp/ordermgr/WEB-INF/controller.xml,order-management,order-product-team,provisional-repository-inferred
/ordermgr/control/setDesiredAlternateGwpProductId,/ordermgr,setDesiredAlternateGwpProductId,false,false,java,org.apache.ofbiz.order.shoppingcart.ShoppingCartEvents:setDesiredAlternateGwpProductId,success:view:showcart;error:view:showcart,applications/order/webapp/ordermgr/WEB-INF/controller.xml,order-management,order-product-team,provisional-repository-inferred
/ordermgr/control/showAllPromotions,/ordermgr,showAllPromotions,true,true,,,success:view:showAllPromotions,applications/order/webapp/ordermgr/WEB-INF/controller.xml,order-management,order-product-team,provisional-repository-inferred
/ordermgr/control/showPromotionDetails,/ordermgr,showPromotionDetails,true,true,,,success:view:showPromotionDetails,applications/order/webapp/ordermgr/WEB-INF/controller.xml,order-management,order-product-team,provisional-repository-inferred
/ordermgr/control/removePromotion,/ordermgr,removePromotion,true,true,java,org.apache.ofbiz.order.shoppingcart.ShoppingCartEvents:removePromotion,success:request:orderentry;error:request:orderentry,applications/order/webapp/ordermgr/WEB-INF/controller.xml,order-management,order-product-team,provisional-repository-inferred
/ordermgr/control/quickadd,/ordermgr,quickadd,true,true,,,success:view:quickadd,applications/order/webapp/ordermgr/WEB-INF/controller.xml,order-management,order-product-team,provisional-repository-inferred
/ordermgr/control/advancedsearch,/ordermgr,advancedsearch,true,true,,,success:view:advancedsearch,applications/order/webapp/ordermgr/WEB-INF/controller.xml,order-management,order-product-team,provisional-repository-inferred
/ordermgr/control/keywordsearch,/ordermgr,keywordsearch,true,true,java,org.apache.ofbiz.product.product.ProductSearchSession:checkDoKeywordOverride,success:view:keywordsearch;none:none:,applications/order/webapp/ordermgr/WEB-INF/controller.xml,order-management,order-product-team,provisional-repository-inferred
/ordermgr/control/choosecatalog,/ordermgr,choosecatalog,true,true,,,success:request:orderentry,applications/order/webapp/ordermgr/WEB-INF/controller.xml,order-management,order-product-team,provisional-repository-inferred
/ordermgr/control/addtocartbulk,/ordermgr,addtocartbulk,true,true,java,org.apache.ofbiz.order.shoppingcart.ShoppingCartEvents:addToCartBulk,success:view:keywordsearch;error:view:keywordsearch,applications/order/webapp/ordermgr/WEB-INF/controller.xml,order-management,order-product-team,provisional-repository-inferred
/ordermgr/control/addCategoryDefaults,/ordermgr,addCategoryDefaults,false,false,java,org.apache.ofbiz.order.shoppingcart.ShoppingCartEvents:addCategoryDefaults,success:view:showcart;error:view:showcart,applications/order/webapp/ordermgr/WEB-INF/controller.xml,order-management,order-product-team,provisional-repository-inferred
/ordermgr/control/BulkAddProducts,/ordermgr,BulkAddProducts,true,true,java,org.apache.ofbiz.order.shoppingcart.ShoppingCartEvents:bulkAddProducts,success:request:orderentry;error:request:orderentry;product:view:product,applications/order/webapp/ordermgr/WEB-INF/controller.xml,order-management,order-product-team,provisional-repository-inferred
/ordermgr/control/bulkAddProductsInApprovedOrder,/ordermgr,bulkAddProductsInApprovedOrder,true,true,java,org.apache.ofbiz.order.shoppingcart.ShoppingCartEvents:bulkAddProductsInApprovedOrder,success:request-redirect:orderview;error:request:orderview,applications/order/webapp/ordermgr/WEB-INF/controller.xml,order-management,order-product-team,provisional-repository-inferred
/ordermgr/control/category,/ordermgr,category,true,true,,,success:view:category,applications/order/webapp/ordermgr/WEB-INF/controller.xml,order-management,order-product-team,provisional-repository-inferred
/ordermgr/control/product,/ordermgr,product,true,true,,,success:view:product,applications/order/webapp/ordermgr/WEB-INF/controller.xml,order-management,order-product-team,provisional-repository-inferred
/ordermgr/control/addToCompare,/ordermgr,addToCompare,true,true,java,org.apache.ofbiz.product.product.ProductEvents:addProductToComparisonList,success:view-last:,applications/order/webapp/ordermgr/WEB-INF/controller.xml,order-management,order-product-team,provisional-repository-inferred
/ordermgr/control/removeFromCompare,/ordermgr,removeFromCompare,true,true,java,org.apache.ofbiz.product.product.ProductEvents:removeProductFromComparisonList,success:view-last:,applications/order/webapp/ordermgr/WEB-INF/controller.xml,order-management,order-product-team,provisional-repository-inferred
/ordermgr/control/clearCompareList,/ordermgr,clearCompareList,true,true,java,org.apache.ofbiz.product.product.ProductEvents:clearProductComparisonList,success:view-last:,applications/order/webapp/ordermgr/WEB-INF/controller.xml,order-management,order-product-team,provisional-repository-inferred
/ordermgr/control/compareProducts,/ordermgr,compareProducts,true,true,,,success:view:compareProducts,applications/order/webapp/ordermgr/WEB-INF/controller.xml,order-management,order-product-team,provisional-repository-inferred
/ordermgr/control/finalizeOrder,/ordermgr,finalizeOrder,true,true,java,org.apache.ofbiz.order.shoppingcart.CheckOutEvents:finalizeOrderEntry,addparty:view:setAdditionalParty;customer:view:custsetting;shipping:view:shipsetting;shippingAddress:view:EditShipAddress;options:view:optionsetting;payment:request:calcShippingBeforePayment;paymentError:request:calcShippingBeforePayment;term:view:orderTerm;shipGroups:view:SetItemShipGroups;sales:request:calcShipping;po:request:calcTax;error:request:orderentry,applications/order/webapp/ordermgr/WEB-INF/controller.xml,order-management,order-product-team,provisional-repository-inferred
/ordermgr/control/calcShippingBeforePayment,/ordermgr,calcShippingBeforePayment,false,false,java,org.apache.ofbiz.order.shoppingcart.shipping.ShippingEvents:getShipEstimate,success:request:calcTaxBeforePayment;error:request:orderentry,applications/order/webapp/ordermgr/WEB-INF/controller.xml,order-management,order-product-team,provisional-repository-inferred
/ordermgr/control/calcTaxBeforePayment,/ordermgr,calcTaxBeforePayment,false,false,java,org.apache.ofbiz.order.shoppingcart.CheckOutEvents:calcTax,success:request:validatePaymentMethodsBeforePayment;error:request:orderentry,applications/order/webapp/ordermgr/WEB-INF/controller.xml,order-management,order-product-team,provisional-repository-inferred
/ordermgr/control/validatePaymentMethodsBeforePayment,/ordermgr,validatePaymentMethodsBeforePayment,false,false,java,org.apache.ofbiz.order.shoppingcart.CheckOutEvents:checkPaymentMethods,success:view:billsetting;error:request:orderentry,applications/order/webapp/ordermgr/WEB-INF/controller.xml,order-management,order-product-team,provisional-repository-inferred
/ordermgr/control/quickcheckout,/ordermgr,quickcheckout,true,true,,,success:view:quickcheckout,applications/order/webapp/ordermgr/WEB-INF/controller.xml,order-management,order-product-team,provisional-repository-inferred
/ordermgr/control/updateCheckoutOptions,/ordermgr,updateCheckoutOptions,true,true,java,org.apache.ofbiz.order.shoppingcart.CheckOutEvents:setPartialCheckOutOptions,success:view:checkoutshippingaddress;error:view:showcart,applications/order/webapp/ordermgr/WEB-INF/controller.xml,order-management,order-product-team,provisional-repository-inferred
/ordermgr/control/cartUpdateShipToCustomerParty,/ordermgr,cartUpdateShipToCustomerParty,true,true,java,org.apache.ofbiz.order.shoppingcart.CheckOutEvents:setCartShipToCustomerParty,success:view:quickcheckout;error:view:showcart,applications/order/webapp/ordermgr/WEB-INF/controller.xml,order-management,order-product-team,provisional-repository-inferred
/ordermgr/control/checkout,/ordermgr,checkout,true,true,java,org.apache.ofbiz.order.shoppingcart.CheckOutEvents:setQuickCheckOutOptions,success:request:calcShipping;error:view-last:,applications/order/webapp/ordermgr/WEB-INF/controller.xml,order-management,order-product-team,provisional-repository-inferred
/ordermgr/control/createPostalAddressAndPurpose,/ordermgr,createPostalAddressAndPurpose,true,true,service,createPartyPostalAddress,success:view:editcontactmech;error:view:editcontactmech,applications/order/webapp/ordermgr/WEB-INF/controller.xml,order-management,order-product-team,provisional-repository-inferred
/ordermgr/control/createPartyContactMechPurpose,/ordermgr,createPartyContactMechPurpose,true,true,service,createPartyContactMechPurpose,success:view:editcontactmech;error:view:editcontactmech,applications/order/webapp/ordermgr/WEB-INF/controller.xml,order-management,order-product-team,provisional-repository-inferred
/ordermgr/control/expirePartyContactMechPurpose,/ordermgr,expirePartyContactMechPurpose,true,true,service,expirePartyContactMechPurpose,success:view:editcontactmech;error:view:editcontactmech,applications/order/webapp/ordermgr/WEB-INF/controller.xml,order-management,order-product-team,provisional-repository-inferred
/ordermgr/control/checkoutoptions,/ordermgr,checkoutoptions,true,true,,,success:request:calcShipping,applications/order/webapp/ordermgr/WEB-INF/controller.xml,order-management,order-product-team,provisional-repository-inferred
/ordermgr/control/updatePostalAddress,/ordermgr,updatePostalAddress,true,true,service,updatePartyPostalAddress,success:view:editcontactmech;error:view:editcontactmech,applications/order/webapp/ordermgr/WEB-INF/controller.xml,order-management,order-product-team,provisional-repository-inferred
/ordermgr/control/createCreditCard,/ordermgr,createCreditCard,true,true,simple,component://accounting/minilang/payment/PaymentMethodEvents.xml:createCreditCard,success:view:editcreditcard;address:view:editcontactmech;error:view:editcreditcard,applications/order/webapp/ordermgr/WEB-INF/controller.xml,order-management,order-product-team,provisional-repository-inferred
/ordermgr/control/createPartyForOrder,/ordermgr,createPartyForOrder,true,true,,,success:view:custsetting,applications/order/webapp/ordermgr/WEB-INF/controller.xml,order-management,order-product-team,provisional-repository-inferred
/ordermgr/control/updateOrderContactMech,/ordermgr,updateOrderContactMech,true,true,service,updateOrderContactMech,success:view:orderview;error:view:orderview,applications/order/webapp/ordermgr/WEB-INF/controller.xml,order-management,order-product-team,provisional-repository-inferred
/ordermgr/control/setAdditionalParty,/ordermgr,setAdditionalParty,true,true,,,success:view:setAdditionalParty,applications/order/webapp/ordermgr/WEB-INF/controller.xml,order-management,order-product-team,provisional-repository-inferred
/ordermgr/control/addAdditionalParty,/ordermgr,addAdditionalParty,true,true,java,org.apache.ofbiz.order.shoppingcart.ShoppingCartEvents:addAdditionalParty,success:view:setAdditionalParty;error:view:setAdditionalParty,applications/order/webapp/ordermgr/WEB-INF/controller.xml,order-management,order-product-team,provisional-repository-inferred
/ordermgr/control/removeAdditionalParty,/ordermgr,removeAdditionalParty,true,true,java,org.apache.ofbiz.order.shoppingcart.ShoppingCartEvents:removeAdditionalParty,success:view:setAdditionalParty;error:view:setAdditionalParty,applications/order/webapp/ordermgr/WEB-INF/controller.xml,order-management,order-product-team,provisional-repository-inferred
/ordermgr/control/calcShipping,/ordermgr,calcShipping,false,false,java,org.apache.ofbiz.order.shoppingcart.shipping.ShippingEvents:getShipEstimate,success:request:calcTax;error:request:orderentry,applications/order/webapp/ordermgr/WEB-INF/controller.xml,order-management,order-product-team,provisional-repository-inferred
/ordermgr/control/calcTax,/ordermgr,calcTax,false,false,java,org.apache.ofbiz.order.shoppingcart.CheckOutEvents:calcTax,success:view:confirm;error:request:orderentry,applications/order/webapp/ordermgr/WEB-INF/controller.xml,order-management,order-product-team,provisional-repository-inferred
/ordermgr/control/setCustomer,/ordermgr,setCustomer,true,true,,,success:view:custsetting,applications/order/webapp/ordermgr/WEB-INF/controller.xml,order-management,order-product-team,provisional-repository-inferred
/ordermgr/control/createCustomer,/ordermgr,createCustomer,true,true,simple,component://order/minilang/customer/CustomerEvents.xml:createCustomer,success:request:finalizeOrder;error:view:custsetting,applications/order/webapp/ordermgr/WEB-INF/controller.xml,order-management,order-product-team,provisional-repository-inferred
/ordermgr/control/confirmOrder,/ordermgr,confirmOrder,true,true,,,success:view:confirm,applications/order/webapp/ordermgr/WEB-INF/controller.xml,order-management,order-product-team,provisional-repository-inferred
/ordermgr/control/setShipping,/ordermgr,setShipping,true,true,,,success:view:shipsetting,applications/order/webapp/ordermgr/WEB-INF/controller.xml,order-management,order-product-team,provisional-repository-inferred
/ordermgr/control/EditShipAddress,/ordermgr,EditShipAddress,true,true,,,success:view:EditShipAddress,applications/order/webapp/ordermgr/WEB-INF/controller.xml,order-management,order-product-team,provisional-repository-inferred
/ordermgr/control/createPostalAddress,/ordermgr,createPostalAddress,true,true,service,createPartyPostalAddress,success:request:finalizeOrder;error:view:EditShipAddress,applications/order/webapp/ordermgr/WEB-INF/controller.xml,order-management,order-product-team,provisional-repository-inferred
/ordermgr/control/updatePostalAddressOrderEntry,/ordermgr,updatePostalAddressOrderEntry,true,true,service,updatePartyPostalAddress,success:request:finalizeOrder;error:view:shipsetting,applications/order/webapp/ordermgr/WEB-INF/controller.xml,order-management,order-product-team,provisional-repository-inferred
/ordermgr/control/SetItemShipGroups,/ordermgr,SetItemShipGroups,true,true,,,success:view:SetItemShipGroups,applications/order/webapp/ordermgr/WEB-INF/controller.xml,order-management,order-product-team,provisional-repository-inferred
/ordermgr/control/assignItemToShipGroups,/ordermgr,assignItemToShipGroups,true,true,service-multi,assignItemShipGroup,success:view:SetItemShipGroups;error:view:SetItemShipGroups,applications/order/webapp/ordermgr/WEB-INF/controller.xml,order-management,order-product-team,provisional-repository-inferred
/ordermgr/control/setOptions,/ordermgr,setOptions,true,true,,,success:view:optionsetting,applications/order/webapp/ordermgr/WEB-INF/controller.xml,order-management,order-product-team,provisional-repository-inferred
/ordermgr/control/setBilling,/ordermgr,setBilling,true,true,,,success:view:billsetting,applications/order/webapp/ordermgr/WEB-INF/controller.xml,order-management,order-product-team,provisional-repository-inferred
/ordermgr/control/createCreditCardAndPostalAddress,/ordermgr,createCreditCardAndPostalAddress,true,true,service,createCreditCardAndAddress,success:request:finalizeOrder;error:view:billsetting,applications/order/webapp/ordermgr/WEB-INF/controller.xml,order-management,order-product-team,provisional-repository-inferred
/ordermgr/control/createCreditCardOrderEntry,/ordermgr,createCreditCardOrderEntry,true,true,service,createCreditCard,success:request:finalizeOrder;error:view:billsetting,applications/order/webapp/ordermgr/WEB-INF/controller.xml,order-management,order-product-team,provisional-repository-inferred
/ordermgr/control/updateCreditCard,/ordermgr,updateCreditCard,true,true,simple,component://accounting/minilang/payment/PaymentMethodEvents.xml:updateCreditCard,success:view:editcreditcard;address:view:editcreditcard;error:view:editcreditcard,applications/order/webapp/ordermgr/WEB-INF/controller.xml,order-management,order-product-team,provisional-repository-inferred
/ordermgr/control/updateCreditCardAndPostalAddress,/ordermgr,updateCreditCardAndPostalAddress,true,true,service,updateCreditCardAndAddress,success:request:finalizeOrder;error:view:billsetting,applications/order/webapp/ordermgr/WEB-INF/controller.xml,order-management,order-product-team,provisional-repository-inferred
/ordermgr/control/createEftAndPostalAddress,/ordermgr,createEftAndPostalAddress,true,true,service,createEftAccountAndAddress,success:request:finalizeOrder;error:view:billsetting,applications/order/webapp/ordermgr/WEB-INF/controller.xml,order-management,order-product-team,provisional-repository-inferred
/ordermgr/control/createEftAccount,/ordermgr,createEftAccount,true,true,service,createEftAccount,success:request:finalizeOrder;error:view:billsetting,applications/order/webapp/ordermgr/WEB-INF/controller.xml,order-management,order-product-team,provisional-repository-inferred
/ordermgr/control/updateEftAndPostalAddress,/ordermgr,updateEftAndPostalAddress,true,true,service,updateEftAccountAndAddress,success:request:finalizeOrder;error:view:billsetting,applications/order/webapp/ordermgr/WEB-INF/controller.xml,order-management,order-product-team,provisional-repository-inferred
/ordermgr/control/processorder,/ordermgr,processorder,true,true,java,org.apache.ofbiz.order.shoppingcart.CheckOutEvents:createOrder,sales_order:request:checkDenyList;work_order:request:checkDenyList;purchase_order:request:clearpocart;error:view:confirm,applications/order/webapp/ordermgr/WEB-INF/controller.xml,order-management,order-product-team,provisional-repository-inferred
/ordermgr/control/checkDenyList,/ordermgr,checkDenyList,false,false,java,org.apache.ofbiz.order.shoppingcart.CheckOutEvents:checkOrderDenylist,success:request:processpayment;failed:request:failedDenylist;error:view:confirm,applications/order/webapp/ordermgr/WEB-INF/controller.xml,order-management,order-product-team,provisional-repository-inferred
/ordermgr/control/failedDenylist,/ordermgr,failedDenylist,false,false,java,org.apache.ofbiz.order.shoppingcart.CheckOutEvents:failedDenylistCheck,success:view:main;error:view:main,applications/order/webapp/ordermgr/WEB-INF/controller.xml,order-management,order-product-team,provisional-repository-inferred
/ordermgr/control/processpayment,/ordermgr,processpayment,false,false,java,org.apache.ofbiz.order.shoppingcart.CheckOutEvents:processPayment,success:request:clearcart;fail:view:confirm;error:view:confirm,applications/order/webapp/ordermgr/WEB-INF/controller.xml,order-management,order-product-team,provisional-repository-inferred
/ordermgr/control/clearcart,/ordermgr,clearcart,true,true,java,org.apache.ofbiz.order.shoppingcart.ShoppingCartEvents:destroyCart,success:request:emailorder;error:view:confirm,applications/order/webapp/ordermgr/WEB-INF/controller.xml,order-management,order-product-team,provisional-repository-inferred
/ordermgr/control/clearpocart,/ordermgr,clearpocart,true,false,java,org.apache.ofbiz.order.shoppingcart.ShoppingCartEvents:destroyCart,success:request-redirect:orderview;error:view:confirm,applications/order/webapp/ordermgr/WEB-INF/controller.xml,order-management,order-product-team,provisional-repository-inferred
/ordermgr/control/emailorder,/ordermgr,emailorder,true,false,service,async:sendOrderConfirmation,success:request-redirect:orderview;error:view:ordercomplete,applications/order/webapp/ordermgr/WEB-INF/controller.xml,order-management,order-product-team,provisional-repository-inferred
/ordermgr/control/setOrderTerm,/ordermgr,setOrderTerm,true,true,,,success:view:orderTerm,applications/order/webapp/ordermgr/WEB-INF/controller.xml,order-management,order-product-team,provisional-repository-inferred
/ordermgr/control/addOrderTerm,/ordermgr,addOrderTerm,true,true,java,org.apache.ofbiz.order.shoppingcart.ShoppingCartEvents:addOrderTerm,success:view:orderTerm;error:view:orderTerm,applications/order/webapp/ordermgr/WEB-INF/controller.xml,order-management,order-product-team,provisional-repository-inferred
/ordermgr/control/removeCartOrderTerm,/ordermgr,removeCartOrderTerm,true,true,java,org.apache.ofbiz.order.shoppingcart.ShoppingCartEvents:removeOrderTerm,success:view:orderTerm;error:view:orderTerm,applications/order/webapp/ordermgr/WEB-INF/controller.xml,order-management,order-product-team,provisional-repository-inferred
/ordermgr/control/findreturn,/ordermgr,findreturn,true,true,,,success:view:findreturn,applications/order/webapp/ordermgr/WEB-INF/controller.xml,order-management,order-product-team,provisional-repository-inferred
/ordermgr/control/returnlist,/ordermgr,returnlist,true,true,,,success:view:returnlist,applications/order/webapp/ordermgr/WEB-INF/controller.xml,order-management,order-product-team,provisional-repository-inferred
/ordermgr/control/quickreturn,/ordermgr,quickreturn,true,true,,,success:view:quickReturn,applications/order/webapp/ordermgr/WEB-INF/controller.xml,order-management,order-product-team,provisional-repository-inferred
/ordermgr/control/makeQuickReturn,/ordermgr,makeQuickReturn,true,true,service-multi,createReturnAndItemOrAdjustment,success:request-redirect:returnItems;error:view:orderview,applications/order/webapp/ordermgr/WEB-INF/controller.xml,order-management,order-product-team,provisional-repository-inferred
/ordermgr/control/quickRefundOrder,/ordermgr,quickRefundOrder,true,true,service,quickReturnOrder,success:view:orderview;error:view:orderview,applications/order/webapp/ordermgr/WEB-INF/controller.xml,order-management,order-product-team,provisional-repository-inferred
/ordermgr/control/returnMain,/ordermgr,returnMain,true,true,,,success:view:returnhead,applications/order/webapp/ordermgr/WEB-INF/controller.xml,order-management,order-product-team,provisional-repository-inferred
/ordermgr/control/returnItems,/ordermgr,returnItems,true,true,,,success:view:returnitems,applications/order/webapp/ordermgr/WEB-INF/controller.xml,order-management,order-product-team,provisional-repository-inferred
/ordermgr/control/createReturn,/ordermgr,createReturn,true,true,service,createReturnHeader,success:view:returnhead,applications/order/webapp/ordermgr/WEB-INF/controller.xml,order-management,order-product-team,provisional-repository-inferred
/ordermgr/control/updateReturn,/ordermgr,updateReturn,true,true,service,updateReturnHeader,success:view:returnhead,applications/order/webapp/ordermgr/WEB-INF/controller.xml,order-management,order-product-team,provisional-repository-inferred
/ordermgr/control/createReturnItems,/ordermgr,createReturnItems,true,true,service-multi,createReturnItemOrAdjustment,success:view:returnitems,applications/order/webapp/ordermgr/WEB-INF/controller.xml,order-management,order-product-team,provisional-repository-inferred
/ordermgr/control/updateReturnItems,/ordermgr,updateReturnItems,true,true,service-multi,updateReturnItemOrAdjustment,success:view:returnitems,applications/order/webapp/ordermgr/WEB-INF/controller.xml,order-management,order-product-team,provisional-repository-inferred
/ordermgr/control/removeReturnItem,/ordermgr,removeReturnItem,true,true,service,removeReturnItem,success:view:returnitems,applications/order/webapp/ordermgr/WEB-INF/controller.xml,order-management,order-product-team,provisional-repository-inferred
/ordermgr/control/removeReturnAdjustment,/ordermgr,removeReturnAdjustment,true,true,service,removeReturnAdjustment,success:view:returnitems,applications/order/webapp/ordermgr/WEB-INF/controller.xml,order-management,order-product-team,provisional-repository-inferred
/ordermgr/control/getStatusItemsForReturn,/ordermgr,getStatusItemsForReturn,true,true,service,getStatusItemsForReturn,success:request:json;error:request:json,applications/order/webapp/ordermgr/WEB-INF/controller.xml,order-management,order-product-team,provisional-repository-inferred
/ordermgr/control/paysetup,/ordermgr,paysetup,true,true,,,success:view:paysetup,applications/order/webapp/ordermgr/WEB-INF/controller.xml,order-management,order-product-team,provisional-repository-inferred
/ordermgr/control/createWebSitePaymentSetting,/ordermgr,createWebSitePaymentSetting,true,true,,,success:view:paysetup,applications/order/webapp/ordermgr/WEB-INF/controller.xml,order-management,order-product-team,provisional-repository-inferred
/ordermgr/control/updateWebSitePaymentSetting,/ordermgr,updateWebSitePaymentSetting,true,true,,,success:view:paysetup,applications/order/webapp/ordermgr/WEB-INF/controller.xml,order-management,order-product-team,provisional-repository-inferred
/ordermgr/control/removeWebSitePaymentSetting,/ordermgr,removeWebSitePaymentSetting,true,true,,,success:view:paysetup,applications/order/webapp/ordermgr/WEB-INF/controller.xml,order-management,order-product-team,provisional-repository-inferred
/ordermgr/control/OrderPurchaseReportOptions,/ordermgr,OrderPurchaseReportOptions,true,true,,,success:view:OrderPurchaseReportOptions,applications/order/webapp/ordermgr/WEB-INF/controller.xml,order-management,order-product-team,provisional-repository-inferred
/ordermgr/control/OrderPurchaseReportPayment.pdf,/ordermgr,OrderPurchaseReportPayment.pdf,true,true,,,success:view:OrderPurchaseReportPayment,applications/order/webapp/ordermgr/WEB-INF/controller.xml,order-management,order-product-team,provisional-repository-inferred
/ordermgr/control/OrderPurchaseReportProduct.pdf,/ordermgr,OrderPurchaseReportProduct.pdf,true,true,,,success:view:OrderPurchaseReportProduct,applications/order/webapp/ordermgr/WEB-INF/controller.xml,order-management,order-product-team,provisional-repository-inferred
/ordermgr/control/SalesByStoreReport.pdf,/ordermgr,SalesByStoreReport.pdf,true,true,,,success:view:SalesByStoreReport,applications/order/webapp/ordermgr/WEB-INF/controller.xml,order-management,order-product-team,provisional-repository-inferred
/ordermgr/control/OpenOrderItemsReport,/ordermgr,OpenOrderItemsReport,true,true,,,success:view:OpenOrderItemsReport,applications/order/webapp/ordermgr/WEB-INF/controller.xml,order-management,order-product-team,provisional-repository-inferred
/ordermgr/control/PurchasesByOrganizationReport.pdf,/ordermgr,PurchasesByOrganizationReport.pdf,true,true,,,success:view:PurchasesByOrganizationReport,applications/order/webapp/ordermgr/WEB-INF/controller.xml,order-management,order-product-team,provisional-repository-inferred
/ordermgr/control/FindRequirements,/ordermgr,FindRequirements,true,true,,,success:view:FindRequirements,applications/order/webapp/ordermgr/WEB-INF/controller.xml,order-management,order-product-team,provisional-repository-inferred
/ordermgr/control/EditRequirement,/ordermgr,EditRequirement,true,true,,,success:view:EditRequirement,applications/order/webapp/ordermgr/WEB-INF/controller.xml,order-management,order-product-team,provisional-repository-inferred
/ordermgr/control/ListRequirementCustRequests,/ordermgr,ListRequirementCustRequests,true,true,,,success:view:ListRequirementCustRequests,applications/order/webapp/ordermgr/WEB-INF/controller.xml,order-management,order-product-team,provisional-repository-inferred
/ordermgr/control/ListRequirementOrders,/ordermgr,ListRequirementOrders,true,true,,,success:view:ListRequirementOrders,applications/order/webapp/ordermgr/WEB-INF/controller.xml,order-management,order-product-team,provisional-repository-inferred
/ordermgr/control/ListRequirementRoles,/ordermgr,ListRequirementRoles,true,true,,,success:view:ListRequirementRoles,applications/order/webapp/ordermgr/WEB-INF/controller.xml,order-management,order-product-team,provisional-repository-inferred
/ordermgr/control/EditRequirementRole,/ordermgr,EditRequirementRole,true,true,,,success:view:EditRequirementRole,applications/order/webapp/ordermgr/WEB-INF/controller.xml,order-management,order-product-team,provisional-repository-inferred
/ordermgr/control/createRequirement,/ordermgr,createRequirement,true,true,service,createRequirement,success:view:EditRequirement,applications/order/webapp/ordermgr/WEB-INF/controller.xml,order-management,order-product-team,provisional-repository-inferred
/ordermgr/control/updateRequirement,/ordermgr,updateRequirement,true,true,service,updateRequirement,success:view:EditRequirement,applications/order/webapp/ordermgr/WEB-INF/controller.xml,order-management,order-product-team,provisional-repository-inferred
/ordermgr/control/deleteRequirement,/ordermgr,deleteRequirement,true,true,service,deleteRequirementAndRelated,success:view:FindRequirements,applications/order/webapp/ordermgr/WEB-INF/controller.xml,order-management,order-product-team,provisional-repository-inferred
/ordermgr/control/removeRequirementRole,/ordermgr,removeRequirementRole,true,true,service,removeRequirementRole,success:view:ListRequirementRoles,applications/order/webapp/ordermgr/WEB-INF/controller.xml,order-management,order-product-team,provisional-repository-inferred
/ordermgr/control/createRequirementRole,/ordermgr,createRequirementRole,true,true,service,createRequirementRole,success:view:ListRequirementRoles,applications/order/webapp/ordermgr/WEB-INF/controller.xml,order-management,order-product-team,provisional-repository-inferred
/ordermgr/control/updateRequirementRole,/ordermgr,updateRequirementRole,true,true,service,updateRequirementRole,success:view:ListRequirementRoles,applications/order/webapp/ordermgr/WEB-INF/controller.xml,order-management,order-product-team,provisional-repository-inferred
/ordermgr/control/autoAssignRequirementToSupplier,/ordermgr,autoAssignRequirementToSupplier,true,true,service,autoAssignRequirementToSupplier,success:view:ListRequirementRoles,applications/order/webapp/ordermgr/WEB-INF/controller.xml,order-management,order-product-team,provisional-repository-inferred
/ordermgr/control/ApproveRequirements,/ordermgr,ApproveRequirements,true,true,,,success:view:ApproveRequirements,applications/order/webapp/ordermgr/WEB-INF/controller.xml,order-management,order-product-team,provisional-repository-inferred
/ordermgr/control/approveRequirements,/ordermgr,approveRequirements,true,true,service-multi,approveRequirement,success:view:ApproveRequirements;error:view:ApproveRequirements,applications/order/webapp/ordermgr/WEB-INF/controller.xml,order-management,order-product-team,provisional-repository-inferred
/ordermgr/control/createTransfersFromRequirements,/ordermgr,createTransfersFromRequirements,true,true,service-multi,createTransferFromRequirement,success:view:ApproveRequirements;error:view:ApproveRequirements,applications/order/webapp/ordermgr/WEB-INF/controller.xml,order-management,order-product-team,provisional-repository-inferred
/ordermgr/control/ApprovedProductRequirements,/ordermgr,ApprovedProductRequirements,true,true,,,success:view:ApprovedProductRequirements,applications/order/webapp/ordermgr/WEB-INF/controller.xml,order-management,order-product-team,provisional-repository-inferred
/ordermgr/control/ApprovedProductRequirementsReport,/ordermgr,ApprovedProductRequirementsReport,true,true,,,success:view:ApprovedProductRequirementsReport,applications/order/webapp/ordermgr/WEB-INF/controller.xml,order-management,order-product-team,provisional-repository-inferred
/ordermgr/control/ApprovedProductRequirementsByVendor,/ordermgr,ApprovedProductRequirementsByVendor,true,true,,,success:view:ApprovedProductRequirementsByVendor,applications/order/webapp/ordermgr/WEB-INF/controller.xml,order-management,order-product-team,provisional-repository-inferred
/ordermgr/control/ApprovedProductRequirementsByVendorReport,/ordermgr,ApprovedProductRequirementsByVendorReport,true,true,,,success:view:ApprovedProductRequirementsByVendorReport,applications/order/webapp/ordermgr/WEB-INF/controller.xml,order-management,order-product-team,provisional-repository-inferred
/ordermgr/control/quickPurchaseOrderEntry,/ordermgr,quickPurchaseOrderEntry,true,true,java,org.apache.ofbiz.order.shoppingcart.ShoppingCartEvents:quickInitPurchaseOrder,success:request:quickAddRequirementsToCart;error:view:ApprovedProductRequirements,applications/order/webapp/ordermgr/WEB-INF/controller.xml,order-management,order-product-team,provisional-repository-inferred
/ordermgr/control/quickCheckoutOrderWithDefaultOptions,/ordermgr,quickCheckoutOrderWithDefaultOptions,true,true,java,org.apache.ofbiz.order.shoppingcart.ShoppingCartEvents:quickCheckoutOrderWithDefaultOptions,success:request:calcTax;error:request:orderentry,applications/order/webapp/ordermgr/WEB-INF/controller.xml,order-management,order-product-team,provisional-repository-inferred
/ordermgr/control/RequirementsForSupplier,/ordermgr,RequirementsForSupplier,true,true,,,success:view:RequirementsForSupplier,applications/order/webapp/ordermgr/WEB-INF/controller.xml,order-management,order-product-team,provisional-repository-inferred
/ordermgr/control/CreateAllocationPlan,/ordermgr,CreateAllocationPlan,true,true,,,success:view:CreateAllocationPlan,applications/order/webapp/ordermgr/WEB-INF/controller.xml,order-management,order-product-team,provisional-repository-inferred
/ordermgr/control/createAllocationPlanAndItems,/ordermgr,createAllocationPlanAndItems,true,true,service,createAllocationPlanAndItems,success:request-redirect:CreateAllocationPlan;error:view:CreateAllocationPlan,applications/order/webapp/ordermgr/WEB-INF/controller.xml,order-management,order-product-team,provisional-repository-inferred
/ordermgr/control/FindAllocationPlan,/ordermgr,FindAllocationPlan,true,true,,,success:view:FindAllocationPlan,applications/order/webapp/ordermgr/WEB-INF/controller.xml,order-management,order-product-team,provisional-repository-inferred
/ordermgr/control/ViewAllocationPlan,/ordermgr,ViewAllocationPlan,true,true,,,success:view:ViewAllocationPlan,applications/order/webapp/ordermgr/WEB-INF/controller.xml,order-management,order-product-team,provisional-repository-inferred
/ordermgr/control/EditAllocationPlan,/ordermgr,EditAllocationPlan,true,true,,,success:view:EditAllocationPlan,applications/order/webapp/ordermgr/WEB-INF/controller.xml,order-management,order-product-team,provisional-repository-inferred
/ordermgr/control/updateAllocationPlanItems,/ordermgr,updateAllocationPlanItems,true,true,service,updateAllocationPlanItems,success:request-redirect:ViewAllocationPlan;error:request-redirect:EditAllocationPlan,applications/order/webapp/ordermgr/WEB-INF/controller.xml,order-management,order-product-team,provisional-repository-inferred
/ordermgr/control/deleteAllocationPlanItem,/ordermgr,deleteAllocationPlanItem,true,true,service,deleteAllocationPlanItem,success:view:FindAllocationPlan;error:view:FindAllocationPlan,applications/order/webapp/ordermgr/WEB-INF/controller.xml,order-management,order-product-team,provisional-repository-inferred
/ordermgr/control/changeAllocationPlanStatus,/ordermgr,changeAllocationPlanStatus,true,true,service,changeAllocationPlanStatus,success:request-redirect:ViewAllocationPlan;error:request-redirect:ViewAllocationPlan,applications/order/webapp/ordermgr/WEB-INF/controller.xml,order-management,order-product-team,provisional-repository-inferred
/ordermgr/control/FindRequest,/ordermgr,FindRequest,true,true,,,success:view:FindRequest,applications/order/webapp/ordermgr/WEB-INF/controller.xml,order-management,order-product-team,provisional-repository-inferred
/ordermgr/control/ViewRequest,/ordermgr,ViewRequest,true,true,,,success:view:ViewRequest,applications/order/webapp/ordermgr/WEB-INF/controller.xml,order-management,order-product-team,provisional-repository-inferred
/ordermgr/control/EditRequest,/ordermgr,EditRequest,true,true,,,success:view:EditRequest,applications/order/webapp/ordermgr/WEB-INF/controller.xml,order-management,order-product-team,provisional-repository-inferred
/ordermgr/control/EditRequestCustomer,/ordermgr,EditRequestCustomer,true,true,,,success:view:EditRequestCustomer,applications/order/webapp/ordermgr/WEB-INF/controller.xml,order-management,order-product-team,provisional-repository-inferred
/ordermgr/control/EditCustRequestContent,/ordermgr,EditCustRequestContent,true,true,,,success:view:EditCustRequestContent,applications/order/webapp/ordermgr/WEB-INF/controller.xml,order-management,order-product-team,provisional-repository-inferred
/ordermgr/control/createCustRequestContent,/ordermgr,createCustRequestContent,true,true,simple,component://order/minilang/request/CustRequestEvents.xml:createCustRequestContent,success:request-redirect:EditCustRequestContent;error:view:EditCustRequestContent,applications/order/webapp/ordermgr/WEB-INF/controller.xml,order-management,order-product-team,provisional-repository-inferred
/ordermgr/control/expireCustRequestContent,/ordermgr,expireCustRequestContent,true,true,service,expireCustRequestContent,success:request-redirect:EditCustRequestContent;error:view:EditCustRequestContent,applications/order/webapp/ordermgr/WEB-INF/controller.xml,order-management,order-product-team,provisional-repository-inferred
/ordermgr/control/request,/ordermgr,request,true,true,,,success:view:EditRequest,applications/order/webapp/ordermgr/WEB-INF/controller.xml,order-management,order-product-team,provisional-repository-inferred
/ordermgr/control/createrequest,/ordermgr,createrequest,true,true,service,createCustRequest,success:view:EditRequest;error:view:EditRequest,applications/order/webapp/ordermgr/WEB-INF/controller.xml,order-management,order-product-team,provisional-repository-inferred
/ordermgr/control/updaterequest,/ordermgr,updaterequest,true,true,service,updateCustRequest,success:view:EditRequest;error:view:EditRequest,applications/order/webapp/ordermgr/WEB-INF/controller.xml,order-management,order-product-team,provisional-repository-inferred
/ordermgr/control/setCustRequestStatus,/ordermgr,setCustRequestStatus,true,true,service,setCustRequestStatus,success:view-home:FindRequest;error:view:EditRequest,applications/order/webapp/ordermgr/WEB-INF/controller.xml,order-management,order-product-team,provisional-repository-inferred
/ordermgr/control/requestroles,/ordermgr,requestroles,true,true,,,success:view:RequestRoles,applications/order/webapp/ordermgr/WEB-INF/controller.xml,order-management,order-product-team,provisional-repository-inferred
/ordermgr/control/createCustRequestParty,/ordermgr,createCustRequestParty,true,true,service,createCustRequestParty,success:view:RequestRoles;error:view:RequestRoles,applications/order/webapp/ordermgr/WEB-INF/controller.xml,order-management,order-product-team,provisional-repository-inferred
/ordermgr/control/updateCustRequestParty,/ordermgr,updateCustRequestParty,true,true,service,updateCustRequestParty,success:view:RequestRoles;error:view:RequestRoles,applications/order/webapp/ordermgr/WEB-INF/controller.xml,order-management,order-product-team,provisional-repository-inferred
/ordermgr/control/deleteCustRequestParty,/ordermgr,deleteCustRequestParty,true,true,service,deleteCustRequestParty,success:view:RequestRoles;error:view:RequestRoles,applications/order/webapp/ordermgr/WEB-INF/controller.xml,order-management,order-product-team,provisional-repository-inferred
/ordermgr/control/expireCustRequestParty,/ordermgr,expireCustRequestParty,true,true,service,expireCustRequestParty,success:view:RequestRoles;error:view:RequestRoles,applications/order/webapp/ordermgr/WEB-INF/controller.xml,order-management,order-product-team,provisional-repository-inferred
/ordermgr/control/requestitems,/ordermgr,requestitems,true,true,,,success:view:RequestItems,applications/order/webapp/ordermgr/WEB-INF/controller.xml,order-management,order-product-team,provisional-repository-inferred
/ordermgr/control/EditRequestItem,/ordermgr,EditRequestItem,true,true,,,success:view:EditRequestItem,applications/order/webapp/ordermgr/WEB-INF/controller.xml,order-management,order-product-team,provisional-repository-inferred
/ordermgr/control/requestitem,/ordermgr,requestitem,true,true,,,success:view:EditRequestItem,applications/order/webapp/ordermgr/WEB-INF/controller.xml,order-management,order-product-team,provisional-repository-inferred
/ordermgr/control/createrequestitem,/ordermgr,createrequestitem,true,true,service,createCustRequestItem,success:view:RequestItems;error:view:RequestItems,applications/order/webapp/ordermgr/WEB-INF/controller.xml,order-management,order-product-team,provisional-repository-inferred
/ordermgr/control/updaterequestitem,/ordermgr,updaterequestitem,true,true,service,updateCustRequestItem,success:view:RequestItems;error:view:RequestItems,applications/order/webapp/ordermgr/WEB-INF/controller.xml,order-management,order-product-team,provisional-repository-inferred
/ordermgr/control/copyCustRequestItem,/ordermgr,copyCustRequestItem,true,true,service,copyCustRequestItem,success:view:EditRequestItem;error:view:EditRequestItem,applications/order/webapp/ordermgr/WEB-INF/controller.xml,order-management,order-product-team,provisional-repository-inferred
/ordermgr/control/requestitemnotes,/ordermgr,requestitemnotes,true,true,,,success:view:RequestItemNotes,applications/order/webapp/ordermgr/WEB-INF/controller.xml,order-management,order-product-team,provisional-repository-inferred
/ordermgr/control/createrequestitemnote,/ordermgr,createrequestitemnote,true,true,service,createCustRequestItemNote,success:view:RequestItemNotes;error:view:RequestItemNotes,applications/order/webapp/ordermgr/WEB-INF/controller.xml,order-management,order-product-team,provisional-repository-inferred
/ordermgr/control/requestitemrequirements,/ordermgr,requestitemrequirements,true,true,,,success:view:RequestItemRequirements,applications/order/webapp/ordermgr/WEB-INF/controller.xml,order-management,order-product-team,provisional-repository-inferred
/ordermgr/control/EditRequestItemWorkEfforts,/ordermgr,EditRequestItemWorkEfforts,true,true,,,success:view:EditRequestItemWorkEfforts,applications/order/webapp/ordermgr/WEB-INF/controller.xml,order-management,order-product-team,provisional-repository-inferred
/ordermgr/control/createCustRequestItemWorkEffort,/ordermgr,createCustRequestItemWorkEffort,true,true,service,createWorkEffortRequestItem,success:view:EditRequestItemWorkEfforts;error:view:EditRequestItemWorkEfforts,applications/order/webapp/ordermgr/WEB-INF/controller.xml,order-management,order-product-team,provisional-repository-inferred
/ordermgr/control/deleteCustRequestItemWorkEffort,/ordermgr,deleteCustRequestItemWorkEffort,true,true,service,deleteWorkEffortRequestItem,success:view:EditRequestItemWorkEfforts;error:view:EditRequestItemWorkEfforts,applications/order/webapp/ordermgr/WEB-INF/controller.xml,order-management,order-product-team,provisional-repository-inferred
/ordermgr/control/RequestItemQuotes,/ordermgr,RequestItemQuotes,true,true,,,success:view:RequestItemQuotes,applications/order/webapp/ordermgr/WEB-INF/controller.xml,order-management,order-product-team,provisional-repository-inferred
/ordermgr/control/CreateQuoteAndQuoteItemForRequest,/ordermgr,CreateQuoteAndQuoteItemForRequest,true,true,,,success:view:CreateQuoteAndQuoteItemForRequest,applications/order/webapp/ordermgr/WEB-INF/controller.xml,order-management,order-product-team,provisional-repository-inferred
/ordermgr/control/createQuoteAndQuoteItemForRequest,/ordermgr,createQuoteAndQuoteItemForRequest,true,true,service,createQuoteAndQuoteItemForRequest,success:view:RequestItemQuotes;error:view:RequestItemQuotes,applications/order/webapp/ordermgr/WEB-INF/controller.xml,order-management,order-product-team,provisional-repository-inferred
/ordermgr/control/EditQuoteItemForRequest,/ordermgr,EditQuoteItemForRequest,true,true,,,success:view:EditQuoteItemForRequest,applications/order/webapp/ordermgr/WEB-INF/controller.xml,order-management,order-product-team,provisional-repository-inferred
/ordermgr/control/createQuoteItemForRequest,/ordermgr,createQuoteItemForRequest,true,true,service,createQuoteItem,success:view:RequestItemQuotes;error:view:RequestItemQuotes,applications/order/webapp/ordermgr/WEB-INF/controller.xml,order-management,order-product-team,provisional-repository-inferred
/ordermgr/control/updateQuoteItemForRequest,/ordermgr,updateQuoteItemForRequest,true,true,service,updateQuoteItem,success:view:RequestItemQuotes;error:view:RequestItemQuotes,applications/order/webapp/ordermgr/WEB-INF/controller.xml,order-management,order-product-team,provisional-repository-inferred
/ordermgr/control/FindQuote,/ordermgr,FindQuote,true,true,,,success:view:FindQuote,applications/order/webapp/ordermgr/WEB-INF/controller.xml,order-management,order-product-team,provisional-repository-inferred
/ordermgr/control/ViewQuote,/ordermgr,ViewQuote,true,true,,,success:view:ViewQuote,applications/order/webapp/ordermgr/WEB-INF/controller.xml,order-management,order-product-team,provisional-repository-inferred
/ordermgr/control/QuoteReport,/ordermgr,QuoteReport,true,true,,,success:view:QuoteReport,applications/order/webapp/ordermgr/WEB-INF/controller.xml,order-management,order-product-team,provisional-repository-inferred
/ordermgr/control/ViewQuoteProfit,/ordermgr,ViewQuoteProfit,true,true,,,success:view:ViewQuoteProfit,applications/order/webapp/ordermgr/WEB-INF/controller.xml,order-management,order-product-team,provisional-repository-inferred
/ordermgr/control/EditQuoteReportMail,/ordermgr,EditQuoteReportMail,true,true,,,success:view:EditQuoteReportMail,applications/order/webapp/ordermgr/WEB-INF/controller.xml,order-management,order-product-team,provisional-repository-inferred
/ordermgr/control/sendQuoteReportMail,/ordermgr,sendQuoteReportMail,true,true,service,sendQuoteReportMail,success:view:ViewQuote;error:view:EditQuoteReportMail,applications/order/webapp/ordermgr/WEB-INF/controller.xml,order-management,order-product-team,provisional-repository-inferred
/ordermgr/control/EditQuote,/ordermgr,EditQuote,true,true,,,success:view:EditQuote,applications/order/webapp/ordermgr/WEB-INF/controller.xml,order-management,order-product-team,provisional-repository-inferred
/ordermgr/control/createQuote,/ordermgr,createQuote,true,true,service,createQuote,success:view:ViewQuote;error:view:EditQuote,applications/order/webapp/ordermgr/WEB-INF/controller.xml,order-management,order-product-team,provisional-repository-inferred
/ordermgr/control/updateQuote,/ordermgr,updateQuote,true,true,service,updateQuote,success:view:ViewQuote;error:view:EditQuote,applications/order/webapp/ordermgr/WEB-INF/controller.xml,order-management,order-product-team,provisional-repository-inferred
/ordermgr/control/copyQuote,/ordermgr,copyQuote,true,true,service,copyQuote,success:view:EditQuote;error:view:EditQuote,applications/order/webapp/ordermgr/WEB-INF/controller.xml,order-management,order-product-team,provisional-repository-inferred
/ordermgr/control/ListQuoteRoles,/ordermgr,ListQuoteRoles,true,true,,,success:view:ListQuoteRoles,applications/order/webapp/ordermgr/WEB-INF/controller.xml,order-management,order-product-team,provisional-repository-inferred
/ordermgr/control/EditQuoteRole,/ordermgr,EditQuoteRole,true,true,,,success:view:EditQuoteRole,applications/order/webapp/ordermgr/WEB-INF/controller.xml,order-management,order-product-team,provisional-repository-inferred
/ordermgr/control/createQuoteRole,/ordermgr,createQuoteRole,true,true,service,createQuoteRole,success:request-redirect:ListQuoteRoles;error:view:EditQuoteRole,applications/order/webapp/ordermgr/WEB-INF/controller.xml,order-management,order-product-team,provisional-repository-inferred
/ordermgr/control/updateQuoteRole,/ordermgr,updateQuoteRole,true,true,service,updateQuoteRole,success:request-redirect:ListQuoteRoles;error:view:EditQuoteRole,applications/order/webapp/ordermgr/WEB-INF/controller.xml,order-management,order-product-team,provisional-repository-inferred
/ordermgr/control/removeQuoteRole,/ordermgr,removeQuoteRole,true,true,service,removeQuoteRole,success:view:ListQuoteRoles;error:view:ListQuoteRoles,applications/order/webapp/ordermgr/WEB-INF/controller.xml,order-management,order-product-team,provisional-repository-inferred
/ordermgr/control/ListQuoteItems,/ordermgr,ListQuoteItems,true,true,,,success:view:ListQuoteItems,applications/order/webapp/ordermgr/WEB-INF/controller.xml,order-management,order-product-team,provisional-repository-inferred
/ordermgr/control/EditQuoteItem,/ordermgr,EditQuoteItem,true,true,,,success:view:EditQuoteItem,applications/order/webapp/ordermgr/WEB-INF/controller.xml,order-management,order-product-team,provisional-repository-inferred
/ordermgr/control/createQuoteItem,/ordermgr,createQuoteItem,true,true,service,createQuoteItem,success:view:ListQuoteItems;error:view:EditQuoteItem,applications/order/webapp/ordermgr/WEB-INF/controller.xml,order-management,order-product-team,provisional-repository-inferred
/ordermgr/control/updateQuoteItem,/ordermgr,updateQuoteItem,true,true,service,updateQuoteItem,success:view:ListQuoteItems;error:view:EditQuoteItem,applications/order/webapp/ordermgr/WEB-INF/controller.xml,order-management,order-product-team,provisional-repository-inferred
/ordermgr/control/removeQuoteItem,/ordermgr,removeQuoteItem,true,true,service,removeQuoteItem,success:view:ListQuoteItems,applications/order/webapp/ordermgr/WEB-INF/controller.xml,order-management,order-product-team,provisional-repository-inferred
/ordermgr/control/ListQuoteAttributes,/ordermgr,ListQuoteAttributes,true,true,,,success:view:ListQuoteAttributes,applications/order/webapp/ordermgr/WEB-INF/controller.xml,order-management,order-product-team,provisional-repository-inferred
/ordermgr/control/EditQuoteAttribute,/ordermgr,EditQuoteAttribute,true,true,,,success:view:EditQuoteAttribute,applications/order/webapp/ordermgr/WEB-INF/controller.xml,order-management,order-product-team,provisional-repository-inferred
/ordermgr/control/createQuoteAttribute,/ordermgr,createQuoteAttribute,true,true,service,createQuoteAttribute,success:view:EditQuoteAttribute,applications/order/webapp/ordermgr/WEB-INF/controller.xml,order-management,order-product-team,provisional-repository-inferred
/ordermgr/control/updateQuoteAttribute,/ordermgr,updateQuoteAttribute,true,true,service,updateQuoteAttribute,success:view:EditQuoteAttribute,applications/order/webapp/ordermgr/WEB-INF/controller.xml,order-management,order-product-team,provisional-repository-inferred
/ordermgr/control/removeQuoteAttribute,/ordermgr,removeQuoteAttribute,true,true,service,removeQuoteAttribute,success:view:ListQuoteAttributes,applications/order/webapp/ordermgr/WEB-INF/controller.xml,order-management,order-product-team,provisional-repository-inferred
/ordermgr/control/ListQuoteCoefficients,/ordermgr,ListQuoteCoefficients,true,true,,,success:view:ListQuoteCoefficients,applications/order/webapp/ordermgr/WEB-INF/controller.xml,order-management,order-product-team,provisional-repository-inferred
/ordermgr/control/EditQuoteCoefficient,/ordermgr,EditQuoteCoefficient,true,true,,,success:view:EditQuoteCoefficient,applications/order/webapp/ordermgr/WEB-INF/controller.xml,order-management,order-product-team,provisional-repository-inferred
/ordermgr/control/createQuoteCoefficient,/ordermgr,createQuoteCoefficient,true,true,service,createQuoteCoefficient,success:view:EditQuoteCoefficient,applications/order/webapp/ordermgr/WEB-INF/controller.xml,order-management,order-product-team,provisional-repository-inferred
/ordermgr/control/updateQuoteCoefficient,/ordermgr,updateQuoteCoefficient,true,true,service,updateQuoteCoefficient,success:view:EditQuoteCoefficient,applications/order/webapp/ordermgr/WEB-INF/controller.xml,order-management,order-product-team,provisional-repository-inferred
/ordermgr/control/removeQuoteCoefficient,/ordermgr,removeQuoteCoefficient,true,true,service,removeQuoteCoefficient,success:view:ListQuoteCoefficients,applications/order/webapp/ordermgr/WEB-INF/controller.xml,order-management,order-product-team,provisional-repository-inferred
/ordermgr/control/ManageQuotePrices,/ordermgr,ManageQuotePrices,true,true,,,success:view:ManageQuotePrices,applications/order/webapp/ordermgr/WEB-INF/controller.xml,order-management,order-product-team,provisional-repository-inferred
/ordermgr/control/ListQuoteAdjustments,/ordermgr,ListQuoteAdjustments,true,true,,,success:view:ListQuoteAdjustments,applications/order/webapp/ordermgr/WEB-INF/controller.xml,order-management,order-product-team,provisional-repository-inferred
/ordermgr/control/EditQuoteAdjustment,/ordermgr,EditQuoteAdjustment,true,true,,,success:view:EditQuoteAdjustment,applications/order/webapp/ordermgr/WEB-INF/controller.xml,order-management,order-product-team,provisional-repository-inferred
/ordermgr/control/autoUpdateQuotePrices,/ordermgr,autoUpdateQuotePrices,true,true,service-multi,autoUpdateQuotePrice,success:view:ManageQuotePrices;error:view:ManageQuotePrices,applications/order/webapp/ordermgr/WEB-INF/controller.xml,order-management,order-product-team,provisional-repository-inferred
/ordermgr/control/autoCreateQuoteAdjustments,/ordermgr,autoCreateQuoteAdjustments,true,true,service,autoCreateQuoteAdjustments,success:view:ListQuoteAdjustments,applications/order/webapp/ordermgr/WEB-INF/controller.xml,order-management,order-product-team,provisional-repository-inferred
/ordermgr/control/loadCartFromQuote,/ordermgr,loadCartFromQuote,true,true,java,org.apache.ofbiz.order.shoppingcart.ShoppingCartEvents:loadCartFromQuote,success:request:finalizeOrder;error:view:EditQuote,applications/order/webapp/ordermgr/WEB-INF/controller.xml,order-management,order-product-team,provisional-repository-inferred
/ordermgr/control/createQuoteAdjustment,/ordermgr,createQuoteAdjustment,true,true,service,createQuoteAdjustment,success:view:EditQuoteAdjustment,applications/order/webapp/ordermgr/WEB-INF/controller.xml,order-management,order-product-team,provisional-repository-inferred
/ordermgr/control/updateQuoteAdjustment,/ordermgr,updateQuoteAdjustment,true,true,service,updateQuoteAdjustment,success:view:EditQuoteAdjustment,applications/order/webapp/ordermgr/WEB-INF/controller.xml,order-management,order-product-team,provisional-repository-inferred
/ordermgr/control/removeQuoteAdjustment,/ordermgr,removeQuoteAdjustment,true,true,service,removeQuoteAdjustment,success:view:ListQuoteAdjustments,applications/order/webapp/ordermgr/WEB-INF/controller.xml,order-management,order-product-team,provisional-repository-inferred
/ordermgr/control/createnewquotenote,/ordermgr,createnewquotenote,true,true,,,success:view:createnewquotenote,applications/order/webapp/ordermgr/WEB-INF/controller.xml,order-management,order-product-team,provisional-repository-inferred
/ordermgr/control/createquotenote,/ordermgr,createquotenote,true,true,service,createQuoteNote,success:view:ListQuoteNotes;error:view:createnewquotenote,applications/order/webapp/ordermgr/WEB-INF/controller.xml,order-management,order-product-team,provisional-repository-inferred
/ordermgr/control/updateQuoteNote,/ordermgr,updateQuoteNote,true,true,service,updateNote,success:request-redirect:ListQuoteNotes;error:view:ListQuoteNotes,applications/order/webapp/ordermgr/WEB-INF/controller.xml,order-management,order-product-team,provisional-repository-inferred
/ordermgr/control/ListQuoteNotes,/ordermgr,ListQuoteNotes,true,true,,,success:view:ListQuoteNotes,applications/order/webapp/ordermgr/WEB-INF/controller.xml,order-management,order-product-team,provisional-repository-inferred
/ordermgr/control/EditQuoteNote,/ordermgr,EditQuoteNote,true,true,,,success:view:EditQuoteNote,applications/order/webapp/ordermgr/WEB-INF/controller.xml,order-management,order-product-team,provisional-repository-inferred
/ordermgr/control/ListQuoteWorkEfforts,/ordermgr,ListQuoteWorkEfforts,true,true,,,success:view:ListQuoteWorkEfforts,applications/order/webapp/ordermgr/WEB-INF/controller.xml,order-management,order-product-team,provisional-repository-inferred
/ordermgr/control/AddQuoteWorkEffort,/ordermgr,AddQuoteWorkEffort,true,true,,,success:view:AddQuoteWorkEffort,applications/order/webapp/ordermgr/WEB-INF/controller.xml,order-management,order-product-team,provisional-repository-inferred
/ordermgr/control/EditQuoteWorkEffort,/ordermgr,EditQuoteWorkEffort,true,true,,,success:view:EditQuoteWorkEffort,applications/order/webapp/ordermgr/WEB-INF/controller.xml,order-management,order-product-team,provisional-repository-inferred
/ordermgr/control/ensureWorkEffortAndCreateQuoteWorkEffort,/ordermgr,ensureWorkEffortAndCreateQuoteWorkEffort,true,true,service,ensureWorkEffortAndCreateQuoteWorkEffort,success:view:EditQuoteWorkEffort;error:view:AddQuoteWorkEffort,applications/order/webapp/ordermgr/WEB-INF/controller.xml,order-management,order-product-team,provisional-repository-inferred
/ordermgr/control/updateQuoteWorkEffort,/ordermgr,updateQuoteWorkEffort,true,true,service,updateWorkEffort,success:view:EditQuoteWorkEffort;error:view:EditQuoteWorkEffort,applications/order/webapp/ordermgr/WEB-INF/controller.xml,order-management,order-product-team,provisional-repository-inferred
/ordermgr/control/deleteQuoteWorkEffort,/ordermgr,deleteQuoteWorkEffort,true,true,service,deleteQuoteWorkEffort,success:view:ListQuoteWorkEfforts;error:view:ListQuoteWorkEfforts,applications/order/webapp/ordermgr/WEB-INF/controller.xml,order-management,order-product-team,provisional-repository-inferred
/ordermgr/control/ListOrderHeaders,/ordermgr,ListOrderHeaders,true,true,,,success:view:ListOrderHeaders,applications/order/webapp/ordermgr/WEB-INF/controller.xml,order-management,order-product-team,provisional-repository-inferred
/ordermgr/control/AddOrderHeader,/ordermgr,AddOrderHeader,true,true,,,success:view:EditOrderHeader,applications/order/webapp/ordermgr/WEB-INF/controller.xml,order-management,order-product-team,provisional-repository-inferred
/ordermgr/control/EditOrderHeader,/ordermgr,EditOrderHeader,true,true,,,success:view:EditOrderHeader,applications/order/webapp/ordermgr/WEB-INF/controller.xml,order-management,order-product-team,provisional-repository-inferred
/ordermgr/control/createOrderHeader,/ordermgr,createOrderHeader,true,true,service,createOrderHeader,success:view:EditOrderHeader;error:view:EditOrderHeader,applications/order/webapp/ordermgr/WEB-INF/controller.xml,order-management,order-product-team,provisional-repository-inferred
/ordermgr/control/updateOrderHeader,/ordermgr,updateOrderHeader,true,true,service,updateOrderHeader,success:view:EditOrderHeader;error:view:EditOrderHeader,applications/order/webapp/ordermgr/WEB-INF/controller.xml,order-management,order-product-team,provisional-repository-inferred
/ordermgr/control/deleteOrderHeader,/ordermgr,deleteOrderHeader,true,true,,,success:view:ListOrderHeaders;error:view:ListOrderHeaders,applications/order/webapp/ordermgr/WEB-INF/controller.xml,order-management,order-product-team,provisional-repository-inferred
/ordermgr/control/createOrderItemShipGroup,/ordermgr,createOrderItemShipGroup,true,true,service,createOrderItemShipGroup,success:view:orderview;error:view:orderview,applications/order/webapp/ordermgr/WEB-INF/controller.xml,order-management,order-product-team,provisional-repository-inferred
/ordermgr/control/updateOrderItemShipGroup,/ordermgr,updateOrderItemShipGroup,true,true,service,updateOrderItemShipGroup,success:view:orderview;error:view:orderview,applications/order/webapp/ordermgr/WEB-INF/controller.xml,order-management,order-product-team,provisional-repository-inferred
/ordermgr/control/addPaymentMethodToOrder,/ordermgr,addPaymentMethodToOrder,true,true,service,addPaymentMethodToOrder,success:request:authOrderPayment,applications/order/webapp/ordermgr/WEB-INF/controller.xml,order-management,order-product-team,provisional-repository-inferred
/ordermgr/control/authOrderPayment,/ordermgr,authOrderPayment,true,true,service,authOrderPaymentPreference,success:request-redirect:orderview,applications/order/webapp/ordermgr/WEB-INF/controller.xml,order-management,order-product-team,provisional-repository-inferred
/ordermgr/control/updateOrderPaymentPreference,/ordermgr,updateOrderPaymentPreference,true,true,service,updateOrderPaymentPreference,success:request-redirect:orderview;error:view:orderview,applications/order/webapp/ordermgr/WEB-INF/controller.xml,order-management,order-product-team,provisional-repository-inferred
/ordermgr/control/setOrderReservationPriority,/ordermgr,setOrderReservationPriority,true,true,service,setOrderReservationPriority,success:view:orderview;error:view:orderview,applications/order/webapp/ordermgr/WEB-INF/controller.xml,order-management,order-product-team,provisional-repository-inferred
/ordermgr/control/markOrderViewed,/ordermgr,markOrderViewed,true,true,service,updateOrderHeader,success:request:json;error:request:json,applications/order/webapp/ordermgr/WEB-INF/controller.xml,order-management,order-product-team,provisional-repository-inferred
/ordermgr/control/setInvoicePerShipment,/ordermgr,setInvoicePerShipment,true,true,service,updateOrderHeader,success:view:orderview;error:view:orderview,applications/order/webapp/ordermgr/WEB-INF/controller.xml,order-management,order-product-team,provisional-repository-inferred
/ordermgr/control/addShippingAddress,/ordermgr,addShippingAddress,true,true,service,createUpdateShippingAddress,success:request:updateShipGroupShipInfo;error:view:orderview,applications/order/webapp/ordermgr/WEB-INF/controller.xml,order-management,order-product-team,provisional-repository-inferred
/ordermgr/control/updateShippingMethodAndCharges,/ordermgr,updateShippingMethodAndCharges,true,true,service,updateShippingMethodAndCharges,success:view:orderview;error:view:orderview,applications/order/webapp/ordermgr/WEB-INF/controller.xml,order-management,order-product-team,provisional-repository-inferred
/ordermgr/control/crosssell,/ordermgr,crosssell,true,true,,,success:view:product,applications/order/webapp/ordermgr/WEB-INF/controller.xml,order-management,order-product-team,provisional-repository-inferred
/ordermgr/control/AddOrderItemShipGroup,/ordermgr,AddOrderItemShipGroup,true,true,service,addOrderItemShipGroup,success:view:orderview;error:view:orderview,applications/order/webapp/ordermgr/WEB-INF/controller.xml,order-management,order-product-team,provisional-repository-inferred
/ordermgr/control/DeleteOrderItemShipGroup,/ordermgr,DeleteOrderItemShipGroup,true,true,service,deleteOrderItemShipGroup,success:view:orderview;error:view:orderview,applications/order/webapp/ordermgr/WEB-INF/controller.xml,order-management,order-product-team,provisional-repository-inferred
/ordermgr/control/AddOrderItemShipGroupAssoc,/ordermgr,AddOrderItemShipGroupAssoc,true,true,service,addOrderItemShipGroupAssoc,success:view:orderview;error:view:orderview,applications/order/webapp/ordermgr/WEB-INF/controller.xml,order-management,order-product-team,provisional-repository-inferred
/ordermgr/control/UpdateOrderItemShipGroupAssoc,/ordermgr,UpdateOrderItemShipGroupAssoc,true,true,service-multi,updateOrderItemShipGroupAssoc,success:view:orderview;error:view:orderview,applications/order/webapp/ordermgr/WEB-INF/controller.xml,order-management,order-product-team,provisional-repository-inferred
/ordermgr/control/DeleteOrderItemShipGroupAssoc,/ordermgr,DeleteOrderItemShipGroupAssoc,true,true,service,deleteOrderItemShipGroupAssoc,success:view:orderview;error:view:orderview,applications/order/webapp/ordermgr/WEB-INF/controller.xml,order-management,order-product-team,provisional-repository-inferred
/ordermgr/control/LookupPerson,/ordermgr,LookupPerson,true,true,,,success:view:LookupPerson,applications/order/webapp/ordermgr/WEB-INF/controller.xml,order-management,order-product-team,provisional-repository-inferred
/ordermgr/control/LookupPartyGroup,/ordermgr,LookupPartyGroup,true,true,,,success:view:LookupPartyGroup,applications/order/webapp/ordermgr/WEB-INF/controller.xml,order-management,order-product-team,provisional-repository-inferred
/ordermgr/control/LookupPartyName,/ordermgr,LookupPartyName,true,true,,,success:view:LookupPartyName,applications/order/webapp/ordermgr/WEB-INF/controller.xml,order-management,order-product-team,provisional-repository-inferred
/ordermgr/control/LookupCustomerName,/ordermgr,LookupCustomerName,true,true,,,success:view:LookupCustomerName,applications/order/webapp/ordermgr/WEB-INF/controller.xml,order-management,order-product-team,provisional-repository-inferred
/ordermgr/control/LookupProduct,/ordermgr,LookupProduct,true,true,,,success:view:LookupProduct,applications/order/webapp/ordermgr/WEB-INF/controller.xml,order-management,order-product-team,provisional-repository-inferred
/ordermgr/control/LookupSupplierProduct,/ordermgr,LookupSupplierProduct,true,true,,,success:view:LookupSupplierProduct,applications/order/webapp/ordermgr/WEB-INF/controller.xml,order-management,order-product-team,provisional-repository-inferred
/ordermgr/control/LookupBulkAddSupplierProductsInApprovedOrder,/ordermgr,LookupBulkAddSupplierProductsInApprovedOrder,true,true,,,success:view:LookupBulkAddSupplierProductsInApprovedOrder,applications/order/webapp/ordermgr/WEB-INF/controller.xml,order-management,order-product-team,provisional-repository-inferred
/ordermgr/control/LookupProductAndPrice,/ordermgr,LookupProductAndPrice,true,true,,,success:view:LookupProductAndPrice,applications/order/webapp/ordermgr/WEB-INF/controller.xml,order-management,order-product-team,provisional-repository-inferred
/ordermgr/control/LookupProductFeature,/ordermgr,LookupProductFeature,true,true,,,success:view:LookupProductFeature,applications/order/webapp/ordermgr/WEB-INF/controller.xml,order-management,order-product-team,provisional-repository-inferred
/ordermgr/control/LookupUserLoginAndPartyDetails,/ordermgr,LookupUserLoginAndPartyDetails,true,true,,,success:view:LookupUserLoginAndPartyDetails,applications/order/webapp/ordermgr/WEB-INF/controller.xml,order-management,order-product-team,provisional-repository-inferred
/ordermgr/control/LookupPreferredContactMech,/ordermgr,LookupPreferredContactMech,true,true,,,success:view:LookupPreferredContactMech,applications/order/webapp/ordermgr/WEB-INF/controller.xml,order-management,order-product-team,provisional-repository-inferred
/ordermgr/control/LookupVariantProduct,/ordermgr,LookupVariantProduct,true,true,,,success:view:LookupVariantProduct,applications/order/webapp/ordermgr/WEB-INF/controller.xml,order-management,order-product-team,provisional-repository-inferred
/ordermgr/control/LookupFacility,/ordermgr,LookupFacility,true,true,,,success:view:LookupFacility,applications/order/webapp/ordermgr/WEB-INF/controller.xml,order-management,order-product-team,provisional-repository-inferred
/ordermgr/control/LookupFixedAsset,/ordermgr,LookupFixedAsset,true,true,,,success:view:LookupFixedAsset,applications/order/webapp/ordermgr/WEB-INF/controller.xml,order-management,order-product-team,provisional-repository-inferred
/ordermgr/control/LookupShoppingList,/ordermgr,LookupShoppingList,true,true,,,success:view:LookupShoppingList,applications/order/webapp/ordermgr/WEB-INF/controller.xml,order-management,order-product-team,provisional-repository-inferred
/ordermgr/control/LookupCustRequest,/ordermgr,LookupCustRequest,true,true,,,success:view:LookupCustRequest,applications/order/webapp/ordermgr/WEB-INF/controller.xml,order-management,order-product-team,provisional-repository-inferred
/ordermgr/control/LookupCustRequestItem,/ordermgr,LookupCustRequestItem,true,true,,,success:view:LookupCustRequestItem,applications/order/webapp/ordermgr/WEB-INF/controller.xml,order-management,order-product-team,provisional-repository-inferred
/ordermgr/control/LookupRequirement,/ordermgr,LookupRequirement,true,true,,,success:view:LookupRequirement,applications/order/webapp/ordermgr/WEB-INF/controller.xml,order-management,order-product-team,provisional-repository-inferred
/ordermgr/control/LookupQuote,/ordermgr,LookupQuote,true,true,,,success:view:LookupQuote,applications/order/webapp/ordermgr/WEB-INF/controller.xml,order-management,order-product-team,provisional-repository-inferred
/ordermgr/control/LookupQuoteItem,/ordermgr,LookupQuoteItem,true,true,,,success:view:LookupQuoteItem,applications/order/webapp/ordermgr/WEB-INF/controller.xml,order-management,order-product-team,provisional-repository-inferred
/ordermgr/control/LookupOrderHeader,/ordermgr,LookupOrderHeader,true,true,,,success:view:LookupOrderHeader,applications/order/webapp/ordermgr/WEB-INF/controller.xml,order-management,order-product-team,provisional-repository-inferred
/ordermgr/control/LookupWorkEffort,/ordermgr,LookupWorkEffort,true,true,,,success:view:LookupWorkEffort,applications/order/webapp/ordermgr/WEB-INF/controller.xml,order-management,order-product-team,provisional-repository-inferred
/ordermgr/control/LookupBulkAddProducts,/ordermgr,LookupBulkAddProducts,true,true,,,success:view:LookupBulkAddProducts,applications/order/webapp/ordermgr/WEB-INF/controller.xml,order-management,order-product-team,provisional-repository-inferred
/ordermgr/control/LookupBulkAddSupplierProducts,/ordermgr,LookupBulkAddSupplierProducts,true,true,,,success:view:LookupBulkAddSupplierProducts,applications/order/webapp/ordermgr/WEB-INF/controller.xml,order-management,order-product-team,provisional-repository-inferred
/ordermgr/control/LookupAssociatedProducts,/ordermgr,LookupAssociatedProducts,true,true,,,success:view:LookupAssociatedProducts,applications/order/webapp/ordermgr/WEB-INF/controller.xml,order-management,order-product-team,provisional-repository-inferred
/ordermgr/control/LookupBillingAccount,/ordermgr,LookupBillingAccount,true,true,,,success:view:LookupBillingAccount,applications/order/webapp/ordermgr/WEB-INF/controller.xml,order-management,order-product-team,provisional-repository-inferred
/ordermgr/control/order.pdf,/ordermgr,order.pdf,true,true,,,success:view:OrderPDF,applications/order/webapp/ordermgr/WEB-INF/controller.xml,order-management,order-product-team,provisional-repository-inferred
/ordermgr/control/return.pdf,/ordermgr,return.pdf,true,true,,,success:view:ReturnPDF,applications/order/webapp/ordermgr/WEB-INF/controller.xml,order-management,order-product-team,provisional-repository-inferred
/ordermgr/control/shipGroups.pdf,/ordermgr,shipGroups.pdf,true,true,,,success:view:ShipGroupsPDF,applications/order/webapp/ordermgr/WEB-INF/controller.xml,order-management,order-product-team,provisional-repository-inferred
/ordermgr/control/orderPickSheet.pdf,/ordermgr,orderPickSheet.pdf,true,true,service,printPickSheets,success:view:OrderPickSheetPDF;error:view:orderview,applications/order/webapp/ordermgr/WEB-INF/controller.xml,order-management,order-product-team,provisional-repository-inferred
/ordermgr/control/LookupProductCategory,/ordermgr,LookupProductCategory,true,true,,,success:view:LookupProductCategory,applications/order/webapp/ordermgr/WEB-INF/controller.xml,order-management,order-product-team,provisional-repository-inferred
/ordermgr/control/ReturnHistory,/ordermgr,ReturnHistory,true,true,,,success:view:ReturnHistory,applications/order/webapp/ordermgr/WEB-INF/controller.xml,order-management,order-product-team,provisional-repository-inferred
/ordermgr/control/LookupContent,/ordermgr,LookupContent,true,true,,,success:view:LookupContent,applications/order/webapp/ordermgr/WEB-INF/controller.xml,order-management,order-product-team,provisional-repository-inferred
/ordermgr/control/productAvailabilityByFacility,/ordermgr,productAvailabilityByFacility,true,true,service,productAvailabilityByFacility,success:view:showcart;error:view:showcart,applications/order/webapp/ordermgr/WEB-INF/controller.xml,order-management,order-product-team,provisional-repository-inferred
/ordermgr/control/clearSearchOptionsHistoryList,/ordermgr,clearSearchOptionsHistoryList,true,true,java,org.apache.ofbiz.product.product.ProductSearchSession:clearSearchOptionsHistoryList,success:view:advancedsearch;error:view:advancedsearch,applications/order/webapp/ordermgr/WEB-INF/controller.xml,order-management,order-product-team,provisional-repository-inferred
/ordermgr/control/setCurrentSearchFromHistory,/ordermgr,setCurrentSearchFromHistory,true,true,java,org.apache.ofbiz.product.product.ProductSearchSession:setCurrentSearchFromHistory,success:view:advancedsearch;error:view:advancedsearch,applications/order/webapp/ordermgr/WEB-INF/controller.xml,order-management,order-product-team,provisional-repository-inferred
/ordermgr/control/setCurrentSearchFromHistoryAndSearch,/ordermgr,setCurrentSearchFromHistoryAndSearch,true,true,java,org.apache.ofbiz.product.product.ProductSearchSession:setCurrentSearchFromHistory,success:request:keywordsearch;error:view:advancedsearch,applications/order/webapp/ordermgr/WEB-INF/controller.xml,order-management,order-product-team,provisional-repository-inferred
/ordermgr/control/ProductUomDropDownOnly,/ordermgr,ProductUomDropDownOnly,true,true,,,success:view:ProductUomDropDownOnly,applications/order/webapp/ordermgr/WEB-INF/controller.xml,order-management,order-product-team,provisional-repository-inferred
/ordermgr/control/ListQuoteTerms,/ordermgr,ListQuoteTerms,true,true,,,success:view:ListQuoteTerms,applications/order/webapp/ordermgr/WEB-INF/controller.xml,order-management,order-product-team,provisional-repository-inferred
/ordermgr/control/EditQuoteTerm,/ordermgr,EditQuoteTerm,true,true,,,success:view:EditQuoteTerm,applications/order/webapp/ordermgr/WEB-INF/controller.xml,order-management,order-product-team,provisional-repository-inferred
/ordermgr/control/EditQuoteTermItem,/ordermgr,EditQuoteTermItem,true,true,,,success:view:EditQuoteTermItem,applications/order/webapp/ordermgr/WEB-INF/controller.xml,order-management,order-product-team,provisional-repository-inferred
/ordermgr/control/splitship,/ordermgr,splitship,true,true,,,success:view:splitship,applications/order/webapp/ordermgr/WEB-INF/controller.xml,order-management,order-product-team,provisional-repository-inferred
/ordermgr/control/updatesplit,/ordermgr,updatesplit,true,true,service,assignItemShipGroup,success:view:splitship;error:view:splitship,applications/order/webapp/ordermgr/WEB-INF/controller.xml,order-management,order-product-team,provisional-repository-inferred
/ordermgr/control/updateShippingAddress,/ordermgr,updateShippingAddress,true,true,service,setCartShippingAddress,success:view:splitship;error:request:splitship,applications/order/webapp/ordermgr/WEB-INF/controller.xml,order-management,order-product-team,provisional-repository-inferred
/ordermgr/control/updateShippingOptions,/ordermgr,updateShippingOptions,true,true,service,setCartShippingOptions,success:view:splitship;error:request:splitship,applications/order/webapp/ordermgr/WEB-INF/controller.xml,order-management,order-product-team,provisional-repository-inferred
/ordermgr/control/updateShipGroupShipInfo,/ordermgr,updateShipGroupShipInfo,true,true,service,updateShipGroupShipInfo,success:view:orderview;error:view:orderview,applications/order/webapp/ordermgr/WEB-INF/controller.xml,order-management,order-product-team,provisional-repository-inferred
/ordermgr/control/deleteCustomerTaxAuthInfo,/ordermgr,deleteCustomerTaxAuthInfo,true,true,service,deletePartyTaxAuthInfo,success:view:viewprofile;error:view:viewprofile,applications/order/webapp/ordermgr/WEB-INF/controller.xml,order-management,order-product-team,provisional-repository-inferred
/ordermgr/control/AddOrderAttachments,/ordermgr,AddOrderAttachments,true,true,,,success:view:AddOrderAttachments;success:view:AddOrderAttachments,applications/order/webapp/ordermgr/WEB-INF/controller.xml,order-management,order-product-team,provisional-repository-inferred
/ordermgr/control/addOrderAttachments,/ordermgr,addOrderAttachments,true,true,service,uploadOrderContentFile,success:request-redirect:orderview;error:request-redirect:orderview,applications/order/webapp/ordermgr/WEB-INF/controller.xml,order-management,order-product-team,provisional-repository-inferred
/ordermgr/control/createOrderConversation,/ordermgr,createOrderConversation,true,true,service,createOrderConversation,success:request-redirect:orderview;error:request-redirect:orderview,applications/order/webapp/ordermgr/WEB-INF/controller.xml,order-management,order-product-team,provisional-repository-inferred
/ordermgr/control/CreateNewOrderMessage,/ordermgr,CreateNewOrderMessage,true,true,,,success:view:CreateNewOrderMessage,applications/order/webapp/ordermgr/WEB-INF/controller.xml,order-management,order-product-team,provisional-repository-inferred
/ordermgr/control/createPartyGroup,/ordermgr,createPartyGroup,true,true,service,createPartyGroup,success:request-redirect:EditQuote;error:view:EditQuote,applications/order/webapp/ordermgr/WEB-INF/controller.xml,order-management,order-product-team,provisional-repository-inferred
/partymgr/control/view,/partymgr,view,true,true,,,success:request:main,applications/party/webapp/partymgr/WEB-INF/controller.xml,party-customer,customer-product-team,provisional-repository-inferred
/partymgr/control/main,/partymgr,main,true,true,,,success:view:main,applications/party/webapp/partymgr/WEB-INF/controller.xml,party-customer,customer-product-team,provisional-repository-inferred
/partymgr/control/viewprofile,/partymgr,viewprofile,true,true,,,success:view:viewprofile,applications/party/webapp/partymgr/WEB-INF/controller.xml,party-customer,customer-product-team,provisional-repository-inferred
/partymgr/control/EditPartyRelationships,/partymgr,EditPartyRelationships,true,true,,,success:view:EditPartyRelationships,applications/party/webapp/partymgr/WEB-INF/controller.xml,party-customer,customer-product-team,provisional-repository-inferred
/partymgr/control/viewroles,/partymgr,viewroles,true,true,,,success:view:viewroles,applications/party/webapp/partymgr/WEB-INF/controller.xml,party-customer,customer-product-team,provisional-repository-inferred
/partymgr/control/viewidentifications,/partymgr,viewidentifications,true,true,,,success:view:viewidentifications,applications/party/webapp/partymgr/WEB-INF/controller.xml,party-customer,customer-product-team,provisional-repository-inferred
/partymgr/control/linkparty,/partymgr,linkparty,true,true,,,success:view:linkparty,applications/party/webapp/partymgr/WEB-INF/controller.xml,party-customer,customer-product-team,provisional-repository-inferred
/partymgr/control/partyInvitation,/partymgr,partyInvitation,true,true,,,success:view:partyInvitation,applications/party/webapp/partymgr/WEB-INF/controller.xml,party-customer,customer-product-team,provisional-repository-inferred
/partymgr/control/editPartyInvitation,/partymgr,editPartyInvitation,true,true,,,success:view:editPartyInvitation,applications/party/webapp/partymgr/WEB-INF/controller.xml,party-customer,customer-product-team,provisional-repository-inferred
/partymgr/control/PartyInvitationGroupAssocs,/partymgr,PartyInvitationGroupAssocs,true,true,,,success:view:PartyInvitationGroupAssocs,applications/party/webapp/partymgr/WEB-INF/controller.xml,party-customer,customer-product-team,provisional-repository-inferred
/partymgr/control/PartyInvitationRoleAssocs,/partymgr,PartyInvitationRoleAssocs,true,true,,,success:view:PartyInvitationRoleAssocs,applications/party/webapp/partymgr/WEB-INF/controller.xml,party-customer,customer-product-team,provisional-repository-inferred
/partymgr/control/AddPartyRelatedAccount,/partymgr,AddPartyRelatedAccount,true,true,,,success:view:AddPartyRelatedAccount,applications/party/webapp/partymgr/WEB-INF/controller.xml,party-customer,customer-product-team,provisional-repository-inferred
/partymgr/control/AddAccountRelatedContact,/partymgr,AddAccountRelatedContact,true,true,,,success:view:AddAccountRelatedContact,applications/party/webapp/partymgr/WEB-INF/controller.xml,party-customer,customer-product-team,provisional-repository-inferred
/partymgr/control/createPartyInvitation,/partymgr,createPartyInvitation,true,true,service,createPartyInvitation,success:view:editPartyInvitation;error:view:editPartyInvitation,applications/party/webapp/partymgr/WEB-INF/controller.xml,party-customer,customer-product-team,provisional-repository-inferred
/partymgr/control/updatePartyInvitation,/partymgr,updatePartyInvitation,true,true,service,updatePartyInvitation,success:view:editPartyInvitation;error:view:editPartyInvitation,applications/party/webapp/partymgr/WEB-INF/controller.xml,party-customer,customer-product-team,provisional-repository-inferred
/partymgr/control/deletePartyInvitation,/partymgr,deletePartyInvitation,true,true,service,deletePartyInvitation,success:view:partyInvitation;error:view:partyInvitation,applications/party/webapp/partymgr/WEB-INF/controller.xml,party-customer,customer-product-team,provisional-repository-inferred
/partymgr/control/createPartyInvitationGroupAssoc,/partymgr,createPartyInvitationGroupAssoc,true,true,service,createPartyInvitationGroupAssoc,success:view:PartyInvitationGroupAssocs;error:view:PartyInvitationGroupAssocs,applications/party/webapp/partymgr/WEB-INF/controller.xml,party-customer,customer-product-team,provisional-repository-inferred
/partymgr/control/createPartyInvitationRoleAssoc,/partymgr,createPartyInvitationRoleAssoc,true,true,service,createPartyInvitationRoleAssoc,success:view:PartyInvitationRoleAssocs;error:view:PartyInvitationRoleAssocs,applications/party/webapp/partymgr/WEB-INF/controller.xml,party-customer,customer-product-team,provisional-repository-inferred
/partymgr/control/deletePartyInvitationGroupAssoc,/partymgr,deletePartyInvitationGroupAssoc,true,true,service,deletePartyInvitationGroupAssoc,success:view:PartyInvitationGroupAssocs;error:view:PartyInvitationGroupAssocs,applications/party/webapp/partymgr/WEB-INF/controller.xml,party-customer,customer-product-team,provisional-repository-inferred
/partymgr/control/deletePartyInvitationRoleAssoc,/partymgr,deletePartyInvitationRoleAssoc,true,true,service,deletePartyInvitationRoleAssoc,success:view:PartyInvitationRoleAssocs;error:view:PartyInvitationRoleAssocs,applications/party/webapp/partymgr/WEB-INF/controller.xml,party-customer,customer-product-team,provisional-repository-inferred
/partymgr/control/setPartyLink,/partymgr,setPartyLink,true,true,service,linkPartyRecord,success:request-redirect:viewprofile,applications/party/webapp/partymgr/WEB-INF/controller.xml,party-customer,customer-product-team,provisional-repository-inferred
/partymgr/control/applyServiceCredit,/partymgr,applyServiceCredit,true,true,service,createServiceCredit,success:request-redirect:viewprofile;error:request-redirect:viewprofile,applications/party/webapp/partymgr/WEB-INF/controller.xml,party-customer,customer-product-team,provisional-repository-inferred
/partymgr/control/editcontactmech,/partymgr,editcontactmech,true,true,,,success:view:editcontactmech,applications/party/webapp/partymgr/WEB-INF/controller.xml,party-customer,customer-product-team,provisional-repository-inferred
/partymgr/control/createContactMech,/partymgr,createContactMech,true,true,service,createPartyContactMech,success:view:editcontactmech;error:view:editcontactmech,applications/party/webapp/partymgr/WEB-INF/controller.xml,party-customer,customer-product-team,provisional-repository-inferred
/partymgr/control/updateContactMech,/partymgr,updateContactMech,true,true,service,updatePartyContactMech,success:view:editcontactmech;error:view:editcontactmech,applications/party/webapp/partymgr/WEB-INF/controller.xml,party-customer,customer-product-team,provisional-repository-inferred
/partymgr/control/deleteContactMech,/partymgr,deleteContactMech,true,true,service,deletePartyContactMech,success:view-home:editcontactmech;error:view:editcontactmech,applications/party/webapp/partymgr/WEB-INF/controller.xml,party-customer,customer-product-team,provisional-repository-inferred
/partymgr/control/createPostalAddressAndPurpose,/partymgr,createPostalAddressAndPurpose,true,true,service,createPartyPostalAddress,success:view:editcontactmech;error:view:editcontactmech,applications/party/webapp/partymgr/WEB-INF/controller.xml,party-customer,customer-product-team,provisional-repository-inferred
/partymgr/control/createPostalAddress,/partymgr,createPostalAddress,true,true,service,createPartyPostalAddress,success:request-redirect:viewprofile;error:view:editcontactmech,applications/party/webapp/partymgr/WEB-INF/controller.xml,party-customer,customer-product-team,provisional-repository-inferred
/partymgr/control/updatePostalAddress,/partymgr,updatePostalAddress,true,true,service,updatePartyPostalAddress,success:view:editcontactmech;error:view:editcontactmech,applications/party/webapp/partymgr/WEB-INF/controller.xml,party-customer,customer-product-team,provisional-repository-inferred
/partymgr/control/createTelecomNumber,/partymgr,createTelecomNumber,true,true,service,createPartyTelecomNumber,success:view:editcontactmech;error:view:editcontactmech,applications/party/webapp/partymgr/WEB-INF/controller.xml,party-customer,customer-product-team,provisional-repository-inferred
/partymgr/control/updateTelecomNumber,/partymgr,updateTelecomNumber,true,true,service,updatePartyTelecomNumber,success:view:editcontactmech;error:view:editcontactmech,applications/party/webapp/partymgr/WEB-INF/controller.xml,party-customer,customer-product-team,provisional-repository-inferred
/partymgr/control/createEmailAddress,/partymgr,createEmailAddress,true,true,service,createPartyEmailAddress,success:view:editcontactmech;error:view:editcontactmech,applications/party/webapp/partymgr/WEB-INF/controller.xml,party-customer,customer-product-team,provisional-repository-inferred
/partymgr/control/updateEmailAddress,/partymgr,updateEmailAddress,true,true,service,updatePartyEmailAddress,success:view:editcontactmech;error:view:editcontactmech,applications/party/webapp/partymgr/WEB-INF/controller.xml,party-customer,customer-product-team,provisional-repository-inferred
/partymgr/control/createFtpAddress,/partymgr,createFtpAddress,true,true,service,createPartyFtpAddress,success:view:editcontactmech;error:view:editcontactmech,applications/party/webapp/partymgr/WEB-INF/controller.xml,party-customer,customer-product-team,provisional-repository-inferred
/partymgr/control/updateFtpAddress,/partymgr,updateFtpAddress,true,true,service,updatePartyFtpAddress,success:view:editcontactmech;error:view:editcontactmech,applications/party/webapp/partymgr/WEB-INF/controller.xml,party-customer,customer-product-team,provisional-repository-inferred
/partymgr/control/createPartyContactMechPurpose,/partymgr,createPartyContactMechPurpose,true,true,service,createPartyContactMechPurpose,success:view:editcontactmech;error:view:editcontactmech,applications/party/webapp/partymgr/WEB-INF/controller.xml,party-customer,customer-product-team,provisional-repository-inferred
/partymgr/control/expirePartyContactMechPurpose,/partymgr,expirePartyContactMechPurpose,true,true,service,expirePartyContactMechPurpose,success:view:editcontactmech;error:view:editcontactmech,applications/party/webapp/partymgr/WEB-INF/controller.xml,party-customer,customer-product-team,provisional-repository-inferred
/partymgr/control/editShoppingList,/partymgr,editShoppingList,true,true,,,success:view:editShoppingList,applications/party/webapp/partymgr/WEB-INF/controller.xml,party-customer,customer-product-team,provisional-repository-inferred
/partymgr/control/createEmptyShoppingList,/partymgr,createEmptyShoppingList,true,true,service,createShoppingList,success:view:editShoppingList;error:view:editShoppingList,applications/party/webapp/partymgr/WEB-INF/controller.xml,party-customer,customer-product-team,provisional-repository-inferred
/partymgr/control/updateShoppingList,/partymgr,updateShoppingList,true,true,service,updateShoppingList,success:view:editShoppingList;error:view:editShoppingList,applications/party/webapp/partymgr/WEB-INF/controller.xml,party-customer,customer-product-team,provisional-repository-inferred
/partymgr/control/addItemToShoppingList,/partymgr,addItemToShoppingList,true,true,service,createShoppingListItem,success:view:editShoppingList;error:view:editShoppingList,applications/party/webapp/partymgr/WEB-INF/controller.xml,party-customer,customer-product-team,provisional-repository-inferred
/partymgr/control/addBulkToShoppingList,/partymgr,addBulkToShoppingList,true,true,java,org.apache.ofbiz.order.shoppinglist.ShoppingListEvents:addBulkFromCart,success:view:editShoppingList;error:view:editShoppingList,applications/party/webapp/partymgr/WEB-INF/controller.xml,party-customer,customer-product-team,provisional-repository-inferred
/partymgr/control/addListToCart,/partymgr,addListToCart,true,true,java,org.apache.ofbiz.order.shoppinglist.ShoppingListEvents:addListToCart,success:view:editShoppingList;error:view:editShoppingList,applications/party/webapp/partymgr/WEB-INF/controller.xml,party-customer,customer-product-team,provisional-repository-inferred
/partymgr/control/updateShoppingListItem,/partymgr,updateShoppingListItem,true,true,service,updateShoppingListItem,success:view:editShoppingList;error:view:editShoppingList,applications/party/webapp/partymgr/WEB-INF/controller.xml,party-customer,customer-product-team,provisional-repository-inferred
/partymgr/control/removeFromShoppingList,/partymgr,removeFromShoppingList,true,true,service,removeShoppingListItem,success:view:editShoppingList;error:view:editShoppingList,applications/party/webapp/partymgr/WEB-INF/controller.xml,party-customer,customer-product-team,provisional-repository-inferred
/partymgr/control/replaceShoppingListItem,/partymgr,replaceShoppingListItem,true,true,java,org.apache.ofbiz.order.shoppinglist.ShoppingListEvents:replaceShoppingListItem,success:view:editShoppingList;error:view:editShoppingList,applications/party/webapp/partymgr/WEB-INF/controller.xml,party-customer,customer-product-team,provisional-repository-inferred
/partymgr/control/restoreCartFromList,/partymgr,restoreCartFromList,true,true,java,org.apache.ofbiz.order.shoppinglist.ShoppingListEvents:restoreAutoSaveList,success:request-redirect:viewprofile;error:request-redirect:viewprofile,applications/party/webapp/partymgr/WEB-INF/controller.xml,party-customer,customer-product-team,provisional-repository-inferred
/partymgr/control/editcreditcard,/partymgr,editcreditcard,true,true,,,success:view:editcreditcard,applications/party/webapp/partymgr/WEB-INF/controller.xml,party-customer,customer-product-team,provisional-repository-inferred
/partymgr/control/createCreditCard,/partymgr,createCreditCard,true,true,simple,component://accounting/minilang/payment/PaymentMethodEvents.xml:createCreditCard,success:request-redirect:viewprofile;address:view:editcontactmech;error:view:editcreditcard,applications/party/webapp/partymgr/WEB-INF/controller.xml,party-customer,customer-product-team,provisional-repository-inferred
/partymgr/control/updateCreditCard,/partymgr,updateCreditCard,true,true,simple,component://accounting/minilang/payment/PaymentMethodEvents.xml:updateCreditCard,success:view:editcreditcard;error:view:editcreditcard,applications/party/webapp/partymgr/WEB-INF/controller.xml,party-customer,customer-product-team,provisional-repository-inferred
/partymgr/control/editgiftcard,/partymgr,editgiftcard,true,true,,,success:view:editgiftcard,applications/party/webapp/partymgr/WEB-INF/controller.xml,party-customer,customer-product-team,provisional-repository-inferred
/partymgr/control/createGiftCard,/partymgr,createGiftCard,true,true,service,createGiftCard,success:request-redirect:viewprofile;error:view:editgiftcard,applications/party/webapp/partymgr/WEB-INF/controller.xml,party-customer,customer-product-team,provisional-repository-inferred
/partymgr/control/updateGiftCard,/partymgr,updateGiftCard,true,true,service,updateGiftCard,success:view:editgiftcard;error:view:editgiftcard,applications/party/webapp/partymgr/WEB-INF/controller.xml,party-customer,customer-product-team,provisional-repository-inferred
/partymgr/control/editeftaccount,/partymgr,editeftaccount,true,true,,,success:view:editeftaccount,applications/party/webapp/partymgr/WEB-INF/controller.xml,party-customer,customer-product-team,provisional-repository-inferred
/partymgr/control/createEftAccount,/partymgr,createEftAccount,true,true,simple,component://accounting/minilang/payment/PaymentMethodEvents.xml:createEftAccount,success:view:editeftaccount;error:view:editeftaccount,applications/party/webapp/partymgr/WEB-INF/controller.xml,party-customer,customer-product-team,provisional-repository-inferred
/partymgr/control/updateEftAccount,/partymgr,updateEftAccount,true,true,simple,component://accounting/minilang/payment/PaymentMethodEvents.xml:updateEftAccount,success:view:editeftaccount;error:view:editeftaccount,applications/party/webapp/partymgr/WEB-INF/controller.xml,party-customer,customer-product-team,provisional-repository-inferred
/partymgr/control/AddCheckAccount,/partymgr,AddCheckAccount,true,true,,,success:view:AddCheckAccount,applications/party/webapp/partymgr/WEB-INF/controller.xml,party-customer,customer-product-team,provisional-repository-inferred
/partymgr/control/createCheckForParty,/partymgr,createCheckForParty,true,true,simple,component://accounting/minilang/payment/PaymentMethodEvents.xml:createCheckAccount,success:view:AddCheckAccount;error:view:AddCheckAccount,applications/party/webapp/partymgr/WEB-INF/controller.xml,party-customer,customer-product-team,provisional-repository-inferred
/partymgr/control/updateCheckAccount,/partymgr,updateCheckAccount,true,true,simple,component://accounting/minilang/payment/PaymentMethodEvents.xml:updateCheckAccount,success:view:AddCheckAccount;error:view:AddCheckAccount,applications/party/webapp/partymgr/WEB-INF/controller.xml,party-customer,customer-product-team,provisional-repository-inferred
/partymgr/control/editAvsOverride,/partymgr,editAvsOverride,true,true,,,success:view:editavsoverride,applications/party/webapp/partymgr/WEB-INF/controller.xml,party-customer,customer-product-team,provisional-repository-inferred
/partymgr/control/updateAvsOverride,/partymgr,updateAvsOverride,true,true,simple,component://party/minilang/party/PartySimpleMethods.xml:updateAVSOverride,success:view:editavsoverride;error:view:editavsoverride,applications/party/webapp/partymgr/WEB-INF/controller.xml,party-customer,customer-product-team,provisional-repository-inferred
/partymgr/control/resetAvsOverride,/partymgr,resetAvsOverride,true,true,simple,component://party/minilang/party/PartySimpleMethods.xml:deleteAVSOverride,success:request-redirect:viewprofile;error:request-redirect:viewprofile,applications/party/webapp/partymgr/WEB-INF/controller.xml,party-customer,customer-product-team,provisional-repository-inferred
/partymgr/control/deletePaymentMethod,/partymgr,deletePaymentMethod,true,true,simple,component://accounting/minilang/payment/PaymentMethodEvents.xml:deletePaymentMethod,success:request-redirect:viewprofile;error:request-redirect:viewprofile,applications/party/webapp/partymgr/WEB-INF/controller.xml,party-customer,customer-product-team,provisional-repository-inferred
/partymgr/control/NewCustomer,/partymgr,NewCustomer,true,true,,,success:view:NewCustomer,applications/party/webapp/partymgr/WEB-INF/controller.xml,party-customer,customer-product-team,provisional-repository-inferred
/partymgr/control/createCustomer,/partymgr,createCustomer,true,true,simple,component://party/minilang/user/UserEvents.xml:createCustomer,success:request-redirect:viewprofile;error:view:NewCustomer,applications/party/webapp/partymgr/WEB-INF/controller.xml,party-customer,customer-product-team,provisional-repository-inferred
/partymgr/control/NewProspect,/partymgr,NewProspect,true,true,,,success:view:NewProspect,applications/party/webapp/partymgr/WEB-INF/controller.xml,party-customer,customer-product-team,provisional-repository-inferred
/partymgr/control/createProspect,/partymgr,createProspect,true,true,simple,component://party/minilang/user/UserEvents.xml:createProspect,success:request-redirect:viewprofile;error:view:NewProspect,applications/party/webapp/partymgr/WEB-INF/controller.xml,party-customer,customer-product-team,provisional-repository-inferred
/partymgr/control/NewEmployee,/partymgr,NewEmployee,true,true,,,success:view:NewEmployee,applications/party/webapp/partymgr/WEB-INF/controller.xml,party-customer,customer-product-team,provisional-repository-inferred
/partymgr/control/createEmployee,/partymgr,createEmployee,true,true,simple,component://party/minilang/user/UserEvents.xml:createEmployee,success:request-redirect:viewprofile;error:view:NewEmployee,applications/party/webapp/partymgr/WEB-INF/controller.xml,party-customer,customer-product-team,provisional-repository-inferred
/partymgr/control/editperson,/partymgr,editperson,true,true,,,success:view:EditPerson,applications/party/webapp/partymgr/WEB-INF/controller.xml,party-customer,customer-product-team,provisional-repository-inferred
/partymgr/control/createPerson,/partymgr,createPerson,true,true,service,createPerson,success:request-redirect:viewprofile;error:view:EditPerson,applications/party/webapp/partymgr/WEB-INF/controller.xml,party-customer,customer-product-team,provisional-repository-inferred
/partymgr/control/updatePerson,/partymgr,updatePerson,true,true,service,updatePerson,success:view-last:;error:view:EditPerson,applications/party/webapp/partymgr/WEB-INF/controller.xml,party-customer,customer-product-team,provisional-repository-inferred
/partymgr/control/editpartygroup,/partymgr,editpartygroup,true,true,,,success:view:EditPartyGroup,applications/party/webapp/partymgr/WEB-INF/controller.xml,party-customer,customer-product-team,provisional-repository-inferred
/partymgr/control/createPartyGroup,/partymgr,createPartyGroup,true,true,service,createPartyGroup,success:request-redirect:viewprofile;error:view:EditPartyGroup,applications/party/webapp/partymgr/WEB-INF/controller.xml,party-customer,customer-product-team,provisional-repository-inferred
/partymgr/control/updatePartyGroup,/partymgr,updatePartyGroup,true,true,service,updatePartyGroup,success:request-redirect:viewprofile;error:view:EditPartyGroup,applications/party/webapp/partymgr/WEB-INF/controller.xml,party-customer,customer-product-team,provisional-repository-inferred
/partymgr/control/viewvendor,/partymgr,viewvendor,true,true,,,success:view:viewvendor,applications/party/webapp/partymgr/WEB-INF/controller.xml,party-customer,customer-product-team,provisional-repository-inferred
/partymgr/control/createVendor,/partymgr,createVendor,true,true,service,createVendor,success:view:viewvendor;error:view:viewvendor,applications/party/webapp/partymgr/WEB-INF/controller.xml,party-customer,customer-product-team,provisional-repository-inferred
/partymgr/control/updateVendor,/partymgr,updateVendor,true,true,service,updateVendor,success:view:viewvendor;error:view:viewvendor,applications/party/webapp/partymgr/WEB-INF/controller.xml,party-customer,customer-product-team,provisional-repository-inferred
/partymgr/control/editPartyAttribute,/partymgr,editPartyAttribute,true,true,,,success:view:EditPartyAttribute,applications/party/webapp/partymgr/WEB-INF/controller.xml,party-customer,customer-product-team,provisional-repository-inferred
/partymgr/control/createPartyAttribute,/partymgr,createPartyAttribute,true,true,service,createPartyAttribute,success:request:backHome;error:view:EditPartyAttribute,applications/party/webapp/partymgr/WEB-INF/controller.xml,party-customer,customer-product-team,provisional-repository-inferred
/partymgr/control/updatePartyAttribute,/partymgr,updatePartyAttribute,true,true,service,updatePartyAttribute,success:request-redirect:viewprofile;error:view:EditPartyAttribute,applications/party/webapp/partymgr/WEB-INF/controller.xml,party-customer,customer-product-team,provisional-repository-inferred
/partymgr/control/removePartyAttribute,/partymgr,removePartyAttribute,true,true,service,removePartyAttribute,success:request-redirect:viewprofile;error:view:viewprofile,applications/party/webapp/partymgr/WEB-INF/controller.xml,party-customer,customer-product-team,provisional-repository-inferred
/partymgr/control/EditPartyTaxAuthInfos,/partymgr,EditPartyTaxAuthInfos,true,true,,,success:view:EditPartyTaxAuthInfos,applications/party/webapp/partymgr/WEB-INF/controller.xml,party-customer,customer-product-team,provisional-repository-inferred
/partymgr/control/createPartyTaxAuthInfo,/partymgr,createPartyTaxAuthInfo,true,true,service,createPartyTaxAuthInfo,success:view:EditPartyTaxAuthInfos;error:view:EditPartyTaxAuthInfos,applications/party/webapp/partymgr/WEB-INF/controller.xml,party-customer,customer-product-team,provisional-repository-inferred
/partymgr/control/updatePartyTaxAuthInfo,/partymgr,updatePartyTaxAuthInfo,true,true,service,updatePartyTaxAuthInfo,success:view:EditPartyTaxAuthInfos;error:view:EditPartyTaxAuthInfos,applications/party/webapp/partymgr/WEB-INF/controller.xml,party-customer,customer-product-team,provisional-repository-inferred
/partymgr/control/deletePartyTaxAuthInfo,/partymgr,deletePartyTaxAuthInfo,true,true,service,deletePartyTaxAuthInfo,success:view:EditPartyTaxAuthInfos;error:view:EditPartyTaxAuthInfos,applications/party/webapp/partymgr/WEB-INF/controller.xml,party-customer,customer-product-team,provisional-repository-inferred
/partymgr/control/findparty,/partymgr,findparty,true,true,,,success:view:findparty,applications/party/webapp/partymgr/WEB-INF/controller.xml,party-customer,customer-product-team,provisional-repository-inferred
/partymgr/control/AddPartyNote,/partymgr,AddPartyNote,true,true,,,success:view:AddPartyNote,applications/party/webapp/partymgr/WEB-INF/controller.xml,party-customer,customer-product-team,provisional-repository-inferred
/partymgr/control/createPartyNote,/partymgr,createPartyNote,true,true,service,createPartyNote,success:request:backHome;error:view:AddPartyNote,applications/party/webapp/partymgr/WEB-INF/controller.xml,party-customer,customer-product-team,provisional-repository-inferred
/partymgr/control/createCustRequest,/partymgr,createCustRequest,true,true,service,createCustRequest,success:request-redirect:viewprofile;error:request-redirect:viewprofile,applications/party/webapp/partymgr/WEB-INF/controller.xml,party-customer,customer-product-team,provisional-repository-inferred
/partymgr/control/newrequest,/partymgr,newrequest,true,true,,,success:view:EditRequest,applications/party/webapp/partymgr/WEB-INF/controller.xml,party-customer,customer-product-team,provisional-repository-inferred
/partymgr/control/createrequest,/partymgr,createrequest,true,true,service,createCustRequest,success:view-last-noparam:RequestList;error:view:EditRequest,applications/party/webapp/partymgr/WEB-INF/controller.xml,party-customer,customer-product-team,provisional-repository-inferred
/partymgr/control/ListPartyContactLists,/partymgr,ListPartyContactLists,true,true,,,success:view:ListPartyContactLists,applications/party/webapp/partymgr/WEB-INF/controller.xml,party-customer,customer-product-team,provisional-repository-inferred
/partymgr/control/createContactListParty,/partymgr,createContactListParty,true,true,service,createContactListParty,success:view:ListPartyContactLists;error:view:ListPartyContactLists,applications/party/webapp/partymgr/WEB-INF/controller.xml,party-customer,customer-product-team,provisional-repository-inferred
/partymgr/control/updateContactListParty,/partymgr,updateContactListParty,true,true,service,updateContactListParty,success:view:ListPartyContactLists;error:view:ListPartyContactLists,applications/party/webapp/partymgr/WEB-INF/controller.xml,party-customer,customer-product-team,provisional-repository-inferred
/partymgr/control/EditPartyRates,/partymgr,EditPartyRates,true,true,,,success:view:EditPartyRates,applications/party/webapp/partymgr/WEB-INF/controller.xml,party-customer,customer-product-team,provisional-repository-inferred
/partymgr/control/createPartyRate,/partymgr,createPartyRate,true,true,service,updatePartyRate,success:view:EditPartyRates;error:view:EditPartyRates,applications/party/webapp/partymgr/WEB-INF/controller.xml,party-customer,customer-product-team,provisional-repository-inferred
/partymgr/control/updatePartyRate,/partymgr,updatePartyRate,true,true,service,updatePartyRate,success:view:EditPartyRates;error:view:EditPartyRates,applications/party/webapp/partymgr/WEB-INF/controller.xml,party-customer,customer-product-team,provisional-repository-inferred
/partymgr/control/expirePartyRate,/partymgr,expirePartyRate,true,true,service,expirePartyRate,success:view:EditPartyRates;error:view:EditPartyRates,applications/party/webapp/partymgr/WEB-INF/controller.xml,party-customer,customer-product-team,provisional-repository-inferred
/partymgr/control/ViewSegmentRoles,/partymgr,ViewSegmentRoles,true,true,,,success:view:ViewSegmentRoles,applications/party/webapp/partymgr/WEB-INF/controller.xml,party-customer,customer-product-team,provisional-repository-inferred
/partymgr/control/createSegmentRole,/partymgr,createSegmentRole,true,true,service,createSegmentGroupRole,success:view:ViewSegmentRoles;error:view:ViewSegmentRoles,applications/party/webapp/partymgr/WEB-INF/controller.xml,party-customer,customer-product-team,provisional-repository-inferred
/partymgr/control/deleteSegmentGroupRole,/partymgr,deleteSegmentGroupRole,true,true,service,deleteSegmentGroupRole,success:view:ViewSegmentRoles;error:view:ViewSegmentRoles,applications/party/webapp/partymgr/WEB-INF/controller.xml,party-customer,customer-product-team,provisional-repository-inferred
/partymgr/control/addsecondaryroles,/partymgr,addsecondaryroles,true,true,,,success:view:addsecondaryroles,applications/party/webapp/partymgr/WEB-INF/controller.xml,party-customer,customer-product-team,provisional-repository-inferred
/partymgr/control/addrole,/partymgr,addrole,true,true,service,createPartyRole,success:view:viewroles;error:view:viewroles,applications/party/webapp/partymgr/WEB-INF/controller.xml,party-customer,customer-product-team,provisional-repository-inferred
/partymgr/control/deleterole,/partymgr,deleterole,true,true,service,deletePartyRole,success:view:viewroles;error:view:viewroles,applications/party/webapp/partymgr/WEB-INF/controller.xml,party-customer,customer-product-team,provisional-repository-inferred
/partymgr/control/createroletype,/partymgr,createroletype,true,true,service,createRoleType,success:view:viewroles;error:view:viewroles,applications/party/webapp/partymgr/WEB-INF/controller.xml,party-customer,customer-product-team,provisional-repository-inferred
/partymgr/control/createPartyIdentification,/partymgr,createPartyIdentification,true,true,service,createPartyIdentification,success:view:viewidentifications;error:view:viewidentifications,applications/party/webapp/partymgr/WEB-INF/controller.xml,party-customer,customer-product-team,provisional-repository-inferred
/partymgr/control/deletePartyIdentification,/partymgr,deletePartyIdentification,true,true,service,deletePartyIdentification,success:view:viewidentifications;error:view:viewidentifications,applications/party/webapp/partymgr/WEB-INF/controller.xml,party-customer,customer-product-team,provisional-repository-inferred
/partymgr/control/updatePartyIdentification,/partymgr,updatePartyIdentification,true,true,service,updatePartyIdentification,success:view:viewidentifications;error:view:viewidentifications,applications/party/webapp/partymgr/WEB-INF/controller.xml,party-customer,customer-product-team,provisional-repository-inferred
/partymgr/control/EditPartyIdentification,/partymgr,EditPartyIdentification,true,true,,,success:view:viewidentifications;error:view:viewidentifications,applications/party/webapp/partymgr/WEB-INF/controller.xml,party-customer,customer-product-team,provisional-repository-inferred
/partymgr/control/createPartyRelationshipType,/partymgr,createPartyRelationshipType,true,true,service,createPartyRelationshipType,success:view:EditPartyRelationships;error:view:EditPartyRelationships,applications/party/webapp/partymgr/WEB-INF/controller.xml,party-customer,customer-product-team,provisional-repository-inferred
/partymgr/control/createPartyRelationship,/partymgr,createPartyRelationship,true,true,service,createPartyRelationship,success:view:EditPartyRelationships;error:view:EditPartyRelationships,applications/party/webapp/partymgr/WEB-INF/controller.xml,party-customer,customer-product-team,provisional-repository-inferred
/partymgr/control/createPartyRelationshipAndRole,/partymgr,createPartyRelationshipAndRole,true,true,service,createPartyRelationshipAndRole,success:request-redirect-noparam:backHome;error:request-redirect-noparam:backHome,applications/party/webapp/partymgr/WEB-INF/controller.xml,party-customer,customer-product-team,provisional-repository-inferred
/partymgr/control/createPartyRelationshipContactAccount,/partymgr,createPartyRelationshipContactAccount,true,true,service,createPartyRelationshipContactAccount,success:view-home:;error:view-home:,applications/party/webapp/partymgr/WEB-INF/controller.xml,party-customer,customer-product-team,provisional-repository-inferred
/partymgr/control/updatePartyRelationship,/partymgr,updatePartyRelationship,true,true,service,updatePartyRelationship,success:view:EditPartyRelationships;error:view:EditPartyRelationships,applications/party/webapp/partymgr/WEB-INF/controller.xml,party-customer,customer-product-team,provisional-repository-inferred
/partymgr/control/deletePartyRelationship,/partymgr,deletePartyRelationship,true,true,service,deletePartyRelationship,success:view:EditPartyRelationships;error:view:EditPartyRelationships,applications/party/webapp/partymgr/WEB-INF/controller.xml,party-customer,customer-product-team,provisional-repository-inferred
/partymgr/control/findVisits,/partymgr,findVisits,true,true,,,success:view:findVisits,applications/party/webapp/partymgr/WEB-INF/controller.xml,party-customer,customer-product-team,provisional-repository-inferred
/partymgr/control/visitdetail,/partymgr,visitdetail,true,true,,,success:view:visitdetail,applications/party/webapp/partymgr/WEB-INF/controller.xml,party-customer,customer-product-team,provisional-repository-inferred
/partymgr/control/listLoggedInUsers,/partymgr,listLoggedInUsers,true,true,,,success:view:listLoggedInUsers,applications/party/webapp/partymgr/WEB-INF/controller.xml,party-customer,customer-product-team,provisional-repository-inferred
/partymgr/control/setCommunicationEventRoleStatus,/partymgr,setCommunicationEventRoleStatus,true,true,service,setCommunicationEventRoleStatus,success:view-last-noparam:;error:view-last:,applications/party/webapp/partymgr/WEB-INF/controller.xml,party-customer,customer-product-team,provisional-repository-inferred
/partymgr/control/MyCommunicationEvents,/partymgr,MyCommunicationEvents,true,true,,,success:view:MyCommunicationEvents,applications/party/webapp/partymgr/WEB-INF/controller.xml,party-customer,customer-product-team,provisional-repository-inferred
/partymgr/control/FindCommunicationEvents,/partymgr,FindCommunicationEvents,true,true,,,success:view:FindCommunicationEvents,applications/party/webapp/partymgr/WEB-INF/controller.xml,party-customer,customer-product-team,provisional-repository-inferred
/partymgr/control/ListCommContent,/partymgr,ListCommContent,true,true,,,success:view:ListCommContent,applications/party/webapp/partymgr/WEB-INF/controller.xml,party-customer,customer-product-team,provisional-repository-inferred
/partymgr/control/PendingCommunications,/partymgr,PendingCommunications,true,true,,,success:view:PendingCommunications,applications/party/webapp/partymgr/WEB-INF/controller.xml,party-customer,customer-product-team,provisional-repository-inferred
/partymgr/control/EditCommunicationEvent,/partymgr,EditCommunicationEvent,true,true,,,success:view:EditCommunicationEvent,applications/party/webapp/partymgr/WEB-INF/controller.xml,party-customer,customer-product-team,provisional-repository-inferred
/partymgr/control/ViewCommunicationEvent,/partymgr,ViewCommunicationEvent,true,true,,,success:view:ViewCommunicationEvent,applications/party/webapp/partymgr/WEB-INF/controller.xml,party-customer,customer-product-team,provisional-repository-inferred
/partymgr/control/uploadAttachFiletoEmail,/partymgr,uploadAttachFiletoEmail,true,true,simple,component://party/minilang/communication/CommunicationEventEvents.xml:createCommunicationEventContent,success:view-home:EditCommunicationEvent;error:view-home:EditCommunicationEvent,applications/party/webapp/partymgr/WEB-INF/controller.xml,party-customer,customer-product-team,provisional-repository-inferred
/partymgr/control/uploadAttachFile,/partymgr,uploadAttachFile,true,true,simple,component://party/minilang/communication/CommunicationEventEvents.xml:createCommunicationEventContent,success:view:ListCommContent;error:view:ListCommContent,applications/party/webapp/partymgr/WEB-INF/controller.xml,party-customer,customer-product-team,provisional-repository-inferred
/partymgr/control/removeAttachFile,/partymgr,removeAttachFile,true,true,service,expireCommEventContentAssoc,success:request:ViewCommunicationEvent;error:view:ViewCommunicationEvent,applications/party/webapp/partymgr/WEB-INF/controller.xml,party-customer,customer-product-team,provisional-repository-inferred
/partymgr/control/AddCommContent,/partymgr,AddCommContent,true,true,,,success:view:AddCommContent,applications/party/webapp/partymgr/WEB-INF/controller.xml,party-customer,customer-product-team,provisional-repository-inferred
/partymgr/control/EditCommContent,/partymgr,EditCommContent,true,true,,,success:view:EditCommContent,applications/party/webapp/partymgr/WEB-INF/controller.xml,party-customer,customer-product-team,provisional-repository-inferred
/partymgr/control/NewDraftCommunicationEvent,/partymgr,NewDraftCommunicationEvent,true,true,service,createCommunicationEvent,success:view:EditCommunicationEvent,applications/party/webapp/partymgr/WEB-INF/controller.xml,party-customer,customer-product-team,provisional-repository-inferred
/partymgr/control/createCommunicationEvent,/partymgr,createCommunicationEvent,true,true,service,createCommunicationEvent,success:view-last:;error:view:EditCommunicationEvent,applications/party/webapp/partymgr/WEB-INF/controller.xml,party-customer,customer-product-team,provisional-repository-inferred
/partymgr/control/updateCommunicationEvent,/partymgr,updateCommunicationEvent,true,true,service,updateCommunicationEvent,success:view-last-noparam:EditCommunicationEvent;error:view:EditCommunicationEvent,applications/party/webapp/partymgr/WEB-INF/controller.xml,party-customer,customer-product-team,provisional-repository-inferred
/partymgr/control/sendCommunicationEvent,/partymgr,sendCommunicationEvent,true,true,service,updateCommunicationEvent,success:view-last-noparam:EditCommunicationEvent;error:view:EditCommunicationEvent,applications/party/webapp/partymgr/WEB-INF/controller.xml,party-customer,customer-product-team,provisional-repository-inferred
/partymgr/control/deleteCommunicationEvent,/partymgr,deleteCommunicationEvent,true,true,service,deleteCommunicationEvent,success:view-last-noparam:;error:view-last:,applications/party/webapp/partymgr/WEB-INF/controller.xml,party-customer,customer-product-team,provisional-repository-inferred
/partymgr/control/deleteUnknownCommunicationEvent,/partymgr,deleteUnknownCommunicationEvent,true,true,service,deleteCommunicationEvent,success:view-last:;error:view-last:,applications/party/webapp/partymgr/WEB-INF/controller.xml,party-customer,customer-product-team,provisional-repository-inferred
/partymgr/control/deleteCommunicationEvents,/partymgr,deleteCommunicationEvents,true,true,service-multi,deleteCommunicationEvent,success:view-home:;error:view-home:,applications/party/webapp/partymgr/WEB-INF/controller.xml,party-customer,customer-product-team,provisional-repository-inferred
/partymgr/control/listUnknownPartyComms,/partymgr,listUnknownPartyComms,true,true,,,success:view:ListUnknownPartyComms,applications/party/webapp/partymgr/WEB-INF/controller.xml,party-customer,customer-product-team,provisional-repository-inferred
/partymgr/control/FindCommunicationByOrder,/partymgr,FindCommunicationByOrder,true,true,,,success:view:FindCommunicationByOrder,applications/party/webapp/partymgr/WEB-INF/controller.xml,party-customer,customer-product-team,provisional-repository-inferred
/partymgr/control/FindCommunicationByReturn,/partymgr,FindCommunicationByReturn,true,true,,,success:view:FindCommunicationByReturn,applications/party/webapp/partymgr/WEB-INF/controller.xml,party-customer,customer-product-team,provisional-repository-inferred
/partymgr/control/editRequestFromCommEvent,/partymgr,editRequestFromCommEvent,true,true,,,success:view:EditRequestFromCommEvent,applications/party/webapp/partymgr/WEB-INF/controller.xml,party-customer,customer-product-team,provisional-repository-inferred
/partymgr/control/createRequestFromCommEvent,/partymgr,createRequestFromCommEvent,true,true,service,createCustRequestFromCommEvent,success:view-home:;error:view-last:,applications/party/webapp/partymgr/WEB-INF/controller.xml,party-customer,customer-product-team,provisional-repository-inferred
/partymgr/control/ViewRequest,/partymgr,ViewRequest,true,true,,,success:view:ViewRequest,applications/party/webapp/partymgr/WEB-INF/controller.xml,party-customer,customer-product-team,provisional-repository-inferred
/partymgr/control/EditRequest,/partymgr,EditRequest,true,true,,,success:view:EditRequest,applications/party/webapp/partymgr/WEB-INF/controller.xml,party-customer,customer-product-team,provisional-repository-inferred
/partymgr/control/allocateMsgToParty,/partymgr,allocateMsgToParty,true,true,simple,component://party/minilang/communication/CommunicationEventEvents.xml:allocateMsgToParty,success:view-last-noparam:;error:view-last:ViewCommunicationEvent,applications/party/webapp/partymgr/WEB-INF/controller.xml,party-customer,customer-product-team,provisional-repository-inferred
/partymgr/control/createCommContentDataResource,/partymgr,createCommContentDataResource,true,true,service,createCommContentDataResource,error:view:AddCommContent;success:view:EditCommContent,applications/party/webapp/partymgr/WEB-INF/controller.xml,party-customer,customer-product-team,provisional-repository-inferred
/partymgr/control/updateCommContentDataResource,/partymgr,updateCommContentDataResource,true,true,service,updateCommContentDataResource,success:view:EditCommContent;error:view:EditCommContent,applications/party/webapp/partymgr/WEB-INF/controller.xml,party-customer,customer-product-team,provisional-repository-inferred
/partymgr/control/uploadCommEventContent,/partymgr,uploadCommEventContent,true,true,service,persistContentAndAssoc,success:view-last:;error:view-last:,applications/party/webapp/partymgr/WEB-INF/controller.xml,party-customer,customer-product-team,provisional-repository-inferred
/partymgr/control/UpdateCommPurposes,/partymgr,UpdateCommPurposes,true,true,,,success:view:UpdateCommPurposes,applications/party/webapp/partymgr/WEB-INF/controller.xml,party-customer,customer-product-team,provisional-repository-inferred
/partymgr/control/createCommunicationEventPurpose,/partymgr,createCommunicationEventPurpose,true,true,service,createCommunicationEventPurpose,success:view:UpdateCommPurposes;error:view:UpdateCommPurposes,applications/party/webapp/partymgr/WEB-INF/controller.xml,party-customer,customer-product-team,provisional-repository-inferred
/partymgr/control/removeCommunicationEventPurpose,/partymgr,removeCommunicationEventPurpose,true,true,service,removeCommunicationEventPurpose,success:view:UpdateCommPurposes;error:view:UpdateCommPurposes,applications/party/webapp/partymgr/WEB-INF/controller.xml,party-customer,customer-product-team,provisional-repository-inferred
/partymgr/control/UpdateCommRoles,/partymgr,UpdateCommRoles,true,true,,,success:view:UpdateCommRoles,applications/party/webapp/partymgr/WEB-INF/controller.xml,party-customer,customer-product-team,provisional-repository-inferred
/partymgr/control/createCommunicationEventRole,/partymgr,createCommunicationEventRole,true,true,service,createCommunicationEventRole,success:view-home:EditCommunicationEvent;error:view-home:EditCommunicationEvent,applications/party/webapp/partymgr/WEB-INF/controller.xml,party-customer,customer-product-team,provisional-repository-inferred
/partymgr/control/RemoveCommunicationEventRole,/partymgr,RemoveCommunicationEventRole,true,true,service,removeCommunicationEventRole,success:view-last:;error:view-last:,applications/party/webapp/partymgr/WEB-INF/controller.xml,party-customer,customer-product-team,provisional-repository-inferred
/partymgr/control/ListPartyCommEvents,/partymgr,ListPartyCommEvents,true,true,,,success:view:ListPartyCommEvents,applications/party/webapp/partymgr/WEB-INF/controller.xml,party-customer,customer-product-team,provisional-repository-inferred
/partymgr/control/showclassgroups,/partymgr,showclassgroups,true,true,,,success:view:FindPartyClassificationGroups,applications/party/webapp/partymgr/WEB-INF/controller.xml,party-customer,customer-product-team,provisional-repository-inferred
/partymgr/control/EditPartyClassifications,/partymgr,EditPartyClassifications,true,true,,,success:view:EditPartyClassifications,applications/party/webapp/partymgr/WEB-INF/controller.xml,party-customer,customer-product-team,provisional-repository-inferred
/partymgr/control/EditPartyClassificationGroupParties,/partymgr,EditPartyClassificationGroupParties,true,true,,,success:view:EditPartyClassificationGroupParties,applications/party/webapp/partymgr/WEB-INF/controller.xml,party-customer,customer-product-team,provisional-repository-inferred
/partymgr/control/EditPartyClassificationGroup,/partymgr,EditPartyClassificationGroup,true,true,,,success:view:EditPartyClassificationGroup,applications/party/webapp/partymgr/WEB-INF/controller.xml,party-customer,customer-product-team,provisional-repository-inferred
/partymgr/control/createPartyClassification,/partymgr,createPartyClassification,true,true,service,createPartyClassification,success:view:EditPartyClassifications;error:view:EditPartyClassifications,applications/party/webapp/partymgr/WEB-INF/controller.xml,party-customer,customer-product-team,provisional-repository-inferred
/partymgr/control/updatePartyClassification,/partymgr,updatePartyClassification,true,true,service,updatePartyClassification,success:view:EditPartyClassifications;error:view:EditPartyClassifications,applications/party/webapp/partymgr/WEB-INF/controller.xml,party-customer,customer-product-team,provisional-repository-inferred
/partymgr/control/createPartyClassificationParty,/partymgr,createPartyClassificationParty,true,true,service,createPartyClassification,success:view:EditPartyClassificationGroupParties;error:view:EditPartyClassificationGroupParties,applications/party/webapp/partymgr/WEB-INF/controller.xml,party-customer,customer-product-team,provisional-repository-inferred
/partymgr/control/updatePartyClassificationParty,/partymgr,updatePartyClassificationParty,true,true,service,updatePartyClassification,success:view:EditPartyClassificationGroupParties;error:view:EditPartyClassificationGroupParties,applications/party/webapp/partymgr/WEB-INF/controller.xml,party-customer,customer-product-team,provisional-repository-inferred
/partymgr/control/deletePartyClassification,/partymgr,deletePartyClassification,true,true,service,deletePartyClassification,success:view:EditPartyClassifications;error:view:EditPartyClassifications,applications/party/webapp/partymgr/WEB-INF/controller.xml,party-customer,customer-product-team,provisional-repository-inferred
/partymgr/control/createPartyClassificationGroup,/partymgr,createPartyClassificationGroup,true,true,service,createPartyClassificationGroup,success:view:FindPartyClassificationGroups;error:view:EditPartyClassificationGroup,applications/party/webapp/partymgr/WEB-INF/controller.xml,party-customer,customer-product-team,provisional-repository-inferred
/partymgr/control/updatePartyClassificationGroup,/partymgr,updatePartyClassificationGroup,true,true,service,updatePartyClassificationGroup,success:view:FindPartyClassificationGroups;error:view:EditPartyClassificationGroup,applications/party/webapp/partymgr/WEB-INF/controller.xml,party-customer,customer-product-team,provisional-repository-inferred
/partymgr/control/deletePartyClassificationGroup,/partymgr,deletePartyClassificationGroup,true,true,service,deletePartyClassificationGroup,success:view:FindPartyClassificationGroups;error:view:FindPartyClassificationGroups,applications/party/webapp/partymgr/WEB-INF/controller.xml,party-customer,customer-product-team,provisional-repository-inferred
/partymgr/control/ListCommWorkEfforts,/partymgr,ListCommWorkEfforts,true,true,,,success:view:ListCommWorkEfforts,applications/party/webapp/partymgr/WEB-INF/controller.xml,party-customer,customer-product-team,provisional-repository-inferred
/partymgr/control/AddCommEventWorkEffort,/partymgr,AddCommEventWorkEffort,true,true,,,success:view:AddCommEventWorkEffort,applications/party/webapp/partymgr/WEB-INF/controller.xml,party-customer,customer-product-team,provisional-repository-inferred
/partymgr/control/EditCommEventWorkEffort,/partymgr,EditCommEventWorkEffort,true,true,,,success:view:EditCommEventWorkEffort,applications/party/webapp/partymgr/WEB-INF/controller.xml,party-customer,customer-product-team,provisional-repository-inferred
/partymgr/control/createCommEventWorkEffort,/partymgr,createCommEventWorkEffort,true,true,service,createCommEventWorkEffort,success:view:EditCommEventWorkEffort;error:view:AddCommEventWorkEffort,applications/party/webapp/partymgr/WEB-INF/controller.xml,party-customer,customer-product-team,provisional-repository-inferred
/partymgr/control/updateCommEventWorkEffort,/partymgr,updateCommEventWorkEffort,true,true,service,updateCommunicationEventWorkEff,success:view:ListCommWorkEfforts;error:view:ListCommWorkEfforts,applications/party/webapp/partymgr/WEB-INF/controller.xml,party-customer,customer-product-team,provisional-repository-inferred
/partymgr/control/deleteCommEventWorkEffort,/partymgr,deleteCommEventWorkEffort,true,true,service,deleteCommunicationEventWorkEff,success:view:ListCommWorkEfforts;error:view:ListCommWorkEfforts,applications/party/webapp/partymgr/WEB-INF/controller.xml,party-customer,customer-product-team,provisional-repository-inferred
/partymgr/control/addressMatchMap,/partymgr,addressMatchMap,true,true,,,success:view:AddressMatchMap,applications/party/webapp/partymgr/WEB-INF/controller.xml,party-customer,customer-product-team,provisional-repository-inferred
/partymgr/control/createAddressMatchMap,/partymgr,createAddressMatchMap,true,true,service,createAddressMatchMap,success:view:AddressMatchMap;error:view:AddressMatchMap,applications/party/webapp/partymgr/WEB-INF/controller.xml,party-customer,customer-product-team,provisional-repository-inferred
/partymgr/control/removeAddressMatchMap,/partymgr,removeAddressMatchMap,true,true,service,removeAddressMatchMap,success:view:AddressMatchMap;error:view:AddressMatchMap,applications/party/webapp/partymgr/WEB-INF/controller.xml,party-customer,customer-product-team,provisional-repository-inferred
/partymgr/control/clearAddressMatchMap,/partymgr,clearAddressMatchMap,true,true,service,clearAddressMatchMap,success:view:AddressMatchMap;error:view:AddressMatchMap,applications/party/webapp/partymgr/WEB-INF/controller.xml,party-customer,customer-product-team,provisional-repository-inferred
/partymgr/control/importAddressMatchMapCsv,/partymgr,importAddressMatchMapCsv,true,true,service,importAddressMatchMapCsv,success:view:AddressMatchMap;error:view:AddressMatchMap,applications/party/webapp/partymgr/WEB-INF/controller.xml,party-customer,customer-product-team,provisional-repository-inferred
/partymgr/control/findAddressMatch,/partymgr,findAddressMatch,true,true,,,success:view:FindAddressMatch,applications/party/webapp/partymgr/WEB-INF/controller.xml,party-customer,customer-product-team,provisional-repository-inferred
/partymgr/control/ImportExport,/partymgr,ImportExport,true,true,,,success:view:ImportExport,applications/party/webapp/partymgr/WEB-INF/controller.xml,party-customer,customer-product-team,provisional-repository-inferred
/partymgr/control/ExportPartyCsv.csv,/partymgr,ExportPartyCsv.csv,true,true,,,success:view:PartyExportCsv,applications/party/webapp/partymgr/WEB-INF/controller.xml,party-customer,customer-product-team,provisional-repository-inferred
/partymgr/control/uploadParty,/partymgr,uploadParty,true,true,service,importParty,success:request:ImportExport;error:view:ImportExport,applications/party/webapp/partymgr/WEB-INF/controller.xml,party-customer,customer-product-team,provisional-repository-inferred
/partymgr/control/ViewSimpleContent,/partymgr,ViewSimpleContent,true,true,,,success:view:ViewSimpleContent,applications/party/webapp/partymgr/WEB-INF/controller.xml,party-customer,customer-product-team,provisional-repository-inferred
/partymgr/control/EditPartyContent,/partymgr,EditPartyContent,true,true,,,success:view:EditPartyContent,applications/party/webapp/partymgr/WEB-INF/controller.xml,party-customer,customer-product-team,provisional-repository-inferred
/partymgr/control/EditPartyContents,/partymgr,EditPartyContents,true,true,,,success:view:EditPartyContents,applications/party/webapp/partymgr/WEB-INF/controller.xml,party-customer,customer-product-team,provisional-repository-inferred
/partymgr/control/createPartyContent,/partymgr,createPartyContent,true,true,simple,component://party/minilang/party/PartySimpleEvents.xml:createPartyContent,success:request-redirect:EditPartyContents,applications/party/webapp/partymgr/WEB-INF/controller.xml,party-customer,customer-product-team,provisional-repository-inferred
/partymgr/control/updatePartyContent,/partymgr,updatePartyContent,true,true,simple,component://party/minilang/party/PartySimpleEvents.xml:updatePartyContent,success:request-redirect:EditPartyContents,applications/party/webapp/partymgr/WEB-INF/controller.xml,party-customer,customer-product-team,provisional-repository-inferred
/partymgr/control/removePartyContent,/partymgr,removePartyContent,true,true,service,removePartyContent,success:request-redirect:viewprofile;error:request-redirect:viewprofile,applications/party/webapp/partymgr/WEB-INF/controller.xml,party-customer,customer-product-team,provisional-repository-inferred
/partymgr/control/uploadPartyContent,/partymgr,uploadPartyContent,true,true,service,uploadPartyContentFile,success:request-redirect:viewprofile;error:request-redirect:viewprofile,applications/party/webapp/partymgr/WEB-INF/controller.xml,party-customer,customer-product-team,provisional-repository-inferred
/partymgr/control/partyContentList,/partymgr,partyContentList,true,true,,,success:view:partyContentList,applications/party/webapp/partymgr/WEB-INF/controller.xml,party-customer,customer-product-team,provisional-repository-inferred
/partymgr/control/img,/partymgr,img,true,true,java,org.apache.ofbiz.content.data.DataEvents:serveImage,success:none:;error:request:main,applications/party/webapp/partymgr/WEB-INF/controller.xml,party-customer,customer-product-team,provisional-repository-inferred
/partymgr/control/editCarrierAccount,/partymgr,editCarrierAccount,true,true,,,success:view:editCarrierAccount,applications/party/webapp/partymgr/WEB-INF/controller.xml,party-customer,customer-product-team,provisional-repository-inferred
/partymgr/control/createPartyCarrierAccount,/partymgr,createPartyCarrierAccount,true,true,service,createPartyCarrierAccount,success:request-redirect:viewprofile;error:view:editCarrierAccount,applications/party/webapp/partymgr/WEB-INF/controller.xml,party-customer,customer-product-team,provisional-repository-inferred
/partymgr/control/updatePartyCarrierAccount,/partymgr,updatePartyCarrierAccount,true,true,service,updatePartyCarrierAccount,success:request-redirect:viewprofile;error:request-redirect:viewprofile,applications/party/webapp/partymgr/WEB-INF/controller.xml,party-customer,customer-product-team,provisional-repository-inferred
/partymgr/control/EditPartySkills,/partymgr,EditPartySkills,true,true,,,success:view:EditPartySkills,applications/party/webapp/partymgr/WEB-INF/controller.xml,party-customer,customer-product-team,provisional-repository-inferred
/partymgr/control/createPartySkillExt,/partymgr,createPartySkillExt,true,true,service,createPartySkill,success:view:EditPartySkills;error:view:EditPartySkills,applications/party/webapp/partymgr/WEB-INF/controller.xml,party-customer,customer-product-team,provisional-repository-inferred
/partymgr/control/updatePartySkillExt,/partymgr,updatePartySkillExt,true,true,service,updatePartySkill,success:view:EditPartySkills;error:view:EditPartySkills,applications/party/webapp/partymgr/WEB-INF/controller.xml,party-customer,customer-product-team,provisional-repository-inferred
/partymgr/control/deletePartySkill,/partymgr,deletePartySkill,true,true,service,deletePartySkill,success:view:EditPartySkills,applications/party/webapp/partymgr/WEB-INF/controller.xml,party-customer,customer-product-team,provisional-repository-inferred
/partymgr/control/EditPartyResumes,/partymgr,EditPartyResumes,true,true,,,success:view:EditPartyResumes,applications/party/webapp/partymgr/WEB-INF/controller.xml,party-customer,customer-product-team,provisional-repository-inferred
/partymgr/control/createPartyResume,/partymgr,createPartyResume,true,true,service,createPartyResume,success:view:EditPartyResumes,applications/party/webapp/partymgr/WEB-INF/controller.xml,party-customer,customer-product-team,provisional-repository-inferred
/partymgr/control/updatePartyResume,/partymgr,updatePartyResume,true,true,service,updatePartyResume,success:view:EditPartyResumes,applications/party/webapp/partymgr/WEB-INF/controller.xml,party-customer,customer-product-team,provisional-repository-inferred
/partymgr/control/deletePartyResume,/partymgr,deletePartyResume,true,true,service,deletePartyResume,success:view:EditPartyResumes,applications/party/webapp/partymgr/WEB-INF/controller.xml,party-customer,customer-product-team,provisional-repository-inferred
/partymgr/control/EditEmploymentApps,/partymgr,EditEmploymentApps,true,true,,,success:view:EditEmploymentApps,applications/party/webapp/partymgr/WEB-INF/controller.xml,party-customer,customer-product-team,provisional-repository-inferred
/partymgr/control/createEmploymentAppExt,/partymgr,createEmploymentAppExt,true,true,service,createEmploymentApp,success:request-redirect:EditEmploymentApps,applications/party/webapp/partymgr/WEB-INF/controller.xml,party-customer,customer-product-team,provisional-repository-inferred
/partymgr/control/updateEmploymentAppExt,/partymgr,updateEmploymentAppExt,true,true,service-multi,updateEmploymentApp,success:view:EditEmploymentApps,applications/party/webapp/partymgr/WEB-INF/controller.xml,party-customer,customer-product-team,provisional-repository-inferred
/partymgr/control/deleteEmploymentApp,/partymgr,deleteEmploymentApp,true,true,service,deleteEmploymentApp,success:request-redirect:EditEmploymentApps,applications/party/webapp/partymgr/WEB-INF/controller.xml,party-customer,customer-product-team,provisional-repository-inferred
/partymgr/control/ajaxUpdatePartyGroup,/partymgr,ajaxUpdatePartyGroup,true,true,service,updatePartyGroup,success:request:json;error:request:json,applications/party/webapp/partymgr/WEB-INF/controller.xml,party-customer,customer-product-team,provisional-repository-inferred
/partymgr/control/EditBillingAccount,/partymgr,EditBillingAccount,true,true,,,success:view:EditBillingAccount,applications/party/webapp/partymgr/WEB-INF/controller.xml,party-customer,customer-product-team,provisional-repository-inferred
/partymgr/control/createBillingAccount,/partymgr,createBillingAccount,true,true,service,createBillingAccount,success:request-redirect:viewprofile;error:view:EditBillingAccount,applications/party/webapp/partymgr/WEB-INF/controller.xml,party-customer,customer-product-team,provisional-repository-inferred
/partymgr/control/updateBillingAccount,/partymgr,updateBillingAccount,true,true,service,updateBillingAccount,success:view:EditBillingAccount;error:view:EditBillingAccount,applications/party/webapp/partymgr/WEB-INF/controller.xml,party-customer,customer-product-team,provisional-repository-inferred
/partymgr/control/deleteBillingAccount,/partymgr,deleteBillingAccount,true,true,simple,component://party/minilang/party/PartySimpleMethods.xml:deleteBillingAccount,success:request-redirect:viewprofile;error:request-redirect:viewprofile,applications/party/webapp/partymgr/WEB-INF/controller.xml,party-customer,customer-product-team,provisional-repository-inferred
/partymgr/control/UpdateCommOrders,/partymgr,UpdateCommOrders,true,true,,,success:view:UpdateCommOrders,applications/party/webapp/partymgr/WEB-INF/controller.xml,party-customer,customer-product-team,provisional-repository-inferred
/partymgr/control/createCommunicationEventOrder,/partymgr,createCommunicationEventOrder,true,true,service,createCommunicationEventOrder,success:view:UpdateCommOrders;error:view:UpdateCommOrders,applications/party/webapp/partymgr/WEB-INF/controller.xml,party-customer,customer-product-team,provisional-repository-inferred
/partymgr/control/deleteCommunicationEventOrder,/partymgr,deleteCommunicationEventOrder,true,true,service,removeCommunicationEventOrder,success:view:UpdateCommOrders;error:view:UpdateCommOrders,applications/party/webapp/partymgr/WEB-INF/controller.xml,party-customer,customer-product-team,provisional-repository-inferred
/partymgr/control/UpdateCommReturns,/partymgr,UpdateCommReturns,true,true,,,success:view:UpdateCommReturns,applications/party/webapp/partymgr/WEB-INF/controller.xml,party-customer,customer-product-team,provisional-repository-inferred
/partymgr/control/createCommunicationEventReturn,/partymgr,createCommunicationEventReturn,true,true,service,createCommunicationEventReturn,success:view:UpdateCommReturns;error:view:UpdateCommReturns,applications/party/webapp/partymgr/WEB-INF/controller.xml,party-customer,customer-product-team,provisional-repository-inferred
/partymgr/control/deleteCommunicationEventReturn,/partymgr,deleteCommunicationEventReturn,true,true,service,removeCommunicationEventReturn,success:view:UpdateCommReturns;error:view:UpdateCommReturns,applications/party/webapp/partymgr/WEB-INF/controller.xml,party-customer,customer-product-team,provisional-repository-inferred
/partymgr/control/UpdateCommProducts,/partymgr,UpdateCommProducts,true,true,,,success:view:UpdateCommProducts,applications/party/webapp/partymgr/WEB-INF/controller.xml,party-customer,customer-product-team,provisional-repository-inferred
/partymgr/control/createCommunicationEventProduct,/partymgr,createCommunicationEventProduct,true,true,service,createCommunicationEventProduct,success:view:UpdateCommProducts;error:view:UpdateCommProducts,applications/party/webapp/partymgr/WEB-INF/controller.xml,party-customer,customer-product-team,provisional-repository-inferred
/partymgr/control/deleteCommunicationEventProduct,/partymgr,deleteCommunicationEventProduct,true,true,service,removeCommunicationEventProduct,success:view:UpdateCommProducts;error:view:UpdateCommProducts,applications/party/webapp/partymgr/WEB-INF/controller.xml,party-customer,customer-product-team,provisional-repository-inferred
/partymgr/control/createBillingAccountAndRole,/partymgr,createBillingAccountAndRole,true,true,service,createBillingAccountAndRole,success:view:EditBillingAccount;error:view:EditBillingAccount,applications/party/webapp/partymgr/WEB-INF/controller.xml,party-customer,customer-product-team,provisional-repository-inferred
/partymgr/control/LookupPartyName,/partymgr,LookupPartyName,true,true,,,success:view:LookupPartyName,applications/party/webapp/partymgr/WEB-INF/controller.xml,party-customer,customer-product-team,provisional-repository-inferred
/partymgr/control/LookupPartyEmail,/partymgr,LookupPartyEmail,true,true,,,success:view:LookupPartyEmail,applications/party/webapp/partymgr/WEB-INF/controller.xml,party-customer,customer-product-team,provisional-repository-inferred
/partymgr/control/LookupPerson,/partymgr,LookupPerson,true,true,,,success:view:LookupPerson,applications/party/webapp/partymgr/WEB-INF/controller.xml,party-customer,customer-product-team,provisional-repository-inferred
/partymgr/control/LookupContact,/partymgr,LookupContact,true,true,,,success:view:LookupContact,applications/party/webapp/partymgr/WEB-INF/controller.xml,party-customer,customer-product-team,provisional-repository-inferred
/partymgr/control/LookupLead,/partymgr,LookupLead,true,true,,,success:view:LookupLead,applications/party/webapp/partymgr/WEB-INF/controller.xml,party-customer,customer-product-team,provisional-repository-inferred
/partymgr/control/LookupPartyAndUserLoginAndPerson,/partymgr,LookupPartyAndUserLoginAndPerson,true,true,,,success:view:LookupPartyAndUserLoginAndPerson,applications/party/webapp/partymgr/WEB-INF/controller.xml,party-customer,customer-product-team,provisional-repository-inferred
/partymgr/control/LookupUserLoginAndPartyDetails,/partymgr,LookupUserLoginAndPartyDetails,true,true,,,success:view:LookupUserLoginAndPartyDetails,applications/party/webapp/partymgr/WEB-INF/controller.xml,party-customer,customer-product-team,provisional-repository-inferred
/partymgr/control/LookupPartyGroup,/partymgr,LookupPartyGroup,true,true,,,success:view:LookupPartyGroup,applications/party/webapp/partymgr/WEB-INF/controller.xml,party-customer,customer-product-team,provisional-repository-inferred
/partymgr/control/LookupAccount,/partymgr,LookupAccount,true,true,,,success:view:LookupAccount,applications/party/webapp/partymgr/WEB-INF/controller.xml,party-customer,customer-product-team,provisional-repository-inferred
/partymgr/control/LookupPartyClassificationGroup,/partymgr,LookupPartyClassificationGroup,true,true,,,success:view:LookupPartyClassificationGroup,applications/party/webapp/partymgr/WEB-INF/controller.xml,party-customer,customer-product-team,provisional-repository-inferred
/partymgr/control/LookupCommEvent,/partymgr,LookupCommEvent,true,true,,,success:view:LookupCommEvent,applications/party/webapp/partymgr/WEB-INF/controller.xml,party-customer,customer-product-team,provisional-repository-inferred
/partymgr/control/LookupCustRequest,/partymgr,LookupCustRequest,true,true,,,success:view:LookupCustRequest,applications/party/webapp/partymgr/WEB-INF/controller.xml,party-customer,customer-product-team,provisional-repository-inferred
/partymgr/control/LookupSegmentGroup,/partymgr,LookupSegmentGroup,true,true,,,success:view:LookupSegmentGroup,applications/party/webapp/partymgr/WEB-INF/controller.xml,party-customer,customer-product-team,provisional-repository-inferred
/partymgr/control/LookupContactList,/partymgr,LookupContactList,true,true,,,success:view:LookupContactList,applications/party/webapp/partymgr/WEB-INF/controller.xml,party-customer,customer-product-team,provisional-repository-inferred
/partymgr/control/LookupWorkEffort,/partymgr,LookupWorkEffort,true,true,,,success:view:LookupWorkEffort,applications/party/webapp/partymgr/WEB-INF/controller.xml,party-customer,customer-product-team,provisional-repository-inferred
/partymgr/control/LookupContent,/partymgr,LookupContent,true,true,,,success:view:LookupContent,applications/party/webapp/partymgr/WEB-INF/controller.xml,party-customer,customer-product-team,provisional-repository-inferred
/partymgr/control/LookupDataResource,/partymgr,LookupDataResource,true,true,,,success:view:LookupDataResource,applications/party/webapp/partymgr/WEB-INF/controller.xml,party-customer,customer-product-team,provisional-repository-inferred
/partymgr/control/LookupPreferredContactMech,/partymgr,LookupPreferredContactMech,true,true,,,success:view:LookupPreferredContactMech,applications/party/webapp/partymgr/WEB-INF/controller.xml,party-customer,customer-product-team,provisional-repository-inferred
/partymgr/control/LookupEmploymentApp,/partymgr,LookupEmploymentApp,true,true,,,success:view:LookupEmploymentApp,applications/party/webapp/partymgr/WEB-INF/controller.xml,party-customer,customer-product-team,provisional-repository-inferred
/partymgr/control/LookupEmplPosition,/partymgr,LookupEmplPosition,true,true,,,success:view:LookupEmplPosition,applications/party/webapp/partymgr/WEB-INF/controller.xml,party-customer,customer-product-team,provisional-repository-inferred
/partymgr/control/LookupOrderHeader,/partymgr,LookupOrderHeader,true,true,,,success:view:LookupOrderHeader,applications/party/webapp/partymgr/WEB-INF/controller.xml,party-customer,customer-product-team,provisional-repository-inferred
/partymgr/control/LookupReturnHeader,/partymgr,LookupReturnHeader,true,true,,,success:view:LookupReturnHeader,applications/party/webapp/partymgr/WEB-INF/controller.xml,party-customer,customer-product-team,provisional-repository-inferred
/partymgr/control/LookupProduct,/partymgr,LookupProduct,true,true,,,success:view:LookupProduct,applications/party/webapp/partymgr/WEB-INF/controller.xml,party-customer,customer-product-team,provisional-repository-inferred
/partymgr/control/LookupBudget,/partymgr,LookupBudget,true,true,,,success:view:LookupBudget,applications/party/webapp/partymgr/WEB-INF/controller.xml,party-customer,customer-product-team,provisional-repository-inferred
/partymgr/control/PartyFinancialHistory,/partymgr,PartyFinancialHistory,true,true,,,success:view:PartyFinancialHistory;error:request-redirect:viewprofile,applications/party/webapp/partymgr/WEB-INF/controller.xml,party-customer,customer-product-team,provisional-repository-inferred
/partymgr/control/Preferences,/partymgr,Preferences,true,true,,,success:view:Preferences,applications/party/webapp/partymgr/WEB-INF/controller.xml,party-customer,customer-product-team,provisional-repository-inferred
/partymgr/control/removePreference,/partymgr,removePreference,true,true,service,removeUserPreference,success:view:Preferences;error:view:Preferences,applications/party/webapp/partymgr/WEB-INF/controller.xml,party-customer,customer-product-team,provisional-repository-inferred
/partymgr/control/PartyGeoLocation,/partymgr,PartyGeoLocation,true,true,,,success:view:PartyGeoLocation;error:request-redirect:viewprofile,applications/party/webapp/partymgr/WEB-INF/controller.xml,party-customer,customer-product-team,provisional-repository-inferred
/partymgr/control/GetPartyGeoLocation,/partymgr,GetPartyGeoLocation,true,true,,,success:view:GetPartyGeoLocation;error:request-redirect:viewprofile,applications/party/webapp/partymgr/WEB-INF/controller.xml,party-customer,customer-product-team,provisional-repository-inferred
/partymgr/control/addGeoLocation,/partymgr,addGeoLocation,true,true,,,success:view:addGeoLocation;error:view:PartyGeoLocation,applications/party/webapp/partymgr/WEB-INF/controller.xml,party-customer,customer-product-team,provisional-repository-inferred
/partymgr/control/editGeoLocation,/partymgr,editGeoLocation,true,true,simple,component://party/minilang/party/PartySimpleEvents.xml:editGeoLocation,success:view:PartyGeoLocation;error:view:PartyGeoLocation,applications/party/webapp/partymgr/WEB-INF/controller.xml,party-customer,customer-product-team,provisional-repository-inferred
/partymgr/control/ViewProductStoreRoles,/partymgr,ViewProductStoreRoles,true,true,,,success:view:ViewProductStoreRoles,applications/party/webapp/partymgr/WEB-INF/controller.xml,party-customer,customer-product-team,provisional-repository-inferred
/partymgr/control/FindProductStoreRoles,/partymgr,FindProductStoreRoles,true,true,,,success:view:ViewProductStoreRoles,applications/party/webapp/partymgr/WEB-INF/controller.xml,party-customer,customer-product-team,provisional-repository-inferred
/partymgr/control/storeCreateRole,/partymgr,storeCreateRole,true,true,service,createProductStoreRole,success:view:ViewProductStoreRoles;error:view:ViewProductStoreRoles,applications/party/webapp/partymgr/WEB-INF/controller.xml,party-customer,customer-product-team,provisional-repository-inferred
/partymgr/control/storeUpdateRole,/partymgr,storeUpdateRole,true,true,service,updateProductStoreRole,success:view:ViewProductStoreRoles;error:view:ViewProductStoreRoles,applications/party/webapp/partymgr/WEB-INF/controller.xml,party-customer,customer-product-team,provisional-repository-inferred
/partymgr/control/storeRemoveRole,/partymgr,storeRemoveRole,true,true,service,removeProductStoreRole,success:view:ViewProductStoreRoles;error:view:ViewProductStoreRoles,applications/party/webapp/partymgr/WEB-INF/controller.xml,party-customer,customer-product-team,provisional-repository-inferred
/partymgr/control/createMaritalStatus,/partymgr,createMaritalStatus,,,service,createMaritalStatus,success:view:ViewMaritalStatus;error:view:ViewMaritalStatus,applications/party/webapp/partymgr/WEB-INF/controller.xml,party-customer,customer-product-team,provisional-repository-inferred
/partymgr/control/deleteMaritalStatus,/partymgr,deleteMaritalStatus,,,service,deleteMaritalStatus,success:view:ViewMaritalStatus;error:view:ViewMaritalStatus,applications/party/webapp/partymgr/WEB-INF/controller.xml,party-customer,customer-product-team,provisional-repository-inferred
/partymgr/control/updateMaritalStatus,/partymgr,updateMaritalStatus,,,service,updateMaritalStatus,success:view:ViewMaritalStatus;error:view:ViewMaritalStatus,applications/party/webapp/partymgr/WEB-INF/controller.xml,party-customer,customer-product-team,provisional-repository-inferred
/partymgr/control/createMaritalStatusType,/partymgr,createMaritalStatusType,,,service,createMaritalStatusType,success:view:ViewMaritalStatus;error:view:ViewMaritalStatus,applications/party/webapp/partymgr/WEB-INF/controller.xml,party-customer,customer-product-team,provisional-repository-inferred
/partymgr/control/EditMaritalStatus,/partymgr,EditMaritalStatus,,,,,success:view:ViewMaritalStatus,applications/party/webapp/partymgr/WEB-INF/controller.xml,party-customer,customer-product-team,provisional-repository-inferred
/partymgr/control/ceimages,/partymgr,ceimages,false,true,java,org.apache.ofbiz.party.communication.CommunicationEventServices:markCommunicationAsRead,success:none:,applications/party/webapp/partymgr/WEB-INF/controller.xml,party-customer,customer-product-team,provisional-repository-inferred
/partymgr/control/ProfileCreateNewLogin,/partymgr,ProfileCreateNewLogin,true,true,,,success:view:ProfileCreateNewLogin,applications/party/webapp/partymgr/WEB-INF/controller.xml,party-customer,customer-product-team,provisional-repository-inferred
/partymgr/control/ProfileCreateUserLogin,/partymgr,ProfileCreateUserLogin,true,true,service,createUserLogin,success:view:ProfileEditUserLogin;error:view:ProfileCreateNewLogin,applications/party/webapp/partymgr/WEB-INF/controller.xml,party-customer,customer-product-team,provisional-repository-inferred
/partymgr/control/ProfileEditUserLogin,/partymgr,ProfileEditUserLogin,true,true,,,success:view:ProfileEditUserLogin,applications/party/webapp/partymgr/WEB-INF/controller.xml,party-customer,customer-product-team,provisional-repository-inferred
/partymgr/control/ProfileUpdatePassword,/partymgr,ProfileUpdatePassword,true,true,simple,component://securityext/minilang/login/LoginSimpleEvents.xml:updatePassword,success:view:ProfileEditUserLogin;error:view:ProfileEditUserLogin,applications/party/webapp/partymgr/WEB-INF/controller.xml,party-customer,customer-product-team,provisional-repository-inferred
/partymgr/control/ProfileUpdateUserLoginSecurity,/partymgr,ProfileUpdateUserLoginSecurity,true,true,service,updateUserLoginSecurity,success:view:ProfileEditUserLogin;error:view:ProfileEditUserLogin,applications/party/webapp/partymgr/WEB-INF/controller.xml,party-customer,customer-product-team,provisional-repository-inferred
/partymgr/control/ProfileAddUserLoginToSecurityGroup,/partymgr,ProfileAddUserLoginToSecurityGroup,true,true,service,addUserLoginToSecurityGroup,success:view:ProfileEditUserLoginSecurityGroups;error:view:ProfileEditUserLoginSecurityGroups,applications/party/webapp/partymgr/WEB-INF/controller.xml,party-customer,customer-product-team,provisional-repository-inferred
/partymgr/control/ProfileExpireUserLoginFromSecurityGroup,/partymgr,ProfileExpireUserLoginFromSecurityGroup,true,true,service,expireUserLoginSecurityGroup,success:view:ProfileEditUserLoginSecurityGroups;error:view:ProfileEditUserLoginSecurityGroups,applications/party/webapp/partymgr/WEB-INF/controller.xml,party-customer,customer-product-team,provisional-repository-inferred
/partymgr/control/ProfileUpdateUserLoginToSecurityGroup,/partymgr,ProfileUpdateUserLoginToSecurityGroup,true,true,service,updateUserLoginToSecurityGroup,success:view:ProfileEditUserLoginSecurityGroups;error:view:ProfileEditUserLoginSecurityGroups,applications/party/webapp/partymgr/WEB-INF/controller.xml,party-customer,customer-product-team,provisional-repository-inferred
/partymgr/control/ProfileEditUserLoginSecurityGroups,/partymgr,ProfileEditUserLoginSecurityGroups,true,true,,,success:view:ProfileEditUserLoginSecurityGroups,applications/party/webapp/partymgr/WEB-INF/controller.xml,party-customer,customer-product-team,provisional-repository-inferred
/partymgr/control/setCustRequestStatus,/partymgr,setCustRequestStatus,true,true,service,setCustRequestStatus,success:view-home:FindRequest;error:view:EditRequest,applications/party/webapp/partymgr/WEB-INF/controller.xml,party-customer,customer-product-team,provisional-repository-inferred
/catalog/control/view,/catalog,view,true,false,,,success:request:main,applications/product/webapp/catalog/WEB-INF/controller.xml,product-catalog,catalog-product-team,provisional-repository-inferred
/catalog/control/chain,/catalog,chain,false,false,java,org.apache.ofbiz.webapp.event.TestEvent:test,success:request:/view;error:view:error,applications/product/webapp/catalog/WEB-INF/controller.xml,product-catalog,catalog-product-team,provisional-repository-inferred
/catalog/control/main,/catalog,main,true,true,,,success:view:main,applications/product/webapp/catalog/WEB-INF/controller.xml,product-catalog,catalog-product-team,provisional-repository-inferred
/catalog/control/FastLoadCache,/catalog,FastLoadCache,true,true,,,success:view:FastLoadCache,applications/product/webapp/catalog/WEB-INF/controller.xml,product-catalog,catalog-product-team,provisional-repository-inferred
/catalog/control/advancedsearch,/catalog,advancedsearch,true,true,,,success:view:advancedsearch,applications/product/webapp/catalog/WEB-INF/controller.xml,product-catalog,catalog-product-team,provisional-repository-inferred
/catalog/control/keywordsearch,/catalog,keywordsearch,true,true,,,success:view:keywordsearch,applications/product/webapp/catalog/WEB-INF/controller.xml,product-catalog,catalog-product-team,provisional-repository-inferred
/catalog/control/searchRemoveFromCategory,/catalog,searchRemoveFromCategory,true,true,java,org.apache.ofbiz.product.product.ProductSearchEvents:searchRemoveFromCategory,success:view:keywordsearch;error:view:keywordsearch,applications/product/webapp/catalog/WEB-INF/controller.xml,product-catalog,catalog-product-team,provisional-repository-inferred
/catalog/control/searchExpireFromCategory,/catalog,searchExpireFromCategory,true,true,java,org.apache.ofbiz.product.product.ProductSearchEvents:searchExpireFromCategory,success:view:keywordsearch;error:view:keywordsearch,applications/product/webapp/catalog/WEB-INF/controller.xml,product-catalog,catalog-product-team,provisional-repository-inferred
/catalog/control/searchAddToCategory,/catalog,searchAddToCategory,true,true,java,org.apache.ofbiz.product.product.ProductSearchEvents:searchAddToCategory,success:view:keywordsearch;error:view:keywordsearch,applications/product/webapp/catalog/WEB-INF/controller.xml,product-catalog,catalog-product-team,provisional-repository-inferred
/catalog/control/searchAddFeature,/catalog,searchAddFeature,true,true,java,org.apache.ofbiz.product.product.ProductSearchEvents:searchAddFeature,success:view:keywordsearch;error:view:keywordsearch,applications/product/webapp/catalog/WEB-INF/controller.xml,product-catalog,catalog-product-team,provisional-repository-inferred
/catalog/control/searchRemoveFeature,/catalog,searchRemoveFeature,true,true,java,org.apache.ofbiz.product.product.ProductSearchEvents:searchRemoveFeature,success:view:keywordsearch;error:view:keywordsearch,applications/product/webapp/catalog/WEB-INF/controller.xml,product-catalog,catalog-product-team,provisional-repository-inferred
/catalog/control/searchExportProductList,/catalog,searchExportProductList,true,true,java,org.apache.ofbiz.product.product.ProductSearchEvents:searchExportProductList,success:view:exportproducts;error:view:exportproducts,applications/product/webapp/catalog/WEB-INF/controller.xml,product-catalog,catalog-product-team,provisional-repository-inferred
/catalog/control/FindProductById,/catalog,FindProductById,true,true,,,success:view:FindProductById,applications/product/webapp/catalog/WEB-INF/controller.xml,product-catalog,catalog-product-team,provisional-repository-inferred
/catalog/control/ChooseTopCategory,/catalog,ChooseTopCategory,true,true,,,success:view:ChooseTopCategory,applications/product/webapp/catalog/WEB-INF/controller.xml,product-catalog,catalog-product-team,provisional-repository-inferred
/catalog/control/FindCategory,/catalog,FindCategory,true,true,,,success:view:FindCategory,applications/product/webapp/catalog/WEB-INF/controller.xml,product-catalog,catalog-product-team,provisional-repository-inferred
/catalog/control/EditCategory,/catalog,EditCategory,true,true,,,success:view:EditCategory,applications/product/webapp/catalog/WEB-INF/controller.xml,product-catalog,catalog-product-team,provisional-repository-inferred
/catalog/control/UploadCategoryImage,/catalog,UploadCategoryImage,true,true,,,success:view:EditCategory,applications/product/webapp/catalog/WEB-INF/controller.xml,product-catalog,catalog-product-team,provisional-repository-inferred
/catalog/control/EditCategoryAjax,/catalog,EditCategoryAjax,true,true,,,success:view:EditCategorySection,applications/product/webapp/catalog/WEB-INF/controller.xml,product-catalog,catalog-product-team,provisional-repository-inferred
/catalog/control/createProductCategory,/catalog,createProductCategory,true,true,service,createProductCategory,success:view:EditCategory;error:view:EditCategory,applications/product/webapp/catalog/WEB-INF/controller.xml,product-catalog,catalog-product-team,provisional-repository-inferred
/catalog/control/updateProductCategory,/catalog,updateProductCategory,true,true,service,updateProductCategory,success:view:EditCategory;error:view:EditCategory,applications/product/webapp/catalog/WEB-INF/controller.xml,product-catalog,catalog-product-team,provisional-repository-inferred
/catalog/control/DuplicateProductCategory,/catalog,DuplicateProductCategory,true,true,service,duplicateProductCategory,success:view:EditCategory;error:view:EditCategory,applications/product/webapp/catalog/WEB-INF/controller.xml,product-catalog,catalog-product-team,provisional-repository-inferred
/catalog/control/EditCategoryRollup,/catalog,EditCategoryRollup,true,true,,,success:view:EditCategoryRollup,applications/product/webapp/catalog/WEB-INF/controller.xml,product-catalog,catalog-product-team,provisional-repository-inferred
/catalog/control/addProductCategoryToCategory,/catalog,addProductCategoryToCategory,true,true,service,safeAddProductCategoryToCategory,success:view:EditCategoryRollup;error:view:EditCategoryRollup,applications/product/webapp/catalog/WEB-INF/controller.xml,product-catalog,catalog-product-team,provisional-repository-inferred
/catalog/control/updateProductCategoryToCategory,/catalog,updateProductCategoryToCategory,true,true,service-multi,updateProductCategoryToCategory,success:view:EditCategoryRollup;error:view:EditCategoryRollup,applications/product/webapp/catalog/WEB-INF/controller.xml,product-catalog,catalog-product-team,provisional-repository-inferred
/catalog/control/removeProductCategoryFromCategory,/catalog,removeProductCategoryFromCategory,true,true,service,removeProductCategoryFromCategory,success:view:EditCategoryRollup;error:view:EditCategoryRollup,applications/product/webapp/catalog/WEB-INF/controller.xml,product-catalog,catalog-product-team,provisional-repository-inferred
/catalog/control/EditCategoryProducts,/catalog,EditCategoryProducts,true,true,,,success:view:EditCategoryProducts,applications/product/webapp/catalog/WEB-INF/controller.xml,product-catalog,catalog-product-team,provisional-repository-inferred
/catalog/control/addCategoryProductMember,/catalog,addCategoryProductMember,true,true,service,safeAddProductToCategory,success:view:EditCategoryProducts;error:view:EditCategoryProducts,applications/product/webapp/catalog/WEB-INF/controller.xml,product-catalog,catalog-product-team,provisional-repository-inferred
/catalog/control/updateCategoryProductMember,/catalog,updateCategoryProductMember,true,true,service-multi,updateProductToCategory,success:view:EditCategoryProducts;error:view:EditCategoryProducts,applications/product/webapp/catalog/WEB-INF/controller.xml,product-catalog,catalog-product-team,provisional-repository-inferred
/catalog/control/removeCategoryProductMember,/catalog,removeCategoryProductMember,true,true,service,removeProductFromCategory,success:view:EditCategoryProducts;error:view:EditCategoryProducts,applications/product/webapp/catalog/WEB-INF/controller.xml,product-catalog,catalog-product-team,provisional-repository-inferred
/catalog/control/copyCategoryProductMembers,/catalog,copyCategoryProductMembers,true,true,service,copyCategoryProductMembers,success:view:EditCategoryProducts;error:view:EditCategoryProducts,applications/product/webapp/catalog/WEB-INF/controller.xml,product-catalog,catalog-product-team,provisional-repository-inferred
/catalog/control/expireAllCategoryProductMembers,/catalog,expireAllCategoryProductMembers,true,true,service,expireAllCategoryProductMembers,success:view:EditCategoryProducts;error:view:EditCategoryProducts,applications/product/webapp/catalog/WEB-INF/controller.xml,product-catalog,catalog-product-team,provisional-repository-inferred
/catalog/control/removeExpiredCategoryProductMembers,/catalog,removeExpiredCategoryProductMembers,true,true,service,removeExpiredCategoryProductMembers,success:view:EditCategoryProducts;error:view:EditCategoryProducts,applications/product/webapp/catalog/WEB-INF/controller.xml,product-catalog,catalog-product-team,provisional-repository-inferred
/catalog/control/createProductInCategoryStart,/catalog,createProductInCategoryStart,true,true,,,success:view:createProductInCategoryStart,applications/product/webapp/catalog/WEB-INF/controller.xml,product-catalog,catalog-product-team,provisional-repository-inferred
/catalog/control/CreateProductInCategoryCheckExisting,/catalog,CreateProductInCategoryCheckExisting,true,true,,,success:view:CreateProductInCategoryCheckExisting,applications/product/webapp/catalog/WEB-INF/controller.xml,product-catalog,catalog-product-team,provisional-repository-inferred
/catalog/control/createProductInCategory,/catalog,createProductInCategory,true,true,service,createProductInCategory,success:view:EditCategoryProducts;error:view:EditCategoryProducts,applications/product/webapp/catalog/WEB-INF/controller.xml,product-catalog,catalog-product-team,provisional-repository-inferred
/catalog/control/EditCategoryProdCatalogs,/catalog,EditCategoryProdCatalogs,true,true,,,success:view:EditCategoryProdCatalogs,applications/product/webapp/catalog/WEB-INF/controller.xml,product-catalog,catalog-product-team,provisional-repository-inferred
/catalog/control/category_addProductCategoryToProdCatalog,/catalog,category_addProductCategoryToProdCatalog,true,true,service,addProductCategoryToProdCatalog,success:view:EditCategoryProdCatalogs;error:view:EditCategoryProdCatalogs,applications/product/webapp/catalog/WEB-INF/controller.xml,product-catalog,catalog-product-team,provisional-repository-inferred
/catalog/control/category_updateProductCategoryToProdCatalog,/catalog,category_updateProductCategoryToProdCatalog,true,true,service,updateProductCategoryToProdCatalog,success:view:EditCategoryProdCatalogs;error:view:EditCategoryProdCatalogs,applications/product/webapp/catalog/WEB-INF/controller.xml,product-catalog,catalog-product-team,provisional-repository-inferred
/catalog/control/category_removeProductCategoryFromProdCatalog,/catalog,category_removeProductCategoryFromProdCatalog,true,true,service,removeProductCategoryFromProdCatalog,success:view:EditCategoryProdCatalogs;error:view:EditCategoryProdCatalogs,applications/product/webapp/catalog/WEB-INF/controller.xml,product-catalog,catalog-product-team,provisional-repository-inferred
/catalog/control/EditCategoryFeatureCats,/catalog,EditCategoryFeatureCats,true,true,,,success:view:EditCategoryFeatureCats,applications/product/webapp/catalog/WEB-INF/controller.xml,product-catalog,catalog-product-team,provisional-repository-inferred
/catalog/control/createProductFeatureCategoryAppl,/catalog,createProductFeatureCategoryAppl,true,true,service,createProductFeatureCategoryAppl,success:view:EditCategoryFeatureCats;error:view:EditCategoryFeatureCats,applications/product/webapp/catalog/WEB-INF/controller.xml,product-catalog,catalog-product-team,provisional-repository-inferred
/catalog/control/updateProductFeatureCategoryAppl,/catalog,updateProductFeatureCategoryAppl,true,true,service,updateProductFeatureCategoryAppl,success:view:EditCategoryFeatureCats;error:view:EditCategoryFeatureCats,applications/product/webapp/catalog/WEB-INF/controller.xml,product-catalog,catalog-product-team,provisional-repository-inferred
/catalog/control/removeProductFeatureCategoryAppl,/catalog,removeProductFeatureCategoryAppl,true,true,service,removeProductFeatureCategoryAppl,success:view:EditCategoryFeatureCats;error:view:EditCategoryFeatureCats,applications/product/webapp/catalog/WEB-INF/controller.xml,product-catalog,catalog-product-team,provisional-repository-inferred
/catalog/control/createProductFeatureCatGrpAppl,/catalog,createProductFeatureCatGrpAppl,true,true,service,createProductFeatureCatGrpAppl,success:view:EditCategoryFeatureCats;error:view:EditCategoryFeatureCats,applications/product/webapp/catalog/WEB-INF/controller.xml,product-catalog,catalog-product-team,provisional-repository-inferred
/catalog/control/updateProductFeatureCatGrpAppl,/catalog,updateProductFeatureCatGrpAppl,true,true,service,updateProductFeatureCatGrpAppl,success:view:EditCategoryFeatureCats;error:view:EditCategoryFeatureCats,applications/product/webapp/catalog/WEB-INF/controller.xml,product-catalog,catalog-product-team,provisional-repository-inferred
/catalog/control/removeProductFeatureCatGrpAppl,/catalog,removeProductFeatureCatGrpAppl,true,true,service,removeProductFeatureCatGrpAppl,success:view:EditCategoryFeatureCats;error:view:EditCategoryFeatureCats,applications/product/webapp/catalog/WEB-INF/controller.xml,product-catalog,catalog-product-team,provisional-repository-inferred
/catalog/control/attachProductFeaturesToCategory,/catalog,attachProductFeaturesToCategory,true,true,service,attachProductFeaturesToCategory,success:view:EditCategoryFeatureCats;error:view:EditCategoryFeatureCats,applications/product/webapp/catalog/WEB-INF/controller.xml,product-catalog,catalog-product-team,provisional-repository-inferred
/catalog/control/CreateProductFeature,/catalog,CreateProductFeature,true,true,,,success:view:CreateProductFeature,applications/product/webapp/catalog/WEB-INF/controller.xml,product-catalog,catalog-product-team,provisional-repository-inferred
/catalog/control/EditCategoryParties,/catalog,EditCategoryParties,true,true,,,success:view:EditCategoryParties,applications/product/webapp/catalog/WEB-INF/controller.xml,product-catalog,catalog-product-team,provisional-repository-inferred
/catalog/control/addPartyToCategory,/catalog,addPartyToCategory,true,true,service,addPartyToCategory,success:view:EditCategoryParties;error:view:EditCategoryParties,applications/product/webapp/catalog/WEB-INF/controller.xml,product-catalog,catalog-product-team,provisional-repository-inferred
/catalog/control/updatePartyToCategory,/catalog,updatePartyToCategory,true,true,service,updatePartyToCategory,success:view:EditCategoryParties;error:view:EditCategoryParties,applications/product/webapp/catalog/WEB-INF/controller.xml,product-catalog,catalog-product-team,provisional-repository-inferred
/catalog/control/removePartyFromCategory,/catalog,removePartyFromCategory,true,true,service,removePartyFromCategory,success:view:EditCategoryParties;error:view:EditCategoryParties,applications/product/webapp/catalog/WEB-INF/controller.xml,product-catalog,catalog-product-team,provisional-repository-inferred
/catalog/control/EditCategoryAttributes,/catalog,EditCategoryAttributes,true,true,,,success:view:EditCategoryAttributes,applications/product/webapp/catalog/WEB-INF/controller.xml,product-catalog,catalog-product-team,provisional-repository-inferred
/catalog/control/createProductCategoryAttribute,/catalog,createProductCategoryAttribute,true,true,service,createProductCategoryAttribute,success:view:EditCategoryAttributes;error:view:EditCategoryAttributes,applications/product/webapp/catalog/WEB-INF/controller.xml,product-catalog,catalog-product-team,provisional-repository-inferred
/catalog/control/updateProductCategoryAttribute,/catalog,updateProductCategoryAttribute,true,true,service,updateProductCategoryAttribute,success:view:EditCategoryAttributes;error:view:EditCategoryAttributes,applications/product/webapp/catalog/WEB-INF/controller.xml,product-catalog,catalog-product-team,provisional-repository-inferred
/catalog/control/deleteProductCategoryAttribute,/catalog,deleteProductCategoryAttribute,true,true,service,deleteProductCategoryAttribute,success:view:EditCategoryAttributes;error:view:EditCategoryAttributes,applications/product/webapp/catalog/WEB-INF/controller.xml,product-catalog,catalog-product-team,provisional-repository-inferred
/catalog/control/EditProductCategoryLinks,/catalog,EditProductCategoryLinks,true,true,,,success:view:EditProductCategoryLinks,applications/product/webapp/catalog/WEB-INF/controller.xml,product-catalog,catalog-product-team,provisional-repository-inferred
/catalog/control/createProductCategoryLink,/catalog,createProductCategoryLink,true,true,service,createProductCategoryLink,success:view:EditProductCategoryLinks;error:view:EditProductCategoryLinks,applications/product/webapp/catalog/WEB-INF/controller.xml,product-catalog,catalog-product-team,provisional-repository-inferred
/catalog/control/updateProductCategoryLink,/catalog,updateProductCategoryLink,true,true,service,updateProductCategoryLink,success:view:EditProductCategoryLinks;error:view:EditProductCategoryLinks,applications/product/webapp/catalog/WEB-INF/controller.xml,product-catalog,catalog-product-team,provisional-repository-inferred
/catalog/control/deleteProductCategoryLink,/catalog,deleteProductCategoryLink,true,true,service,deleteProductCategoryLink,success:view:EditProductCategoryLinks;error:view:EditProductCategoryLinks,applications/product/webapp/catalog/WEB-INF/controller.xml,product-catalog,catalog-product-team,provisional-repository-inferred
/catalog/control/FindProduct,/catalog,FindProduct,true,true,,,success:view:FindProduct,applications/product/webapp/catalog/WEB-INF/controller.xml,product-catalog,catalog-product-team,provisional-repository-inferred
/catalog/control/EditProduct,/catalog,EditProduct,true,true,,,success:view:EditProduct,applications/product/webapp/catalog/WEB-INF/controller.xml,product-catalog,catalog-product-team,provisional-repository-inferred
/catalog/control/createProduct,/catalog,createProduct,true,true,service,createProduct,success:view:EditProduct;error:view:EditProduct,applications/product/webapp/catalog/WEB-INF/controller.xml,product-catalog,catalog-product-team,provisional-repository-inferred
/catalog/control/updateProduct,/catalog,updateProduct,true,true,service,updateProduct,success:view:EditProduct;error:view:EditProduct,applications/product/webapp/catalog/WEB-INF/controller.xml,product-catalog,catalog-product-team,provisional-repository-inferred
/catalog/control/DuplicateProduct,/catalog,DuplicateProduct,true,true,service,duplicateProduct,success:view:EditProduct;error:view:EditProduct,applications/product/webapp/catalog/WEB-INF/controller.xml,product-catalog,catalog-product-team,provisional-repository-inferred
/catalog/control/UpdateProductVariants,/catalog,UpdateProductVariants,true,true,service,copyToProductVariants,success:view:EditProduct;error:view:EditProduct,applications/product/webapp/catalog/WEB-INF/controller.xml,product-catalog,catalog-product-team,provisional-repository-inferred
/catalog/control/ProductBarCode.pdf,/catalog,ProductBarCode.pdf,true,true,,,success:view:ProductBarCode.pdf,applications/product/webapp/catalog/WEB-INF/controller.xml,product-catalog,catalog-product-team,provisional-repository-inferred
/catalog/control/EditProductParties,/catalog,EditProductParties,true,true,,,success:view:EditProductParties,applications/product/webapp/catalog/WEB-INF/controller.xml,product-catalog,catalog-product-team,provisional-repository-inferred
/catalog/control/addPartyToProduct,/catalog,addPartyToProduct,true,true,service,addPartyToProduct,success:view:EditProductParties;error:view:EditProductParties,applications/product/webapp/catalog/WEB-INF/controller.xml,product-catalog,catalog-product-team,provisional-repository-inferred
/catalog/control/updatePartyToProduct,/catalog,updatePartyToProduct,true,true,service,updatePartyToProduct,success:view:EditProductParties;error:view:EditProductParties,applications/product/webapp/catalog/WEB-INF/controller.xml,product-catalog,catalog-product-team,provisional-repository-inferred
/catalog/control/removePartyFromProduct,/catalog,removePartyFromProduct,true,true,service,removePartyFromProduct,success:view:EditProductParties;error:view:EditProductParties,applications/product/webapp/catalog/WEB-INF/controller.xml,product-catalog,catalog-product-team,provisional-repository-inferred
/catalog/control/EditProductAssetUsage,/catalog,EditProductAssetUsage,true,true,,,success:view:EditProductAssetUsage,applications/product/webapp/catalog/WEB-INF/controller.xml,product-catalog,catalog-product-team,provisional-repository-inferred
/catalog/control/updateProductAssetUsage,/catalog,updateProductAssetUsage,true,true,service,updateProduct,success:view:EditProductAssetUsage;error:view:EditProductAssetUsage,applications/product/webapp/catalog/WEB-INF/controller.xml,product-catalog,catalog-product-team,provisional-repository-inferred
/catalog/control/showFixedAssetProduct,/catalog,showFixedAssetProduct,true,true,,,success:view:showFixedAssetProduct,applications/product/webapp/catalog/WEB-INF/controller.xml,product-catalog,catalog-product-team,provisional-repository-inferred
/catalog/control/newFixedAssetProduct,/catalog,newFixedAssetProduct,true,true,,,success:view:newFixedAssetProduct,applications/product/webapp/catalog/WEB-INF/controller.xml,product-catalog,catalog-product-team,provisional-repository-inferred
/catalog/control/addFixedAssetProduct,/catalog,addFixedAssetProduct,true,true,service,org.apache.ofbiz.accounting.fixedasset.FixedAssetServices.xml:addFixedAssetProduct,success:view:EditProductAssetUsage;error:view:newFixedAssetProduct,applications/product/webapp/catalog/WEB-INF/controller.xml,product-catalog,catalog-product-team,provisional-repository-inferred
/catalog/control/updFixedAssetProduct,/catalog,updFixedAssetProduct,true,true,service,org.apache.ofbiz.accounting.fixedasset.FixedAssetServices.xml:updateFixedAssetProduct,success:view:showFixedAssetProduct;error:view:showFixedAssetProduct,applications/product/webapp/catalog/WEB-INF/controller.xml,product-catalog,catalog-product-team,provisional-repository-inferred
/catalog/control/removeFixedAssetProduct,/catalog,removeFixedAssetProduct,true,true,service,org.apache.ofbiz.accounting.fixedasset.FixedAssetServices.xml:removeFixedAssetProduct,success:view:EditProductAssetUsage;error:view:EditProductAssetUsage,applications/product/webapp/catalog/WEB-INF/controller.xml,product-catalog,catalog-product-team,provisional-repository-inferred
/catalog/control/EditProductPrices,/catalog,EditProductPrices,true,true,,,success:view:EditProductPrices,applications/product/webapp/catalog/WEB-INF/controller.xml,product-catalog,catalog-product-team,provisional-repository-inferred
/catalog/control/createProductPrice,/catalog,createProductPrice,true,true,service,createProductPrice,success:request-redirect:EditProductPrices;error:view:EditProductPrices,applications/product/webapp/catalog/WEB-INF/controller.xml,product-catalog,catalog-product-team,provisional-repository-inferred
/catalog/control/updateProductPrice,/catalog,updateProductPrice,true,true,service,updateProductPrice,success:request-redirect:EditProductPrices;error:view:EditProductPrices,applications/product/webapp/catalog/WEB-INF/controller.xml,product-catalog,catalog-product-team,provisional-repository-inferred
/catalog/control/ProductPriceHistory,/catalog,ProductPriceHistory,true,true,,,success:view:ProductPriceHistory,applications/product/webapp/catalog/WEB-INF/controller.xml,product-catalog,catalog-product-team,provisional-repository-inferred
/catalog/control/deleteProductPrice,/catalog,deleteProductPrice,true,true,service,deleteProductPrice,success:request-redirect:EditProductPrices;error:view:EditProductPrices,applications/product/webapp/catalog/WEB-INF/controller.xml,product-catalog,catalog-product-team,provisional-repository-inferred
/catalog/control/EditCategoryContent,/catalog,EditCategoryContent,true,true,,,success:view:EditCategoryContent,applications/product/webapp/catalog/WEB-INF/controller.xml,product-catalog,catalog-product-team,provisional-repository-inferred
/catalog/control/updateCategoryContent,/catalog,updateCategoryContent,true,true,service,updateProductCategory,success:view:EditCategoryContent;error:view:EditCategoryContent,applications/product/webapp/catalog/WEB-INF/controller.xml,product-catalog,catalog-product-team,provisional-repository-inferred
/catalog/control/EditCategoryContentContent,/catalog,EditCategoryContentContent,true,true,,,success:view:EditCategoryContentContent,applications/product/webapp/catalog/WEB-INF/controller.xml,product-catalog,catalog-product-team,provisional-repository-inferred
/catalog/control/prepareAddContentToCategory,/catalog,prepareAddContentToCategory,true,true,,,success:view:EditCategoryContentContent,applications/product/webapp/catalog/WEB-INF/controller.xml,product-catalog,catalog-product-team,provisional-repository-inferred
/catalog/control/addContentToCategory,/catalog,addContentToCategory,true,true,service,createCategoryContent,success:view:EditCategoryContent;error:view:EditCategoryContent,applications/product/webapp/catalog/WEB-INF/controller.xml,product-catalog,catalog-product-team,provisional-repository-inferred
/catalog/control/updateContentToCategory,/catalog,updateContentToCategory,true,true,service,updateCategoryContent,success:view:EditCategoryContent;error:view:EditCategoryContent,applications/product/webapp/catalog/WEB-INF/controller.xml,product-catalog,catalog-product-team,provisional-repository-inferred
/catalog/control/removeContentFromCategory,/catalog,removeContentFromCategory,true,true,service,removeCategoryContent,success:view:EditCategoryContent;error:view:EditCategoryContent,applications/product/webapp/catalog/WEB-INF/controller.xml,product-catalog,catalog-product-team,provisional-repository-inferred
/catalog/control/updateSimpleTextContentForCategory,/catalog,updateSimpleTextContentForCategory,true,true,service,updateSimpleTextContentForCategory,success:view:EditCategoryContentContent;error:view:EditCategoryContentContent,applications/product/webapp/catalog/WEB-INF/controller.xml,product-catalog,catalog-product-team,provisional-repository-inferred
/catalog/control/createSimpleTextContentForCategory,/catalog,createSimpleTextContentForCategory,true,true,service,createSimpleTextContentForCategory,success:view:EditCategoryContent;error:view:EditCategoryContentContent,applications/product/webapp/catalog/WEB-INF/controller.xml,product-catalog,catalog-product-team,provisional-repository-inferred
/catalog/control/updateContentSEOForCategory,/catalog,updateContentSEOForCategory,true,true,service,updateContentSEOForCategory,success:view:EditCategoryContent;error:view:EditCategoryContentContent,applications/product/webapp/catalog/WEB-INF/controller.xml,product-catalog,catalog-product-team,provisional-repository-inferred
/catalog/control/createRelatedUrlContentForCategory,/catalog,createRelatedUrlContentForCategory,true,true,service,createRelatedUrlContentForCategory,success:view:EditCategoryContent;error:view:EditCategoryContentContent,applications/product/webapp/catalog/WEB-INF/controller.xml,product-catalog,catalog-product-team,provisional-repository-inferred
/catalog/control/updateRelatedUrlContentForCategory,/catalog,updateRelatedUrlContentForCategory,true,true,service,updateRelatedUrlContentForCategory,success:view:EditCategoryContent;error:view:EditCategoryContentContent,applications/product/webapp/catalog/WEB-INF/controller.xml,product-catalog,catalog-product-team,provisional-repository-inferred
/catalog/control/updateDownloadContentForCategory,/catalog,updateDownloadContentForCategory,true,true,service,updateDownloadContentForCategory,success:view:EditCategoryContent;error:view:EditCategoryContentContent,applications/product/webapp/catalog/WEB-INF/controller.xml,product-catalog,catalog-product-team,provisional-repository-inferred
/catalog/control/createDownloadContentForCategory,/catalog,createDownloadContentForCategory,true,true,service,createDownloadContentForCategory,success:view:EditCategoryContent;error:view:EditCategoryContentContent,applications/product/webapp/catalog/WEB-INF/controller.xml,product-catalog,catalog-product-team,provisional-repository-inferred
/catalog/control/EditProductContent,/catalog,EditProductContent,true,true,,,success:view:EditProductContent,applications/product/webapp/catalog/WEB-INF/controller.xml,product-catalog,catalog-product-team,provisional-repository-inferred
/catalog/control/updateProductContent,/catalog,updateProductContent,true,true,service,updateProduct,success:view:EditProductContent;error:view:EditProductContent,applications/product/webapp/catalog/WEB-INF/controller.xml,product-catalog,catalog-product-team,provisional-repository-inferred
/catalog/control/UploadProductImage,/catalog,UploadProductImage,true,true,,,success:view:EditProductContent,applications/product/webapp/catalog/WEB-INF/controller.xml,product-catalog,catalog-product-team,provisional-repository-inferred
/catalog/control/updateContentSEOForProduct,/catalog,updateContentSEOForProduct,true,true,service,updateContentSEOForProduct,success:view:EditProductContent;error:view:EditProductContentContent,applications/product/webapp/catalog/WEB-INF/controller.xml,product-catalog,catalog-product-team,provisional-repository-inferred
/catalog/control/createSimpleTextContentForAlternateLocaleInCategory,/catalog,createSimpleTextContentForAlternateLocaleInCategory,true,true,service,createSimpleTextContentForAlternateLocale,success:view:EditCategoryContent;error:view:EditCategoryContentContent,applications/product/webapp/catalog/WEB-INF/controller.xml,product-catalog,catalog-product-team,provisional-repository-inferred
/catalog/control/EditProductContentContent,/catalog,EditProductContentContent,true,true,,,success:view:EditProductContentContent,applications/product/webapp/catalog/WEB-INF/controller.xml,product-catalog,catalog-product-team,provisional-repository-inferred
/catalog/control/prepareAddContentToProduct,/catalog,prepareAddContentToProduct,true,true,,,success:view:EditProductContentContent,applications/product/webapp/catalog/WEB-INF/controller.xml,product-catalog,catalog-product-team,provisional-repository-inferred
/catalog/control/addAdditionalImagesForProduct,/catalog,addAdditionalImagesForProduct,true,true,service,uploadProductAdditionalViewImages,success:view:EditProductContent;error:view:EditProductContent,applications/product/webapp/catalog/WEB-INF/controller.xml,product-catalog,catalog-product-team,provisional-repository-inferred
/catalog/control/addContentToProduct,/catalog,addContentToProduct,true,true,service,createProductContent,success:view:EditProductContent;error:view:EditProductContent,applications/product/webapp/catalog/WEB-INF/controller.xml,product-catalog,catalog-product-team,provisional-repository-inferred
/catalog/control/updateContentToProduct,/catalog,updateContentToProduct,true,true,service,updateProductContent,success:view:EditProductContent;error:view:EditProductContent,applications/product/webapp/catalog/WEB-INF/controller.xml,product-catalog,catalog-product-team,provisional-repository-inferred
/catalog/control/removeContentFromProduct,/catalog,removeContentFromProduct,true,true,service,removeProductContent,success:view:EditProductContent;error:view:EditProductContent,applications/product/webapp/catalog/WEB-INF/controller.xml,product-catalog,catalog-product-team,provisional-repository-inferred
/catalog/control/updateEmailContentForProduct,/catalog,updateEmailContentForProduct,true,true,service,updateEmailContentForProduct,success:view:EditProductContentContent;error:view:EditProductContentContent,applications/product/webapp/catalog/WEB-INF/controller.xml,product-catalog,catalog-product-team,provisional-repository-inferred
/catalog/control/createEmailContentForProduct,/catalog,createEmailContentForProduct,true,true,service,createEmailContentForProduct,success:view:EditProductContent;error:view:EditProductContentContent,applications/product/webapp/catalog/WEB-INF/controller.xml,product-catalog,catalog-product-team,provisional-repository-inferred
/catalog/control/updateExternalContentForProduct,/catalog,updateExternalContentForProduct,true,true,service,updateProductContent,success:view:EditProductContentContent;error:view:EditProductContentContent,applications/product/webapp/catalog/WEB-INF/controller.xml,product-catalog,catalog-product-team,provisional-repository-inferred
/catalog/control/createExternalContentForProduct,/catalog,createExternalContentForProduct,true,true,service,createProductContent,success:view:EditProductContent;error:view:EditProductContentContent,applications/product/webapp/catalog/WEB-INF/controller.xml,product-catalog,catalog-product-team,provisional-repository-inferred
/catalog/control/updateDownloadContentForProduct,/catalog,updateDownloadContentForProduct,true,true,service,updateDownloadContentForProduct,success:view:EditProductContentContent;error:view:EditProductContentContent,applications/product/webapp/catalog/WEB-INF/controller.xml,product-catalog,catalog-product-team,provisional-repository-inferred
/catalog/control/createDownloadContentForProduct,/catalog,createDownloadContentForProduct,true,true,service,createDownloadContentForProduct,success:view:EditProductContent;error:view:EditProductContentContent,applications/product/webapp/catalog/WEB-INF/controller.xml,product-catalog,catalog-product-team,provisional-repository-inferred
/catalog/control/updateSimpleTextContentForProduct,/catalog,updateSimpleTextContentForProduct,true,true,service,updateSimpleTextContentForProduct,success:view:EditProductContent;error:view:EditProductContentContent,applications/product/webapp/catalog/WEB-INF/controller.xml,product-catalog,catalog-product-team,provisional-repository-inferred
/catalog/control/createSimpleTextContentForProduct,/catalog,createSimpleTextContentForProduct,true,true,service,createSimpleTextContentForProduct,success:view:EditProductContent;error:view:EditProductContentContent,applications/product/webapp/catalog/WEB-INF/controller.xml,product-catalog,catalog-product-team,provisional-repository-inferred
/catalog/control/createSimpleTextContentForAlternateLocale,/catalog,createSimpleTextContentForAlternateLocale,true,true,service,createSimpleTextContentForAlternateLocale,success:view:EditProductContent;error:view:EditProductContentContent,applications/product/webapp/catalog/WEB-INF/controller.xml,product-catalog,catalog-product-team,provisional-repository-inferred
/catalog/control/addAdditionalImageContentForProduct,/catalog,addAdditionalImageContentForProduct,true,true,service,addAdditionalViewForProduct,success:view:EditProductContent;error:view:EditProductContentContent,applications/product/webapp/catalog/WEB-INF/controller.xml,product-catalog,catalog-product-team,provisional-repository-inferred
/catalog/control/EditProductGoodIdentifications,/catalog,EditProductGoodIdentifications,true,true,,,success:view:EditProductGoodIdentifications,applications/product/webapp/catalog/WEB-INF/controller.xml,product-catalog,catalog-product-team,provisional-repository-inferred
/catalog/control/createGoodIdentification,/catalog,createGoodIdentification,true,true,service,createGoodIdentification,success:view:EditProductGoodIdentifications;error:view:EditProductGoodIdentifications,applications/product/webapp/catalog/WEB-INF/controller.xml,product-catalog,catalog-product-team,provisional-repository-inferred
/catalog/control/updateGoodIdentification,/catalog,updateGoodIdentification,true,true,service,updateGoodIdentification,success:view:EditProductGoodIdentifications;error:view:EditProductGoodIdentifications,applications/product/webapp/catalog/WEB-INF/controller.xml,product-catalog,catalog-product-team,provisional-repository-inferred
/catalog/control/deleteGoodIdentification,/catalog,deleteGoodIdentification,true,true,service,deleteGoodIdentification,success:view:EditProductGoodIdentifications;error:view:EditProductGoodIdentifications,applications/product/webapp/catalog/WEB-INF/controller.xml,product-catalog,catalog-product-team,provisional-repository-inferred
/catalog/control/EditProductCategories,/catalog,EditProductCategories,true,true,,,success:view:EditProductCategories,applications/product/webapp/catalog/WEB-INF/controller.xml,product-catalog,catalog-product-team,provisional-repository-inferred
/catalog/control/addProductToCategory,/catalog,addProductToCategory,true,true,service,safeAddProductToCategory,success:view:EditProductCategories;error:view:EditProductCategories,applications/product/webapp/catalog/WEB-INF/controller.xml,product-catalog,catalog-product-team,provisional-repository-inferred
/catalog/control/updateProductToCategory,/catalog,updateProductToCategory,true,true,service,updateProductToCategory,success:view:EditProductCategories;error:view:EditProductCategories,applications/product/webapp/catalog/WEB-INF/controller.xml,product-catalog,catalog-product-team,provisional-repository-inferred
/catalog/control/removeProductFromCategory,/catalog,removeProductFromCategory,true,true,service,removeProductFromCategory,success:view:EditProductCategories;error:view:EditProductCategories,applications/product/webapp/catalog/WEB-INF/controller.xml,product-catalog,catalog-product-team,provisional-repository-inferred
/catalog/control/EditProductKeyword,/catalog,EditProductKeyword,true,true,,,success:view:EditProductKeyword,applications/product/webapp/catalog/WEB-INF/controller.xml,product-catalog,catalog-product-team,provisional-repository-inferred
/catalog/control/UpdateAllKeywords,/catalog,UpdateAllKeywords,true,true,java,org.apache.ofbiz.product.product.ProductEvents:updateAllKeywords,success:view:main;error:view:main,applications/product/webapp/catalog/WEB-INF/controller.xml,product-catalog,catalog-product-team,provisional-repository-inferred
/catalog/control/createProductKeyword,/catalog,createProductKeyword,true,true,service,createProductKeyword,success:view:EditProductKeyword;error:view:EditProductKeyword,applications/product/webapp/catalog/WEB-INF/controller.xml,product-catalog,catalog-product-team,provisional-repository-inferred
/catalog/control/updateProductKeyword,/catalog,updateProductKeyword,true,true,service,updateProductKeyword,success:view:EditProductKeyword;error:view:EditProductKeyword,applications/product/webapp/catalog/WEB-INF/controller.xml,product-catalog,catalog-product-team,provisional-repository-inferred
/catalog/control/deleteProductKeyword,/catalog,deleteProductKeyword,true,true,service,deleteProductKeyword,success:view:EditProductKeyword;error:view:EditProductKeyword,applications/product/webapp/catalog/WEB-INF/controller.xml,product-catalog,catalog-product-team,provisional-repository-inferred
/catalog/control/deleteProductKeywords,/catalog,deleteProductKeywords,true,true,service,deleteProductKeywords,success:view:EditProductKeyword;error:view:EditProductKeyword,applications/product/webapp/catalog/WEB-INF/controller.xml,product-catalog,catalog-product-team,provisional-repository-inferred
/catalog/control/forceIndexProductKeywords,/catalog,forceIndexProductKeywords,true,true,service,forceIndexProductKeywords,success:view:EditProductKeyword;error:view:EditProductKeyword,applications/product/webapp/catalog/WEB-INF/controller.xml,product-catalog,catalog-product-team,provisional-repository-inferred
/catalog/control/EditProductAssoc,/catalog,EditProductAssoc,true,true,,,success:view:EditProductAssoc,applications/product/webapp/catalog/WEB-INF/controller.xml,product-catalog,catalog-product-team,provisional-repository-inferred
/catalog/control/createProductAssoc,/catalog,createProductAssoc,true,true,service,createProductAssoc,success:view:EditProductAssoc;error:view:EditProductAssoc,applications/product/webapp/catalog/WEB-INF/controller.xml,product-catalog,catalog-product-team,provisional-repository-inferred
/catalog/control/updateProductAssoc,/catalog,updateProductAssoc,true,true,service,updateProductAssoc,success:view:EditProductAssoc;error:view:EditProductAssoc,applications/product/webapp/catalog/WEB-INF/controller.xml,product-catalog,catalog-product-team,provisional-repository-inferred
/catalog/control/deleteProductAssoc,/catalog,deleteProductAssoc,true,true,service,deleteProductAssoc,success:view:EditProductAssoc;error:view:EditProductAssoc,applications/product/webapp/catalog/WEB-INF/controller.xml,product-catalog,catalog-product-team,provisional-repository-inferred
/catalog/control/ViewProductManufacturing,/catalog,ViewProductManufacturing,true,true,,,success:view:ViewProductManufacturing,applications/product/webapp/catalog/WEB-INF/controller.xml,product-catalog,catalog-product-team,provisional-repository-inferred
/catalog/control/ViewProductAgreements,/catalog,ViewProductAgreements,true,true,,,success:view:ViewProductAgreements,applications/product/webapp/catalog/WEB-INF/controller.xml,product-catalog,catalog-product-team,provisional-repository-inferred
/catalog/control/CreateSalesAgreement,/catalog,CreateSalesAgreement,true,true,,,success:view:CreateSalesAgreement,applications/product/webapp/catalog/WEB-INF/controller.xml,product-catalog,catalog-product-team,provisional-repository-inferred
/catalog/control/createSalesAgreement,/catalog,createSalesAgreement,true,true,service,createSalesAgreement,success:view:ViewProductAgreements,applications/product/webapp/catalog/WEB-INF/controller.xml,product-catalog,catalog-product-team,provisional-repository-inferred
/catalog/control/EditProductCosts,/catalog,EditProductCosts,true,true,,,success:view:EditProductCosts,applications/product/webapp/catalog/WEB-INF/controller.xml,product-catalog,catalog-product-team,provisional-repository-inferred
/catalog/control/createCostComponent,/catalog,createCostComponent,true,true,service,createCostComponent,success:view:EditProductCosts;error:view:EditProductCosts,applications/product/webapp/catalog/WEB-INF/controller.xml,product-catalog,catalog-product-team,provisional-repository-inferred
/catalog/control/updateCostComponent,/catalog,updateCostComponent,true,true,service,updateCostComponent,success:view:EditProductCosts;error:view:EditProductCosts,applications/product/webapp/catalog/WEB-INF/controller.xml,product-catalog,catalog-product-team,provisional-repository-inferred
/catalog/control/deleteCostComponent,/catalog,deleteCostComponent,true,true,service,deleteCostComponent,success:view:EditProductCosts;error:view:EditProductCosts,applications/product/webapp/catalog/WEB-INF/controller.xml,product-catalog,catalog-product-team,provisional-repository-inferred
/catalog/control/createProductCostComponentCalc,/catalog,createProductCostComponentCalc,true,true,service,createProductCostComponentCalc,success:view:EditProductCosts;error:view:EditProductCosts,applications/product/webapp/catalog/WEB-INF/controller.xml,product-catalog,catalog-product-team,provisional-repository-inferred
/catalog/control/updateProductCostComponentCalc,/catalog,updateProductCostComponentCalc,true,true,service,updateProductCostComponentCalc,success:view:EditProductCosts;error:view:EditProductCosts,applications/product/webapp/catalog/WEB-INF/controller.xml,product-catalog,catalog-product-team,provisional-repository-inferred
/catalog/control/deleteProductCostComponentCalc,/catalog,deleteProductCostComponentCalc,true,true,service,deleteProductCostComponentCalc,success:view:EditProductCosts;error:view:EditProductCosts,applications/product/webapp/catalog/WEB-INF/controller.xml,product-catalog,catalog-product-team,provisional-repository-inferred
/catalog/control/calculateProductCosts,/catalog,calculateProductCosts,true,true,service,calculateProductCosts,success:view:EditProductCosts;error:view:EditProductCosts,applications/product/webapp/catalog/WEB-INF/controller.xml,product-catalog,catalog-product-team,provisional-repository-inferred
/catalog/control/EditProductAttributes,/catalog,EditProductAttributes,true,true,,,success:view:EditProductAttributes,applications/product/webapp/catalog/WEB-INF/controller.xml,product-catalog,catalog-product-team,provisional-repository-inferred
/catalog/control/createProductAttribute,/catalog,createProductAttribute,true,true,service,createProductAttribute,success:view:EditProductAttributes;error:view:EditProductAttributes,applications/product/webapp/catalog/WEB-INF/controller.xml,product-catalog,catalog-product-team,provisional-repository-inferred
/catalog/control/updateProductAttribute,/catalog,updateProductAttribute,true,true,service,updateProductAttribute,success:view:EditProductAttributes;error:view:EditProductAttributes,applications/product/webapp/catalog/WEB-INF/controller.xml,product-catalog,catalog-product-team,provisional-repository-inferred
/catalog/control/deleteProductAttribute,/catalog,deleteProductAttribute,true,true,service,deleteProductAttribute,success:view:EditProductAttributes;error:view:EditProductAttributes,applications/product/webapp/catalog/WEB-INF/controller.xml,product-catalog,catalog-product-team,provisional-repository-inferred
/catalog/control/EditProductFacilities,/catalog,EditProductFacilities,true,true,,,success:view:EditProductFacilities,applications/product/webapp/catalog/WEB-INF/controller.xml,product-catalog,catalog-product-team,provisional-repository-inferred
/catalog/control/createProductFacility,/catalog,createProductFacility,true,true,service,createProductFacility,success:view:EditProductFacilities;error:view:EditProductFacilities,applications/product/webapp/catalog/WEB-INF/controller.xml,product-catalog,catalog-product-team,provisional-repository-inferred
/catalog/control/updateProductFacility,/catalog,updateProductFacility,true,true,service,updateProductFacility,success:view:EditProductFacilities;error:view:EditProductFacilities,applications/product/webapp/catalog/WEB-INF/controller.xml,product-catalog,catalog-product-team,provisional-repository-inferred
/catalog/control/deleteProductFacility,/catalog,deleteProductFacility,true,true,service,deleteProductFacility,success:view:EditProductFacilities;error:view:EditProductFacilities,applications/product/webapp/catalog/WEB-INF/controller.xml,product-catalog,catalog-product-team,provisional-repository-inferred
/catalog/control/EditProductFacilityLocations,/catalog,EditProductFacilityLocations,true,true,,,success:view:EditProductFacilityLocations,applications/product/webapp/catalog/WEB-INF/controller.xml,product-catalog,catalog-product-team,provisional-repository-inferred
/catalog/control/createProductFacilityLocation,/catalog,createProductFacilityLocation,true,true,service,createProductFacilityLocation,success:view:EditProductFacilityLocations;error:view:EditProductFacilityLocations,applications/product/webapp/catalog/WEB-INF/controller.xml,product-catalog,catalog-product-team,provisional-repository-inferred
/catalog/control/updateProductFacilityLocation,/catalog,updateProductFacilityLocation,true,true,service,updateProductFacilityLocation,success:view:EditProductFacilityLocations;error:view:EditProductFacilityLocations,applications/product/webapp/catalog/WEB-INF/controller.xml,product-catalog,catalog-product-team,provisional-repository-inferred
/catalog/control/deleteProductFacilityLocation,/catalog,deleteProductFacilityLocation,true,true,service,deleteProductFacilityLocation,success:view:EditProductFacilityLocations;error:view:EditProductFacilityLocations,applications/product/webapp/catalog/WEB-INF/controller.xml,product-catalog,catalog-product-team,provisional-repository-inferred
/catalog/control/EditProductQuickAdmin,/catalog,EditProductQuickAdmin,true,true,,,success:view:EditProductQuickAdmin,applications/product/webapp/catalog/WEB-INF/controller.xml,product-catalog,catalog-product-team,provisional-repository-inferred
/catalog/control/updateProductQuickAdminName,/catalog,updateProductQuickAdminName,true,true,service,updateProductQuickAdminName,success:view:EditProductQuickAdmin;error:view:EditProductQuickAdmin,applications/product/webapp/catalog/WEB-INF/controller.xml,product-catalog,catalog-product-team,provisional-repository-inferred
/catalog/control/updateProductQuickAdminShipping,/catalog,updateProductQuickAdminShipping,true,true,java,org.apache.ofbiz.product.product.ProductEvents:updateProductQuickAdminShipping,success:view:EditProductQuickAdmin;error:view:EditProductQuickAdmin,applications/product/webapp/catalog/WEB-INF/controller.xml,product-catalog,catalog-product-team,provisional-repository-inferred
/catalog/control/updateProductQuickAdminSelFeat,/catalog,updateProductQuickAdminSelFeat,true,true,java,org.apache.ofbiz.product.product.ProductEvents:updateProductQuickAdminSelFeat,success:view:EditProductQuickAdmin;error:view:EditProductQuickAdmin,applications/product/webapp/catalog/WEB-INF/controller.xml,product-catalog,catalog-product-team,provisional-repository-inferred
/catalog/control/updateProductQuickAdminDelFeatureTypes,/catalog,updateProductQuickAdminDelFeatureTypes,true,true,java,org.apache.ofbiz.product.product.ProductEvents:removeFeatureApplsByFeatureTypeId,success:view:EditProductQuickAdmin;error:view:EditProductQuickAdmin,applications/product/webapp/catalog/WEB-INF/controller.xml,product-catalog,catalog-product-team,provisional-repository-inferred
/catalog/control/quickAdminUpdateProductAssoc,/catalog,quickAdminUpdateProductAssoc,true,true,java,org.apache.ofbiz.product.product.ProductEvents:updateProductAssoc,success:view:EditProductQuickAdmin;error:view:EditProductQuickAdmin,applications/product/webapp/catalog/WEB-INF/controller.xml,product-catalog,catalog-product-team,provisional-repository-inferred
/catalog/control/quickAdminRemoveProductFeature,/catalog,quickAdminRemoveProductFeature,true,true,java,org.apache.ofbiz.product.product.ProductEvents:removeProductFeatureAppl,success:view:EditProductQuickAdmin;error:view:EditProductQuickAdmin,applications/product/webapp/catalog/WEB-INF/controller.xml,product-catalog,catalog-product-team,provisional-repository-inferred
/catalog/control/quickAdminAddCategories,/catalog,quickAdminAddCategories,true,true,java,org.apache.ofbiz.product.product.ProductEvents:addProductToCategories,success:view:EditProductQuickAdmin;error:view:EditProductQuickAdmin,applications/product/webapp/catalog/WEB-INF/controller.xml,product-catalog,catalog-product-team,provisional-repository-inferred
/catalog/control/quickAdminRemoveProductFromCategory,/catalog,quickAdminRemoveProductFromCategory,true,true,service,removeProductFromCategory,success:view:EditProductQuickAdmin;error:view:EditProductQuickAdmin,applications/product/webapp/catalog/WEB-INF/controller.xml,product-catalog,catalog-product-team,provisional-repository-inferred
/catalog/control/quickAdminUnPublish,/catalog,quickAdminUnPublish,true,true,java,org.apache.ofbiz.product.product.ProductEvents:updateProductCategoryMember,success:view:EditProductQuickAdmin;error:view:EditProductQuickAdmin,applications/product/webapp/catalog/WEB-INF/controller.xml,product-catalog,catalog-product-team,provisional-repository-inferred
/catalog/control/quickAdminApplyFeatureToProduct,/catalog,quickAdminApplyFeatureToProduct,true,true,java,org.apache.ofbiz.product.product.ProductEvents:addProductFeatures,success:view:EditProductQuickAdmin;error:view:EditProductQuickAdmin,applications/product/webapp/catalog/WEB-INF/controller.xml,product-catalog,catalog-product-team,provisional-repository-inferred
/catalog/control/quickAdminRemoveFeatureFromProduct,/catalog,quickAdminRemoveFeatureFromProduct,true,true,service,removeFeatureFromProduct,success:view:EditProductQuickAdmin;error:view:EditProductQuickAdmin,applications/product/webapp/catalog/WEB-INF/controller.xml,product-catalog,catalog-product-team,provisional-repository-inferred
/catalog/control/EditProductInventoryItems,/catalog,EditProductInventoryItems,true,true,,,success:view:EditProductInventoryItems,applications/product/webapp/catalog/WEB-INF/controller.xml,product-catalog,catalog-product-team,provisional-repository-inferred
/catalog/control/EditProductGlAccounts,/catalog,EditProductGlAccounts,true,true,,,success:view:EditProductGlAccounts,applications/product/webapp/catalog/WEB-INF/controller.xml,product-catalog,catalog-product-team,provisional-repository-inferred
/catalog/control/createProductGlAccount,/catalog,createProductGlAccount,true,true,service,createProductGlAccount,success:view:EditProductGlAccounts;error:view:EditProductGlAccounts,applications/product/webapp/catalog/WEB-INF/controller.xml,product-catalog,catalog-product-team,provisional-repository-inferred
/catalog/control/updateProductGlAccount,/catalog,updateProductGlAccount,true,true,service,updateProductGlAccount,success:view:EditProductGlAccounts;error:view:EditProductGlAccounts,applications/product/webapp/catalog/WEB-INF/controller.xml,product-catalog,catalog-product-team,provisional-repository-inferred
/catalog/control/deleteProductGlAccount,/catalog,deleteProductGlAccount,true,true,service,deleteProductGlAccount,success:view:EditProductGlAccounts;error:view:EditProductGlAccounts,applications/product/webapp/catalog/WEB-INF/controller.xml,product-catalog,catalog-product-team,provisional-repository-inferred
/catalog/control/EditProductPaymentMethodTypes,/catalog,EditProductPaymentMethodTypes,true,true,,,success:view:EditProductPaymentMethodTypes,applications/product/webapp/catalog/WEB-INF/controller.xml,product-catalog,catalog-product-team,provisional-repository-inferred
/catalog/control/createProductPaymentMethodType,/catalog,createProductPaymentMethodType,true,true,service,createProductPaymentMethodType,success:view:EditProductPaymentMethodTypes;error:view:EditProductPaymentMethodTypes,applications/product/webapp/catalog/WEB-INF/controller.xml,product-catalog,catalog-product-team,provisional-repository-inferred
/catalog/control/updateProductPaymentMethodType,/catalog,updateProductPaymentMethodType,true,true,service,updateProductPaymentMethodType,success:view:EditProductPaymentMethodTypes;error:view:EditProductPaymentMethodTypes,applications/product/webapp/catalog/WEB-INF/controller.xml,product-catalog,catalog-product-team,provisional-repository-inferred
/catalog/control/deleteProductPaymentMethodType,/catalog,deleteProductPaymentMethodType,true,true,service,deleteProductPaymentMethodType,success:view:EditProductPaymentMethodTypes;error:view:EditProductPaymentMethodTypes,applications/product/webapp/catalog/WEB-INF/controller.xml,product-catalog,catalog-product-team,provisional-repository-inferred
/catalog/control/EditFeatureCategories,/catalog,EditFeatureCategories,true,true,,,success:view:EditFeatureCategories,applications/product/webapp/catalog/WEB-INF/controller.xml,product-catalog,catalog-product-team,provisional-repository-inferred
/catalog/control/CreateFeatureCategory,/catalog,CreateFeatureCategory,true,true,service,createProductFeatureCategory,success:view:EditFeatureCategoryFeatures;error:view:EditFeatureCategories,applications/product/webapp/catalog/WEB-INF/controller.xml,product-catalog,catalog-product-team,provisional-repository-inferred
/catalog/control/UpdateFeatureCategory,/catalog,UpdateFeatureCategory,true,true,service,updateProductFeatureCategory,success:request-redirect-noparam:EditFeatureCategories,applications/product/webapp/catalog/WEB-INF/controller.xml,product-catalog,catalog-product-team,provisional-repository-inferred
/catalog/control/EditFeatureCategoryFeatures,/catalog,EditFeatureCategoryFeatures,true,true,,,success:view:EditFeatureCategoryFeatures,applications/product/webapp/catalog/WEB-INF/controller.xml,product-catalog,catalog-product-team,provisional-repository-inferred
/catalog/control/UpdateProductFeatureInCategory,/catalog,UpdateProductFeatureInCategory,true,true,service-multi,updateProductFeature,success:view:EditFeatureCategoryFeatures;error:view:EditFeatureCategoryFeatures,applications/product/webapp/catalog/WEB-INF/controller.xml,product-catalog,catalog-product-team,provisional-repository-inferred
/catalog/control/BulkAddProductFeatures,/catalog,BulkAddProductFeatures,true,true,service-multi,createProductFeature,success:view:EditFeatureCategoryFeatures;error:view:QuickAddProductFeatures,applications/product/webapp/catalog/WEB-INF/controller.xml,product-catalog,catalog-product-team,provisional-repository-inferred
/catalog/control/QuickAddProductFeatures,/catalog,QuickAddProductFeatures,true,true,,,success:view:QuickAddProductFeatures,applications/product/webapp/catalog/WEB-INF/controller.xml,product-catalog,catalog-product-team,provisional-repository-inferred
/catalog/control/EditFeature,/catalog,EditFeature,true,true,,,success:view:EditFeature,applications/product/webapp/catalog/WEB-INF/controller.xml,product-catalog,catalog-product-team,provisional-repository-inferred
/catalog/control/CreateFeature,/catalog,CreateFeature,true,true,,,success:view:CreateFeature,applications/product/webapp/catalog/WEB-INF/controller.xml,product-catalog,catalog-product-team,provisional-repository-inferred
/catalog/control/createProductFeature,/catalog,createProductFeature,true,true,service,createProductFeature,success:view:EditFeatureCategoryFeatures;error:view:EditFeature,applications/product/webapp/catalog/WEB-INF/controller.xml,product-catalog,catalog-product-team,provisional-repository-inferred
/catalog/control/updateProductFeature,/catalog,updateProductFeature,true,true,service,updateProductFeature,success:view:EditFeature;error:view:EditFeature,applications/product/webapp/catalog/WEB-INF/controller.xml,product-catalog,catalog-product-team,provisional-repository-inferred
/catalog/control/EditFeatureGroups,/catalog,EditFeatureGroups,true,true,,,success:view:EditFeatureGroups,applications/product/webapp/catalog/WEB-INF/controller.xml,product-catalog,catalog-product-team,provisional-repository-inferred
/catalog/control/CreateProductFeatureGroup,/catalog,CreateProductFeatureGroup,true,true,service,createProductFeatureGroup,success:view:EditFeatureGroups;error:view:EditFeatureGroups,applications/product/webapp/catalog/WEB-INF/controller.xml,product-catalog,catalog-product-team,provisional-repository-inferred
/catalog/control/UpdateProductFeatureGroup,/catalog,UpdateProductFeatureGroup,true,true,service,updateProductFeatureGroup,success:view:EditFeatureGroups;error:view:EditFeatureGroups,applications/product/webapp/catalog/WEB-INF/controller.xml,product-catalog,catalog-product-team,provisional-repository-inferred
/catalog/control/EditFeatureGroupAppls,/catalog,EditFeatureGroupAppls,true,true,,,success:view:EditFeatureGroupAppls,applications/product/webapp/catalog/WEB-INF/controller.xml,product-catalog,catalog-product-team,provisional-repository-inferred
/catalog/control/CreateProductFeatureGroupAppl,/catalog,CreateProductFeatureGroupAppl,true,true,service,createProductFeatureGroupAppl,success:request-redirect:EditFeatureGroupAppls;error:view:EditFeatureGroupAppls,applications/product/webapp/catalog/WEB-INF/controller.xml,product-catalog,catalog-product-team,provisional-repository-inferred
/catalog/control/UpdateProductFeatureGroupAppl,/catalog,UpdateProductFeatureGroupAppl,true,true,service-multi,updateProductFeatureGroupAppl,success:request-redirect:EditFeatureGroupAppls;error:view:EditFeatureGroupAppls,applications/product/webapp/catalog/WEB-INF/controller.xml,product-catalog,catalog-product-team,provisional-repository-inferred
/catalog/control/ApplyFeaturesFromCategoryToGroup,/catalog,ApplyFeaturesFromCategoryToGroup,true,true,service-multi,createProductFeatureGroupAppl,success:request-redirect:EditFeatureGroupAppls;error:view:EditFeatureGroupAppls,applications/product/webapp/catalog/WEB-INF/controller.xml,product-catalog,catalog-product-team,provisional-repository-inferred
/catalog/control/RemoveProductFeatureGroupAppl,/catalog,RemoveProductFeatureGroupAppl,true,true,service,removeProductFeatureGroupAppl,success:request-redirect:EditFeatureGroupAppls;error:view:EditFeatureGroupAppls,applications/product/webapp/catalog/WEB-INF/controller.xml,product-catalog,catalog-product-team,provisional-repository-inferred
/catalog/control/EditFeatureTypes,/catalog,EditFeatureTypes,true,true,,,success:view:EditFeatureTypes,applications/product/webapp/catalog/WEB-INF/controller.xml,product-catalog,catalog-product-team,provisional-repository-inferred
/catalog/control/EditFeatureType,/catalog,EditFeatureType,true,true,,,success:view:EditFeatureType,applications/product/webapp/catalog/WEB-INF/controller.xml,product-catalog,catalog-product-team,provisional-repository-inferred
/catalog/control/EditFeatureInterActions,/catalog,EditFeatureInterActions,true,true,,,success:view:EditFeatureInterActions,applications/product/webapp/catalog/WEB-INF/controller.xml,product-catalog,catalog-product-team,provisional-repository-inferred
/catalog/control/EditFeatureInterAction,/catalog,EditFeatureInterAction,true,true,,,success:view:EditFeatureInterAction,applications/product/webapp/catalog/WEB-INF/controller.xml,product-catalog,catalog-product-team,provisional-repository-inferred
/catalog/control/createProductFeatureIactn,/catalog,createProductFeatureIactn,true,true,service,createProductFeatureIactn,success:view:EditFeatureInterActions;error:view:EditFeatureInterAction,applications/product/webapp/catalog/WEB-INF/controller.xml,product-catalog,catalog-product-team,provisional-repository-inferred
/catalog/control/removeProductFeatureIactn,/catalog,removeProductFeatureIactn,true,true,service,removeProductFeatureIactn,success:request-redirect-noparam:EditFeatureInterActions;error:view:EditFeatureInterAction,applications/product/webapp/catalog/WEB-INF/controller.xml,product-catalog,catalog-product-team,provisional-repository-inferred
/catalog/control/AddProductFeatureIactn,/catalog,AddProductFeatureIactn,true,true,service,createProductFeatureIactn,success:view:EditProductFeatures;error:view:EditProductFeatures,applications/product/webapp/catalog/WEB-INF/controller.xml,product-catalog,catalog-product-team,provisional-repository-inferred
/catalog/control/removeFeatureIactn,/catalog,removeFeatureIactn,true,true,service,removeProductFeatureIactn,success:view:EditProductFeatures;error:view:EditProductFeatures,applications/product/webapp/catalog/WEB-INF/controller.xml,product-catalog,catalog-product-team,provisional-repository-inferred
/catalog/control/createProductFeatureType,/catalog,createProductFeatureType,true,true,service,createProductFeatureType,success:view:EditFeatureTypes;error:view:EditFeatureType,applications/product/webapp/catalog/WEB-INF/controller.xml,product-catalog,catalog-product-team,provisional-repository-inferred
/catalog/control/updateProductFeatureType,/catalog,updateProductFeatureType,true,true,service,updateProductFeatureType,success:view:EditFeatureType;error:view:EditFeatureType,applications/product/webapp/catalog/WEB-INF/controller.xml,product-catalog,catalog-product-team,provisional-repository-inferred
/catalog/control/removeProductFeatureType,/catalog,removeProductFeatureType,true,true,service,removeProductFeatureType,success:view:EditFeatureTypes;error:view:EditFeatureType,applications/product/webapp/catalog/WEB-INF/controller.xml,product-catalog,catalog-product-team,provisional-repository-inferred
/catalog/control/ListFeaturePrice,/catalog,ListFeaturePrice,true,true,,,success:view:EditFeature,applications/product/webapp/catalog/WEB-INF/controller.xml,product-catalog,catalog-product-team,provisional-repository-inferred
/catalog/control/createFeaturePrice,/catalog,createFeaturePrice,true,true,service,createFeaturePrice,success:view:EditFeature;error:view:EditFeature,applications/product/webapp/catalog/WEB-INF/controller.xml,product-catalog,catalog-product-team,provisional-repository-inferred
/catalog/control/updateFeaturePrice,/catalog,updateFeaturePrice,true,true,service,updateFeaturePrice,success:view:EditFeature;error:view:EditFeature,applications/product/webapp/catalog/WEB-INF/controller.xml,product-catalog,catalog-product-team,provisional-repository-inferred
/catalog/control/deleteFeaturePrice,/catalog,deleteFeaturePrice,true,true,service,deleteFeaturePrice,success:view:EditFeature;error:view:EditFeature,applications/product/webapp/catalog/WEB-INF/controller.xml,product-catalog,catalog-product-team,provisional-repository-inferred
/catalog/control/EditProductFeatures,/catalog,EditProductFeatures,true,true,,,success:view:EditProductFeatures,applications/product/webapp/catalog/WEB-INF/controller.xml,product-catalog,catalog-product-team,provisional-repository-inferred
/catalog/control/ApplyFeatureToProduct,/catalog,ApplyFeatureToProduct,true,true,service,applyFeatureToProduct,success:view:EditProductFeatures;error:view:EditProductFeatures,applications/product/webapp/catalog/WEB-INF/controller.xml,product-catalog,catalog-product-team,provisional-repository-inferred
/catalog/control/ApplyFeaturesToProduct,/catalog,ApplyFeaturesToProduct,true,true,service-multi,applyFeatureToProduct,success:view:EditProductFeatures;error:view:EditProductFeatures,applications/product/webapp/catalog/WEB-INF/controller.xml,product-catalog,catalog-product-team,provisional-repository-inferred
/catalog/control/ApplyFeaturesFromCategory,/catalog,ApplyFeaturesFromCategory,true,true,,,success:view:ApplyFeaturesFromCategory,applications/product/webapp/catalog/WEB-INF/controller.xml,product-catalog,catalog-product-team,provisional-repository-inferred
/catalog/control/UpdateFeatureToProductApplication,/catalog,UpdateFeatureToProductApplication,true,true,service-multi,updateFeatureToProductApplication,success:view:EditProductFeatures;error:view:EditProductFeatures,applications/product/webapp/catalog/WEB-INF/controller.xml,product-catalog,catalog-product-team,provisional-repository-inferred
/catalog/control/RemoveFeatureFromProduct,/catalog,RemoveFeatureFromProduct,true,true,service,removeFeatureFromProduct,success:view:EditProductFeatures;error:view:EditProductFeatures,applications/product/webapp/catalog/WEB-INF/controller.xml,product-catalog,catalog-product-team,provisional-repository-inferred
/catalog/control/ApplyFeatureToProductFromTypeAndCode,/catalog,ApplyFeatureToProductFromTypeAndCode,true,true,service,applyFeatureToProductFromTypeAndCode,success:view:EditProductFeatures;error:view:EditProductFeatures,applications/product/webapp/catalog/WEB-INF/controller.xml,product-catalog,catalog-product-team,provisional-repository-inferred
/catalog/control/createProductFeatureApplAttr,/catalog,createProductFeatureApplAttr,true,true,service,createProductFeatureApplAttr,success:view:EditProductFeatures;error:view:EditProductFeatures,applications/product/webapp/catalog/WEB-INF/controller.xml,product-catalog,catalog-product-team,provisional-repository-inferred
/catalog/control/deleteProductFeatureApplAttr,/catalog,deleteProductFeatureApplAttr,true,true,service,removeProductFeatureApplAttr,success:view:EditProductFeatures;error:view:EditProductFeatures,applications/product/webapp/catalog/WEB-INF/controller.xml,product-catalog,catalog-product-team,provisional-repository-inferred
/catalog/control/CreateVirtualWithVariantsForm,/catalog,CreateVirtualWithVariantsForm,true,true,,,success:view:CreateVirtualWithVariantsForm,applications/product/webapp/catalog/WEB-INF/controller.xml,product-catalog,catalog-product-team,provisional-repository-inferred
/catalog/control/quickCreateVirtualWithVariants,/catalog,quickCreateVirtualWithVariants,true,true,service,quickCreateVirtualWithVariants,success:view:EditProduct;error:view:CreateVirtualWithVariantsForm,applications/product/webapp/catalog/WEB-INF/controller.xml,product-catalog,catalog-product-team,provisional-repository-inferred
/catalog/control/addVariantsToVirtual,/catalog,addVariantsToVirtual,true,true,service,quickCreateVirtualWithVariants,success:view:EditProductAssoc;error:view:QuickAddVariants,applications/product/webapp/catalog/WEB-INF/controller.xml,product-catalog,catalog-product-team,provisional-repository-inferred
/catalog/control/QuickAddVariants,/catalog,QuickAddVariants,true,true,,,success:view:QuickAddVariants,applications/product/webapp/catalog/WEB-INF/controller.xml,product-catalog,catalog-product-team,provisional-repository-inferred
/catalog/control/QuickAddChosenVariant,/catalog,QuickAddChosenVariant,true,true,java,org.apache.ofbiz.product.product.VariantEvents:quickAddChosenVariant,success:view:QuickAddVariants;error:view:QuickAddVariants,applications/product/webapp/catalog/WEB-INF/controller.xml,product-catalog,catalog-product-team,provisional-repository-inferred
/catalog/control/QuickAddChosenVariants,/catalog,QuickAddChosenVariants,true,true,service-multi,quickAddVariant,success:view:QuickAddVariants;error:view:QuickAddVariants,applications/product/webapp/catalog/WEB-INF/controller.xml,product-catalog,catalog-product-team,provisional-repository-inferred
/catalog/control/FindCatalog,/catalog,FindCatalog,true,true,,,success:view:FindCatalog,applications/product/webapp/catalog/WEB-INF/controller.xml,product-catalog,catalog-product-team,provisional-repository-inferred
/catalog/control/EditProdCatalog,/catalog,EditProdCatalog,true,true,,,success:view:EditProdCatalog,applications/product/webapp/catalog/WEB-INF/controller.xml,product-catalog,catalog-product-team,provisional-repository-inferred
/catalog/control/CreateSeoProdCatalog,/catalog,CreateSeoProdCatalog,true,true,service,createMissingCategoryAndProductAltUrls,success:request-redirect:EditProdCatalog,applications/product/webapp/catalog/WEB-INF/controller.xml,product-catalog,catalog-product-team,provisional-repository-inferred
/catalog/control/createProdCatalog,/catalog,createProdCatalog,true,true,service,createProdCatalog,success:view:EditProdCatalog;error:view:EditProdCatalog,applications/product/webapp/catalog/WEB-INF/controller.xml,product-catalog,catalog-product-team,provisional-repository-inferred
/catalog/control/updateProdCatalog,/catalog,updateProdCatalog,true,true,service,updateProdCatalog,success:view:EditProdCatalog;error:view:EditProdCatalog,applications/product/webapp/catalog/WEB-INF/controller.xml,product-catalog,catalog-product-team,provisional-repository-inferred
/catalog/control/EditProdCatalogAjax,/catalog,EditProdCatalogAjax,true,true,,,success:view:EditProdCatalogSection,applications/product/webapp/catalog/WEB-INF/controller.xml,product-catalog,catalog-product-team,provisional-repository-inferred
/catalog/control/EditProdCatalogCategories,/catalog,EditProdCatalogCategories,true,true,,,success:view:EditProdCatalogCategories,applications/product/webapp/catalog/WEB-INF/controller.xml,product-catalog,catalog-product-team,provisional-repository-inferred
/catalog/control/addProductCategoryToProdCatalog,/catalog,addProductCategoryToProdCatalog,true,true,service,addProductCategoryToProdCatalog,success:view:EditProdCatalogCategories;error:view:EditProdCatalogCategories,applications/product/webapp/catalog/WEB-INF/controller.xml,product-catalog,catalog-product-team,provisional-repository-inferred
/catalog/control/updateProductCategoryToProdCatalog,/catalog,updateProductCategoryToProdCatalog,true,true,service,updateProductCategoryToProdCatalog,success:view:EditProdCatalogCategories;error:view:EditProdCatalogCategories,applications/product/webapp/catalog/WEB-INF/controller.xml,product-catalog,catalog-product-team,provisional-repository-inferred
/catalog/control/removeProductCategoryFromProdCatalog,/catalog,removeProductCategoryFromProdCatalog,true,true,service,removeProductCategoryFromProdCatalog,success:view:EditProdCatalogCategories;error:view:EditProdCatalogCategories,applications/product/webapp/catalog/WEB-INF/controller.xml,product-catalog,catalog-product-team,provisional-repository-inferred
/catalog/control/EditProdCatalogStores,/catalog,EditProdCatalogStores,true,true,,,success:view:EditProdCatalogStores,applications/product/webapp/catalog/WEB-INF/controller.xml,product-catalog,catalog-product-team,provisional-repository-inferred
/catalog/control/createProdCatalogStore,/catalog,createProdCatalogStore,true,true,service,createProductStoreCatalog,success:view:EditProdCatalogStores;error:view:EditProdCatalogStores,applications/product/webapp/catalog/WEB-INF/controller.xml,product-catalog,catalog-product-team,provisional-repository-inferred
/catalog/control/updateProdCatalogStore,/catalog,updateProdCatalogStore,true,true,service,updateProductStoreCatalog,success:view:EditProdCatalogStores;error:view:EditProdCatalogStores,applications/product/webapp/catalog/WEB-INF/controller.xml,product-catalog,catalog-product-team,provisional-repository-inferred
/catalog/control/deleteProdCatalogStore,/catalog,deleteProdCatalogStore,true,true,service,deleteProductStoreCatalog,success:view:EditProdCatalogStores;error:view:EditProdCatalogStores,applications/product/webapp/catalog/WEB-INF/controller.xml,product-catalog,catalog-product-team,provisional-repository-inferred
/catalog/control/ListParentProductStoreGroup,/catalog,ListParentProductStoreGroup,true,true,,,success:view:ListParentProductStoreGroup,applications/product/webapp/catalog/WEB-INF/controller.xml,product-catalog,catalog-product-team,provisional-repository-inferred
/catalog/control/EditProductStoreGroup,/catalog,EditProductStoreGroup,true,true,,,success:view:EditProductStoreGroup,applications/product/webapp/catalog/WEB-INF/controller.xml,product-catalog,catalog-product-team,provisional-repository-inferred
/catalog/control/EditProductStoreGroupAndAssoc,/catalog,EditProductStoreGroupAndAssoc,true,true,,,success:view:EditProductStoreGroupAndAssoc,applications/product/webapp/catalog/WEB-INF/controller.xml,product-catalog,catalog-product-team,provisional-repository-inferred
/catalog/control/createProductStoreGroup,/catalog,createProductStoreGroup,true,true,service,createProductStoreGroup,success:view:ListParentProductStoreGroup;error:view:EditProductStoreGroup,applications/product/webapp/catalog/WEB-INF/controller.xml,product-catalog,catalog-product-team,provisional-repository-inferred
/catalog/control/updateProductStoreGroup,/catalog,updateProductStoreGroup,true,true,service,updateProductStoreGroup,success:view:ListParentProductStoreGroup;error:view:EditProductStoreGroup,applications/product/webapp/catalog/WEB-INF/controller.xml,product-catalog,catalog-product-team,provisional-repository-inferred
/catalog/control/getProductStoreGroupRollupHierarchy,/catalog,getProductStoreGroupRollupHierarchy,true,true,java,org.apache.ofbiz.product.store.ProductStoreEvents:getChildProductStoreGroupTree,success:request:json;error:request:json,applications/product/webapp/catalog/WEB-INF/controller.xml,product-catalog,catalog-product-team,provisional-repository-inferred
/catalog/control/AddProductStoreToGroup,/catalog,AddProductStoreToGroup,true,true,service,createProductStoreGroupMember,success:request:json;error:request:json,applications/product/webapp/catalog/WEB-INF/controller.xml,product-catalog,catalog-product-team,provisional-repository-inferred
/catalog/control/updateProductStoreGroupRollup,/catalog,updateProductStoreGroupRollup,true,true,service,updateProductStoreGroupRollup,success:view:ListParentProductStoreGroup;error:view:EditProductStoreGroup,applications/product/webapp/catalog/WEB-INF/controller.xml,product-catalog,catalog-product-team,provisional-repository-inferred
/catalog/control/EditProdCatalogParties,/catalog,EditProdCatalogParties,true,true,,,success:view:EditProdCatalogParties,applications/product/webapp/catalog/WEB-INF/controller.xml,product-catalog,catalog-product-team,provisional-repository-inferred
/catalog/control/addProdCatalogToParty,/catalog,addProdCatalogToParty,true,true,service,addProdCatalogToParty,success:view:EditProdCatalogParties;error:view:EditProdCatalogParties,applications/product/webapp/catalog/WEB-INF/controller.xml,product-catalog,catalog-product-team,provisional-repository-inferred
/catalog/control/updateProdCatalogToParty,/catalog,updateProdCatalogToParty,true,true,service,updateProdCatalogToParty,success:view:EditProdCatalogParties;error:view:EditProdCatalogParties,applications/product/webapp/catalog/WEB-INF/controller.xml,product-catalog,catalog-product-team,provisional-repository-inferred
/catalog/control/removeProdCatalogFromParty,/catalog,removeProdCatalogFromParty,true,true,service,removeProdCatalogFromParty,success:view:EditProdCatalogParties;error:view:EditProdCatalogParties,applications/product/webapp/catalog/WEB-INF/controller.xml,product-catalog,catalog-product-team,provisional-repository-inferred
/catalog/control/FindProductPromo,/catalog,FindProductPromo,true,true,,,success:view:FindProductPromo,applications/product/webapp/catalog/WEB-INF/controller.xml,product-catalog,catalog-product-team,provisional-repository-inferred
/catalog/control/EditProductPromo,/catalog,EditProductPromo,true,true,,,success:view:EditProductPromo,applications/product/webapp/catalog/WEB-INF/controller.xml,product-catalog,catalog-product-team,provisional-repository-inferred
/catalog/control/createProductPromo,/catalog,createProductPromo,true,true,service,createProductPromo,success:view:EditProductPromo;error:view:EditProductPromo,applications/product/webapp/catalog/WEB-INF/controller.xml,product-catalog,catalog-product-team,provisional-repository-inferred
/catalog/control/updateProductPromo,/catalog,updateProductPromo,true,true,service,updateProductPromo,success:view:EditProductPromo;error:view:EditProductPromo,applications/product/webapp/catalog/WEB-INF/controller.xml,product-catalog,catalog-product-team,provisional-repository-inferred
/catalog/control/EditProductPromoStores,/catalog,EditProductPromoStores,true,true,,,success:view:EditProductPromoStores,applications/product/webapp/catalog/WEB-INF/controller.xml,product-catalog,catalog-product-team,provisional-repository-inferred
/catalog/control/promo_createProductStorePromoAppl,/catalog,promo_createProductStorePromoAppl,true,true,service,createProductStorePromoAppl,success:view:EditProductPromoStores;error:view:EditProductPromoStores,applications/product/webapp/catalog/WEB-INF/controller.xml,product-catalog,catalog-product-team,provisional-repository-inferred
/catalog/control/promo_updateProductStorePromoAppl,/catalog,promo_updateProductStorePromoAppl,true,true,service,updateProductStorePromoAppl,success:view:EditProductPromoStores;error:view:EditProductPromoStores,applications/product/webapp/catalog/WEB-INF/controller.xml,product-catalog,catalog-product-team,provisional-repository-inferred
/catalog/control/promo_deleteProductStorePromoAppl,/catalog,promo_deleteProductStorePromoAppl,true,true,service,deleteProductStorePromoAppl,success:view:EditProductPromoStores;error:view:EditProductPromoStores,applications/product/webapp/catalog/WEB-INF/controller.xml,product-catalog,catalog-product-team,provisional-repository-inferred
/catalog/control/EditProductMaints,/catalog,EditProductMaints,true,true,,,success:view:EditProductMaints,applications/product/webapp/catalog/WEB-INF/controller.xml,product-catalog,catalog-product-team,provisional-repository-inferred
/catalog/control/createProductMaint,/catalog,createProductMaint,true,true,service,createProductMaint,success:view:EditProductMaints;error:view:EditProductMaints,applications/product/webapp/catalog/WEB-INF/controller.xml,product-catalog,catalog-product-team,provisional-repository-inferred
/catalog/control/updateProductMaint,/catalog,updateProductMaint,true,true,service,updateProductMaint,success:view:EditProductMaints;error:view:EditProductMaints,applications/product/webapp/catalog/WEB-INF/controller.xml,product-catalog,catalog-product-team,provisional-repository-inferred
/catalog/control/deleteProductMaint,/catalog,deleteProductMaint,true,true,service,deleteProductMaint,success:view:EditProductMaints;error:view:EditProductMaints,applications/product/webapp/catalog/WEB-INF/controller.xml,product-catalog,catalog-product-team,provisional-repository-inferred
/catalog/control/EditProductMeters,/catalog,EditProductMeters,true,true,,,success:view:EditProductMeters,applications/product/webapp/catalog/WEB-INF/controller.xml,product-catalog,catalog-product-team,provisional-repository-inferred
/catalog/control/createProductMeter,/catalog,createProductMeter,true,true,service,createProductMeter,success:view:EditProductMeters;error:view:EditProductMeters,applications/product/webapp/catalog/WEB-INF/controller.xml,product-catalog,catalog-product-team,provisional-repository-inferred
/catalog/control/updateProductMeter,/catalog,updateProductMeter,true,true,service,updateProductMeter,success:view:EditProductMeters;error:view:EditProductMeters,applications/product/webapp/catalog/WEB-INF/controller.xml,product-catalog,catalog-product-team,provisional-repository-inferred
/catalog/control/deleteProductMeter,/catalog,deleteProductMeter,true,true,service,deleteProductMeter,success:view:EditProductMeters;error:view:EditProductMeters,applications/product/webapp/catalog/WEB-INF/controller.xml,product-catalog,catalog-product-team,provisional-repository-inferred
/catalog/control/EditProductGeos,/catalog,EditProductGeos,true,true,,,success:view:EditProductGeos,applications/product/webapp/catalog/WEB-INF/controller.xml,product-catalog,catalog-product-team,provisional-repository-inferred
/catalog/control/createProductGeo,/catalog,createProductGeo,true,true,service,createProductGeo,success:view:EditProductGeos;error:view:EditProductGeos,applications/product/webapp/catalog/WEB-INF/controller.xml,product-catalog,catalog-product-team,provisional-repository-inferred
/catalog/control/updateProductGeo,/catalog,updateProductGeo,true,true,service,updateProductGeo,success:view:EditProductGeos;error:view:EditProductGeos,applications/product/webapp/catalog/WEB-INF/controller.xml,product-catalog,catalog-product-team,provisional-repository-inferred
/catalog/control/deleteProductGeo,/catalog,deleteProductGeo,true,true,service,deleteProductGeo,success:view:EditProductGeos;error:view:EditProductGeos,applications/product/webapp/catalog/WEB-INF/controller.xml,product-catalog,catalog-product-team,provisional-repository-inferred
/catalog/control/EditProductSubscriptionResources,/catalog,EditProductSubscriptionResources,true,true,,,success:view:EditProductSubscriptionResources,applications/product/webapp/catalog/WEB-INF/controller.xml,product-catalog,catalog-product-team,provisional-repository-inferred
/catalog/control/createProductSubscriptionResource,/catalog,createProductSubscriptionResource,true,true,service,createProductSubscriptionResource,success:view:EditProductSubscriptionResources;error:view:EditProductSubscriptionResources,applications/product/webapp/catalog/WEB-INF/controller.xml,product-catalog,catalog-product-team,provisional-repository-inferred
/catalog/control/updateProductSubscriptionResource,/catalog,updateProductSubscriptionResource,true,true,service,updateProductSubscriptionResource,success:view:EditProductSubscriptionResources;error:view:EditProductSubscriptionResources,applications/product/webapp/catalog/WEB-INF/controller.xml,product-catalog,catalog-product-team,provisional-repository-inferred
/catalog/control/deleteProductSubscriptionResource,/catalog,deleteProductSubscriptionResource,true,true,service,deleteProductSubscriptionResource,success:view:EditProductSubscriptionResources;error:view:EditProductSubscriptionResources,applications/product/webapp/catalog/WEB-INF/controller.xml,product-catalog,catalog-product-team,provisional-repository-inferred
/catalog/control/FindSubscription,/catalog,FindSubscription,true,true,,,success:view:FindSubscription,applications/product/webapp/catalog/WEB-INF/controller.xml,product-catalog,catalog-product-team,provisional-repository-inferred
/catalog/control/EditSubscription,/catalog,EditSubscription,true,true,,,success:view:EditSubscription,applications/product/webapp/catalog/WEB-INF/controller.xml,product-catalog,catalog-product-team,provisional-repository-inferred
/catalog/control/createSubscription,/catalog,createSubscription,true,true,service,createSubscription,success:view:EditSubscription;error:view:EditSubscription,applications/product/webapp/catalog/WEB-INF/controller.xml,product-catalog,catalog-product-team,provisional-repository-inferred
/catalog/control/updateSubscription,/catalog,updateSubscription,true,true,service,updateSubscription,success:view:EditSubscription;error:view:EditSubscription,applications/product/webapp/catalog/WEB-INF/controller.xml,product-catalog,catalog-product-team,provisional-repository-inferred
/catalog/control/FindSubscriptionResource,/catalog,FindSubscriptionResource,true,true,,,success:view:FindSubscriptionResource,applications/product/webapp/catalog/WEB-INF/controller.xml,product-catalog,catalog-product-team,provisional-repository-inferred
/catalog/control/EditSubscriptionResource,/catalog,EditSubscriptionResource,true,true,,,success:view:EditSubscriptionResource,applications/product/webapp/catalog/WEB-INF/controller.xml,product-catalog,catalog-product-team,provisional-repository-inferred
/catalog/control/createSubscriptionResource,/catalog,createSubscriptionResource,true,true,service,createSubscriptionResource,success:view:EditSubscriptionResource;error:view:EditSubscriptionResource,applications/product/webapp/catalog/WEB-INF/controller.xml,product-catalog,catalog-product-team,provisional-repository-inferred
/catalog/control/updateSubscriptionResource,/catalog,updateSubscriptionResource,true,true,service,updateSubscriptionResource,success:view:EditSubscriptionResource;error:view:EditSubscriptionResource,applications/product/webapp/catalog/WEB-INF/controller.xml,product-catalog,catalog-product-team,provisional-repository-inferred
/catalog/control/EditSubscriptionResourceProducts,/catalog,EditSubscriptionResourceProducts,true,true,,,success:view:EditSubscriptionResourceProducts,applications/product/webapp/catalog/WEB-INF/controller.xml,product-catalog,catalog-product-team,provisional-repository-inferred
/catalog/control/createProductSubscriptionResourceSr,/catalog,createProductSubscriptionResourceSr,true,true,service,createProductSubscriptionResource,success:view:EditSubscriptionResourceProducts;error:view:EditSubscriptionResourceProducts,applications/product/webapp/catalog/WEB-INF/controller.xml,product-catalog,catalog-product-team,provisional-repository-inferred
/catalog/control/updateProductSubscriptionResourceSr,/catalog,updateProductSubscriptionResourceSr,true,true,service,updateProductSubscriptionResource,success:view:EditSubscriptionResourceProducts;error:view:EditSubscriptionResourceProducts,applications/product/webapp/catalog/WEB-INF/controller.xml,product-catalog,catalog-product-team,provisional-repository-inferred
/catalog/control/deleteProductSubscriptionResourceSr,/catalog,deleteProductSubscriptionResourceSr,true,true,service,deleteProductSubscriptionResource,success:view:EditSubscriptionResourceProducts;error:view:EditSubscriptionResourceProducts,applications/product/webapp/catalog/WEB-INF/controller.xml,product-catalog,catalog-product-team,provisional-repository-inferred
/catalog/control/EditSubscriptionAttributes,/catalog,EditSubscriptionAttributes,true,true,,,success:view:EditSubscriptionAttributes,applications/product/webapp/catalog/WEB-INF/controller.xml,product-catalog,catalog-product-team,provisional-repository-inferred
/catalog/control/UpdateSubscriptionAttribute,/catalog,UpdateSubscriptionAttribute,true,true,service,updateSubscriptionAttribute,success:view:EditSubscriptionAttributes,applications/product/webapp/catalog/WEB-INF/controller.xml,product-catalog,catalog-product-team,provisional-repository-inferred
/catalog/control/EditSubscriptionCommEvent,/catalog,EditSubscriptionCommEvent,true,true,,,success:view:EditSubscriptionCommEvent,applications/product/webapp/catalog/WEB-INF/controller.xml,product-catalog,catalog-product-team,provisional-repository-inferred
/catalog/control/createSubscriptionCommEvent,/catalog,createSubscriptionCommEvent,true,true,service,createSubscriptionCommEvent,success:view:EditSubscriptionCommEvent;error:view:EditSubscriptionCommEvent,applications/product/webapp/catalog/WEB-INF/controller.xml,product-catalog,catalog-product-team,provisional-repository-inferred
/catalog/control/removeSubscriptionCommEvent,/catalog,removeSubscriptionCommEvent,true,true,service,removeSubscriptionCommEvent,success:view:EditSubscriptionCommEvent;error:view:EditSubscriptionCommEvent,applications/product/webapp/catalog/WEB-INF/controller.xml,product-catalog,catalog-product-team,provisional-repository-inferred
/catalog/control/EditProductPromoRules,/catalog,EditProductPromoRules,true,true,,,success:view:EditProductPromoRules,applications/product/webapp/catalog/WEB-INF/controller.xml,product-catalog,catalog-product-team,provisional-repository-inferred
/catalog/control/createProductPromoRule,/catalog,createProductPromoRule,true,true,service,createProductPromoRule,success:view:EditProductPromoRules;error:view:EditProductPromoRules,applications/product/webapp/catalog/WEB-INF/controller.xml,product-catalog,catalog-product-team,provisional-repository-inferred
/catalog/control/updateProductPromoRule,/catalog,updateProductPromoRule,true,true,service,updateProductPromoRule,success:view:EditProductPromoRules;error:view:EditProductPromoRules,applications/product/webapp/catalog/WEB-INF/controller.xml,product-catalog,catalog-product-team,provisional-repository-inferred
/catalog/control/deleteProductPromoRule,/catalog,deleteProductPromoRule,true,true,service,deleteProductPromoRule,success:view:EditProductPromoRules;error:view:EditProductPromoRules,applications/product/webapp/catalog/WEB-INF/controller.xml,product-catalog,catalog-product-team,provisional-repository-inferred
/catalog/control/createProductPromoCond,/catalog,createProductPromoCond,true,true,service,createProductPromoCond,success:view:EditProductPromoRules;error:view:EditProductPromoRules,applications/product/webapp/catalog/WEB-INF/controller.xml,product-catalog,catalog-product-team,provisional-repository-inferred
/catalog/control/updateProductPromoCond,/catalog,updateProductPromoCond,true,true,service,updateProductPromoCond,success:view:EditProductPromoRules;error:view:EditProductPromoRules,applications/product/webapp/catalog/WEB-INF/controller.xml,product-catalog,catalog-product-team,provisional-repository-inferred
/catalog/control/LookupUserLoginAndPartyDetails,/catalog,LookupUserLoginAndPartyDetails,true,true,,,success:view:LookupUserLoginAndPartyDetails,applications/product/webapp/catalog/WEB-INF/controller.xml,product-catalog,catalog-product-team,provisional-repository-inferred
/catalog/control/deleteProductPromoCond,/catalog,deleteProductPromoCond,true,true,service,deleteProductPromoCond,success:view:EditProductPromoRules;error:view:EditProductPromoRules,applications/product/webapp/catalog/WEB-INF/controller.xml,product-catalog,catalog-product-team,provisional-repository-inferred
/catalog/control/createProductPromoAction,/catalog,createProductPromoAction,true,true,service,createProductPromoAction,success:view:EditProductPromoRules;error:view:EditProductPromoRules,applications/product/webapp/catalog/WEB-INF/controller.xml,product-catalog,catalog-product-team,provisional-repository-inferred
/catalog/control/updateProductPromoAction,/catalog,updateProductPromoAction,true,true,service,updateProductPromoAction,success:view:EditProductPromoRules;error:view:EditProductPromoRules,applications/product/webapp/catalog/WEB-INF/controller.xml,product-catalog,catalog-product-team,provisional-repository-inferred
/catalog/control/deleteProductPromoAction,/catalog,deleteProductPromoAction,true,true,service,deleteProductPromoAction,success:view:EditProductPromoRules;error:view:EditProductPromoRules,applications/product/webapp/catalog/WEB-INF/controller.xml,product-catalog,catalog-product-team,provisional-repository-inferred
/catalog/control/createProductPromoCategory,/catalog,createProductPromoCategory,true,true,service,createProductPromoCategory,success:view:EditProductPromoRules;error:view:EditProductPromoRules,applications/product/webapp/catalog/WEB-INF/controller.xml,product-catalog,catalog-product-team,provisional-repository-inferred
/catalog/control/updateProductPromoCategory,/catalog,updateProductPromoCategory,true,true,service,updateProductPromoCategory,success:view:EditProductPromoRules;error:view:EditProductPromoRules,applications/product/webapp/catalog/WEB-INF/controller.xml,product-catalog,catalog-product-team,provisional-repository-inferred
/catalog/control/deleteProductPromoCategory,/catalog,deleteProductPromoCategory,true,true,service,deleteProductPromoCategory,success:view:EditProductPromoRules;error:view:EditProductPromoRules,applications/product/webapp/catalog/WEB-INF/controller.xml,product-catalog,catalog-product-team,provisional-repository-inferred
/catalog/control/createProductPromoProduct,/catalog,createProductPromoProduct,true,true,service,createProductPromoProduct,success:view:EditProductPromoRules;error:view:EditProductPromoRules,applications/product/webapp/catalog/WEB-INF/controller.xml,product-catalog,catalog-product-team,provisional-repository-inferred
/catalog/control/updateProductPromoProduct,/catalog,updateProductPromoProduct,true,true,service,updateProductPromoProduct,success:view:EditProductPromoRules;error:view:EditProductPromoRules,applications/product/webapp/catalog/WEB-INF/controller.xml,product-catalog,catalog-product-team,provisional-repository-inferred
/catalog/control/deleteProductPromoProduct,/catalog,deleteProductPromoProduct,true,true,service,deleteProductPromoProduct,success:view:EditProductPromoRules;error:view:EditProductPromoRules,applications/product/webapp/catalog/WEB-INF/controller.xml,product-catalog,catalog-product-team,provisional-repository-inferred
/catalog/control/FindProductPriceRules,/catalog,FindProductPriceRules,true,true,,,success:view:FindPriceRules,applications/product/webapp/catalog/WEB-INF/controller.xml,product-catalog,catalog-product-team,provisional-repository-inferred
/catalog/control/EditProductPriceRules,/catalog,EditProductPriceRules,true,true,,,success:view:EditProductPriceRules,applications/product/webapp/catalog/WEB-INF/controller.xml,product-catalog,catalog-product-team,provisional-repository-inferred
/catalog/control/createProductPriceRule,/catalog,createProductPriceRule,true,true,service,createProductPriceRule,success:view:EditProductPriceRules;error:view:FindPriceRules,applications/product/webapp/catalog/WEB-INF/controller.xml,product-catalog,catalog-product-team,provisional-repository-inferred
/catalog/control/updateProductPriceRule,/catalog,updateProductPriceRule,true,true,service,updateProductPriceRule,success:view:EditProductPriceRules;error:view:EditProductPriceRules,applications/product/webapp/catalog/WEB-INF/controller.xml,product-catalog,catalog-product-team,provisional-repository-inferred
/catalog/control/deleteProductPriceRule,/catalog,deleteProductPriceRule,true,true,service,deleteProductPriceRule,success:view:FindPriceRules;error:view:EditProductPriceRules,applications/product/webapp/catalog/WEB-INF/controller.xml,product-catalog,catalog-product-team,provisional-repository-inferred
/catalog/control/createProductPriceCond,/catalog,createProductPriceCond,true,true,service,createProductPriceCond,success:view:EditProductPriceRules;error:view:EditProductPriceRules,applications/product/webapp/catalog/WEB-INF/controller.xml,product-catalog,catalog-product-team,provisional-repository-inferred
/catalog/control/updateProductPriceCond,/catalog,updateProductPriceCond,true,true,service,updateProductPriceCond,success:view:EditProductPriceRules;error:view:EditProductPriceRules,applications/product/webapp/catalog/WEB-INF/controller.xml,product-catalog,catalog-product-team,provisional-repository-inferred
/catalog/control/deleteProductPriceCond,/catalog,deleteProductPriceCond,true,true,service,deleteProductPriceCond,success:view:EditProductPriceRules;error:view:EditProductPriceRules,applications/product/webapp/catalog/WEB-INF/controller.xml,product-catalog,catalog-product-team,provisional-repository-inferred
/catalog/control/createProductPriceAction,/catalog,createProductPriceAction,true,true,service,createProductPriceAction,success:view:EditProductPriceRules;error:view:EditProductPriceRules,applications/product/webapp/catalog/WEB-INF/controller.xml,product-catalog,catalog-product-team,provisional-repository-inferred
/catalog/control/updateProductPriceAction,/catalog,updateProductPriceAction,true,true,service,updateProductPriceAction,success:view:EditProductPriceRules;error:view:EditProductPriceRules,applications/product/webapp/catalog/WEB-INF/controller.xml,product-catalog,catalog-product-team,provisional-repository-inferred
/catalog/control/deleteProductPriceAction,/catalog,deleteProductPriceAction,true,true,service,deleteProductPriceAction,success:view:EditProductPriceRules;error:view:EditProductPriceRules,applications/product/webapp/catalog/WEB-INF/controller.xml,product-catalog,catalog-product-team,provisional-repository-inferred
/catalog/control/getAssociatedPriceRulesConds,/catalog,getAssociatedPriceRulesConds,true,true,service,getAssociatedPriceRulesConds,success:request:json;error:request:json,applications/product/webapp/catalog/WEB-INF/controller.xml,product-catalog,catalog-product-team,provisional-repository-inferred
/catalog/control/FindProductPromoCode,/catalog,FindProductPromoCode,true,true,,,success:view:FindProductPromoCode,applications/product/webapp/catalog/WEB-INF/controller.xml,product-catalog,catalog-product-team,provisional-repository-inferred
/catalog/control/deleteProductPromoCode,/catalog,deleteProductPromoCode,true,true,service,deleteProductPromoCode,success:view:FindProductPromoCode;error:view:FindProductPromoCode,applications/product/webapp/catalog/WEB-INF/controller.xml,product-catalog,catalog-product-team,provisional-repository-inferred
/catalog/control/EditProductPromoCode,/catalog,EditProductPromoCode,true,true,,,success:view:EditProductPromoCode,applications/product/webapp/catalog/WEB-INF/controller.xml,product-catalog,catalog-product-team,provisional-repository-inferred
/catalog/control/createProductPromoCode,/catalog,createProductPromoCode,true,true,service,createProductPromoCode,success:view:EditProductPromoCode;error:view:EditProductPromoCode,applications/product/webapp/catalog/WEB-INF/controller.xml,product-catalog,catalog-product-team,provisional-repository-inferred
/catalog/control/updateProductPromoCode,/catalog,updateProductPromoCode,true,true,service,updateProductPromoCode,success:view:EditProductPromoCode;error:view:EditProductPromoCode,applications/product/webapp/catalog/WEB-INF/controller.xml,product-catalog,catalog-product-team,provisional-repository-inferred
/catalog/control/createProductPromoCodeEmail,/catalog,createProductPromoCodeEmail,true,true,service,createProductPromoCodeEmail,success:view:EditProductPromoCode;error:view:EditProductPromoCode,applications/product/webapp/catalog/WEB-INF/controller.xml,product-catalog,catalog-product-team,provisional-repository-inferred
/catalog/control/deleteProductPromoCodeEmail,/catalog,deleteProductPromoCodeEmail,true,true,service,deleteProductPromoCodeContactMech,success:view:EditProductPromoCode;error:view:EditProductPromoCode,applications/product/webapp/catalog/WEB-INF/controller.xml,product-catalog,catalog-product-team,provisional-repository-inferred
/catalog/control/createBulkProductPromoCodeEmail,/catalog,createBulkProductPromoCodeEmail,true,true,service,createBulkProductPromoCodeEmail,success:view:EditProductPromoCode;error:view:EditProductPromoCode,applications/product/webapp/catalog/WEB-INF/controller.xml,product-catalog,catalog-product-team,provisional-repository-inferred
/catalog/control/createProductPromoCodeParty,/catalog,createProductPromoCodeParty,true,true,service,createProductPromoCodeParty,success:view:EditProductPromoCode;error:view:EditProductPromoCode,applications/product/webapp/catalog/WEB-INF/controller.xml,product-catalog,catalog-product-team,provisional-repository-inferred
/catalog/control/deleteProductPromoCodeParty,/catalog,deleteProductPromoCodeParty,true,true,service,deleteProductPromoCodeParty,success:view:EditProductPromoCode;error:view:EditProductPromoCode,applications/product/webapp/catalog/WEB-INF/controller.xml,product-catalog,catalog-product-team,provisional-repository-inferred
/catalog/control/createProductPromoCodeSet,/catalog,createProductPromoCodeSet,true,true,service,createProductPromoCodeSet,success:view:FindProductPromoCode;error:view:FindProductPromoCode,applications/product/webapp/catalog/WEB-INF/controller.xml,product-catalog,catalog-product-team,provisional-repository-inferred
/catalog/control/createBulkProductPromoCode,/catalog,createBulkProductPromoCode,true,true,service,createBulkProductPromoCode,success:view:FindProductPromoCode;error:view:FindProductPromoCode,applications/product/webapp/catalog/WEB-INF/controller.xml,product-catalog,catalog-product-team,provisional-repository-inferred
/catalog/control/FindProductStore,/catalog,FindProductStore,true,true,,,success:view:FindProductStore,applications/product/webapp/catalog/WEB-INF/controller.xml,product-catalog,catalog-product-team,provisional-repository-inferred
/catalog/control/EditProductStore,/catalog,EditProductStore,true,true,,,success:view:EditProductStore,applications/product/webapp/catalog/WEB-INF/controller.xml,product-catalog,catalog-product-team,provisional-repository-inferred
/catalog/control/createProductStore,/catalog,createProductStore,true,true,service,createProductStore,success:view:EditProductStore;error:view:EditProductStore,applications/product/webapp/catalog/WEB-INF/controller.xml,product-catalog,catalog-product-team,provisional-repository-inferred
/catalog/control/updateProductStore,/catalog,updateProductStore,true,true,service,updateProductStore,success:view:EditProductStore;error:view:EditProductStore,applications/product/webapp/catalog/WEB-INF/controller.xml,product-catalog,catalog-product-team,provisional-repository-inferred
/catalog/control/EditProductStoreWebSites,/catalog,EditProductStoreWebSites,true,true,,,success:view:EditProductStoreWebSites,applications/product/webapp/catalog/WEB-INF/controller.xml,product-catalog,catalog-product-team,provisional-repository-inferred
/catalog/control/storeUpdateWebSite,/catalog,storeUpdateWebSite,true,true,service,updateWebSite,success:view:EditProductStoreWebSites;error:view:EditProductStoreWebSites,applications/product/webapp/catalog/WEB-INF/controller.xml,product-catalog,catalog-product-team,provisional-repository-inferred
/catalog/control/FindProductStoreRoles,/catalog,FindProductStoreRoles,true,true,,,success:view:FindProductStoreRoles,applications/product/webapp/catalog/WEB-INF/controller.xml,product-catalog,catalog-product-team,provisional-repository-inferred
/catalog/control/storeCreateRole,/catalog,storeCreateRole,true,true,service,createProductStoreRole,success:view:FindProductStoreRoles;error:view:FindProductStoreRoles,applications/product/webapp/catalog/WEB-INF/controller.xml,product-catalog,catalog-product-team,provisional-repository-inferred
/catalog/control/storeUpdateRole,/catalog,storeUpdateRole,true,true,service,updateProductStoreRole,success:view:FindProductStoreRoles;error:view:FindProductStoreRoles,applications/product/webapp/catalog/WEB-INF/controller.xml,product-catalog,catalog-product-team,provisional-repository-inferred
/catalog/control/storeRemoveRole,/catalog,storeRemoveRole,true,true,service,removeProductStoreRole,success:view:FindProductStoreRoles;error:view:FindProductStoreRoles,applications/product/webapp/catalog/WEB-INF/controller.xml,product-catalog,catalog-product-team,provisional-repository-inferred
/catalog/control/EditProductStorePaySetup,/catalog,EditProductStorePaySetup,true,true,,,success:view:EditProductStorePaySetup,applications/product/webapp/catalog/WEB-INF/controller.xml,product-catalog,catalog-product-team,provisional-repository-inferred
/catalog/control/storeCreatePaySetting,/catalog,storeCreatePaySetting,true,true,service,createProductStorePaymentSetting,success:view:EditProductStorePaySetup;error:view:EditProductStorePaySetup,applications/product/webapp/catalog/WEB-INF/controller.xml,product-catalog,catalog-product-team,provisional-repository-inferred
/catalog/control/storeUpdatePaySetting,/catalog,storeUpdatePaySetting,true,true,service,updateProductStorePaymentSetting,success:view:EditProductStorePaySetup;error:view:EditProductStorePaySetup,applications/product/webapp/catalog/WEB-INF/controller.xml,product-catalog,catalog-product-team,provisional-repository-inferred
/catalog/control/storeRemovePaySetting,/catalog,storeRemovePaySetting,true,true,service,deleteProductStorePaymentSetting,success:view:EditProductStorePaySetup;error:view:EditProductStorePaySetup,applications/product/webapp/catalog/WEB-INF/controller.xml,product-catalog,catalog-product-team,provisional-repository-inferred
/catalog/control/EditProductStoreShipSetup,/catalog,EditProductStoreShipSetup,true,true,,,success:view:EditProductStoreShipSetup,applications/product/webapp/catalog/WEB-INF/controller.xml,product-catalog,catalog-product-team,provisional-repository-inferred
/catalog/control/EditProductStoreShipmentCostEstimates,/catalog,EditProductStoreShipmentCostEstimates,true,true,,,success:view:EditProductStoreShipmentCostEstimates,applications/product/webapp/catalog/WEB-INF/controller.xml,product-catalog,catalog-product-team,provisional-repository-inferred
/catalog/control/EditProductStoreShipmentTimeEstimates,/catalog,EditProductStoreShipmentTimeEstimates,true,true,,,success:view:EditProductStoreShipmentCostEstimates,applications/product/webapp/catalog/WEB-INF/controller.xml,product-catalog,catalog-product-team,provisional-repository-inferred
/catalog/control/storeCreateShipRate,/catalog,storeCreateShipRate,true,true,service,createShipmentEstimate,success:view:EditProductStoreShipmentCostEstimates;error:view:EditProductStoreShipmentCostEstimates,applications/product/webapp/catalog/WEB-INF/controller.xml,product-catalog,catalog-product-team,provisional-repository-inferred
/catalog/control/storeRemoveShipRate,/catalog,storeRemoveShipRate,true,true,service,removeShipmentEstimate,success:view:EditProductStoreShipmentCostEstimates;error:view:EditProductStoreShipmentCostEstimates,applications/product/webapp/catalog/WEB-INF/controller.xml,product-catalog,catalog-product-team,provisional-repository-inferred
/catalog/control/prepareCreateShipMeth,/catalog,prepareCreateShipMeth,true,true,groovy,component://product/src/main/groovy/org/apache/ofbiz/product/catalog/PrepareCreateShipMeth.groovy,success:view:EditProductStoreShipSetup;error:view:EditProductStoreShipSetup,applications/product/webapp/catalog/WEB-INF/controller.xml,product-catalog,catalog-product-team,provisional-repository-inferred
/catalog/control/storeCreateShipMeth,/catalog,storeCreateShipMeth,true,true,service,createProductStoreShipMeth,success:view:EditProductStoreShipSetup;error:view:EditProductStoreShipSetup,applications/product/webapp/catalog/WEB-INF/controller.xml,product-catalog,catalog-product-team,provisional-repository-inferred
/catalog/control/storeUpdateShipMeth,/catalog,storeUpdateShipMeth,true,true,service,updateProductStoreShipMeth,success:view:EditProductStoreShipSetup;error:view:EditProductStoreShipSetup,applications/product/webapp/catalog/WEB-INF/controller.xml,product-catalog,catalog-product-team,provisional-repository-inferred
/catalog/control/storeRemoveShipMeth,/catalog,storeRemoveShipMeth,true,true,service,removeProductStoreShipMeth,success:view:EditProductStoreShipSetup;error:view:EditProductStoreShipSetup,applications/product/webapp/catalog/WEB-INF/controller.xml,product-catalog,catalog-product-team,provisional-repository-inferred
/catalog/control/ListQuantityBreaks,/catalog,ListQuantityBreaks,true,true,,,success:view:ListQuantityBreaks,applications/product/webapp/catalog/WEB-INF/controller.xml,product-catalog,catalog-product-team,provisional-repository-inferred
/catalog/control/createQuantityBreak,/catalog,createQuantityBreak,true,true,service,createQuantityBreak,success:view:ListQuantityBreaks;error:view:ListQuantityBreaks,applications/product/webapp/catalog/WEB-INF/controller.xml,product-catalog,catalog-product-team,provisional-repository-inferred
/catalog/control/updateQuantityBreak,/catalog,updateQuantityBreak,true,true,service,updateQuantityBreak,success:view:ListQuantityBreaks;error:view:ListQuantityBreaks,applications/product/webapp/catalog/WEB-INF/controller.xml,product-catalog,catalog-product-team,provisional-repository-inferred
/catalog/control/deleteQuantityBreak,/catalog,deleteQuantityBreak,true,true,service,deleteQuantityBreak,success:view:ListQuantityBreaks;error:view:ListQuantityBreaks,applications/product/webapp/catalog/WEB-INF/controller.xml,product-catalog,catalog-product-team,provisional-repository-inferred
/catalog/control/ListShipmentMethodTypes,/catalog,ListShipmentMethodTypes,true,true,,,success:view:ListShipmentMethodTypes,applications/product/webapp/catalog/WEB-INF/controller.xml,product-catalog,catalog-product-team,provisional-repository-inferred
/catalog/control/createShipmentMethodType,/catalog,createShipmentMethodType,true,true,service,createShipmentMethodType,success:view:ListShipmentMethodTypes;error:view:ListShipmentMethodTypes,applications/product/webapp/catalog/WEB-INF/controller.xml,product-catalog,catalog-product-team,provisional-repository-inferred
/catalog/control/updateShipmentMethodType,/catalog,updateShipmentMethodType,true,true,service,updateShipmentMethodType,success:view:ListShipmentMethodTypes;error:view:ListShipmentMethodTypes,applications/product/webapp/catalog/WEB-INF/controller.xml,product-catalog,catalog-product-team,provisional-repository-inferred
/catalog/control/deleteShipmentMethodType,/catalog,deleteShipmentMethodType,true,true,service,deleteShipmentMethodType,success:view:ListShipmentMethodTypes;error:view:ListShipmentMethodTypes,applications/product/webapp/catalog/WEB-INF/controller.xml,product-catalog,catalog-product-team,provisional-repository-inferred
/catalog/control/ListCarrierShipmentMethods,/catalog,ListCarrierShipmentMethods,true,true,,,success:view:ListCarrierShipmentMethods,applications/product/webapp/catalog/WEB-INF/controller.xml,product-catalog,catalog-product-team,provisional-repository-inferred
/catalog/control/createCarrierShipmentMethod,/catalog,createCarrierShipmentMethod,true,true,service,createCarrierShipmentMethod,success:view:ListCarrierShipmentMethods;error:view:ListCarrierShipmentMethods,applications/product/webapp/catalog/WEB-INF/controller.xml,product-catalog,catalog-product-team,provisional-repository-inferred
/catalog/control/updateCarrierShipmentMethod,/catalog,updateCarrierShipmentMethod,true,true,service,updateCarrierShipmentMethod,success:view:ListCarrierShipmentMethods;error:view:ListCarrierShipmentMethods,applications/product/webapp/catalog/WEB-INF/controller.xml,product-catalog,catalog-product-team,provisional-repository-inferred
/catalog/control/deleteCarrierShipmentMethod,/catalog,deleteCarrierShipmentMethod,true,true,service,deleteCarrierShipmentMethod,success:view:ListCarrierShipmentMethods;error:view:ListCarrierShipmentMethods,applications/product/webapp/catalog/WEB-INF/controller.xml,product-catalog,catalog-product-team,provisional-repository-inferred
/catalog/control/ListShipmentTimeEstimates,/catalog,ListShipmentTimeEstimates,true,true,,,success:view:ListShipmentTimeEstimates,applications/product/webapp/catalog/WEB-INF/controller.xml,product-catalog,catalog-product-team,provisional-repository-inferred
/catalog/control/prepareCreateShipmentTimeEstimate,/catalog,prepareCreateShipmentTimeEstimate,true,true,groovy,component://product/src/main/groovy/org/apache/ofbiz/product/catalog/PrepareCreateShipmentTimeEstimate.groovy,success:view:ListShipmentTimeEstimates;error:view:ListShipmentTimeEstimates,applications/product/webapp/catalog/WEB-INF/controller.xml,product-catalog,catalog-product-team,provisional-repository-inferred
/catalog/control/createShipmentTimeEstimate,/catalog,createShipmentTimeEstimate,true,true,service,createShipmentTimeEstimate,success:view:ListShipmentTimeEstimates;error:view:ListShipmentTimeEstimates,applications/product/webapp/catalog/WEB-INF/controller.xml,product-catalog,catalog-product-team,provisional-repository-inferred
/catalog/control/updateShipmentTimeEstimate,/catalog,updateShipmentTimeEstimate,true,true,service,updateShipmentTimeEstimate,success:view:ListShipmentTimeEstimates;error:view:ListShipmentTimeEstimates,applications/product/webapp/catalog/WEB-INF/controller.xml,product-catalog,catalog-product-team,provisional-repository-inferred
/catalog/control/expireShipmentTimeEstimate,/catalog,expireShipmentTimeEstimate,true,true,service,expireShipmentTimeEstimate,success:view:ListShipmentTimeEstimates;error:view:ListShipmentTimeEstimates,applications/product/webapp/catalog/WEB-INF/controller.xml,product-catalog,catalog-product-team,provisional-repository-inferred
/catalog/control/EditProductStoreSurveys,/catalog,EditProductStoreSurveys,true,true,,,success:view:EditProductStoreSurveys,applications/product/webapp/catalog/WEB-INF/controller.xml,product-catalog,catalog-product-team,provisional-repository-inferred
/catalog/control/createProductStoreSurveyAppl,/catalog,createProductStoreSurveyAppl,true,true,service,createProductStoreSurveyAppl,success:view:EditProductStoreSurveys,applications/product/webapp/catalog/WEB-INF/controller.xml,product-catalog,catalog-product-team,provisional-repository-inferred
/catalog/control/deleteProductStoreSurveyAppl,/catalog,deleteProductStoreSurveyAppl,true,true,service,deleteProductStoreSurveyAppl,success:view:EditProductStoreSurveys,applications/product/webapp/catalog/WEB-INF/controller.xml,product-catalog,catalog-product-team,provisional-repository-inferred
/catalog/control/EditProductStorePromos,/catalog,EditProductStorePromos,true,true,,,success:view:EditProductStorePromos,applications/product/webapp/catalog/WEB-INF/controller.xml,product-catalog,catalog-product-team,provisional-repository-inferred
/catalog/control/createProductStorePromoAppl,/catalog,createProductStorePromoAppl,true,true,service,createProductStorePromoAppl,success:view:EditProductStorePromos;error:view:EditProductStorePromos,applications/product/webapp/catalog/WEB-INF/controller.xml,product-catalog,catalog-product-team,provisional-repository-inferred
/catalog/control/updateProductStorePromoAppl,/catalog,updateProductStorePromoAppl,true,true,service,updateProductStorePromoAppl,success:view:EditProductStorePromos;error:view:EditProductStorePromos,applications/product/webapp/catalog/WEB-INF/controller.xml,product-catalog,catalog-product-team,provisional-repository-inferred
/catalog/control/deleteProductStorePromoAppl,/catalog,deleteProductStorePromoAppl,true,true,service,deleteProductStorePromoAppl,success:view:EditProductStorePromos;error:view:EditProductStorePromos,applications/product/webapp/catalog/WEB-INF/controller.xml,product-catalog,catalog-product-team,provisional-repository-inferred
/catalog/control/EditProductStoreCatalogs,/catalog,EditProductStoreCatalogs,true,true,,,success:view:EditProductStoreCatalogs,applications/product/webapp/catalog/WEB-INF/controller.xml,product-catalog,catalog-product-team,provisional-repository-inferred
/catalog/control/createProductStoreCatalog,/catalog,createProductStoreCatalog,true,true,service,createProductStoreCatalog,success:view:EditProductStoreCatalogs;error:view:EditProductStoreCatalogs,applications/product/webapp/catalog/WEB-INF/controller.xml,product-catalog,catalog-product-team,provisional-repository-inferred
/catalog/control/updateProductStoreCatalog,/catalog,updateProductStoreCatalog,true,true,service,updateProductStoreCatalog,success:view:EditProductStoreCatalogs;error:view:EditProductStoreCatalogs,applications/product/webapp/catalog/WEB-INF/controller.xml,product-catalog,catalog-product-team,provisional-repository-inferred
/catalog/control/deleteProductStoreCatalog,/catalog,deleteProductStoreCatalog,true,true,service,deleteProductStoreCatalog,success:view:EditProductStoreCatalogs;error:view:EditProductStoreCatalogs,applications/product/webapp/catalog/WEB-INF/controller.xml,product-catalog,catalog-product-team,provisional-repository-inferred
/catalog/control/EditProductStoreEmails,/catalog,EditProductStoreEmails,true,true,,,success:view:EditProductStoreEmails,applications/product/webapp/catalog/WEB-INF/controller.xml,product-catalog,catalog-product-team,provisional-repository-inferred
/catalog/control/createProductStoreEmail,/catalog,createProductStoreEmail,true,true,service,createProductStoreEmailSetting,success:view:EditProductStoreEmails;error:view:EditProductStoreEmails,applications/product/webapp/catalog/WEB-INF/controller.xml,product-catalog,catalog-product-team,provisional-repository-inferred
/catalog/control/updateProductStoreEmail,/catalog,updateProductStoreEmail,true,true,service,updateProductStoreEmailSetting,success:view:EditProductStoreEmails;error:view:EditProductStoreEmails,applications/product/webapp/catalog/WEB-INF/controller.xml,product-catalog,catalog-product-team,provisional-repository-inferred
/catalog/control/removeProductStoreEmail,/catalog,removeProductStoreEmail,true,true,service,removeProductStoreEmailSetting,success:view:EditProductStoreEmails;error:view:EditProductStoreEmails,applications/product/webapp/catalog/WEB-INF/controller.xml,product-catalog,catalog-product-team,provisional-repository-inferred
/catalog/control/editProductStoreKeywordOvrd,/catalog,editProductStoreKeywordOvrd,true,true,,,success:view:EditProductStoreKeywordOvrd,applications/product/webapp/catalog/WEB-INF/controller.xml,product-catalog,catalog-product-team,provisional-repository-inferred
/catalog/control/createProductStoreKeywordOvrd,/catalog,createProductStoreKeywordOvrd,true,true,service,createProductStoreKeywordOvrd,success:view:EditProductStoreKeywordOvrd;error:view:EditProductStoreKeywordOvrd,applications/product/webapp/catalog/WEB-INF/controller.xml,product-catalog,catalog-product-team,provisional-repository-inferred
/catalog/control/updateProductStoreKeywordOvrd,/catalog,updateProductStoreKeywordOvrd,true,true,service,updateProductStoreKeywordOvrd,success:view:EditProductStoreKeywordOvrd;error:view:EditProductStoreKeywordOvrd,applications/product/webapp/catalog/WEB-INF/controller.xml,product-catalog,catalog-product-team,provisional-repository-inferred
/catalog/control/deleteProductStoreKeywordOvrd,/catalog,deleteProductStoreKeywordOvrd,true,true,service,deleteProductStoreKeywordOvrd,success:view:EditProductStoreKeywordOvrd;error:view:EditProductStoreKeywordOvrd,applications/product/webapp/catalog/WEB-INF/controller.xml,product-catalog,catalog-product-team,provisional-repository-inferred
/catalog/control/ViewProductStoreSegments,/catalog,ViewProductStoreSegments,true,true,,,success:view:ViewProductStoreSegments,applications/product/webapp/catalog/WEB-INF/controller.xml,product-catalog,catalog-product-team,provisional-repository-inferred
/catalog/control/EditProductStoreFinAccountSettings,/catalog,EditProductStoreFinAccountSettings,true,true,,,success:view:EditProductStoreFinAccountSettings,applications/product/webapp/catalog/WEB-INF/controller.xml,product-catalog,catalog-product-team,provisional-repository-inferred
/catalog/control/CreateProductStoreFinAccountSettings,/catalog,CreateProductStoreFinAccountSettings,true,true,service,createProductStoreFinActSetting,success:view:EditProductStoreFinAccountSettings;error:view:EditProductStoreFinAccountSettings,applications/product/webapp/catalog/WEB-INF/controller.xml,product-catalog,catalog-product-team,provisional-repository-inferred
/catalog/control/UpdateProductStoreFinAccountSettings,/catalog,UpdateProductStoreFinAccountSettings,true,true,service,updateProductStoreFinActSetting,success:view:EditProductStoreFinAccountSettings;error:view:EditProductStoreFinAccountSettings,applications/product/webapp/catalog/WEB-INF/controller.xml,product-catalog,catalog-product-team,provisional-repository-inferred
/catalog/control/RemoveProductStoreFinAccountSettings,/catalog,RemoveProductStoreFinAccountSettings,true,true,service,removeProductStoreFinActSetting,success:view:EditProductStoreFinAccountSettings;error:view:EditProductStoreFinAccountSettings,applications/product/webapp/catalog/WEB-INF/controller.xml,product-catalog,catalog-product-team,provisional-repository-inferred
/catalog/control/EditProductStoreVendorPayments,/catalog,EditProductStoreVendorPayments,true,true,,,success:view:EditProductStoreVendorPayments,applications/product/webapp/catalog/WEB-INF/controller.xml,product-catalog,catalog-product-team,provisional-repository-inferred
/catalog/control/createProductStoreVendorPayment,/catalog,createProductStoreVendorPayment,true,true,service,createProductStoreVendorPayment,success:view:EditProductStoreVendorPayments;error:view:EditProductStoreVendorPayments,applications/product/webapp/catalog/WEB-INF/controller.xml,product-catalog,catalog-product-team,provisional-repository-inferred
/catalog/control/deleteProductStoreVendorPayment,/catalog,deleteProductStoreVendorPayment,true,true,service,deleteProductStoreVendorPayment,success:view:EditProductStoreVendorPayments;error:view:EditProductStoreVendorPayments,applications/product/webapp/catalog/WEB-INF/controller.xml,product-catalog,catalog-product-team,provisional-repository-inferred
/catalog/control/EditProductStoreVendorShipments,/catalog,EditProductStoreVendorShipments,true,true,,,success:view:EditProductStoreVendorShipments,applications/product/webapp/catalog/WEB-INF/controller.xml,product-catalog,catalog-product-team,provisional-repository-inferred
/catalog/control/createProductStoreVendorShipment,/catalog,createProductStoreVendorShipment,true,true,service,createProductStoreVendorShipment,success:view:EditProductStoreVendorShipments;error:view:EditProductStoreVendorShipments,applications/product/webapp/catalog/WEB-INF/controller.xml,product-catalog,catalog-product-team,provisional-repository-inferred
/catalog/control/deleteProductStoreVendorShipment,/catalog,deleteProductStoreVendorShipment,true,true,service,deleteProductStoreVendorShipment,success:view:EditProductStoreVendorShipments;error:view:EditProductStoreVendorShipments,applications/product/webapp/catalog/WEB-INF/controller.xml,product-catalog,catalog-product-team,provisional-repository-inferred
/catalog/control/ProductStoreFacilities,/catalog,ProductStoreFacilities,true,true,,,success:view:ProductStoreFacilities,applications/product/webapp/catalog/WEB-INF/controller.xml,product-catalog,catalog-product-team,provisional-repository-inferred
/catalog/control/ListProductStoreFacilityFormOnly,/catalog,ListProductStoreFacilityFormOnly,true,true,,,success:view:ListProductStoreFacility,applications/product/webapp/catalog/WEB-INF/controller.xml,product-catalog,catalog-product-team,provisional-repository-inferred
/catalog/control/editProductStoreFacility,/catalog,editProductStoreFacility,true,true,,,success:view:EditProductStoreFacility,applications/product/webapp/catalog/WEB-INF/controller.xml,product-catalog,catalog-product-team,provisional-repository-inferred
/catalog/control/addProductStoreFacility,/catalog,addProductStoreFacility,true,true,service,createProductStoreFacility,success:request:json;error:request:json,applications/product/webapp/catalog/WEB-INF/controller.xml,product-catalog,catalog-product-team,provisional-repository-inferred
/catalog/control/updateProductStoreFacility,/catalog,updateProductStoreFacility,true,true,service,updateProductStoreFacility,success:request:json;error:request:json,applications/product/webapp/catalog/WEB-INF/controller.xml,product-catalog,catalog-product-team,provisional-repository-inferred
/catalog/control/deleteProductStoreFacility,/catalog,deleteProductStoreFacility,true,true,service,deleteProductStoreFacility,success:view:ListProductStoreFacility;error:view:ListProductStoreFacility,applications/product/webapp/catalog/WEB-INF/controller.xml,product-catalog,catalog-product-team,provisional-repository-inferred
/catalog/control/editKeywordThesaurus,/catalog,editKeywordThesaurus,true,true,,,success:view:EditKeywordThesaurus,applications/product/webapp/catalog/WEB-INF/controller.xml,product-catalog,catalog-product-team,provisional-repository-inferred
/catalog/control/createKeywordThesaurus,/catalog,createKeywordThesaurus,true,true,service,createKeywordThesaurus,success:view:EditKeywordThesaurus;error:view:EditKeywordThesaurus,applications/product/webapp/catalog/WEB-INF/controller.xml,product-catalog,catalog-product-team,provisional-repository-inferred
/catalog/control/deleteKeywordThesaurus,/catalog,deleteKeywordThesaurus,true,true,service,deleteKeywordThesaurus,success:view:EditKeywordThesaurus;error:view:EditKeywordThesaurus,applications/product/webapp/catalog/WEB-INF/controller.xml,product-catalog,catalog-product-team,provisional-repository-inferred
/catalog/control/updateProductReview,/catalog,updateProductReview,true,true,service,updateProductReview,success:request-redirect-noparam:FindReviews;error:view:FindReviews,applications/product/webapp/catalog/WEB-INF/controller.xml,product-catalog,catalog-product-team,provisional-repository-inferred
/catalog/control/FindReviews,/catalog,FindReviews,true,true,,,success:view:FindReviews,applications/product/webapp/catalog/WEB-INF/controller.xml,product-catalog,catalog-product-team,provisional-repository-inferred
/catalog/control/updateProductReviewStatus,/catalog,updateProductReviewStatus,true,true,service,setProductReviewStatus,success:view:FindReviews;error:view:FindReviews,applications/product/webapp/catalog/WEB-INF/controller.xml,product-catalog,catalog-product-team,provisional-repository-inferred
/catalog/control/EditProductSuppliers,/catalog,EditProductSuppliers,true,true,,,success:view:EditSupplierProduct,applications/product/webapp/catalog/WEB-INF/controller.xml,product-catalog,catalog-product-team,provisional-repository-inferred
/catalog/control/createSupplierProduct,/catalog,createSupplierProduct,true,true,service,createSupplierProduct,success:view:EditSupplierProduct;error:view:EditSupplierProduct,applications/product/webapp/catalog/WEB-INF/controller.xml,product-catalog,catalog-product-team,provisional-repository-inferred
/catalog/control/updateSupplierProduct,/catalog,updateSupplierProduct,true,true,service,updateSupplierProduct,success:view:EditSupplierProduct;error:view:EditSupplierProduct,applications/product/webapp/catalog/WEB-INF/controller.xml,product-catalog,catalog-product-team,provisional-repository-inferred
/catalog/control/removeSupplierProduct,/catalog,removeSupplierProduct,true,true,service,removeSupplierProduct,success:view:EditSupplierProduct;error:view:EditSupplierProduct,applications/product/webapp/catalog/WEB-INF/controller.xml,product-catalog,catalog-product-team,provisional-repository-inferred
/catalog/control/createSupplierProductFeature,/catalog,createSupplierProductFeature,true,true,service,createSupplierProductFeature,success:view:EditFeature;error:view:EditFeature,applications/product/webapp/catalog/WEB-INF/controller.xml,product-catalog,catalog-product-team,provisional-repository-inferred
/catalog/control/updateSupplierProductFeature,/catalog,updateSupplierProductFeature,true,true,service,updateSupplierProductFeature,success:view:EditFeature;error:view:EditFeature,applications/product/webapp/catalog/WEB-INF/controller.xml,product-catalog,catalog-product-team,provisional-repository-inferred
/catalog/control/removeSupplierProductFeature,/catalog,removeSupplierProductFeature,true,true,service,removeSupplierProductFeature,success:view:EditFeature;error:view:EditFeature,applications/product/webapp/catalog/WEB-INF/controller.xml,product-catalog,catalog-product-team,provisional-repository-inferred
/catalog/control/EditProductConfigs,/catalog,EditProductConfigs,true,true,,,success:view:EditProductConfigs,applications/product/webapp/catalog/WEB-INF/controller.xml,product-catalog,catalog-product-team,provisional-repository-inferred
/catalog/control/ProductConfigItemArticle,/catalog,ProductConfigItemArticle,true,true,,,success:view:ProductConfigItemArticle,applications/product/webapp/catalog/WEB-INF/controller.xml,product-catalog,catalog-product-team,provisional-repository-inferred
/catalog/control/createProductConfig,/catalog,createProductConfig,true,true,service,createProductConfig,success:view:EditProductConfigs;error:view:EditProductConfigs,applications/product/webapp/catalog/WEB-INF/controller.xml,product-catalog,catalog-product-team,provisional-repository-inferred
/catalog/control/updateProductConfig,/catalog,updateProductConfig,true,true,service,updateProductConfig,success:view:EditProductConfigs;error:view:EditProductConfigs,applications/product/webapp/catalog/WEB-INF/controller.xml,product-catalog,catalog-product-team,provisional-repository-inferred
/catalog/control/deleteProductConfig,/catalog,deleteProductConfig,true,true,service,deleteProductConfig,success:view:EditProductConfigs;error:view:EditProductConfigs,applications/product/webapp/catalog/WEB-INF/controller.xml,product-catalog,catalog-product-team,provisional-repository-inferred
/catalog/control/FindProductConfigItems,/catalog,FindProductConfigItems,true,true,,,success:view:FindProductConfigItems,applications/product/webapp/catalog/WEB-INF/controller.xml,product-catalog,catalog-product-team,provisional-repository-inferred
/catalog/control/EditProductConfigItem,/catalog,EditProductConfigItem,true,true,,,success:view:EditProductConfigItem,applications/product/webapp/catalog/WEB-INF/controller.xml,product-catalog,catalog-product-team,provisional-repository-inferred
/catalog/control/createProductConfigItem,/catalog,createProductConfigItem,true,true,service,createProductConfigItem,success:view:EditProductConfigItem;error:view:EditProductConfigItem,applications/product/webapp/catalog/WEB-INF/controller.xml,product-catalog,catalog-product-team,provisional-repository-inferred
/catalog/control/updateProductConfigItem,/catalog,updateProductConfigItem,true,true,service,updateProductConfigItem,success:view:EditProductConfigItem;error:view:EditProductConfigItem,applications/product/webapp/catalog/WEB-INF/controller.xml,product-catalog,catalog-product-team,provisional-repository-inferred
/catalog/control/deleteProductConfigItem,/catalog,deleteProductConfigItem,true,true,service,deleteProductConfigItem,success:view:EditProductConfigItem;error:view:EditProductConfigItem,applications/product/webapp/catalog/WEB-INF/controller.xml,product-catalog,catalog-product-team,provisional-repository-inferred
/catalog/control/EditProductConfigOptions,/catalog,EditProductConfigOptions,true,true,,,success:view:EditProductConfigOptions,applications/product/webapp/catalog/WEB-INF/controller.xml,product-catalog,catalog-product-team,provisional-repository-inferred
/catalog/control/createProductConfigOption,/catalog,createProductConfigOption,true,true,service,createProductConfigOption,success:view:EditProductConfigOptions;error:view:EditProductConfigOptions,applications/product/webapp/catalog/WEB-INF/controller.xml,product-catalog,catalog-product-team,provisional-repository-inferred
/catalog/control/updateProductConfigOption,/catalog,updateProductConfigOption,true,true,service,updateProductConfigOption,success:view:EditProductConfigOptions;error:view:EditProductConfigOptions,applications/product/webapp/catalog/WEB-INF/controller.xml,product-catalog,catalog-product-team,provisional-repository-inferred
/catalog/control/deleteProductConfigOption,/catalog,deleteProductConfigOption,true,true,service,deleteProductConfigOption,success:view:EditProductConfigOptions;error:view:EditProductConfigOptions,applications/product/webapp/catalog/WEB-INF/controller.xml,product-catalog,catalog-product-team,provisional-repository-inferred
/catalog/control/createProductConfigProduct,/catalog,createProductConfigProduct,true,true,service,createProductConfigProduct,success:view:EditProductConfigOptions;error:view:EditProductConfigOptions,applications/product/webapp/catalog/WEB-INF/controller.xml,product-catalog,catalog-product-team,provisional-repository-inferred
/catalog/control/updateProductConfigProduct,/catalog,updateProductConfigProduct,true,true,service,updateProductConfigProduct,success:view:EditProductConfigOptions;error:view:EditProductConfigOptions,applications/product/webapp/catalog/WEB-INF/controller.xml,product-catalog,catalog-product-team,provisional-repository-inferred
/catalog/control/deleteProductConfigProduct,/catalog,deleteProductConfigProduct,true,true,service,deleteProductConfigProduct,success:view:EditProductConfigOptions;error:view:EditProductConfigOptions,applications/product/webapp/catalog/WEB-INF/controller.xml,product-catalog,catalog-product-team,provisional-repository-inferred
/catalog/control/EditProductConfigItemContent,/catalog,EditProductConfigItemContent,true,true,,,success:view:EditProductConfigItemContent,applications/product/webapp/catalog/WEB-INF/controller.xml,product-catalog,catalog-product-team,provisional-repository-inferred
/catalog/control/updateProductConfigItemContent,/catalog,updateProductConfigItemContent,true,true,service,updateProductConfigItem,success:view:EditProductConfigItemContent;error:view:EditProductConfigItemContent,applications/product/webapp/catalog/WEB-INF/controller.xml,product-catalog,catalog-product-team,provisional-repository-inferred
/catalog/control/UploadProductConfigItemImage,/catalog,UploadProductConfigItemImage,true,true,,,success:view:EditProductConfigItemContent,applications/product/webapp/catalog/WEB-INF/controller.xml,product-catalog,catalog-product-team,provisional-repository-inferred
/catalog/control/EditProductConfigItemContentContent,/catalog,EditProductConfigItemContentContent,true,true,,,success:view:EditProductConfigItemContentContent,applications/product/webapp/catalog/WEB-INF/controller.xml,product-catalog,catalog-product-team,provisional-repository-inferred
/catalog/control/prepareAddContentToProductConfigItem,/catalog,prepareAddContentToProductConfigItem,true,true,,,success:view:EditProductConfigItemContentContent,applications/product/webapp/catalog/WEB-INF/controller.xml,product-catalog,catalog-product-team,provisional-repository-inferred
/catalog/control/addContentToProductConfigItem,/catalog,addContentToProductConfigItem,true,true,service,createProductConfigItemContent,success:view:EditProductConfigItemContent;error:view:EditProductConfigItemContent,applications/product/webapp/catalog/WEB-INF/controller.xml,product-catalog,catalog-product-team,provisional-repository-inferred
/catalog/control/updateContentToProductConfigItem,/catalog,updateContentToProductConfigItem,true,true,service,updateProductConfigItemContent,success:view:EditProductConfigItemContent;error:view:EditProductConfigItemContent,applications/product/webapp/catalog/WEB-INF/controller.xml,product-catalog,catalog-product-team,provisional-repository-inferred
/catalog/control/removeContentFromProductConfigItem,/catalog,removeContentFromProductConfigItem,true,true,service,removeProductConfigItemContent,success:view:EditProductConfigItemContent;error:view:EditProductConfigItemContent,applications/product/webapp/catalog/WEB-INF/controller.xml,product-catalog,catalog-product-team,provisional-repository-inferred
/catalog/control/updateSimpleTextContentForProductConfigItem,/catalog,updateSimpleTextContentForProductConfigItem,true,true,service,updateSimpleTextContentForProductConfigItem,success:view:EditProductConfigItemContentContent;error:view:EditProductConfigItemContentContent,applications/product/webapp/catalog/WEB-INF/controller.xml,product-catalog,catalog-product-team,provisional-repository-inferred
/catalog/control/createSimpleTextContentForProductConfigItem,/catalog,createSimpleTextContentForProductConfigItem,true,true,service,createSimpleTextContentForProductConfigItem,success:view:EditProductConfigItemContent;error:view:EditProductConfigItemContentContent,applications/product/webapp/catalog/WEB-INF/controller.xml,product-catalog,catalog-product-team,provisional-repository-inferred
/catalog/control/EditProductWorkEfforts,/catalog,EditProductWorkEfforts,true,true,,,success:view:EditProductWorkEfforts,applications/product/webapp/catalog/WEB-INF/controller.xml,product-catalog,catalog-product-team,provisional-repository-inferred
/catalog/control/createWorkEffortGoodStandard,/catalog,createWorkEffortGoodStandard,true,true,service,createWorkEffortGoodStandard,success:view:EditProductWorkEfforts;error:view:EditProductWorkEfforts,applications/product/webapp/catalog/WEB-INF/controller.xml,product-catalog,catalog-product-team,provisional-repository-inferred
/catalog/control/updateWorkEffortGoodStandard,/catalog,updateWorkEffortGoodStandard,true,true,service,updateWorkEffortGoodStandard,success:view:EditProductWorkEfforts;error:view:EditProductWorkEfforts,applications/product/webapp/catalog/WEB-INF/controller.xml,product-catalog,catalog-product-team,provisional-repository-inferred
/catalog/control/removeWorkEffortGoodStandard,/catalog,removeWorkEffortGoodStandard,true,true,service,removeWorkEffortGoodStandard,success:view:EditProductWorkEfforts;error:view:EditProductWorkEfforts,applications/product/webapp/catalog/WEB-INF/controller.xml,product-catalog,catalog-product-team,provisional-repository-inferred
/catalog/control/viewProductOrder,/catalog,viewProductOrder,true,true,service,findOrders,success:view:ViewProductOrder;error:view:EditProduct,applications/product/webapp/catalog/WEB-INF/controller.xml,product-catalog,catalog-product-team,provisional-repository-inferred
/catalog/control/EditProductCommunicationEvents,/catalog,EditProductCommunicationEvents,true,true,,,success:view:EditProductCommunicationEvents,applications/product/webapp/catalog/WEB-INF/controller.xml,product-catalog,catalog-product-team,provisional-repository-inferred
/catalog/control/AddCommEventForProduct,/catalog,AddCommEventForProduct,true,true,,,success:view:EditCommunicationEvent,applications/product/webapp/catalog/WEB-INF/controller.xml,product-catalog,catalog-product-team,provisional-repository-inferred
/catalog/control/createCommunicationEvent,/catalog,createCommunicationEvent,true,true,service,createCommunicationEvent,success:view:EditProductCommunicationEvents;error:view:EditProductCommunicationEvents,applications/product/webapp/catalog/WEB-INF/controller.xml,product-catalog,catalog-product-team,provisional-repository-inferred
/catalog/control/Imagemanagement,/catalog,Imagemanagement,true,true,,,success:view:Imagemanagement,applications/product/webapp/catalog/WEB-INF/controller.xml,product-catalog,catalog-product-team,provisional-repository-inferred
/catalog/control/ImageGallery,/catalog,ImageGallery,true,true,,,success:view:ImageGallery;error:view:ImageGallery,applications/product/webapp/catalog/WEB-INF/controller.xml,product-catalog,catalog-product-team,provisional-repository-inferred
/catalog/control/ImageUpload,/catalog,ImageUpload,true,true,,,success:view:ImageUpload;error:view:ImageUpload,applications/product/webapp/catalog/WEB-INF/controller.xml,product-catalog,catalog-product-team,provisional-repository-inferred
/catalog/control/ImageApprove,/catalog,ImageApprove,true,true,,,success:view:ImageApprove;error:view:ImageApprove,applications/product/webapp/catalog/WEB-INF/controller.xml,product-catalog,catalog-product-team,provisional-repository-inferred
/catalog/control/ImageRejected,/catalog,ImageRejected,true,true,,,success:view:ImageRejected;error:view:ImageRejected,applications/product/webapp/catalog/WEB-INF/controller.xml,product-catalog,catalog-product-team,provisional-repository-inferred
/catalog/control/ImageFrames,/catalog,ImageFrames,true,true,,,success:view:ImageFrames;error:view:ImageFrames,applications/product/webapp/catalog/WEB-INF/controller.xml,product-catalog,catalog-product-team,provisional-repository-inferred
/catalog/control/ImageCropping,/catalog,ImageCropping,true,true,,,success:view:ImageCropping;error:view:ImageCropping,applications/product/webapp/catalog/WEB-INF/controller.xml,product-catalog,catalog-product-team,provisional-repository-inferred
/catalog/control/ImageRotating,/catalog,ImageRotating,true,true,,,success:view:ImageRotating;error:view:ImageRotating,applications/product/webapp/catalog/WEB-INF/controller.xml,product-catalog,catalog-product-team,provisional-repository-inferred
/catalog/control/ImageShare,/catalog,ImageShare,true,true,,,success:view:ImageShare;error:view:ImageShare,applications/product/webapp/catalog/WEB-INF/controller.xml,product-catalog,catalog-product-team,provisional-repository-inferred
/catalog/control/ImageReplace,/catalog,ImageReplace,true,true,,,success:view:ImageReplace;error:view:ImageReplace,applications/product/webapp/catalog/WEB-INF/controller.xml,product-catalog,catalog-product-team,provisional-repository-inferred
/catalog/control/setImageDetail,/catalog,setImageDetail,true,true,service-multi,setImageDetail,success:view:ListImageManage;error:view:ListImageManage,applications/product/webapp/catalog/WEB-INF/controller.xml,product-catalog,catalog-product-team,provisional-repository-inferred
/catalog/control/setDefaultImage,/catalog,setDefaultImage,true,true,simple,component://product/minilang/product/imagemanagement/ImageManagementEvents.xml:setDefaultImage,success:view:ListImageManage;error:view:ListImageManage,applications/product/webapp/catalog/WEB-INF/controller.xml,product-catalog,catalog-product-team,provisional-repository-inferred
/catalog/control/updateStatusImageManagement,/catalog,updateStatusImageManagement,true,true,service-multi,updateStatusImageManagement,success:request:checkRejected;error:view:ImageApprove,applications/product/webapp/catalog/WEB-INF/controller.xml,product-catalog,catalog-product-team,provisional-repository-inferred
/catalog/control/addRejectedReasonImageManagement,/catalog,addRejectedReasonImageManagement,true,true,service-multi,addRejectedReasonImageManagement,success:view:ImageRejected;error:view:ImageRejected,applications/product/webapp/catalog/WEB-INF/controller.xml,product-catalog,catalog-product-team,provisional-repository-inferred
/catalog/control/uploadFrame,/catalog,uploadFrame,true,true,java,org.apache.ofbiz.product.imagemanagement.FrameImage:uploadFrame,success:request-redirect:ImageFrames;error:request-redirect:ImageFrames,applications/product/webapp/catalog/WEB-INF/controller.xml,product-catalog,catalog-product-team,provisional-repository-inferred
/catalog/control/createImageFrame,/catalog,createImageFrame,true,true,service,addImageFrame,success:view:ListImageManage;error:view-last:ImageFrames,applications/product/webapp/catalog/WEB-INF/controller.xml,product-catalog,catalog-product-team,provisional-repository-inferred
/catalog/control/addImageForProduct,/catalog,addImageForProduct,true,true,service,multipleUploadProductImages,success:view:ImageUpload;error:view:ImageUpload,applications/product/webapp/catalog/WEB-INF/controller.xml,product-catalog,catalog-product-team,provisional-repository-inferred
/catalog/control/removeImageUpload,/catalog,removeImageUpload,true,true,service,removeProductContentAndImageFile,success:view:ImageUpload;error:view:ImageUpload,applications/product/webapp/catalog/WEB-INF/controller.xml,product-catalog,catalog-product-team,provisional-repository-inferred
/catalog/control/removeImage,/catalog,removeImage,true,true,service,removeProductContentAndImageFile,success:view:ListImageManage;error:view:ListImageManage,applications/product/webapp/catalog/WEB-INF/controller.xml,product-catalog,catalog-product-team,provisional-repository-inferred
/catalog/control/previewFrameImage,/catalog,previewFrameImage,true,true,java,org.apache.ofbiz.product.imagemanagement.FrameImage:previewFrameImage,success:view:viewPreviewImage;error:request-redirect:ImageFrames,applications/product/webapp/catalog/WEB-INF/controller.xml,product-catalog,catalog-product-team,provisional-repository-inferred
/catalog/control/viewImage,/catalog,viewImage,true,true,,,success:view:viewImage;error:view:viewImage,applications/product/webapp/catalog/WEB-INF/controller.xml,product-catalog,catalog-product-team,provisional-repository-inferred
/catalog/control/viewPreviewImage,/catalog,viewPreviewImage,true,true,,,success:view:viewPreviewImage;error:view:viewPreviewImage,applications/product/webapp/catalog/WEB-INF/controller.xml,product-catalog,catalog-product-team,provisional-repository-inferred
/catalog/control/LookupImage,/catalog,LookupImage,true,true,,,success:view:LookupImage;error:view:LookupImage,applications/product/webapp/catalog/WEB-INF/controller.xml,product-catalog,catalog-product-team,provisional-repository-inferred
/catalog/control/replaceImageToExistImage,/catalog,replaceImageToExistImage,true,true,service,replaceImageToExistImage,success:view:ListImageReplace;error:view:ListImageReplace,applications/product/webapp/catalog/WEB-INF/controller.xml,product-catalog,catalog-product-team,provisional-repository-inferred
/catalog/control/CropImage,/catalog,CropImage,true,true,service,imageCrop,success:view:ListImageManage;error:view:ImageCropping,applications/product/webapp/catalog/WEB-INF/controller.xml,product-catalog,catalog-product-team,provisional-repository-inferred
/catalog/control/RotateImage,/catalog,RotateImage,true,true,service,imageRotate,success:view:ListImageManage;error:view:ImageRotating,applications/product/webapp/catalog/WEB-INF/controller.xml,product-catalog,catalog-product-team,provisional-repository-inferred
/catalog/control/ListImageGallery,/catalog,ListImageGallery,true,true,,,success:view:ListImageGallery;error:view:ListImageGallery,applications/product/webapp/catalog/WEB-INF/controller.xml,product-catalog,catalog-product-team,provisional-repository-inferred
/catalog/control/ImageManage,/catalog,ImageManage,true,true,,,success:view:ImageManage;error:view:ImageManage,applications/product/webapp/catalog/WEB-INF/controller.xml,product-catalog,catalog-product-team,provisional-repository-inferred
/catalog/control/ListImageManage,/catalog,ListImageManage,true,true,,,success:view:ListImageManage;error:view:ListImageManage,applications/product/webapp/catalog/WEB-INF/controller.xml,product-catalog,catalog-product-team,provisional-repository-inferred
/catalog/control/checkAction,/catalog,checkAction,true,true,groovy,component://product/src/main/groovy/org/apache/ofbiz/product/catalog/imagemanagement/CheckAction.groovy,frame:request:ImageFrames;crop:request:ImageCropping;rotate:request:ImageRotating;noAction:request-redirect:ListImageManage,applications/product/webapp/catalog/WEB-INF/controller.xml,product-catalog,catalog-product-team,provisional-repository-inferred
/catalog/control/checkRejected,/catalog,checkRejected,true,true,groovy,component://product/src/main/groovy/org/apache/ofbiz/product/catalog/imagemanagement/CheckRejected.groovy,approved:view:ImageApprove;rejected:view:ListPeopleRejected,applications/product/webapp/catalog/WEB-INF/controller.xml,product-catalog,catalog-product-team,provisional-repository-inferred
/catalog/control/ListImageReplace,/catalog,ListImageReplace,true,true,,,success:view:ListImageReplace;error:view:ListImageReplace,applications/product/webapp/catalog/WEB-INF/controller.xml,product-catalog,catalog-product-team,provisional-repository-inferred
/catalog/control/ImageRecentlyApproved,/catalog,ImageRecentlyApproved,true,true,,,success:view:ImageRecentlyApproved;error:view:ImageRecentlyApproved,applications/product/webapp/catalog/WEB-INF/controller.xml,product-catalog,catalog-product-team,provisional-repository-inferred
/catalog/control/ListImageRecentlyApproved,/catalog,ListImageRecentlyApproved,true,true,,,success:view:ListImageRecentlyApproved;error:view:ListImageRecentlyApproved,applications/product/webapp/catalog/WEB-INF/controller.xml,product-catalog,catalog-product-team,provisional-repository-inferred
/catalog/control/ListPeopleApproved,/catalog,ListPeopleApproved,true,true,,,success:view:ListPeopleApproved;error:view:ListPeopleApproved,applications/product/webapp/catalog/WEB-INF/controller.xml,product-catalog,catalog-product-team,provisional-repository-inferred
/catalog/control/ListPeopleRejected,/catalog,ListPeopleRejected,true,true,,,success:view:ListPeopleRejected;error:view:ListPeopleRejected,applications/product/webapp/catalog/WEB-INF/controller.xml,product-catalog,catalog-product-team,provisional-repository-inferred
/catalog/control/chooseFrameImage,/catalog,chooseFrameImage,true,true,java,org.apache.ofbiz.product.imagemanagement.FrameImage:chooseFrameImage,success:request-redirect:ImageFrames;error:request-redirect:ImageFrames,applications/product/webapp/catalog/WEB-INF/controller.xml,product-catalog,catalog-product-team,provisional-repository-inferred
/catalog/control/LookupImageFrame,/catalog,LookupImageFrame,true,true,,,success:view:LookupImageFrame,applications/product/webapp/catalog/WEB-INF/controller.xml,product-catalog,catalog-product-team,provisional-repository-inferred
/catalog/control/ImageResize,/catalog,ImageResize,true,true,,,success:view:ImageResize,applications/product/webapp/catalog/WEB-INF/controller.xml,product-catalog,catalog-product-team,provisional-repository-inferred
/catalog/control/resizeImages,/catalog,resizeImages,true,true,service,resizeImages,success:view:ImageResize;error:view:ImageResize,applications/product/webapp/catalog/WEB-INF/controller.xml,product-catalog,catalog-product-team,provisional-repository-inferred
/catalog/control/removeImageBySize,/catalog,removeImageBySize,true,true,service,removeImageBySize,success:view:ImageResize;error:view:ImageResize,applications/product/webapp/catalog/WEB-INF/controller.xml,product-catalog,catalog-product-team,provisional-repository-inferred
/catalog/control/renameImage,/catalog,renameImage,true,true,service,renameImage,success:view:ListImageManage;error:view:ListImageManage,applications/product/webapp/catalog/WEB-INF/controller.xml,product-catalog,catalog-product-team,provisional-repository-inferred
/catalog/control/LookupContent,/catalog,LookupContent,true,true,,,success:view:LookupContent,applications/product/webapp/catalog/WEB-INF/controller.xml,product-catalog,catalog-product-team,provisional-repository-inferred
/catalog/control/LookupFixedAsset,/catalog,LookupFixedAsset,true,true,,,success:view:LookupFixedAsset,applications/product/webapp/catalog/WEB-INF/controller.xml,product-catalog,catalog-product-team,provisional-repository-inferred
/catalog/control/LookupPartyName,/catalog,LookupPartyName,true,true,,,success:view:LookupPartyName,applications/product/webapp/catalog/WEB-INF/controller.xml,product-catalog,catalog-product-team,provisional-repository-inferred
/catalog/control/LookupOrderHeader,/catalog,LookupOrderHeader,true,true,,,success:view:LookupOrderHeader,applications/product/webapp/catalog/WEB-INF/controller.xml,product-catalog,catalog-product-team,provisional-repository-inferred
/catalog/control/LookupCommEvent,/catalog,LookupCommEvent,true,true,,,success:view:LookupCommEvent,applications/product/webapp/catalog/WEB-INF/controller.xml,product-catalog,catalog-product-team,provisional-repository-inferred
/catalog/control/LookupProduct,/catalog,LookupProduct,true,true,,,success:view:LookupProduct,applications/product/webapp/catalog/WEB-INF/controller.xml,product-catalog,catalog-product-team,provisional-repository-inferred
/catalog/control/LookupSupplierProduct,/catalog,LookupSupplierProduct,true,true,,,success:view:LookupSupplierProduct,applications/product/webapp/catalog/WEB-INF/controller.xml,product-catalog,catalog-product-team,provisional-repository-inferred
/catalog/control/LookupVariantProduct,/catalog,LookupVariantProduct,true,true,,,success:view:LookupVariantProduct,applications/product/webapp/catalog/WEB-INF/controller.xml,product-catalog,catalog-product-team,provisional-repository-inferred
/catalog/control/LookupVirtualProduct,/catalog,LookupVirtualProduct,true,true,,,success:view:LookupVirtualProduct,applications/product/webapp/catalog/WEB-INF/controller.xml,product-catalog,catalog-product-team,provisional-repository-inferred
/catalog/control/LookupProductCategory,/catalog,LookupProductCategory,true,true,,,success:view:LookupProductCategory,applications/product/webapp/catalog/WEB-INF/controller.xml,product-catalog,catalog-product-team,provisional-repository-inferred
/catalog/control/LookupProductFeature,/catalog,LookupProductFeature,true,true,,,success:view:LookupProductFeature,applications/product/webapp/catalog/WEB-INF/controller.xml,product-catalog,catalog-product-team,provisional-repository-inferred
/catalog/control/LookupProductStore,/catalog,LookupProductStore,true,true,,,success:view:LookupProductStore,applications/product/webapp/catalog/WEB-INF/controller.xml,product-catalog,catalog-product-team,provisional-repository-inferred
/catalog/control/LookupFacilityLocation,/catalog,LookupFacilityLocation,true,true,,,success:view:LookupFacilityLocation,applications/product/webapp/catalog/WEB-INF/controller.xml,product-catalog,catalog-product-team,provisional-repository-inferred
/catalog/control/LookupWorkEffort,/catalog,LookupWorkEffort,true,true,,,success:view:LookupWorkEffort,applications/product/webapp/catalog/WEB-INF/controller.xml,product-catalog,catalog-product-team,provisional-repository-inferred
/catalog/control/LookupCostComponentCalc,/catalog,LookupCostComponentCalc,true,true,,,success:view:LookupCostComponentCalc,applications/product/webapp/catalog/WEB-INF/controller.xml,product-catalog,catalog-product-team,provisional-repository-inferred
/catalog/control/LookupDataResource,/catalog,LookupDataResource,true,true,,,success:view:LookupDataResource,applications/product/webapp/catalog/WEB-INF/controller.xml,product-catalog,catalog-product-team,provisional-repository-inferred
/catalog/control/LookupPerson,/catalog,LookupPerson,true,true,,,success:view:LookupPerson,applications/product/webapp/catalog/WEB-INF/controller.xml,product-catalog,catalog-product-team,provisional-repository-inferred
/catalog/control/LookupPreferredContactMech,/catalog,LookupPreferredContactMech,true,true,,,success:view:LookupPreferredContactMech,applications/product/webapp/catalog/WEB-INF/controller.xml,product-catalog,catalog-product-team,provisional-repository-inferred
/catalog/control/LookupContactList,/catalog,LookupContactList,true,true,,,success:view:LookupContactList,applications/product/webapp/catalog/WEB-INF/controller.xml,product-catalog,catalog-product-team,provisional-repository-inferred
/catalog/control/EditVendorProduct,/catalog,EditVendorProduct,true,true,,,success:view:EditVendorProduct,applications/product/webapp/catalog/WEB-INF/controller.xml,product-catalog,catalog-product-team,provisional-repository-inferred
/catalog/control/createVendorProduct,/catalog,createVendorProduct,true,true,service,createVendorProduct,success:view:EditVendorProduct;error:view:EditVendorProduct,applications/product/webapp/catalog/WEB-INF/controller.xml,product-catalog,catalog-product-team,provisional-repository-inferred
/catalog/control/deleteVendorProduct,/catalog,deleteVendorProduct,true,true,service,deleteVendorProduct,success:view:EditVendorProduct;error:view:EditVendorProduct,applications/product/webapp/catalog/WEB-INF/controller.xml,product-catalog,catalog-product-team,provisional-repository-inferred
/catalog/control/EditProductPromoContent,/catalog,EditProductPromoContent,true,true,,,success:view:EditProductPromoContent;error:view:EditProductPromoContent,applications/product/webapp/catalog/WEB-INF/controller.xml,product-catalog,catalog-product-team,provisional-repository-inferred
/catalog/control/removeContentFromProductPromo,/catalog,removeContentFromProductPromo,true,true,service,removeProductPromoContent,success:view:EditProductPromoContent;error:view:EditProductPromoContent,applications/product/webapp/catalog/WEB-INF/controller.xml,product-catalog,catalog-product-team,provisional-repository-inferred
/catalog/control/addImageContentForProductPromo,/catalog,addImageContentForProductPromo,true,true,service,addImageForProductPromo,success:view:EditProductPromoContent;error:view:EditProductPromoContent,applications/product/webapp/catalog/WEB-INF/controller.xml,product-catalog,catalog-product-team,provisional-repository-inferred
/catalog/control/getChild,/catalog,getChild,true,true,java,org.apache.ofbiz.product.category.CategoryServices:getChildCategoryTree,success:request:json;error:request:json,applications/product/webapp/catalog/WEB-INF/controller.xml,product-catalog,catalog-product-team,provisional-repository-inferred
/catalog/control/listMiniproduct,/catalog,listMiniproduct,true,true,,,success:view:listMiniproduct,applications/product/webapp/catalog/WEB-INF/controller.xml,product-catalog,catalog-product-team,provisional-repository-inferred
/catalog/control/ViewProductGroupOrder,/catalog,ViewProductGroupOrder,true,true,,,success:view:ViewProductGroupOrder,applications/product/webapp/catalog/WEB-INF/controller.xml,product-catalog,catalog-product-team,provisional-repository-inferred
/catalog/control/EditProductGroupOrder,/catalog,EditProductGroupOrder,true,true,,,success:view:EditProductGroupOrder,applications/product/webapp/catalog/WEB-INF/controller.xml,product-catalog,catalog-product-team,provisional-repository-inferred
/catalog/control/createProductGroupOrder,/catalog,createProductGroupOrder,true,true,service,createProductGroupOrder,success:view:ViewProductGroupOrder;error:view:ViewProductGroupOrder,applications/product/webapp/catalog/WEB-INF/controller.xml,product-catalog,catalog-product-team,provisional-repository-inferred
/catalog/control/updateProductGroupOrder,/catalog,updateProductGroupOrder,true,true,service,updateProductGroupOrder,success:view:ViewProductGroupOrder;error:view:EditProductGroupOrder,applications/product/webapp/catalog/WEB-INF/controller.xml,product-catalog,catalog-product-team,provisional-repository-inferred
/catalog/control/deleteProductGroupOrder,/catalog,deleteProductGroupOrder,true,true,service,deleteProductGroupOrder,success:view:ViewProductGroupOrder;error:view:ViewProductGroupOrder,applications/product/webapp/catalog/WEB-INF/controller.xml,product-catalog,catalog-product-team,provisional-repository-inferred
/catalog/control/EditProductTag,/catalog,EditProductTag,true,true,,,success:view:EditProductTag,applications/product/webapp/catalog/WEB-INF/controller.xml,product-catalog,catalog-product-team,provisional-repository-inferred
/catalog/control/updateProductTag,/catalog,updateProductTag,true,true,service-multi,updateProductKeyword,success:request-redirect:EditProductTag;error:view:EditProductTag,applications/product/webapp/catalog/WEB-INF/controller.xml,product-catalog,catalog-product-team,provisional-repository-inferred
/facility/control/view,/facility,view,true,false,,,success:request:main,applications/product/webapp/facility/WEB-INF/controller.xml,product-catalog,catalog-product-team,provisional-repository-inferred
/facility/control/main,/facility,main,true,true,,,success:view:main,applications/product/webapp/facility/WEB-INF/controller.xml,product-catalog,catalog-product-team,provisional-repository-inferred
/facility/control/FindFacility,/facility,FindFacility,true,true,,,success:view:FindFacility,applications/product/webapp/facility/WEB-INF/controller.xml,product-catalog,catalog-product-team,provisional-repository-inferred
/facility/control/FacilitySearchResults,/facility,FacilitySearchResults,true,true,,,success:view:FacilitySearchResults,applications/product/webapp/facility/WEB-INF/controller.xml,product-catalog,catalog-product-team,provisional-repository-inferred
/facility/control/EditFacility,/facility,EditFacility,true,true,,,success:view:EditFacility,applications/product/webapp/facility/WEB-INF/controller.xml,product-catalog,catalog-product-team,provisional-repository-inferred
/facility/control/FacilityChildren,/facility,FacilityChildren,true,true,,,success:view:FacilityChildren,applications/product/webapp/facility/WEB-INF/controller.xml,product-catalog,catalog-product-team,provisional-repository-inferred
/facility/control/CreateFacility,/facility,CreateFacility,true,true,service,createFacility,success:view:EditFacility;error:view:EditFacility,applications/product/webapp/facility/WEB-INF/controller.xml,product-catalog,catalog-product-team,provisional-repository-inferred
/facility/control/UpdateFacility,/facility,UpdateFacility,true,true,service,updateFacility,success:view:EditFacility;error:view:EditFacility,applications/product/webapp/facility/WEB-INF/controller.xml,product-catalog,catalog-product-team,provisional-repository-inferred
/facility/control/FindFacilityLocation,/facility,FindFacilityLocation,true,true,,,success:view:FindFacilityLocation,applications/product/webapp/facility/WEB-INF/controller.xml,product-catalog,catalog-product-team,provisional-repository-inferred
/facility/control/EditFacilityLocation,/facility,EditFacilityLocation,true,true,,,success:view:EditFacilityLocation,applications/product/webapp/facility/WEB-INF/controller.xml,product-catalog,catalog-product-team,provisional-repository-inferred
/facility/control/CreateFacilityLocation,/facility,CreateFacilityLocation,true,true,service,createFacilityLocation,success:view:EditFacilityLocation;error:view:EditFacilityLocation,applications/product/webapp/facility/WEB-INF/controller.xml,product-catalog,catalog-product-team,provisional-repository-inferred
/facility/control/UpdateFacilityLocation,/facility,UpdateFacilityLocation,true,true,service,updateFacilityLocation,success:view:EditFacilityLocation;error:view:EditFacilityLocation,applications/product/webapp/facility/WEB-INF/controller.xml,product-catalog,catalog-product-team,provisional-repository-inferred
/facility/control/createProductFacilityLocation,/facility,createProductFacilityLocation,true,true,service,createProductFacilityLocation,success:view:EditFacilityLocation;error:view:EditFacilityLocation,applications/product/webapp/facility/WEB-INF/controller.xml,product-catalog,catalog-product-team,provisional-repository-inferred
/facility/control/updateProductFacilityLocation,/facility,updateProductFacilityLocation,true,true,service,updateProductFacilityLocation,success:view:EditFacilityLocation;error:view:EditFacilityLocation,applications/product/webapp/facility/WEB-INF/controller.xml,product-catalog,catalog-product-team,provisional-repository-inferred
/facility/control/deleteProductFacilityLocation,/facility,deleteProductFacilityLocation,true,true,service,deleteProductFacilityLocation,success:view:EditFacilityLocation;error:view:EditFacilityLocation,applications/product/webapp/facility/WEB-INF/controller.xml,product-catalog,catalog-product-team,provisional-repository-inferred
/facility/control/EditFacilityInventoryItems,/facility,EditFacilityInventoryItems,true,true,,,success:view:EditFacilityInventoryItems,applications/product/webapp/facility/WEB-INF/controller.xml,product-catalog,catalog-product-team,provisional-repository-inferred
/facility/control/ViewFacilityInventoryItemsDetails,/facility,ViewFacilityInventoryItemsDetails,true,true,,,success:view:ViewFacilityInventoryItemsDetails,applications/product/webapp/facility/WEB-INF/controller.xml,product-catalog,catalog-product-team,provisional-repository-inferred
/facility/control/SearchInventoryItemsByLabels,/facility,SearchInventoryItemsByLabels,true,true,,,success:view:SearchInventoryItemsByLabels,applications/product/webapp/facility/WEB-INF/controller.xml,product-catalog,catalog-product-team,provisional-repository-inferred
/facility/control/ViewFacilityInventoryByProduct,/facility,ViewFacilityInventoryByProduct,true,true,,,success:view:ViewFacilityInventoryByProduct,applications/product/webapp/facility/WEB-INF/controller.xml,product-catalog,catalog-product-team,provisional-repository-inferred
/facility/control/ViewFacilityInventoryByProductSimple,/facility,ViewFacilityInventoryByProductSimple,true,true,,,success:view:ViewFacilityInventoryByProductSimple,applications/product/webapp/facility/WEB-INF/controller.xml,product-catalog,catalog-product-team,provisional-repository-inferred
/facility/control/ViewFacilityInventoryByProductReport,/facility,ViewFacilityInventoryByProductReport,true,true,,,success:view:ViewFacilityInventoryByProductReport,applications/product/webapp/facility/WEB-INF/controller.xml,product-catalog,catalog-product-team,provisional-repository-inferred
/facility/control/ViewFacilityInventoryByProductExport,/facility,ViewFacilityInventoryByProductExport,true,true,,,success:view:ViewFacilityInventoryByProductExport,applications/product/webapp/facility/WEB-INF/controller.xml,product-catalog,catalog-product-team,provisional-repository-inferred
/facility/control/FindFacilityTransfers,/facility,FindFacilityTransfers,true,true,,,success:view:FindFacilityTransfers,applications/product/webapp/facility/WEB-INF/controller.xml,product-catalog,catalog-product-team,provisional-repository-inferred
/facility/control/ViewContactMechs,/facility,ViewContactMechs,true,true,,,success:view:ViewContactMechs,applications/product/webapp/facility/WEB-INF/controller.xml,product-catalog,catalog-product-team,provisional-repository-inferred
/facility/control/EditContactMech,/facility,EditContactMech,true,true,,,success:view:EditContactMech,applications/product/webapp/facility/WEB-INF/controller.xml,product-catalog,catalog-product-team,provisional-repository-inferred
/facility/control/createContactMech,/facility,createContactMech,true,true,service,createFacilityContactMech,success:view:EditContactMech;error:view:EditContactMech,applications/product/webapp/facility/WEB-INF/controller.xml,product-catalog,catalog-product-team,provisional-repository-inferred
/facility/control/updateContactMech,/facility,updateContactMech,true,true,service,updateFacilityContactMech,success:view:EditContactMech;error:view:EditContactMech,applications/product/webapp/facility/WEB-INF/controller.xml,product-catalog,catalog-product-team,provisional-repository-inferred
/facility/control/deleteContactMech,/facility,deleteContactMech,true,true,service,deleteFacilityContactMech,success:view:EditContactMech;error:view:EditContactMech,applications/product/webapp/facility/WEB-INF/controller.xml,product-catalog,catalog-product-team,provisional-repository-inferred
/facility/control/createPostalAddressAndPurpose,/facility,createPostalAddressAndPurpose,true,true,service,createFacilityPostalAddress,success:view:EditContactMech;error:view:EditContactMech,applications/product/webapp/facility/WEB-INF/controller.xml,product-catalog,catalog-product-team,provisional-repository-inferred
/facility/control/createPostalAddress,/facility,createPostalAddress,true,true,service,createFacilityPostalAddress,success:view:EditContactMech;error:view:EditContactMech,applications/product/webapp/facility/WEB-INF/controller.xml,product-catalog,catalog-product-team,provisional-repository-inferred
/facility/control/updatePostalAddress,/facility,updatePostalAddress,true,true,service,updateFacilityPostalAddress,success:view:EditContactMech;error:view:EditContactMech,applications/product/webapp/facility/WEB-INF/controller.xml,product-catalog,catalog-product-team,provisional-repository-inferred
/facility/control/createTelecomNumber,/facility,createTelecomNumber,true,true,service,createFacilityTelecomNumber,success:view:EditContactMech;error:view:EditContactMech,applications/product/webapp/facility/WEB-INF/controller.xml,product-catalog,catalog-product-team,provisional-repository-inferred
/facility/control/updateTelecomNumber,/facility,updateTelecomNumber,true,true,service,updateFacilityTelecomNumber,success:view:EditContactMech;error:view:EditContactMech,applications/product/webapp/facility/WEB-INF/controller.xml,product-catalog,catalog-product-team,provisional-repository-inferred
/facility/control/createEmailAddress,/facility,createEmailAddress,true,true,service,createFacilityEmailAddress,success:view:EditContactMech;error:view:EditContactMech,applications/product/webapp/facility/WEB-INF/controller.xml,product-catalog,catalog-product-team,provisional-repository-inferred
/facility/control/updateEmailAddress,/facility,updateEmailAddress,true,true,service,updateFacilityEmailAddress,success:view:EditContactMech;error:view:EditContactMech,applications/product/webapp/facility/WEB-INF/controller.xml,product-catalog,catalog-product-team,provisional-repository-inferred
/facility/control/createFacilityContactMechPurpose,/facility,createFacilityContactMechPurpose,true,true,service,createFacilityContactMechPurpose,success:view:EditContactMech;error:view:EditContactMech,applications/product/webapp/facility/WEB-INF/controller.xml,product-catalog,catalog-product-team,provisional-repository-inferred
/facility/control/deleteFacilityContactMechPurpose,/facility,deleteFacilityContactMechPurpose,true,true,service,deleteFacilityContactMechPurpose,success:view:EditContactMech;error:view:EditContactMech,applications/product/webapp/facility/WEB-INF/controller.xml,product-catalog,catalog-product-team,provisional-repository-inferred
/facility/control/FindFacilityGroup,/facility,FindFacilityGroup,true,true,,,success:view:FindFacilityGroup,applications/product/webapp/facility/WEB-INF/controller.xml,product-catalog,catalog-product-team,provisional-repository-inferred
/facility/control/EditFacilityGroup,/facility,EditFacilityGroup,true,true,,,success:view:EditFacilityGroup,applications/product/webapp/facility/WEB-INF/controller.xml,product-catalog,catalog-product-team,provisional-repository-inferred
/facility/control/createFacilityGroup,/facility,createFacilityGroup,true,true,service,createFacilityGroup,success:view:EditFacilityGroup;error:view:EditFacilityGroup,applications/product/webapp/facility/WEB-INF/controller.xml,product-catalog,catalog-product-team,provisional-repository-inferred
/facility/control/updateFacilityGroup,/facility,updateFacilityGroup,true,true,service,updateFacilityGroup,success:view:EditFacilityGroup;error:view:EditFacilityGroup,applications/product/webapp/facility/WEB-INF/controller.xml,product-catalog,catalog-product-team,provisional-repository-inferred
/facility/control/EditFacilityGroupRollup,/facility,EditFacilityGroupRollup,true,true,,,success:view:EditFacilityGroupRollup,applications/product/webapp/facility/WEB-INF/controller.xml,product-catalog,catalog-product-team,provisional-repository-inferred
/facility/control/addFacilityGroupToGroup,/facility,addFacilityGroupToGroup,true,true,service,addFacilityGroupToGroup,success:view:EditFacilityGroupRollup;error:view:EditFacilityGroupRollup,applications/product/webapp/facility/WEB-INF/controller.xml,product-catalog,catalog-product-team,provisional-repository-inferred
/facility/control/updateFacilityGroupToGroup,/facility,updateFacilityGroupToGroup,true,true,service,updateFacilityGroupToGroup,success:view:EditFacilityGroupRollup;error:view:EditFacilityGroupRollup,applications/product/webapp/facility/WEB-INF/controller.xml,product-catalog,catalog-product-team,provisional-repository-inferred
/facility/control/removeFacilityGroupFromGroup,/facility,removeFacilityGroupFromGroup,true,true,service,removeFacilityGroupFromGroup,success:view:EditFacilityGroupRollup;error:view:EditFacilityGroupRollup,applications/product/webapp/facility/WEB-INF/controller.xml,product-catalog,catalog-product-team,provisional-repository-inferred
/facility/control/EditFacilityGroupMembers,/facility,EditFacilityGroupMembers,true,true,,,success:view:EditFacilityGroupMembers,applications/product/webapp/facility/WEB-INF/controller.xml,product-catalog,catalog-product-team,provisional-repository-inferred
/facility/control/EditFacilityGroups,/facility,EditFacilityGroups,true,true,,,success:view:EditFacilityGroups,applications/product/webapp/facility/WEB-INF/controller.xml,product-catalog,catalog-product-team,provisional-repository-inferred
/facility/control/addFacilityToGroup,/facility,addFacilityToGroup,true,true,service,addFacilityToGroup,success:view:EditFacilityGroupMembers;error:view:EditFacilityGroupMembers,applications/product/webapp/facility/WEB-INF/controller.xml,product-catalog,catalog-product-team,provisional-repository-inferred
/facility/control/addGroupToFacility,/facility,addGroupToFacility,true,true,service,addFacilityToGroup,success:view:EditFacilityGroups;error:view:EditFacilityGroups,applications/product/webapp/facility/WEB-INF/controller.xml,product-catalog,catalog-product-team,provisional-repository-inferred
/facility/control/updateFacilityToGroup,/facility,updateFacilityToGroup,true,true,service,updateFacilityToGroup,success:view:EditFacilityGroupMembers;error:view:EditFacilityGroupMembers,applications/product/webapp/facility/WEB-INF/controller.xml,product-catalog,catalog-product-team,provisional-repository-inferred
/facility/control/updateGroupToFacility,/facility,updateGroupToFacility,true,true,service,updateFacilityToGroup,success:view:EditFacilityGroups;error:view:EditFacilityGroups,applications/product/webapp/facility/WEB-INF/controller.xml,product-catalog,catalog-product-team,provisional-repository-inferred
/facility/control/removeFacilityFromGroup,/facility,removeFacilityFromGroup,true,true,service,removeFacilityFromGroup,success:view:EditFacilityGroupMembers;error:view:EditFacilityGroupMembers,applications/product/webapp/facility/WEB-INF/controller.xml,product-catalog,catalog-product-team,provisional-repository-inferred
/facility/control/removeGroupFromFacility,/facility,removeGroupFromFacility,true,true,service,removeFacilityFromGroup,success:view:EditFacilityGroups;error:view:EditFacilityGroups,applications/product/webapp/facility/WEB-INF/controller.xml,product-catalog,catalog-product-team,provisional-repository-inferred
/facility/control/EditFacilityGroupRoles,/facility,EditFacilityGroupRoles,true,true,,,success:view:EditFacilityGroupRoles,applications/product/webapp/facility/WEB-INF/controller.xml,product-catalog,catalog-product-team,provisional-repository-inferred
/facility/control/addPartyToFacilityGroup,/facility,addPartyToFacilityGroup,true,true,service,addPartyToFacilityGroup,success:view:EditFacilityGroupRoles;error:view:EditFacilityGroupRoles,applications/product/webapp/facility/WEB-INF/controller.xml,product-catalog,catalog-product-team,provisional-repository-inferred
/facility/control/removePartyFromFacilityGroup,/facility,removePartyFromFacilityGroup,true,true,service,removePartyFromFacilityGroup,success:view:EditFacilityGroupRoles;error:view:EditFacilityGroupRoles,applications/product/webapp/facility/WEB-INF/controller.xml,product-catalog,catalog-product-team,provisional-repository-inferred
/facility/control/EditFacilityParties,/facility,EditFacilityParties,true,true,,,success:view:EditFacilityParties,applications/product/webapp/facility/WEB-INF/controller.xml,product-catalog,catalog-product-team,provisional-repository-inferred
/facility/control/addPartyToFacility,/facility,addPartyToFacility,true,true,service,addPartyToFacility,success:view:EditFacilityParties;error:view:EditFacilityParties,applications/product/webapp/facility/WEB-INF/controller.xml,product-catalog,catalog-product-team,provisional-repository-inferred
/facility/control/updateFacilityParty,/facility,updateFacilityParty,true,true,service,updateFacilityParty,success:request-redirect:EditFacilityParties;error:view:EditFacilityParties,applications/product/webapp/facility/WEB-INF/controller.xml,product-catalog,catalog-product-team,provisional-repository-inferred
/facility/control/removePartyFromFacility,/facility,removePartyFromFacility,true,true,service,removePartyFromFacility,success:view:EditFacilityParties;error:view:EditFacilityParties,applications/product/webapp/facility/WEB-INF/controller.xml,product-catalog,catalog-product-team,provisional-repository-inferred
/facility/control/EditInventoryItemLabelTypes,/facility,EditInventoryItemLabelTypes,true,true,,,success:view:EditInventoryItemLabelTypes,applications/product/webapp/facility/WEB-INF/controller.xml,product-catalog,catalog-product-team,provisional-repository-inferred
/facility/control/createInventoryItemLabelType,/facility,createInventoryItemLabelType,true,true,service,createInventoryItemLabelType,success:view:EditInventoryItemLabelTypes;error:view:EditInventoryItemLabelTypes,applications/product/webapp/facility/WEB-INF/controller.xml,product-catalog,catalog-product-team,provisional-repository-inferred
/facility/control/updateInventoryItemLabelType,/facility,updateInventoryItemLabelType,true,true,service,updateInventoryItemLabelType,success:view:EditInventoryItemLabelTypes;error:view:EditInventoryItemLabelTypes,applications/product/webapp/facility/WEB-INF/controller.xml,product-catalog,catalog-product-team,provisional-repository-inferred
/facility/control/deleteInventoryItemLabelType,/facility,deleteInventoryItemLabelType,true,true,service,deleteInventoryItemLabelType,success:view:EditInventoryItemLabelTypes;error:view:EditInventoryItemLabelTypes,applications/product/webapp/facility/WEB-INF/controller.xml,product-catalog,catalog-product-team,provisional-repository-inferred
/facility/control/FindInventoryItemLabels,/facility,FindInventoryItemLabels,true,true,,,success:view:FindInventoryItemLabels,applications/product/webapp/facility/WEB-INF/controller.xml,product-catalog,catalog-product-team,provisional-repository-inferred
/facility/control/deleteInventoryItemLabel,/facility,deleteInventoryItemLabel,true,true,service,deleteInventoryItemLabel,success:view:FindInventoryItemLabels;error:view:FindInventoryItemLabels,applications/product/webapp/facility/WEB-INF/controller.xml,product-catalog,catalog-product-team,provisional-repository-inferred
/facility/control/EditInventoryItemLabel,/facility,EditInventoryItemLabel,true,true,,,success:view:EditInventoryItemLabel,applications/product/webapp/facility/WEB-INF/controller.xml,product-catalog,catalog-product-team,provisional-repository-inferred
/facility/control/createInventoryItemLabel,/facility,createInventoryItemLabel,true,true,service,createInventoryItemLabel,success:view:EditInventoryItemLabel;error:view:EditInventoryItemLabel,applications/product/webapp/facility/WEB-INF/controller.xml,product-catalog,catalog-product-team,provisional-repository-inferred
/facility/control/updateInventoryItemLabel,/facility,updateInventoryItemLabel,true,true,service,updateInventoryItemLabel,success:view:EditInventoryItemLabel;error:view:EditInventoryItemLabel,applications/product/webapp/facility/WEB-INF/controller.xml,product-catalog,catalog-product-team,provisional-repository-inferred
/facility/control/EditInventoryItemLabelAppls,/facility,EditInventoryItemLabelAppls,true,true,,,success:view:EditInventoryItemLabelAppls,applications/product/webapp/facility/WEB-INF/controller.xml,product-catalog,catalog-product-team,provisional-repository-inferred
/facility/control/createInventoryItemLabelAppl,/facility,createInventoryItemLabelAppl,true,true,service,createInventoryItemLabelAppl,success:view:EditInventoryItemLabelAppls;error:view:EditInventoryItemLabelAppls,applications/product/webapp/facility/WEB-INF/controller.xml,product-catalog,catalog-product-team,provisional-repository-inferred
/facility/control/updateInventoryItemLabelAppl,/facility,updateInventoryItemLabelAppl,true,true,service,updateInventoryItemLabelAppl,success:view:EditInventoryItemLabelAppls;error:view:EditInventoryItemLabelAppls,applications/product/webapp/facility/WEB-INF/controller.xml,product-catalog,catalog-product-team,provisional-repository-inferred
/facility/control/deleteInventoryItemLabelAppl,/facility,deleteInventoryItemLabelAppl,true,true,service,deleteInventoryItemLabelAppl,success:view:EditInventoryItemLabelAppls;error:view:EditInventoryItemLabelAppls,applications/product/webapp/facility/WEB-INF/controller.xml,product-catalog,catalog-product-team,provisional-repository-inferred
/facility/control/EditInventoryItem,/facility,EditInventoryItem,true,true,,,success:view:EditInventoryItem,applications/product/webapp/facility/WEB-INF/controller.xml,product-catalog,catalog-product-team,provisional-repository-inferred
/facility/control/ViewInventoryItemDetail,/facility,ViewInventoryItemDetail,true,true,,,success:view:ViewInventoryItemDetail,applications/product/webapp/facility/WEB-INF/controller.xml,product-catalog,catalog-product-team,provisional-repository-inferred
/facility/control/EditInventoryItemLabels,/facility,EditInventoryItemLabels,true,true,,,success:view:EditInventoryItemLabels,applications/product/webapp/facility/WEB-INF/controller.xml,product-catalog,catalog-product-team,provisional-repository-inferred
/facility/control/CreateInventoryItem,/facility,CreateInventoryItem,true,true,service,createInventoryItem,success:view:EditInventoryItem;error:view:EditInventoryItem,applications/product/webapp/facility/WEB-INF/controller.xml,product-catalog,catalog-product-team,provisional-repository-inferred
/facility/control/UpdateInventoryItem,/facility,UpdateInventoryItem,true,true,service,updateInventoryItem,success:view:EditInventoryItem;error:view:EditInventoryItem,applications/product/webapp/facility/WEB-INF/controller.xml,product-catalog,catalog-product-team,provisional-repository-inferred
/facility/control/createPhysicalInventoryAndVariance,/facility,createPhysicalInventoryAndVariance,true,true,service,createPhysicalInventoryAndVariance,success:view:EditInventoryItem;error:view:EditInventoryItem,applications/product/webapp/facility/WEB-INF/controller.xml,product-catalog,catalog-product-team,provisional-repository-inferred
/facility/control/createPhysicalVariances,/facility,createPhysicalVariances,true,true,service-multi,createPhysicalInventoryAndVariance,success:view:FindFacilityPhysicalInventory;error:view:FindFacilityPhysicalInventory,applications/product/webapp/facility/WEB-INF/controller.xml,product-catalog,catalog-product-team,provisional-repository-inferred
/facility/control/createInventoryItemLabelApplFromItem,/facility,createInventoryItemLabelApplFromItem,true,true,service,createInventoryItemLabelAppl,success:view:EditInventoryItemLabels;error:view:EditInventoryItemLabels,applications/product/webapp/facility/WEB-INF/controller.xml,product-catalog,catalog-product-team,provisional-repository-inferred
/facility/control/updateInventoryItemLabelApplFromItem,/facility,updateInventoryItemLabelApplFromItem,true,true,service,updateInventoryItemLabelAppl,success:view:EditInventoryItemLabels;error:view:EditInventoryItemLabels,applications/product/webapp/facility/WEB-INF/controller.xml,product-catalog,catalog-product-team,provisional-repository-inferred
/facility/control/deleteInventoryItemLabelApplFromItem,/facility,deleteInventoryItemLabelApplFromItem,true,true,service,deleteInventoryItemLabelAppl,success:view:EditInventoryItemLabels;error:view:EditInventoryItemLabels,applications/product/webapp/facility/WEB-INF/controller.xml,product-catalog,catalog-product-team,provisional-repository-inferred
/facility/control/FindFacilityPhysicalInventory,/facility,FindFacilityPhysicalInventory,true,true,,,success:view:FindFacilityPhysicalInventory,applications/product/webapp/facility/WEB-INF/controller.xml,product-catalog,catalog-product-team,provisional-repository-inferred
/facility/control/cancelReceivedItems,/facility,cancelReceivedItems,true,true,service,cancelReceivedItems,success:view:ReceiveInventory;error:view:ReceiveInventory,applications/product/webapp/facility/WEB-INF/controller.xml,product-catalog,catalog-product-team,provisional-repository-inferred
/facility/control/TransferInventoryItem,/facility,TransferInventoryItem,true,true,,,success:view:TransferInventoryItem,applications/product/webapp/facility/WEB-INF/controller.xml,product-catalog,catalog-product-team,provisional-repository-inferred
/facility/control/createInventoryTransfersForProduct,/facility,createInventoryTransfersForProduct,true,true,service,createInventoryTransfersForProduct,success:view:FindFacilityTransfers;error:view:FindFacilityTransfers,applications/product/webapp/facility/WEB-INF/controller.xml,product-catalog,catalog-product-team,provisional-repository-inferred
/facility/control/CreateInventoryTransfer,/facility,CreateInventoryTransfer,true,true,service,createInventoryTransfer,success:view:FindFacilityTransfers;error:view:FindFacilityTransfers,applications/product/webapp/facility/WEB-INF/controller.xml,product-catalog,catalog-product-team,provisional-repository-inferred
/facility/control/UpdateInventoryTransfer,/facility,UpdateInventoryTransfer,true,true,service,updateInventoryTransfer,success:view:FindFacilityTransfers;error:view:FindFacilityTransfers,applications/product/webapp/facility/WEB-INF/controller.xml,product-catalog,catalog-product-team,provisional-repository-inferred
/facility/control/CompleteRequestedTransfers,/facility,CompleteRequestedTransfers,true,true,service-multi,updateInventoryTransfer,success:view:FindFacilityTransfers;error:view:FindFacilityTransfers,applications/product/webapp/facility/WEB-INF/controller.xml,product-catalog,catalog-product-team,provisional-repository-inferred
/facility/control/ReceiveInventory,/facility,ReceiveInventory,true,true,,,success:view:ReceiveInventory,applications/product/webapp/facility/WEB-INF/controller.xml,product-catalog,catalog-product-team,provisional-repository-inferred
/facility/control/receiveInventoryProduct,/facility,receiveInventoryProduct,true,true,service-multi,receiveInventoryProduct,success:request:checkForceShipmentReceived;error:view:ReceiveInventory,applications/product/webapp/facility/WEB-INF/controller.xml,product-catalog,catalog-product-team,provisional-repository-inferred
/facility/control/checkForceShipmentReceived,/facility,checkForceShipmentReceived,true,true,java,org.apache.ofbiz.shipment.shipment.ShipmentEvents:checkForceShipmentReceived,success:view:ReceiveInventory;error:view:ReceiveInventory,applications/product/webapp/facility/WEB-INF/controller.xml,product-catalog,catalog-product-team,provisional-repository-inferred
/facility/control/receiveSingleInventoryProduct,/facility,receiveSingleInventoryProduct,true,true,service,receiveInventoryProduct,success:request:EditInventoryItem;error:view:ReceiveInventory,applications/product/webapp/facility/WEB-INF/controller.xml,product-catalog,catalog-product-team,provisional-repository-inferred
/facility/control/ReceiveReturn,/facility,ReceiveReturn,true,true,,,success:view:ReceiveReturn,applications/product/webapp/facility/WEB-INF/controller.xml,product-catalog,catalog-product-team,provisional-repository-inferred
/facility/control/receiveReturnedProduct,/facility,receiveReturnedProduct,true,true,service-multi,receiveInventoryProduct,success:view:ReceiveReturn;error:view:ReceiveReturn,applications/product/webapp/facility/WEB-INF/controller.xml,product-catalog,catalog-product-team,provisional-repository-inferred
/facility/control/UpdatedInventoryItemStatus,/facility,UpdatedInventoryItemStatus,true,true,,,success:view:UpdatedInventoryItemStatus,applications/product/webapp/facility/WEB-INF/controller.xml,product-catalog,catalog-product-team,provisional-repository-inferred
/facility/control/PicklistOptions,/facility,PicklistOptions,true,true,,,success:view:PicklistOptions,applications/product/webapp/facility/WEB-INF/controller.xml,product-catalog,catalog-product-team,provisional-repository-inferred
/facility/control/createPicklistFromOrders,/facility,createPicklistFromOrders,true,true,service,createPicklistFromOrders,success:view:PicklistOptions;error:view:PicklistOptions,applications/product/webapp/facility/WEB-INF/controller.xml,product-catalog,catalog-product-team,provisional-repository-inferred
/facility/control/PicklistManage,/facility,PicklistManage,true,true,,,success:view:PicklistManage,applications/product/webapp/facility/WEB-INF/controller.xml,product-catalog,catalog-product-team,provisional-repository-inferred
/facility/control/updatePicklist,/facility,updatePicklist,true,true,service,updatePicklist,success:view:PicklistManage;error:view:PicklistManage,applications/product/webapp/facility/WEB-INF/controller.xml,product-catalog,catalog-product-team,provisional-repository-inferred
/facility/control/createPicklistRole,/facility,createPicklistRole,true,true,service,createPicklistRole,success:view:PicklistManage;error:view:PicklistManage,applications/product/webapp/facility/WEB-INF/controller.xml,product-catalog,catalog-product-team,provisional-repository-inferred
/facility/control/updatePicklistBin,/facility,updatePicklistBin,true,true,service,updatePicklistBin,success:view:PicklistManage;error:view:PicklistManage,applications/product/webapp/facility/WEB-INF/controller.xml,product-catalog,catalog-product-team,provisional-repository-inferred
/facility/control/deletePicklistBin,/facility,deletePicklistBin,true,true,service,deletePicklistBin,success:view:PicklistManage;error:view:PicklistManage,applications/product/webapp/facility/WEB-INF/controller.xml,product-catalog,catalog-product-team,provisional-repository-inferred
/facility/control/deletePicklistItem,/facility,deletePicklistItem,true,true,service,deletePicklistItem,success:view:PicklistManage;error:view:PicklistManage,applications/product/webapp/facility/WEB-INF/controller.xml,product-catalog,catalog-product-team,provisional-repository-inferred
/facility/control/editPicklistItem,/facility,editPicklistItem,true,true,service,editPicklistItem,success:view:PicklistManage;error:view:PicklistManage,applications/product/webapp/facility/WEB-INF/controller.xml,product-catalog,catalog-product-team,provisional-repository-inferred
/facility/control/PicklistReport.pdf,/facility,PicklistReport.pdf,true,true,,,success:view:PicklistReport.pdf,applications/product/webapp/facility/WEB-INF/controller.xml,product-catalog,catalog-product-team,provisional-repository-inferred
/facility/control/PickMoveStock,/facility,PickMoveStock,true,true,,,success:view:PickMoveStock,applications/product/webapp/facility/WEB-INF/controller.xml,product-catalog,catalog-product-team,provisional-repository-inferred
/facility/control/PickMoveStockSimple,/facility,PickMoveStockSimple,true,true,,,success:view:PickMoveStockSimple,applications/product/webapp/facility/WEB-INF/controller.xml,product-catalog,catalog-product-team,provisional-repository-inferred
/facility/control/processPhysicalStockMove,/facility,processPhysicalStockMove,true,true,service-multi,processPhysicalStockMove,success:view:PickMoveStock;error:view:PickMoveStock,applications/product/webapp/facility/WEB-INF/controller.xml,product-catalog,catalog-product-team,provisional-repository-inferred
/facility/control/processQuickStockMove,/facility,processQuickStockMove,true,true,service,processPhysicalStockMove,success:view:PickMoveStock;error:view:PickMoveStock,applications/product/webapp/facility/WEB-INF/controller.xml,product-catalog,catalog-product-team,provisional-repository-inferred
/facility/control/printPickSheets,/facility,printPickSheets,true,true,service,printPickSheets,success:view:PrintPickSheets.pdf;error:view:PicklistOptions,applications/product/webapp/facility/WEB-INF/controller.xml,product-catalog,catalog-product-team,provisional-repository-inferred
/facility/control/ReviewOrdersNotPickedOrPacked,/facility,ReviewOrdersNotPickedOrPacked,true,true,,,success:view:ReviewOrdersNotPickedOrPacked,applications/product/webapp/facility/WEB-INF/controller.xml,product-catalog,catalog-product-team,provisional-repository-inferred
/facility/control/VerifyPick,/facility,VerifyPick,true,true,,,success:view:VerifyPick,applications/product/webapp/facility/WEB-INF/controller.xml,product-catalog,catalog-product-team,provisional-repository-inferred
/facility/control/processVerifyPick,/facility,processVerifyPick,true,true,service,verifySingleItem,success:view:VerifyPick;error:view:VerifyPick,applications/product/webapp/facility/WEB-INF/controller.xml,product-catalog,catalog-product-team,provisional-repository-inferred
/facility/control/processBulkVerifyPick,/facility,processBulkVerifyPick,true,true,service,verifyBulkItem,success:view:VerifyPick;error:view:VerifyPick,applications/product/webapp/facility/WEB-INF/controller.xml,product-catalog,catalog-product-team,provisional-repository-inferred
/facility/control/cancelAllRows,/facility,cancelAllRows,true,true,service,cancelAllRows,success:view:VerifyPick;error:view:VerifyPick,applications/product/webapp/facility/WEB-INF/controller.xml,product-catalog,catalog-product-team,provisional-repository-inferred
/facility/control/completeVerifiedPick,/facility,completeVerifiedPick,true,true,service,completeVerifiedPick,success:view:VerifyPick;error:view:VerifyPick,applications/product/webapp/facility/WEB-INF/controller.xml,product-catalog,catalog-product-team,provisional-repository-inferred
/facility/control/WeightPackageOnly,/facility,WeightPackageOnly,true,true,,,success:view:WeightPackageOnly;error:view:WeightPackageOnly,applications/product/webapp/facility/WEB-INF/controller.xml,product-catalog,catalog-product-team,provisional-repository-inferred
/facility/control/setPackageInfo,/facility,setPackageInfo,true,true,service,setPackageInfo,success:view:WeightPackageOnly;error:view:WeightPackageOnly,applications/product/webapp/facility/WEB-INF/controller.xml,product-catalog,catalog-product-team,provisional-repository-inferred
/facility/control/updatePackedLine,/facility,updatePackedLine,true,true,service,updatePackedLine,success:view:WeightPackageOnly;error:view:WeightPackageOnly,applications/product/webapp/facility/WEB-INF/controller.xml,product-catalog,catalog-product-team,provisional-repository-inferred
/facility/control/deletePackedLine,/facility,deletePackedLine,true,true,service,deletePackedLine,success:view:WeightPackageOnly;error:view:WeightPackageOnly,applications/product/webapp/facility/WEB-INF/controller.xml,product-catalog,catalog-product-team,provisional-repository-inferred
/facility/control/shipNow,/facility,shipNow,true,true,service,completeShipment,success:view:WeightPackageOnly;error:view:WeightPackageOnly,applications/product/webapp/facility/WEB-INF/controller.xml,product-catalog,catalog-product-team,provisional-repository-inferred
/facility/control/HoldShipment,/facility,HoldShipment,true,true,,,success:view:WeightPackageOnly;error:view:WeightPackageOnly,applications/product/webapp/facility/WEB-INF/controller.xml,product-catalog,catalog-product-team,provisional-repository-inferred
/facility/control/completePackage,/facility,completePackage,true,true,service,completePackage,success:view:WeightPackageOnly;error:request:savePackagesInfo,applications/product/webapp/facility/WEB-INF/controller.xml,product-catalog,catalog-product-team,provisional-repository-inferred
/facility/control/savePackagesInfo,/facility,savePackagesInfo,true,true,service,savePackagesInfo,success:view:WeightPackageOnly;error:view:WeightPackageOnly,applications/product/webapp/facility/WEB-INF/controller.xml,product-catalog,catalog-product-team,provisional-repository-inferred
/facility/control/PackOrder,/facility,PackOrder,true,true,,,success:view:PackOrder,applications/product/webapp/facility/WEB-INF/controller.xml,product-catalog,catalog-product-team,provisional-repository-inferred
/facility/control/ProcessPackOrder,/facility,ProcessPackOrder,true,true,service,packSingleItem,success:view:PackOrder;error:view:PackOrder,applications/product/webapp/facility/WEB-INF/controller.xml,product-catalog,catalog-product-team,provisional-repository-inferred
/facility/control/ProcessBulkPackOrder,/facility,ProcessBulkPackOrder,true,true,service,packBulkItems,success:view:PackOrder;error:view:PackOrder,applications/product/webapp/facility/WEB-INF/controller.xml,product-catalog,catalog-product-team,provisional-repository-inferred
/facility/control/SetNextPackageSeq,/facility,SetNextPackageSeq,true,true,service,setNextPackageSeq,success:view:PackOrder;error:view:PackOrder,applications/product/webapp/facility/WEB-INF/controller.xml,product-catalog,catalog-product-team,provisional-repository-inferred
/facility/control/ClearPackLine,/facility,ClearPackLine,true,true,service,clearPackLine,success:view:PackOrder;error:view:PackOrder,applications/product/webapp/facility/WEB-INF/controller.xml,product-catalog,catalog-product-team,provisional-repository-inferred
/facility/control/ClearPackAll,/facility,ClearPackAll,true,true,service,clearPackAll,success:view:PackOrder;error:view:PackOrder,applications/product/webapp/facility/WEB-INF/controller.xml,product-catalog,catalog-product-team,provisional-repository-inferred
/facility/control/calcPackSessionAdditionalShippingCharge,/facility,calcPackSessionAdditionalShippingCharge,true,true,service,calcPackSessionAdditionalShippingCharge,success:view:PackOrder;error:view:PackOrder,applications/product/webapp/facility/WEB-INF/controller.xml,product-catalog,catalog-product-team,provisional-repository-inferred
/facility/control/CompletePack,/facility,CompletePack,true,true,service,completePack,success:view:PackOrder;error:view:PackOrder,applications/product/webapp/facility/WEB-INF/controller.xml,product-catalog,catalog-product-team,provisional-repository-inferred
/facility/control/PackingSlip.pdf,/facility,PackingSlip.pdf,true,true,,,success:view:PackingSlip.pdf,applications/product/webapp/facility/WEB-INF/controller.xml,product-catalog,catalog-product-team,provisional-repository-inferred
/facility/control/ShipmentBarCode.pdf,/facility,ShipmentBarCode.pdf,true,true,,,success:view:ShipmentBarCode.pdf,applications/product/webapp/facility/WEB-INF/controller.xml,product-catalog,catalog-product-team,provisional-repository-inferred
/facility/control/ShipmentManifest.pdf,/facility,ShipmentManifest.pdf,true,true,,,success:view:ShipmentManifest.pdf,applications/product/webapp/facility/WEB-INF/controller.xml,product-catalog,catalog-product-team,provisional-repository-inferred
/facility/control/EditFacilityContent,/facility,EditFacilityContent,true,true,,,success:view:EditFacilityContent,applications/product/webapp/facility/WEB-INF/controller.xml,product-catalog,catalog-product-team,provisional-repository-inferred
/facility/control/createFacilityContent,/facility,createFacilityContent,true,true,simple,component://product/minilang/product/storage/FacilityEvents.xml:createFacilityContent,success:request-redirect:EditFacilityContent;error:view:EditFacilityContent,applications/product/webapp/facility/WEB-INF/controller.xml,product-catalog,catalog-product-team,provisional-repository-inferred
/facility/control/deleteFacilityContent,/facility,deleteFacilityContent,true,true,service,deleteFacilityContent,success:request-redirect:EditFacilityContent;error:view:EditFacilityContent,applications/product/webapp/facility/WEB-INF/controller.xml,product-catalog,catalog-product-team,provisional-repository-inferred
/facility/control/EditFacilityGeoPoint,/facility,EditFacilityGeoPoint,true,true,,,success:view:EditFacilityGeoPoint,applications/product/webapp/facility/WEB-INF/controller.xml,product-catalog,catalog-product-team,provisional-repository-inferred
/facility/control/createUpdateFacilityGeoPoint,/facility,createUpdateFacilityGeoPoint,true,true,service,createUpdateFacilityGeoPoint,success:view:EditFacilityGeoPoint;error:view:EditFacilityGeoPoint,applications/product/webapp/facility/WEB-INF/controller.xml,product-catalog,catalog-product-team,provisional-repository-inferred
/facility/control/FindShipment,/facility,FindShipment,true,true,,,success:view:FindShipment,applications/product/webapp/facility/WEB-INF/controller.xml,product-catalog,catalog-product-team,provisional-repository-inferred
/facility/control/ViewShipment,/facility,ViewShipment,true,true,,,success:view:ViewShipment,applications/product/webapp/facility/WEB-INF/controller.xml,product-catalog,catalog-product-team,provisional-repository-inferred
/facility/control/EditShipment,/facility,EditShipment,true,true,,,success:view:EditShipment,applications/product/webapp/facility/WEB-INF/controller.xml,product-catalog,catalog-product-team,provisional-repository-inferred
/facility/control/createShipment,/facility,createShipment,true,true,service,createShipment,success:request-redirect:EditShipment;error:view:EditShipment,applications/product/webapp/facility/WEB-INF/controller.xml,product-catalog,catalog-product-team,provisional-repository-inferred
/facility/control/updateShipment,/facility,updateShipment,true,true,service,updateShipment,success:view:EditShipment;error:view:EditShipment,applications/product/webapp/facility/WEB-INF/controller.xml,product-catalog,catalog-product-team,provisional-repository-inferred
/facility/control/createShipmentAndItemsForVendorReturn,/facility,createShipmentAndItemsForVendorReturn,true,true,service,createShipmentAndItemsForVendorReturn,success:view:EditShipment;error:view:EditShipment,applications/product/webapp/facility/WEB-INF/controller.xml,product-catalog,catalog-product-team,provisional-repository-inferred
/facility/control/setShipmentSettingsFromPrimaryOrder,/facility,setShipmentSettingsFromPrimaryOrder,true,true,service,setShipmentSettingsFromPrimaryOrder,success:view:EditShipment;error:view:EditShipment,applications/product/webapp/facility/WEB-INF/controller.xml,product-catalog,catalog-product-team,provisional-repository-inferred
/facility/control/quickShipOrder,/facility,quickShipOrder,true,true,,,success:view:QuickShipOrder,applications/product/webapp/facility/WEB-INF/controller.xml,product-catalog,catalog-product-team,provisional-repository-inferred
/facility/control/quickReceivePurchaseOrder,/facility,quickReceivePurchaseOrder,true,true,service,quickReceivePurchaseOrder,success:view:ReceiveInventory;error:view:ReceiveInventory,applications/product/webapp/facility/WEB-INF/controller.xml,product-catalog,catalog-product-team,provisional-repository-inferred
/facility/control/createQuickShipment,/facility,createQuickShipment,true,true,service,quickShipEntireOrder,success:view:QuickShipOrder;error:view:QuickShipOrder,applications/product/webapp/facility/WEB-INF/controller.xml,product-catalog,catalog-product-team,provisional-repository-inferred
/facility/control/setQuickPackageWeight,/facility,setQuickPackageWeight,true,true,service,updateShipmentPackage,success:view:QuickShipOrder;error:view:QuickShipOrder,applications/product/webapp/facility/WEB-INF/controller.xml,product-catalog,catalog-product-team,provisional-repository-inferred
/facility/control/setQuickRouteInfo,/facility,setQuickRouteInfo,true,true,service,updateShipmentRouteSegment,success:view:QuickShipOrder;error:view:QuickShipOrder,applications/product/webapp/facility/WEB-INF/controller.xml,product-catalog,catalog-product-team,provisional-repository-inferred
/facility/control/EditShipmentItems,/facility,EditShipmentItems,true,true,,,success:view:EditShipmentItems,applications/product/webapp/facility/WEB-INF/controller.xml,product-catalog,catalog-product-team,provisional-repository-inferred
/facility/control/createShipmentItem,/facility,createShipmentItem,true,true,service,createShipmentItem,success:view:EditShipmentItems;error:view:EditShipmentItems,applications/product/webapp/facility/WEB-INF/controller.xml,product-catalog,catalog-product-team,provisional-repository-inferred
/facility/control/deleteShipmentItem,/facility,deleteShipmentItem,true,true,service,deleteShipmentItem,success:view:EditShipmentItems;error:view:EditShipmentItems,applications/product/webapp/facility/WEB-INF/controller.xml,product-catalog,catalog-product-team,provisional-repository-inferred
/facility/control/deleteShipmentItemIssuance,/facility,deleteShipmentItemIssuance,true,true,service,deleteItemIssuance,success:view:EditShipmentItems;error:view:EditShipmentItems,applications/product/webapp/facility/WEB-INF/controller.xml,product-catalog,catalog-product-team,provisional-repository-inferred
/facility/control/createShipmentItemPackageContent,/facility,createShipmentItemPackageContent,true,true,service,createShipmentPackageContent,success:view:EditShipmentItems;error:view:EditShipmentItems,applications/product/webapp/facility/WEB-INF/controller.xml,product-catalog,catalog-product-team,provisional-repository-inferred
/facility/control/deleteShipmentItemPackageContent,/facility,deleteShipmentItemPackageContent,true,true,service,deleteShipmentPackageContent,success:view:EditShipmentItems;error:view:EditShipmentItems,applications/product/webapp/facility/WEB-INF/controller.xml,product-catalog,catalog-product-team,provisional-repository-inferred
/facility/control/EditShipmentPackages,/facility,EditShipmentPackages,true,true,,,success:view:EditShipmentPackages,applications/product/webapp/facility/WEB-INF/controller.xml,product-catalog,catalog-product-team,provisional-repository-inferred
/facility/control/createShipmentPackage,/facility,createShipmentPackage,true,true,service,createShipmentPackage,success:view:EditShipmentPackages;error:view:EditShipmentPackages,applications/product/webapp/facility/WEB-INF/controller.xml,product-catalog,catalog-product-team,provisional-repository-inferred
/facility/control/updateShipmentPackage,/facility,updateShipmentPackage,true,true,service,updateShipmentPackage,success:view:EditShipmentPackages;error:view:EditShipmentPackages,applications/product/webapp/facility/WEB-INF/controller.xml,product-catalog,catalog-product-team,provisional-repository-inferred
/facility/control/deleteShipmentPackage,/facility,deleteShipmentPackage,true,true,service,deleteShipmentPackage,success:view:EditShipmentPackages;error:view:EditShipmentPackages,applications/product/webapp/facility/WEB-INF/controller.xml,product-catalog,catalog-product-team,provisional-repository-inferred
/facility/control/createShipmentPackageContent,/facility,createShipmentPackageContent,true,true,service,createShipmentPackageContent,success:view:EditShipmentPackages;error:view:EditShipmentPackages,applications/product/webapp/facility/WEB-INF/controller.xml,product-catalog,catalog-product-team,provisional-repository-inferred
/facility/control/deleteShipmentPackageContent,/facility,deleteShipmentPackageContent,true,true,service,deleteShipmentPackageContent,success:view:EditShipmentPackages;error:view:EditShipmentPackages,applications/product/webapp/facility/WEB-INF/controller.xml,product-catalog,catalog-product-team,provisional-repository-inferred
/facility/control/createShipmentPackageRouteSeg,/facility,createShipmentPackageRouteSeg,true,true,service,createShipmentPackageRouteSeg,success:view:EditShipmentPackages;error:view:EditShipmentPackages,applications/product/webapp/facility/WEB-INF/controller.xml,product-catalog,catalog-product-team,provisional-repository-inferred
/facility/control/updateShipmentPackageRouteSeg,/facility,updateShipmentPackageRouteSeg,true,true,service,updateShipmentPackageRouteSeg,success:view:EditShipmentPackages;error:view:EditShipmentPackages,applications/product/webapp/facility/WEB-INF/controller.xml,product-catalog,catalog-product-team,provisional-repository-inferred
/facility/control/deleteShipmentPackageRouteSeg,/facility,deleteShipmentPackageRouteSeg,true,true,service,deleteShipmentPackageRouteSeg,success:view:EditShipmentPackages;error:view:EditShipmentPackages,applications/product/webapp/facility/WEB-INF/controller.xml,product-catalog,catalog-product-team,provisional-repository-inferred
/facility/control/EditShipmentRouteSegments,/facility,EditShipmentRouteSegments,true,true,,,success:view:EditShipmentRouteSegments,applications/product/webapp/facility/WEB-INF/controller.xml,product-catalog,catalog-product-team,provisional-repository-inferred
/facility/control/createShipmentRouteSegment,/facility,createShipmentRouteSegment,true,true,service,createShipmentRouteSegment,success:view:EditShipmentRouteSegments;error:view:EditShipmentRouteSegments,applications/product/webapp/facility/WEB-INF/controller.xml,product-catalog,catalog-product-team,provisional-repository-inferred
/facility/control/updateShipmentRouteSegment,/facility,updateShipmentRouteSegment,true,true,service,updateShipmentRouteSegment,success:view:EditShipmentRouteSegments;error:view:EditShipmentRouteSegments,applications/product/webapp/facility/WEB-INF/controller.xml,product-catalog,catalog-product-team,provisional-repository-inferred
/facility/control/deleteShipmentRouteSegment,/facility,deleteShipmentRouteSegment,true,true,service,deleteShipmentRouteSegment,success:view:EditShipmentRouteSegments;error:view:EditShipmentRouteSegments,applications/product/webapp/facility/WEB-INF/controller.xml,product-catalog,catalog-product-team,provisional-repository-inferred
/facility/control/duplicateShipmentRouteSegment,/facility,duplicateShipmentRouteSegment,true,true,service,duplicateShipmentRouteSegment,success:view:EditShipmentRouteSegments;error:view:EditShipmentRouteSegments,applications/product/webapp/facility/WEB-INF/controller.xml,product-catalog,catalog-product-team,provisional-repository-inferred
/facility/control/createRouteSegmentShipmentPackage,/facility,createRouteSegmentShipmentPackage,true,true,service,createShipmentPackageRouteSeg,success:view:EditShipmentRouteSegments;error:view:EditShipmentRouteSegments,applications/product/webapp/facility/WEB-INF/controller.xml,product-catalog,catalog-product-team,provisional-repository-inferred
/facility/control/updateRouteSegmentShipmentPackage,/facility,updateRouteSegmentShipmentPackage,true,true,service,updateShipmentPackageRouteSeg,success:view:EditShipmentRouteSegments;error:view:EditShipmentRouteSegments,applications/product/webapp/facility/WEB-INF/controller.xml,product-catalog,catalog-product-team,provisional-repository-inferred
/facility/control/deleteRouteSegmentShipmentPackage,/facility,deleteRouteSegmentShipmentPackage,true,true,service,deleteShipmentPackageRouteSeg,success:view:EditShipmentRouteSegments;error:view:EditShipmentRouteSegments,applications/product/webapp/facility/WEB-INF/controller.xml,product-catalog,catalog-product-team,provisional-repository-inferred
/facility/control/viewShipmentPackageRouteSegLabelImage,/facility,viewShipmentPackageRouteSegLabelImage,true,true,java,org.apache.ofbiz.shipment.shipment.ShipmentEvents:viewShipmentPackageRouteSegLabelImage,success:none:;error:view:EditShipmentRouteSegments,applications/product/webapp/facility/WEB-INF/controller.xml,product-catalog,catalog-product-team,provisional-repository-inferred
/facility/control/viewShipmentLabel,/facility,viewShipmentLabel,false,true,java,org.apache.ofbiz.shipment.shipment.ShipmentEvents:viewShipmentPackageRouteSegLabelImage,success:none:;error:view:EditShipmentRouteSegments,applications/product/webapp/facility/WEB-INF/controller.xml,product-catalog,catalog-product-team,provisional-repository-inferred
/facility/control/AddItemsFromOrder,/facility,AddItemsFromOrder,true,true,,,success:view:AddItemsFromOrder,applications/product/webapp/facility/WEB-INF/controller.xml,product-catalog,catalog-product-team,provisional-repository-inferred
/facility/control/issueOrderItemToShipment,/facility,issueOrderItemToShipment,true,true,service-multi,issueOrderItemToShipment,success:view:AddItemsFromOrder;error:view:AddItemsFromOrder,applications/product/webapp/facility/WEB-INF/controller.xml,product-catalog,catalog-product-team,provisional-repository-inferred
/facility/control/issueOrderItemShipGrpInvResToShipment,/facility,issueOrderItemShipGrpInvResToShipment,true,true,service-multi,issueOrderItemShipGrpInvResToShipment,success:view:AddItemsFromOrder;error:view:AddItemsFromOrder,applications/product/webapp/facility/WEB-INF/controller.xml,product-catalog,catalog-product-team,provisional-repository-inferred
/facility/control/ReceiveInventoryAgainstPurchaseOrder,/facility,ReceiveInventoryAgainstPurchaseOrder,true,true,,,success:view:ReceiveInventoryAgainstPurchaseOrder,applications/product/webapp/facility/WEB-INF/controller.xml,product-catalog,catalog-product-team,provisional-repository-inferred
/facility/control/issueOrderItemToShipmentAndReceiveAgainstPO,/facility,issueOrderItemToShipmentAndReceiveAgainstPO,true,true,service-multi,issueOrderItemToShipment,success:request:receiveInventoryProductsFromShipment;error:view:ReceiveInventoryAgainstPurchaseOrder,applications/product/webapp/facility/WEB-INF/controller.xml,product-catalog,catalog-product-team,provisional-repository-inferred
/facility/control/receiveInventoryProductsFromShipment,/facility,receiveInventoryProductsFromShipment,true,true,service-multi,receiveInventoryProduct,success:view:ReceiveInventoryAgainstPurchaseOrder;error:view:ReceiveInventoryAgainstPurchaseOrder,applications/product/webapp/facility/WEB-INF/controller.xml,product-catalog,catalog-product-team,provisional-repository-inferred
/facility/control/completePurchaseOrder,/facility,completePurchaseOrder,true,true,service,completePurchaseOrder,success:view:ReceiveInventoryAgainstPurchaseOrder;error:view:ReceiveInventoryAgainstPurchaseOrder,applications/product/webapp/facility/WEB-INF/controller.xml,product-catalog,catalog-product-team,provisional-repository-inferred
/facility/control/AddItemsFromInventory,/facility,AddItemsFromInventory,true,true,,,success:view:AddItemsFromInventory,applications/product/webapp/facility/WEB-INF/controller.xml,product-catalog,catalog-product-team,provisional-repository-inferred
/facility/control/issueInventoryItemToShipment,/facility,issueInventoryItemToShipment,true,true,service,issueInventoryItemToShipment,success:view:AddItemsFromInventory;error:view:AddItemsFromInventory,applications/product/webapp/facility/WEB-INF/controller.xml,product-catalog,catalog-product-team,provisional-repository-inferred
/facility/control/EditShipmentPlan,/facility,EditShipmentPlan,true,true,,,success:view:EditShipmentPlan,applications/product/webapp/facility/WEB-INF/controller.xml,product-catalog,catalog-product-team,provisional-repository-inferred
/facility/control/removeOrderShipmentFromShipment,/facility,removeOrderShipmentFromShipment,true,true,service,removeOrderShipmentFromShipment,success:view:EditShipmentPlan,applications/product/webapp/facility/WEB-INF/controller.xml,product-catalog,catalog-product-team,provisional-repository-inferred
/facility/control/addToShipmentPlan,/facility,addToShipmentPlan,true,true,service-multi,addOrderShipmentToShipment,success:view:EditShipmentPlan;error:view:EditShipmentPlan,applications/product/webapp/facility/WEB-INF/controller.xml,product-catalog,catalog-product-team,provisional-repository-inferred
/facility/control/ViewShipmentReceipts,/facility,ViewShipmentReceipts,true,true,,,success:view:ViewShipmentReceipts,applications/product/webapp/facility/WEB-INF/controller.xml,product-catalog,catalog-product-team,provisional-repository-inferred
/facility/control/InventoryReports,/facility,InventoryReports,true,true,,,success:view:InventoryReports,applications/product/webapp/facility/WEB-INF/controller.xml,product-catalog,catalog-product-team,provisional-repository-inferred
/facility/control/InventoryItemTotals,/facility,InventoryItemTotals,true,true,,,success:view:InventoryItemTotals,applications/product/webapp/facility/WEB-INF/controller.xml,product-catalog,catalog-product-team,provisional-repository-inferred
/facility/control/InventoryItemGrandTotals,/facility,InventoryItemGrandTotals,true,true,,,success:view:InventoryItemGrandTotals,applications/product/webapp/facility/WEB-INF/controller.xml,product-catalog,catalog-product-team,provisional-repository-inferred
/facility/control/InventoryAverageCosts,/facility,InventoryAverageCosts,true,true,,,success:view:InventoryAverageCosts,applications/product/webapp/facility/WEB-INF/controller.xml,product-catalog,catalog-product-team,provisional-repository-inferred
/facility/control/InventoryItemTotalsExport.csv,/facility,InventoryItemTotalsExport.csv,true,true,,,success:view:InventoryItemTotalsExport,applications/product/webapp/facility/WEB-INF/controller.xml,product-catalog,catalog-product-team,provisional-repository-inferred
/facility/control/FacilityLocationGeoLocation,/facility,FacilityLocationGeoLocation,true,true,,,success:view:FacilityLocationGeoLocation;error:view:EditFacility,applications/product/webapp/facility/WEB-INF/controller.xml,product-catalog,catalog-product-team,provisional-repository-inferred
/facility/control/FindShipmentGatewayConfig,/facility,FindShipmentGatewayConfig,true,true,,,success:view:FindShipmentGatewayConfig,applications/product/webapp/facility/WEB-INF/controller.xml,product-catalog,catalog-product-team,provisional-repository-inferred
/facility/control/EditShipmentGatewayConfig,/facility,EditShipmentGatewayConfig,true,true,,,success:view:EditShipmentGatewayConfig,applications/product/webapp/facility/WEB-INF/controller.xml,product-catalog,catalog-product-team,provisional-repository-inferred
/facility/control/UpdateShipmentGatewayConfig,/facility,UpdateShipmentGatewayConfig,true,true,service,updateShipmentGatewayConfig,success:view:EditShipmentGatewayConfig;error:view:EditShipmentGatewayConfig,applications/product/webapp/facility/WEB-INF/controller.xml,product-catalog,catalog-product-team,provisional-repository-inferred
/facility/control/FindShipmentGatewayConfigTypes,/facility,FindShipmentGatewayConfigTypes,true,true,,,success:view:FindShipmentGatewayConfigTypes,applications/product/webapp/facility/WEB-INF/controller.xml,product-catalog,catalog-product-team,provisional-repository-inferred
/facility/control/EditShipmentGatewayConfigType,/facility,EditShipmentGatewayConfigType,true,true,,,success:view:EditShipmentGatewayConfigType,applications/product/webapp/facility/WEB-INF/controller.xml,product-catalog,catalog-product-team,provisional-repository-inferred
/facility/control/UpdateShipmentGatewayConfigType,/facility,UpdateShipmentGatewayConfigType,true,true,service,updateShipmentGatewayConfigType,success:view:EditShipmentGatewayConfigType;error:view:EditShipmentGatewayConfigType,applications/product/webapp/facility/WEB-INF/controller.xml,product-catalog,catalog-product-team,provisional-repository-inferred
/facility/control/getConvertedPrice,/facility,getConvertedPrice,true,true,service,convertUom,success:request:json;error:request:json,applications/product/webapp/facility/WEB-INF/controller.xml,product-catalog,catalog-product-team,provisional-repository-inferred
/facility/control/EditFacilityAgreements,/facility,EditFacilityAgreements,true,true,,,success:view:EditFacilityAgreements,applications/product/webapp/facility/WEB-INF/controller.xml,product-catalog,catalog-product-team,provisional-repository-inferred
/facility/control/GetPartyGeoLocation,/facility,GetPartyGeoLocation,true,true,,,success:view:GetPartyGeoLocation,applications/product/webapp/facility/WEB-INF/controller.xml,product-catalog,catalog-product-team,provisional-repository-inferred
/facility/control/LookupOrderHeaderAndShipInfo,/facility,LookupOrderHeaderAndShipInfo,true,true,,,success:view:LookupOrderHeaderAndShipInfo,applications/product/webapp/facility/WEB-INF/controller.xml,product-catalog,catalog-product-team,provisional-repository-inferred
/facility/control/LookupPurchaseOrderHeaderAndShipInfo,/facility,LookupPurchaseOrderHeaderAndShipInfo,true,true,,,success:view:LookupPurchaseOrderHeaderAndShipInfo,applications/product/webapp/facility/WEB-INF/controller.xml,product-catalog,catalog-product-team,provisional-repository-inferred
/facility/control/LookupOrderHeader,/facility,LookupOrderHeader,true,true,,,success:view:LookupOrderHeader,applications/product/webapp/facility/WEB-INF/controller.xml,product-catalog,catalog-product-team,provisional-repository-inferred
/facility/control/LookupReturnHeader,/facility,LookupReturnHeader,true,true,,,success:view:LookupReturnHeader,applications/product/webapp/facility/WEB-INF/controller.xml,product-catalog,catalog-product-team,provisional-repository-inferred
/facility/control/LookupProduct,/facility,LookupProduct,true,true,,,success:view:LookupProduct,applications/product/webapp/facility/WEB-INF/controller.xml,product-catalog,catalog-product-team,provisional-repository-inferred
/facility/control/LookupVariantProduct,/facility,LookupVariantProduct,true,true,,,success:view:LookupVariantProduct,applications/product/webapp/facility/WEB-INF/controller.xml,product-catalog,catalog-product-team,provisional-repository-inferred
/facility/control/LookupProductCategory,/facility,LookupProductCategory,true,true,,,success:view:LookupProductCategory,applications/product/webapp/facility/WEB-INF/controller.xml,product-catalog,catalog-product-team,provisional-repository-inferred
/facility/control/LookupFacility,/facility,LookupFacility,true,true,,,success:view:LookupFacility,applications/product/webapp/facility/WEB-INF/controller.xml,product-catalog,catalog-product-team,provisional-repository-inferred
/facility/control/LookupFacilityLocation,/facility,LookupFacilityLocation,true,true,,,success:view:LookupFacilityLocation,applications/product/webapp/facility/WEB-INF/controller.xml,product-catalog,catalog-product-team,provisional-repository-inferred
/facility/control/LookupProductInventoryLocation,/facility,LookupProductInventoryLocation,true,true,,,success:view:LookupProductInventoryLocation,applications/product/webapp/facility/WEB-INF/controller.xml,product-catalog,catalog-product-team,provisional-repository-inferred
/facility/control/LookupPartyName,/facility,LookupPartyName,true,true,,,success:view:LookupPartyName,applications/product/webapp/facility/WEB-INF/controller.xml,product-catalog,catalog-product-team,provisional-repository-inferred
/facility/control/LookupInventoryItem,/facility,LookupInventoryItem,true,true,,,success:view:LookupInventoryItem,applications/product/webapp/facility/WEB-INF/controller.xml,product-catalog,catalog-product-team,provisional-repository-inferred
/facility/control/LookupContent,/facility,LookupContent,true,true,,,success:view:LookupContent,applications/product/webapp/facility/WEB-INF/controller.xml,product-catalog,catalog-product-team,provisional-repository-inferred
/facility/control/LookupWorkEffort,/facility,LookupWorkEffort,true,true,,,success:view:LookupWorkEffort,applications/product/webapp/facility/WEB-INF/controller.xml,product-catalog,catalog-product-team,provisional-repository-inferred
/facility/control/LookupShipment,/facility,LookupShipment,true,true,,,success:view:LookupShipment,applications/product/webapp/facility/WEB-INF/controller.xml,product-catalog,catalog-product-team,provisional-repository-inferred
/facility/control/LookupDataResource,/facility,LookupDataResource,true,true,,,success:view:LookupDataResource,applications/product/webapp/facility/WEB-INF/controller.xml,product-catalog,catalog-product-team,provisional-repository-inferred
/facility/control/LookupFixedAsset,/facility,LookupFixedAsset,true,true,,,success:view:LookupFixedAsset,applications/product/webapp/facility/WEB-INF/controller.xml,product-catalog,catalog-product-team,provisional-repository-inferred
/workeffort/control/view,/workeffort,view,true,true,,,success:view:main,applications/workeffort/webapp/workeffort/WEB-INF/controller.xml,work-management,work-product-team,provisional-repository-inferred
/workeffort/control/chain,/workeffort,chain,false,false,java,org.apache.ofbiz.webapp.event.TestEvent:test,success:request:/view;error:view:error,applications/workeffort/webapp/workeffort/WEB-INF/controller.xml,work-management,work-product-team,provisional-repository-inferred
/workeffort/control/main,/workeffort,main,true,true,,,success:view:mytasks,applications/workeffort/webapp/workeffort/WEB-INF/controller.xml,work-management,work-product-team,provisional-repository-inferred
/workeffort/control/requestlist,/workeffort,requestlist,true,true,,,success:view:RequestList,applications/workeffort/webapp/workeffort/WEB-INF/controller.xml,work-management,work-product-team,provisional-repository-inferred
/workeffort/control/mytasks,/workeffort,mytasks,true,true,,,success:view:mytasks,applications/workeffort/webapp/workeffort/WEB-INF/controller.xml,work-management,work-product-team,provisional-repository-inferred
/workeffort/control/UserJobs,/workeffort,UserJobs,true,true,,,success:view:UserJobs,applications/workeffort/webapp/workeffort/WEB-INF/controller.xml,work-management,work-product-team,provisional-repository-inferred
/workeffort/control/calendar,/workeffort,calendar,true,true,,,success:view:calendar,applications/workeffort/webapp/workeffort/WEB-INF/controller.xml,work-management,work-product-team,provisional-repository-inferred
/workeffort/control/WorkEffortSummary,/workeffort,WorkEffortSummary,true,true,,,success:view:WorkEffortSummary,applications/workeffort/webapp/workeffort/WEB-INF/controller.xml,work-management,work-product-team,provisional-repository-inferred
/workeffort/control/FindWorkEffort,/workeffort,FindWorkEffort,true,true,,,success:view:FindWorkEffort,applications/workeffort/webapp/workeffort/WEB-INF/controller.xml,work-management,work-product-team,provisional-repository-inferred
/workeffort/control/ListWorkEfforts,/workeffort,ListWorkEfforts,true,true,,,success:view:ListWorkEfforts,applications/workeffort/webapp/workeffort/WEB-INF/controller.xml,work-management,work-product-team,provisional-repository-inferred
/workeffort/control/ChildWorkEfforts,/workeffort,ChildWorkEfforts,true,true,,,success:view:ChildWorkEfforts,applications/workeffort/webapp/workeffort/WEB-INF/controller.xml,work-management,work-product-team,provisional-repository-inferred
/workeffort/control/EditWorkEffortAssoc,/workeffort,EditWorkEffortAssoc,true,true,,,success:view:EditWorkEffortAssoc,applications/workeffort/webapp/workeffort/WEB-INF/controller.xml,work-management,work-product-team,provisional-repository-inferred
/workeffort/control/AddWorkEffortAssoc,/workeffort,AddWorkEffortAssoc,true,true,,,success:view:AddWorkEffortAssoc,applications/workeffort/webapp/workeffort/WEB-INF/controller.xml,work-management,work-product-team,provisional-repository-inferred
/workeffort/control/EditWorkEffortAndAssoc,/workeffort,EditWorkEffortAndAssoc,true,true,,,success:view:EditWorkEffortAndAssoc,applications/workeffort/webapp/workeffort/WEB-INF/controller.xml,work-management,work-product-team,provisional-repository-inferred
/workeffort/control/AddWorkEffortAndAssoc,/workeffort,AddWorkEffortAndAssoc,true,true,,,success:view:AddWorkEffortAndAssoc,applications/workeffort/webapp/workeffort/WEB-INF/controller.xml,work-management,work-product-team,provisional-repository-inferred
/workeffort/control/WorkEffort/Edit,/workeffort,WorkEffort/Edit,true,true,,,success:view:WorkEffort/Edit,applications/workeffort/webapp/workeffort/WEB-INF/controller.xml,work-management,work-product-team,provisional-repository-inferred
/workeffort/control/WorkEffort/create,/workeffort,WorkEffort/create,true,true,service,createWorkEffort,success:request:json;error:request:json,applications/workeffort/webapp/workeffort/WEB-INF/controller.xml,work-management,work-product-team,provisional-repository-inferred
/workeffort/control/WorkEffort/update,/workeffort,WorkEffort/update,true,true,service,updateWorkEffort,success:request:json;error:request:json,applications/workeffort/webapp/workeffort/WEB-INF/controller.xml,work-management,work-product-team,provisional-repository-inferred
/workeffort/control/EditWorkEffort,/workeffort,EditWorkEffort,true,true,,,success:view:EditWorkEffort,applications/workeffort/webapp/workeffort/WEB-INF/controller.xml,work-management,work-product-team,provisional-repository-inferred
/workeffort/control/createWorkEffort,/workeffort,createWorkEffort,true,true,service,createWorkEffort,success:view:EditWorkEffort;error:view:EditWorkEffort,applications/workeffort/webapp/workeffort/WEB-INF/controller.xml,work-management,work-product-team,provisional-repository-inferred
/workeffort/control/createWorkEffortAndPartyAssign,/workeffort,createWorkEffortAndPartyAssign,true,true,service,createWorkEffortAndPartyAssign,success:view-home:;error:view-last:,applications/workeffort/webapp/workeffort/WEB-INF/controller.xml,work-management,work-product-team,provisional-repository-inferred
/workeffort/control/createWorkEffortAssoc,/workeffort,createWorkEffortAssoc,true,true,service,createWorkEffortAssoc,success:view:EditWorkEffortAssoc;error:view:AddWorkEffortAssoc,applications/workeffort/webapp/workeffort/WEB-INF/controller.xml,work-management,work-product-team,provisional-repository-inferred
/workeffort/control/updateWorkEffortAssoc,/workeffort,updateWorkEffortAssoc,true,true,service,updateWorkEffortAssoc,success:view:EditWorkEffortAssoc;error:view:EditWorkEffortAssoc,applications/workeffort/webapp/workeffort/WEB-INF/controller.xml,work-management,work-product-team,provisional-repository-inferred
/workeffort/control/createWorkEffortAndAssoc,/workeffort,createWorkEffortAndAssoc,true,true,service,createWorkEffortAndAssoc,success:view:EditWorkEffortAndAssoc;error:view:AddWorkEffortAndAssoc,applications/workeffort/webapp/workeffort/WEB-INF/controller.xml,work-management,work-product-team,provisional-repository-inferred
/workeffort/control/updateWorkEffortAndAssoc,/workeffort,updateWorkEffortAndAssoc,true,true,service,updateWorkEffortAndAssoc,success:view:EditWorkEffortAndAssoc;error:view:EditWorkEffortAndAssoc,applications/workeffort/webapp/workeffort/WEB-INF/controller.xml,work-management,work-product-team,provisional-repository-inferred
/workeffort/control/updateWorkEffort,/workeffort,updateWorkEffort,true,true,service,updateWorkEffort,success:view-home:EditWorkEffort;error:view:EditWorkEffort,applications/workeffort/webapp/workeffort/WEB-INF/controller.xml,work-management,work-product-team,provisional-repository-inferred
/workeffort/control/deleteWorkEffort,/workeffort,deleteWorkEffort,true,true,service,deleteWorkEffort,success:request:json;error:request:json,applications/workeffort/webapp/workeffort/WEB-INF/controller.xml,work-management,work-product-team,provisional-repository-inferred
/workeffort/control/ListWorkEffortFixedAssetAssigns,/workeffort,ListWorkEffortFixedAssetAssigns,true,true,,,success:view:ListWorkEffortFixedAssetAssigns,applications/workeffort/webapp/workeffort/WEB-INF/controller.xml,work-management,work-product-team,provisional-repository-inferred
/workeffort/control/ListWorkEffortPartyAssigns,/workeffort,ListWorkEffortPartyAssigns,true,true,,,success:view:ListWorkEffortPartyAssigns,applications/workeffort/webapp/workeffort/WEB-INF/controller.xml,work-management,work-product-team,provisional-repository-inferred
/workeffort/control/EditWorkEffortRates,/workeffort,EditWorkEffortRates,true,true,,,success:view:EditWorkEffortRates,applications/workeffort/webapp/workeffort/WEB-INF/controller.xml,work-management,work-product-team,provisional-repository-inferred
/workeffort/control/ListWorkEffortCommEvents,/workeffort,ListWorkEffortCommEvents,true,true,,,success:view:ListWorkEffortCommEvents,applications/workeffort/webapp/workeffort/WEB-INF/controller.xml,work-management,work-product-team,provisional-repository-inferred
/workeffort/control/ListWorkEffortRequests,/workeffort,ListWorkEffortRequests,true,true,,,success:view:ListWorkEffortRequests,applications/workeffort/webapp/workeffort/WEB-INF/controller.xml,work-management,work-product-team,provisional-repository-inferred
/workeffort/control/ListWorkEffortQuotes,/workeffort,ListWorkEffortQuotes,true,true,,,success:view:ListWorkEffortQuotes,applications/workeffort/webapp/workeffort/WEB-INF/controller.xml,work-management,work-product-team,provisional-repository-inferred
/workeffort/control/ListWorkEffortAttributes,/workeffort,ListWorkEffortAttributes,true,true,,,success:view:ListWorkEffortAttributes,applications/workeffort/webapp/workeffort/WEB-INF/controller.xml,work-management,work-product-team,provisional-repository-inferred
/workeffort/control/ListWorkEffortRequirements,/workeffort,ListWorkEffortRequirements,true,true,,,success:view:ListWorkEffortRequirements,applications/workeffort/webapp/workeffort/WEB-INF/controller.xml,work-management,work-product-team,provisional-repository-inferred
/workeffort/control/ListWorkEffortShopLists,/workeffort,ListWorkEffortShopLists,true,true,,,success:view:ListWorkEffortShopLists,applications/workeffort/webapp/workeffort/WEB-INF/controller.xml,work-management,work-product-team,provisional-repository-inferred
/workeffort/control/ListWorkEffortOrderHeaders,/workeffort,ListWorkEffortOrderHeaders,true,true,,,success:view:ListWorkEffortOrderHeaders,applications/workeffort/webapp/workeffort/WEB-INF/controller.xml,work-management,work-product-team,provisional-repository-inferred
/workeffort/control/EditWorkEffortTimeEntries,/workeffort,EditWorkEffortTimeEntries,true,true,,,success:view:EditWorkEffortTimeEntries,applications/workeffort/webapp/workeffort/WEB-INF/controller.xml,work-management,work-product-team,provisional-repository-inferred
/workeffort/control/EditAgreementWorkEffortApplics,/workeffort,EditAgreementWorkEffortApplics,true,true,,,success:view:EditAgreementWorkEffortApplics,applications/workeffort/webapp/workeffort/WEB-INF/controller.xml,work-management,work-product-team,provisional-repository-inferred
/workeffort/control/listWorkEffortEventReminders,/workeffort,listWorkEffortEventReminders,true,true,,,success:view:ListWorkEffortEventReminders,applications/workeffort/webapp/workeffort/WEB-INF/controller.xml,work-management,work-product-team,provisional-repository-inferred
/workeffort/control/MyTimesheets,/workeffort,MyTimesheets,true,true,,,success:view:MyTimesheets,applications/workeffort/webapp/workeffort/WEB-INF/controller.xml,work-management,work-product-team,provisional-repository-inferred
/workeffort/control/createTimesheetForThisWeek,/workeffort,createTimesheetForThisWeek,true,true,service,createTimesheetForThisWeek,success:view:MyTimesheets;error:view:MyTimesheets,applications/workeffort/webapp/workeffort/WEB-INF/controller.xml,work-management,work-product-team,provisional-repository-inferred
/workeffort/control/createQuickTimeEntry,/workeffort,createQuickTimeEntry,true,true,service,createTimeEntry,success:view:MyTimesheets;error:view:MyTimesheets,applications/workeffort/webapp/workeffort/WEB-INF/controller.xml,work-management,work-product-team,provisional-repository-inferred
/workeffort/control/FindTimesheet,/workeffort,FindTimesheet,true,true,,,success:view:FindTimesheet,applications/workeffort/webapp/workeffort/WEB-INF/controller.xml,work-management,work-product-team,provisional-repository-inferred
/workeffort/control/EditTimesheet,/workeffort,EditTimesheet,true,true,,,success:view:EditTimesheet,applications/workeffort/webapp/workeffort/WEB-INF/controller.xml,work-management,work-product-team,provisional-repository-inferred
/workeffort/control/createTimesheet,/workeffort,createTimesheet,true,true,service,createTimesheet,success:view:EditTimesheet;error:view:EditTimesheet,applications/workeffort/webapp/workeffort/WEB-INF/controller.xml,work-management,work-product-team,provisional-repository-inferred
/workeffort/control/updateTimesheet,/workeffort,updateTimesheet,true,true,service,updateTimesheet,success:view:EditTimesheet;error:view:EditTimesheet,applications/workeffort/webapp/workeffort/WEB-INF/controller.xml,work-management,work-product-team,provisional-repository-inferred
/workeffort/control/addTimesheetToInvoice,/workeffort,addTimesheetToInvoice,true,true,service,addTimesheetToInvoice,success:view:EditTimesheet;error:view:EditTimesheet,applications/workeffort/webapp/workeffort/WEB-INF/controller.xml,work-management,work-product-team,provisional-repository-inferred
/workeffort/control/addTimesheetToNewInvoice,/workeffort,addTimesheetToNewInvoice,true,true,service,addTimesheetToNewInvoice,success:view:EditTimesheet;error:view:EditTimesheet,applications/workeffort/webapp/workeffort/WEB-INF/controller.xml,work-management,work-product-team,provisional-repository-inferred
/workeffort/control/EditTimesheetRoles,/workeffort,EditTimesheetRoles,true,true,,,success:view:EditTimesheetRoles,applications/workeffort/webapp/workeffort/WEB-INF/controller.xml,work-management,work-product-team,provisional-repository-inferred
/workeffort/control/createTimesheetRole,/workeffort,createTimesheetRole,true,true,service,createTimesheetRole,success:view:EditTimesheetRoles;error:view:EditTimesheetRoles,applications/workeffort/webapp/workeffort/WEB-INF/controller.xml,work-management,work-product-team,provisional-repository-inferred
/workeffort/control/updateTimesheetRole,/workeffort,updateTimesheetRole,true,true,,,success:view:EditTimesheetRoles;error:view:EditTimesheetRoles,applications/workeffort/webapp/workeffort/WEB-INF/controller.xml,work-management,work-product-team,provisional-repository-inferred
/workeffort/control/deleteTimesheetRole,/workeffort,deleteTimesheetRole,true,true,service,deleteTimesheetRole,success:view:EditTimesheetRoles;error:view:EditTimesheetRoles,applications/workeffort/webapp/workeffort/WEB-INF/controller.xml,work-management,work-product-team,provisional-repository-inferred
/workeffort/control/EditTimesheetEntries,/workeffort,EditTimesheetEntries,true,true,,,success:view:EditTimesheetEntries,applications/workeffort/webapp/workeffort/WEB-INF/controller.xml,work-management,work-product-team,provisional-repository-inferred
/workeffort/control/createTimesheetEntry,/workeffort,createTimesheetEntry,true,true,service,createTimeEntry,success:view:EditTimesheetEntries;error:view:EditTimesheetEntries,applications/workeffort/webapp/workeffort/WEB-INF/controller.xml,work-management,work-product-team,provisional-repository-inferred
/workeffort/control/updateTimesheetEntry,/workeffort,updateTimesheetEntry,true,true,service,updateTimeEntry,success:view:EditTimesheetEntries;error:view:EditTimesheetEntries,applications/workeffort/webapp/workeffort/WEB-INF/controller.xml,work-management,work-product-team,provisional-repository-inferred
/workeffort/control/deleteTimesheetEntry,/workeffort,deleteTimesheetEntry,true,true,service,deleteTimeEntry,success:view:EditTimesheetEntries;error:view:EditTimesheetEntries,applications/workeffort/webapp/workeffort/WEB-INF/controller.xml,work-management,work-product-team,provisional-repository-inferred
/workeffort/control/EditWorkEffortNotes,/workeffort,EditWorkEffortNotes,true,true,,,success:view:EditWorkEffortNotes,applications/workeffort/webapp/workeffort/WEB-INF/controller.xml,work-management,work-product-team,provisional-repository-inferred
/workeffort/control/EditWorkEffortContents,/workeffort,EditWorkEffortContents,true,true,,,success:view:EditWorkEffortContents,applications/workeffort/webapp/workeffort/WEB-INF/controller.xml,work-management,work-product-team,provisional-repository-inferred
/workeffort/control/EditWorkEffortGoodStandards,/workeffort,EditWorkEffortGoodStandards,true,true,,,success:view:EditWorkEffortGoodStandards,applications/workeffort/webapp/workeffort/WEB-INF/controller.xml,work-management,work-product-team,provisional-repository-inferred
/workeffort/control/EditWorkEffortReviews,/workeffort,EditWorkEffortReviews,true,true,,,success:view:EditWorkEffortReviews,applications/workeffort/webapp/workeffort/WEB-INF/controller.xml,work-management,work-product-team,provisional-repository-inferred
/workeffort/control/EditWorkEffortKeywords,/workeffort,EditWorkEffortKeywords,true,true,,,success:view:EditWorkEffortKeywords,applications/workeffort/webapp/workeffort/WEB-INF/controller.xml,work-management,work-product-team,provisional-repository-inferred
/workeffort/control/createWorkEffortKeywords,/workeffort,createWorkEffortKeywords,true,true,service,createWorkEffortKeywords,success:view:EditWorkEffortKeywords;error:view:EditWorkEffortKeywords,applications/workeffort/webapp/workeffort/WEB-INF/controller.xml,work-management,work-product-team,provisional-repository-inferred
/workeffort/control/deleteWorkEffortKeywords,/workeffort,deleteWorkEffortKeywords,true,true,service,deleteWorkEffortKeywords,success:view:EditWorkEffortKeywords;error:view:EditWorkEffortKeywords,applications/workeffort/webapp/workeffort/WEB-INF/controller.xml,work-management,work-product-team,provisional-repository-inferred
/workeffort/control/EditWorkEffortContactMechs,/workeffort,EditWorkEffortContactMechs,true,true,,,success:view:EditWorkEffortContactMechs,applications/workeffort/webapp/workeffort/WEB-INF/controller.xml,work-management,work-product-team,provisional-repository-inferred
/workeffort/control/createWorkEffortContactMech,/workeffort,createWorkEffortContactMech,true,true,service,createWorkEffortContactMech,success:view:EditWorkEffortContactMechs;error:view:EditWorkEffortContactMechs,applications/workeffort/webapp/workeffort/WEB-INF/controller.xml,work-management,work-product-team,provisional-repository-inferred
/workeffort/control/deleteWorkEffortContactMech,/workeffort,deleteWorkEffortContactMech,true,true,service,deleteWorkEffortContactMech,success:view:EditWorkEffortContactMechs;error:view:EditWorkEffortContactMechs,applications/workeffort/webapp/workeffort/WEB-INF/controller.xml,work-management,work-product-team,provisional-repository-inferred
/workeffort/control/WorkEffortSearchOptions,/workeffort,WorkEffortSearchOptions,true,true,,,success:view:WorkEffortSearchOptions,applications/workeffort/webapp/workeffort/WEB-INF/controller.xml,work-management,work-product-team,provisional-repository-inferred
/workeffort/control/WorkEffortSearchResults,/workeffort,WorkEffortSearchResults,true,true,,,success:view:WorkEffortSearchResults,applications/workeffort/webapp/workeffort/WEB-INF/controller.xml,work-management,work-product-team,provisional-repository-inferred
/workeffort/control/DuplicateWorkEffort,/workeffort,DuplicateWorkEffort,true,true,service,duplicateWorkEffort,success:view:EditWorkEffort;error:view:EditWorkEffort,applications/workeffort/webapp/workeffort/WEB-INF/controller.xml,work-management,work-product-team,provisional-repository-inferred
/workeffort/control/LookupWorkEffort,/workeffort,LookupWorkEffort,true,true,,,success:view:LookupWorkEffort,applications/workeffort/webapp/workeffort/WEB-INF/controller.xml,work-management,work-product-team,provisional-repository-inferred
/workeffort/control/LookupTimesheet,/workeffort,LookupTimesheet,true,true,,,success:view:LookupTimesheet,applications/workeffort/webapp/workeffort/WEB-INF/controller.xml,work-management,work-product-team,provisional-repository-inferred
/workeffort/control/LookupPartyName,/workeffort,LookupPartyName,true,true,,,success:view:LookupPartyName,applications/workeffort/webapp/workeffort/WEB-INF/controller.xml,work-management,work-product-team,provisional-repository-inferred
/workeffort/control/LookupPerson,/workeffort,LookupPerson,true,true,,,success:view:LookupPerson,applications/workeffort/webapp/workeffort/WEB-INF/controller.xml,work-management,work-product-team,provisional-repository-inferred
/workeffort/control/LookupPartyGroup,/workeffort,LookupPartyGroup,true,true,,,success:view:LookupPartyGroup,applications/workeffort/webapp/workeffort/WEB-INF/controller.xml,work-management,work-product-team,provisional-repository-inferred
/workeffort/control/LookupPartyAndUserLoginAndPerson,/workeffort,LookupPartyAndUserLoginAndPerson,true,true,,,success:view:LookupPartyAndUserLoginAndPerson,applications/workeffort/webapp/workeffort/WEB-INF/controller.xml,work-management,work-product-team,provisional-repository-inferred
/workeffort/control/LookupCommEvent,/workeffort,LookupCommEvent,true,true,,,success:view:LookupCommEvent,applications/workeffort/webapp/workeffort/WEB-INF/controller.xml,work-management,work-product-team,provisional-repository-inferred
/workeffort/control/LookupContactMech,/workeffort,LookupContactMech,true,true,,,success:view:LookupContactMech,applications/workeffort/webapp/workeffort/WEB-INF/controller.xml,work-management,work-product-team,provisional-repository-inferred
/workeffort/control/LookupPreferredContactMech,/workeffort,LookupPreferredContactMech,true,true,,,success:view:LookupPreferredContactMech,applications/workeffort/webapp/workeffort/WEB-INF/controller.xml,work-management,work-product-team,provisional-repository-inferred
/workeffort/control/LookupContactList,/workeffort,LookupContactList,true,true,,,success:view:LookupContactList,applications/workeffort/webapp/workeffort/WEB-INF/controller.xml,work-management,work-product-team,provisional-repository-inferred
/workeffort/control/LookupProduct,/workeffort,LookupProduct,true,true,,,success:view:LookupProduct,applications/workeffort/webapp/workeffort/WEB-INF/controller.xml,work-management,work-product-team,provisional-repository-inferred
/workeffort/control/LookupVariantProduct,/workeffort,LookupVariantProduct,true,true,,,success:view:LookupVariantProduct,applications/workeffort/webapp/workeffort/WEB-INF/controller.xml,work-management,work-product-team,provisional-repository-inferred
/workeffort/control/LookupProductFeature,/workeffort,LookupProductFeature,true,true,,,success:view:LookupProductFeature,applications/workeffort/webapp/workeffort/WEB-INF/controller.xml,work-management,work-product-team,provisional-repository-inferred
/workeffort/control/LookupFacility,/workeffort,LookupFacility,true,true,,,success:view:LookupFacility,applications/workeffort/webapp/workeffort/WEB-INF/controller.xml,work-management,work-product-team,provisional-repository-inferred
/workeffort/control/LookupFixedAsset,/workeffort,LookupFixedAsset,true,true,,,success:view:LookupFixedAsset,applications/workeffort/webapp/workeffort/WEB-INF/controller.xml,work-management,work-product-team,provisional-repository-inferred
/workeffort/control/LookupShoppingList,/workeffort,LookupShoppingList,true,true,,,success:view:LookupShoppingList,applications/workeffort/webapp/workeffort/WEB-INF/controller.xml,work-management,work-product-team,provisional-repository-inferred
/workeffort/control/LookupCustRequest,/workeffort,LookupCustRequest,true,true,,,success:view:LookupCustRequest,applications/workeffort/webapp/workeffort/WEB-INF/controller.xml,work-management,work-product-team,provisional-repository-inferred
/workeffort/control/LookupCustRequestItem,/workeffort,LookupCustRequestItem,true,true,,,success:view:LookupCustRequestItem,applications/workeffort/webapp/workeffort/WEB-INF/controller.xml,work-management,work-product-team,provisional-repository-inferred
/workeffort/control/LookupRequirement,/workeffort,LookupRequirement,true,true,,,success:view:LookupRequirement,applications/workeffort/webapp/workeffort/WEB-INF/controller.xml,work-management,work-product-team,provisional-repository-inferred
/workeffort/control/LookupQuote,/workeffort,LookupQuote,true,true,,,success:view:LookupQuote,applications/workeffort/webapp/workeffort/WEB-INF/controller.xml,work-management,work-product-team,provisional-repository-inferred
/workeffort/control/LookupQuoteItem,/workeffort,LookupQuoteItem,true,true,,,success:view:LookupQuoteItem,applications/workeffort/webapp/workeffort/WEB-INF/controller.xml,work-management,work-product-team,provisional-repository-inferred
/workeffort/control/LookupOrderHeader,/workeffort,LookupOrderHeader,true,true,,,success:view:LookupOrderHeader,applications/workeffort/webapp/workeffort/WEB-INF/controller.xml,work-management,work-product-team,provisional-repository-inferred
/workeffort/control/LookupInvoice,/workeffort,LookupInvoice,true,true,,,success:view:LookupInvoice,applications/workeffort/webapp/workeffort/WEB-INF/controller.xml,work-management,work-product-team,provisional-repository-inferred
/workeffort/control/LookupContent,/workeffort,LookupContent,true,true,,,success:view:LookupContent,applications/workeffort/webapp/workeffort/WEB-INF/controller.xml,work-management,work-product-team,provisional-repository-inferred
/workeffort/control/LookupAgreement,/workeffort,LookupAgreement,true,true,,,success:view:LookupAgreement,applications/workeffort/webapp/workeffort/WEB-INF/controller.xml,work-management,work-product-team,provisional-repository-inferred
/workeffort/control/LookupAgreementItem,/workeffort,LookupAgreementItem,true,true,,,success:view:LookupAgreementItem,applications/workeffort/webapp/workeffort/WEB-INF/controller.xml,work-management,work-product-team,provisional-repository-inferred
/workeffort/control/EditICalendar,/workeffort,EditICalendar,true,true,,,success:view:EditICalendar,applications/workeffort/webapp/workeffort/WEB-INF/icalendar-controller.xml,work-management,work-product-team,provisional-repository-inferred
/workeffort/control/EditICalendarData,/workeffort,EditICalendarData,true,true,,,success:view:EditICalendarData,applications/workeffort/webapp/workeffort/WEB-INF/icalendar-controller.xml,work-management,work-product-team,provisional-repository-inferred
/workeffort/control/ICalendarChildren,/workeffort,ICalendarChildren,true,true,,,success:view:ICalendarChildren,applications/workeffort/webapp/workeffort/WEB-INF/icalendar-controller.xml,work-management,work-product-team,provisional-repository-inferred
/workeffort/control/ICalendarParties,/workeffort,ICalendarParties,true,true,,,success:view:ICalendarParties,applications/workeffort/webapp/workeffort/WEB-INF/icalendar-controller.xml,work-management,work-product-team,provisional-repository-inferred
/workeffort/control/ICalendarFixedAssets,/workeffort,ICalendarFixedAssets,true,true,,,success:view:ICalendarFixedAssets,applications/workeffort/webapp/workeffort/WEB-INF/icalendar-controller.xml,work-management,work-product-team,provisional-repository-inferred
/workeffort/control/FindICalendars,/workeffort,FindICalendars,true,true,,,success:view:FindICalendars,applications/workeffort/webapp/workeffort/WEB-INF/icalendar-controller.xml,work-management,work-product-team,provisional-repository-inferred
/workeffort/control/ICalendarHelp,/workeffort,ICalendarHelp,true,true,,,success:view:ICalendarHelp,applications/workeffort/webapp/workeffort/WEB-INF/icalendar-controller.xml,work-management,work-product-team,provisional-repository-inferred
/workeffort/control/createICalendar,/workeffort,createICalendar,true,true,service,createWorkEffort,success:view-home:EditICalendar;error:view:EditICalendar,applications/workeffort/webapp/workeffort/WEB-INF/icalendar-controller.xml,work-management,work-product-team,provisional-repository-inferred
/workeffort/control/updateICalendar,/workeffort,updateICalendar,true,true,service,updateWorkEffort,success:view-home:EditICalendar;error:view:EditICalendar,applications/workeffort/webapp/workeffort/WEB-INF/icalendar-controller.xml,work-management,work-product-team,provisional-repository-inferred
/workeffort/control/createICalendarData,/workeffort,createICalendarData,true,true,service,createWorkEffortICalData,success:view-home:EditICalendarData;error:view:EditICalendarData,applications/workeffort/webapp/workeffort/WEB-INF/icalendar-controller.xml,work-management,work-product-team,provisional-repository-inferred
/workeffort/control/updateICalendarData,/workeffort,updateICalendarData,true,true,service,updateWorkEffortICalData,success:view-home:EditICalendarData;error:view:EditICalendarData,applications/workeffort/webapp/workeffort/WEB-INF/icalendar-controller.xml,work-management,work-product-team,provisional-repository-inferred
/workeffort/control/createICalendarPartyAssign,/workeffort,createICalendarPartyAssign,true,true,service,assignPartyToWorkEffort,success:view-home:ICalendarParties;error:view-home:ICalendarParties,applications/workeffort/webapp/workeffort/WEB-INF/icalendar-controller.xml,work-management,work-product-team,provisional-repository-inferred
/workeffort/control/updateICalendarPartyAssign,/workeffort,updateICalendarPartyAssign,true,true,service,updatePartyToWorkEffortAssignment,success:view:ICalendarParties;error:view:ICalendarParties,applications/workeffort/webapp/workeffort/WEB-INF/icalendar-controller.xml,work-management,work-product-team,provisional-repository-inferred
/workeffort/control/createICalendarFixedAssetAssign,/workeffort,createICalendarFixedAssetAssign,true,true,service,createWorkEffortFixedAssetAssign,success:view:ICalendarFixedAssets;error:view:ICalendarFixedAssets,applications/workeffort/webapp/workeffort/WEB-INF/icalendar-controller.xml,work-management,work-product-team,provisional-repository-inferred
/workeffort/control/updateICalendarFixedAssetAssign,/workeffort,updateICalendarFixedAssetAssign,true,true,service,updateWorkEffortFixedAssetAssign,success:view:ICalendarFixedAssets;error:view:ICalendarFixedAssets,applications/workeffort/webapp/workeffort/WEB-INF/icalendar-controller.xml,work-management,work-product-team,provisional-repository-inferred
checkLogin,,checkLogin,true,false,java,org.apache.ofbiz.webapp.control.LoginWorker:extensionCheckLogin,success:view:main;impersonated:view:impersonated;error:view:login,framework/common/webcommon/WEB-INF/common-controller.xml,legacy-platform,legacy-platform-team,provisional-repository-inferred
ajaxCheckLogin,,ajaxCheckLogin,true,false,java,org.apache.ofbiz.webapp.control.LoginWorker:extensionCheckLogin,success:view:main;error:view:ajaxLogin,framework/common/webcommon/WEB-INF/common-controller.xml,legacy-platform,legacy-platform-team,provisional-repository-inferred
impersonateLogin,,impersonateLogin,true,true,java,org.apache.ofbiz.webapp.control.LoginWorker:impersonateLogin,success:view:main;error:view-last:,framework/common/webcommon/WEB-INF/common-controller.xml,legacy-platform,legacy-platform-team,provisional-repository-inferred
depersonateLogin,,depersonateLogin,true,true,java,org.apache.ofbiz.webapp.control.LoginWorker:depersonateLogin,success:view:main;error:view-last:,framework/common/webcommon/WEB-INF/common-controller.xml,legacy-platform,legacy-platform-team,provisional-repository-inferred
login,,login,true,false,java,org.apache.ofbiz.webapp.control.LoginWorker:login,success:view:main;requirePasswordChange:view:requirePasswordChange;error:view:login,framework/common/webcommon/WEB-INF/common-controller.xml,legacy-platform,legacy-platform-team,provisional-repository-inferred
logout,,logout,true,true,java,org.apache.ofbiz.webapp.control.LoginWorker:logout,success:request-redirect:main;error:view:main,framework/common/webcommon/WEB-INF/common-controller.xml,legacy-platform,legacy-platform-team,provisional-repository-inferred
forgotPassword,,forgotPassword,true,false,java,org.apache.ofbiz.securityext.login.LoginEvents:forgotPassword,success:view:forgotPassword;error:view:forgotPassword;auth:request-redirect:main,framework/common/webcommon/WEB-INF/common-controller.xml,legacy-platform,legacy-platform-team,provisional-repository-inferred
forgotPasswordReset,,forgotPasswordReset,true,false,java,org.apache.ofbiz.securityext.login.LoginEvents:changePasswordRequest,success:request-redirect:main;error:view:forgotPassword,framework/common/webcommon/WEB-INF/common-controller.xml,legacy-platform,legacy-platform-team,provisional-repository-inferred
passwordChange,,passwordChange,true,true,,,success:view:requirePasswordChange,framework/common/webcommon/WEB-INF/common-controller.xml,legacy-platform,legacy-platform-team,provisional-repository-inferred
view,,view,false,false,,,success:request:main,framework/common/webcommon/WEB-INF/common-controller.xml,legacy-platform,legacy-platform-team,provisional-repository-inferred
views,,views,true,false,,,success:request:main,framework/common/webcommon/WEB-INF/common-controller.xml,legacy-platform,legacy-platform-team,provisional-repository-inferred
s/{shortener},,s/{shortener},true,false,,,success:shortener:main,framework/common/webcommon/WEB-INF/common-controller.xml,legacy-platform,legacy-platform-team,provisional-repository-inferred
ListLocales,,ListLocales,true,false,,,success:view:ListLocales,framework/common/webcommon/WEB-INF/common-controller.xml,legacy-platform,legacy-platform-team,provisional-repository-inferred
setSessionLocale,,setSessionLocale,true,false,java,org.apache.ofbiz.common.CommonEvents:setSessionLocale,success:view-last:main;error:request:main,framework/common/webcommon/WEB-INF/common-controller.xml,legacy-platform,legacy-platform-team,provisional-repository-inferred
ListTimezones,,ListTimezones,true,true,,,success:view:ListTimezones,framework/common/webcommon/WEB-INF/common-controller.xml,legacy-platform,legacy-platform-team,provisional-repository-inferred
setSessionTimeZone,,setSessionTimeZone,true,false,java,org.apache.ofbiz.common.CommonEvents:setSessionTimeZone,success:view-last:main;error:request:main,framework/common/webcommon/WEB-INF/common-controller.xml,legacy-platform,legacy-platform-team,provisional-repository-inferred
userprofile,,userprofile,true,true,,,success:view:userprofile,framework/common/webcommon/WEB-INF/common-controller.xml,legacy-platform,legacy-platform-team,provisional-repository-inferred
setUserLocale,,setUserLocale,true,false,java,org.apache.ofbiz.common.CommonEvents:setSessionLocale,success:request-redirect:userprofile;error:request:userprofile,framework/common/webcommon/WEB-INF/common-controller.xml,legacy-platform,legacy-platform-team,provisional-repository-inferred
setUserTimeZone,,setUserTimeZone,true,false,java,org.apache.ofbiz.common.CommonEvents:setSessionTimeZone,success:request-redirect:userprofile;error:request:userprofile,framework/common/webcommon/WEB-INF/common-controller.xml,legacy-platform,legacy-platform-team,provisional-repository-inferred
ListSetCompanies,,ListSetCompanies,true,false,,,success:view:ListSetCompanies,framework/common/webcommon/WEB-INF/common-controller.xml,legacy-platform,legacy-platform-team,provisional-repository-inferred
selectTheme,,selectTheme,true,true,service,setUserPreference,success:request:setSessionTheme;error:request:main,framework/common/webcommon/WEB-INF/common-controller.xml,legacy-platform,legacy-platform-team,provisional-repository-inferred
setSessionTheme,,setSessionTheme,true,true,java,org.apache.ofbiz.common.CommonEvents:setSessionTheme,success:view-last:main;error:request:main,framework/common/webcommon/WEB-INF/common-controller.xml,legacy-platform,legacy-platform-team,provisional-repository-inferred
setUserPreference,,setUserPreference,true,true,service,setUserPreference,success:view-last:main;error:request:main,framework/common/webcommon/WEB-INF/common-controller.xml,legacy-platform,legacy-platform-team,provisional-repository-inferred
setCompany,,setCompany,true,true,service,setUserPreference,success:view-last-noparam:main;error:request:main,framework/common/webcommon/WEB-INF/common-controller.xml,legacy-platform,legacy-platform-team,provisional-repository-inferred
ajaxSetUserPreference,,ajaxSetUserPreference,true,true,service,setUserPreference,success:none:,framework/common/webcommon/WEB-INF/common-controller.xml,legacy-platform,legacy-platform-team,provisional-repository-inferred
ajaxAutocompleteOptions,,ajaxAutocompleteOptions,true,true,,,success:view:ajaxAutocompleteOptions,framework/common/webcommon/WEB-INF/common-controller.xml,legacy-platform,legacy-platform-team,provisional-repository-inferred
help,,help,true,true,,,success:view:help,framework/common/webcommon/WEB-INF/common-controller.xml,legacy-platform,legacy-platform-team,provisional-repository-inferred
ListVisualThemes,,ListVisualThemes,true,true,,,success:view:ListVisualThemes,framework/common/webcommon/WEB-INF/common-controller.xml,legacy-platform,legacy-platform-team,provisional-repository-inferred
main,,main,false,false,,,success:view:main,framework/common/webcommon/WEB-INF/common-controller.xml,legacy-platform,legacy-platform-team,provisional-repository-inferred
viewBlocked,,viewBlocked,false,false,,,success:view:viewBlocked,framework/common/webcommon/WEB-INF/common-controller.xml,legacy-platform,legacy-platform-team,provisional-repository-inferred
LookupTimeDuration,,LookupTimeDuration,false,false,,,success:view:LookupTimeDuration,framework/common/webcommon/WEB-INF/common-controller.xml,legacy-platform,legacy-platform-team,provisional-repository-inferred
backHome,,backHome,true,true,,,success:view-home:,framework/common/webcommon/WEB-INF/common-controller.xml,legacy-platform,legacy-platform-team,provisional-repository-inferred
backLast,,backLast,true,true,,,success:view-last:,framework/common/webcommon/WEB-INF/common-controller.xml,legacy-platform,legacy-platform-team,provisional-repository-inferred
json,,json,false,false,java,org.apache.ofbiz.common.CommonEvents:jsonResponseFromRequestAttributes,success:none:,framework/common/webcommon/WEB-INF/common-controller.xml,legacy-platform,legacy-platform-team,provisional-repository-inferred
showHelp,,showHelp,true,true,,,success:view:showHelp,framework/common/webcommon/WEB-INF/common-controller.xml,legacy-platform,legacy-platform-team,provisional-repository-inferred
showHelpPublic,,showHelpPublic,false,false,,,success:view:showHelp,framework/common/webcommon/WEB-INF/common-controller.xml,legacy-platform,legacy-platform-team,provisional-repository-inferred
authview,,authview,true,true,,,success:view:main,framework/common/webcommon/WEB-INF/common-controller.xml,legacy-platform,legacy-platform-team,provisional-repository-inferred
captcha.jpg,,captcha.jpg,false,false,java,org.apache.ofbiz.common.CommonEvents:getCaptcha,success:none:,framework/common/webcommon/WEB-INF/common-controller.xml,legacy-platform,legacy-platform-team,provisional-repository-inferred
LookupGeo,,LookupGeo,true,true,,,success:view:LookupGeo,framework/common/webcommon/WEB-INF/common-controller.xml,legacy-platform,legacy-platform-team,provisional-repository-inferred
LookupGeoName,,LookupGeoName,true,true,,,success:view:LookupGeoName,framework/common/webcommon/WEB-INF/common-controller.xml,legacy-platform,legacy-platform-team,provisional-repository-inferred
LookupLocale,,LookupLocale,true,true,,,success:view:LookupLocale,framework/common/webcommon/WEB-INF/common-controller.xml,legacy-platform,legacy-platform-team,provisional-repository-inferred
getJs,,getJs,false,false,,,success:request:js;error:request:js,framework/common/webcommon/WEB-INF/common-controller.xml,legacy-platform,legacy-platform-team,provisional-repository-inferred
js,,js,false,false,java,org.apache.ofbiz.common.CommonEvents:jsResponseFromRequest,success:none:,framework/common/webcommon/WEB-INF/common-controller.xml,legacy-platform,legacy-platform-team,provisional-repository-inferred
getAssociatedStateList,,getAssociatedStateList,true,true,service,getAssociatedStateList,success:request:json;error:request:json,framework/common/webcommon/WEB-INF/common-controller.xml,legacy-platform,legacy-platform-team,provisional-repository-inferred
getFileUploadProgressStatus,,getFileUploadProgressStatus,true,true,service,getFileUploadProgressStatus,success:request:json;error:request:json,framework/common/webcommon/WEB-INF/common-controller.xml,legacy-platform,legacy-platform-team,provisional-repository-inferred
getUiLabels,,getUiLabels,true,false,,,success:view:GetUiLabels,framework/common/webcommon/WEB-INF/common-controller.xml,legacy-platform,legacy-platform-team,provisional-repository-inferred
loadJWT,,loadJWT,true,true,java,org.apache.ofbiz.common.CommonEvents:loadJWT,success:none:;error:none:,framework/common/webcommon/WEB-INF/common-controller.xml,legacy-platform,legacy-platform-team,provisional-repository-inferred
checkUomConversion,,checkUomConversion,true,false,service,checkUomConversion,success:request:json;error:request:json,framework/common/webcommon/WEB-INF/common-controller.xml,legacy-platform,legacy-platform-team,provisional-repository-inferred
getRelatedGeos,,getRelatedGeos,true,true,service,getRelatedGeos,success:request:json;error:request:json,framework/common/webcommon/WEB-INF/common-controller.xml,legacy-platform,legacy-platform-team,provisional-repository-inferred
getServerTimestamp,,getServerTimestamp,true,true,service,getServerTimestamp,success:request:json;error:request:json,framework/common/webcommon/WEB-INF/common-controller.xml,legacy-platform,legacy-platform-team,provisional-repository-inferred
getServerTimeZone,,getServerTimeZone,true,true,service,getServerTimeZone,success:request:json;error:request:json,framework/common/webcommon/WEB-INF/common-controller.xml,legacy-platform,legacy-platform-team,provisional-repository-inferred
getServerTimestampAsLong,,getServerTimestampAsLong,true,true,service,getServerTimestampAsLong,success:request:json;error:request:json,framework/common/webcommon/WEB-INF/common-controller.xml,legacy-platform,legacy-platform-team,provisional-repository-inferred
qrcode,,qrcode,false,true,java,org.apache.ofbiz.common.qrcode.QRCodeEvents:serveQRCodeImage,success:none:;error:none:,framework/common/webcommon/WEB-INF/common-controller.xml,legacy-platform,legacy-platform-team,provisional-repository-inferred
SetTimeZoneFromBrowser,,SetTimeZoneFromBrowser,false,false,service,SetTimeZoneFromBrowser,success:request:json;error:request:json,framework/common/webcommon/WEB-INF/common-controller.xml,legacy-platform,legacy-platform-team,provisional-repository-inferred
openSourceFile,,openSourceFile,true,true,java,org.apache.ofbiz.common.CommonEvents:openSourceFile,success:none:;error:none:,framework/common/webcommon/WEB-INF/common-controller.xml,legacy-platform,legacy-platform-team,provisional-repository-inferred
main,,main,false,false,,,success:view:showPortalPage,framework/common/webcommon/WEB-INF/portal-controller.xml,legacy-platform,legacy-platform-team,provisional-repository-inferred
showPortlet,,showPortlet,true,true,,,success:view:showPortlet,framework/common/webcommon/WEB-INF/portal-controller.xml,legacy-platform,legacy-platform-team,provisional-repository-inferred
showPortletMainDecorator,,showPortletMainDecorator,true,true,,,success:view:showPortletMainDecorator,framework/common/webcommon/WEB-INF/portal-controller.xml,legacy-platform,legacy-platform-team,provisional-repository-inferred
showPortletSimpleDecorator,,showPortletSimpleDecorator,true,true,,,success:view:showPortletSimpleDecorator,framework/common/webcommon/WEB-INF/portal-controller.xml,legacy-platform,legacy-platform-team,provisional-repository-inferred
editPortalPortletAttributes,,editPortalPortletAttributes,true,true,,,success:view:editPortalPortletAttributes,framework/common/webcommon/WEB-INF/portal-controller.xml,legacy-platform,legacy-platform-team,provisional-repository-inferred
setPortalPortletAttributes,,setPortalPortletAttributes,true,true,groovy,component://common/src/main/groovy/org/apache/ofbiz/common/PortalPageMethods.groovy:setPortalPortletAttributes,success:view-last:main;error:request:main,framework/common/webcommon/WEB-INF/portal-controller.xml,legacy-platform,legacy-platform-team,provisional-repository-inferred
showPortalPage,,showPortalPage,true,true,,,success:view:showPortalPage,framework/common/webcommon/WEB-INF/portal-controller.xml,legacy-platform,legacy-platform-team,provisional-repository-inferred
ManagePortalPages,,ManagePortalPages,true,true,groovy,component://common/src/main/groovy/org/apache/ofbiz/common/PortalPageMethods.groovy:copyIfRequiredSystemPage,success:view:ManagePortalPages,framework/common/webcommon/WEB-INF/portal-controller.xml,legacy-platform,legacy-platform-team,provisional-repository-inferred
NewPortalPage,,NewPortalPage,true,true,,,success:view:NewPortalPage;error:request:main,framework/common/webcommon/WEB-INF/portal-controller.xml,legacy-platform,legacy-platform-team,provisional-repository-inferred
addPortlet,,addPortlet,true,true,,,success:view:addPortlet,framework/common/webcommon/WEB-INF/portal-controller.xml,legacy-platform,legacy-platform-team,provisional-repository-inferred
createPortalPagePortlet,,createPortalPagePortlet,true,true,service,createPortalPagePortlet,success:view-last:main;error:request:main,framework/common/webcommon/WEB-INF/portal-controller.xml,legacy-platform,legacy-platform-team,provisional-repository-inferred
updatePortalPagePortlet,,updatePortalPagePortlet,true,true,service,updatePortalPagePortlet,success:view-last:main;error:request:main,framework/common/webcommon/WEB-INF/portal-controller.xml,legacy-platform,legacy-platform-team,provisional-repository-inferred
updatePortletSeqDragDrop,,updatePortletSeqDragDrop,true,true,service,updatePortletSeqDragDrop,success:view-last:main;error:request:main,framework/common/webcommon/WEB-INF/portal-controller.xml,legacy-platform,legacy-platform-team,provisional-repository-inferred
deletePortalPagePortlet,,deletePortalPagePortlet,true,true,service,deletePortalPagePortlet,success:view-last:main;error:request:main,framework/common/webcommon/WEB-INF/portal-controller.xml,legacy-platform,legacy-platform-team,provisional-repository-inferred
movePortletToPortalPage,,movePortletToPortalPage,true,true,service,movePortletToPortalPage,success:view-last:main;error:request:main,framework/common/webcommon/WEB-INF/portal-controller.xml,legacy-platform,legacy-platform-team,provisional-repository-inferred
updatePortalPagePortletSeqAjax,,updatePortalPagePortletSeqAjax,true,true,service,updatePortletSeqDragDrop,success:none:,framework/common/webcommon/WEB-INF/portal-controller.xml,legacy-platform,legacy-platform-team,provisional-repository-inferred
createPortalPage,,createPortalPage,true,true,service,createPortalPage,success:request:ManagePortalPages;error:request:ManagePortalPages,framework/common/webcommon/WEB-INF/portal-controller.xml,legacy-platform,legacy-platform-team,provisional-repository-inferred
updatePortalPage,,updatePortalPage,true,true,service,updatePortalPage,success:request:ManagePortalPages;error:request:ManagePortalPages,framework/common/webcommon/WEB-INF/portal-controller.xml,legacy-platform,legacy-platform-team,provisional-repository-inferred
deletePortalPage,,deletePortalPage,true,true,service,deletePortalPage,success:request:ManagePortalPages;error:request:ManagePortalPages,framework/common/webcommon/WEB-INF/portal-controller.xml,legacy-platform,legacy-platform-team,provisional-repository-inferred
addPortalPageColumn,,addPortalPageColumn,true,true,service,addPortalPageColumn,success:view-last:main;error:request:main,framework/common/webcommon/WEB-INF/portal-controller.xml,legacy-platform,legacy-platform-team,provisional-repository-inferred
updatePortalPageColumn,,updatePortalPageColumn,true,true,service,updatePortalPageColumn,success:view-last:main;error:request:main,framework/common/webcommon/WEB-INF/portal-controller.xml,legacy-platform,legacy-platform-team,provisional-repository-inferred
updatePortalPageColumnWidth,,updatePortalPageColumnWidth,true,true,service,updatePortalPageColumn,success:view-last:main;error:request:main,framework/common/webcommon/WEB-INF/portal-controller.xml,legacy-platform,legacy-platform-team,provisional-repository-inferred
deletePortalPageColumn,,deletePortalPageColumn,true,false,service,deletePortalPageColumn,success:view-last:main;error:request:main,framework/common/webcommon/WEB-INF/portal-controller.xml,legacy-platform,legacy-platform-team,provisional-repository-inferred
updatePortalPageSeq,,updatePortalPageSeq,true,true,service,updatePortalPageSeq,success:request:ManagePortalPages;error:request:ManagePortalPages,framework/common/webcommon/WEB-INF/portal-controller.xml,legacy-platform,legacy-platform-team,provisional-repository-inferred
editPortalPageColumnWidth,,editPortalPageColumnWidth,true,false,,,success:view:editPortalPageColumnWidth,framework/common/webcommon/WEB-INF/portal-controller.xml,legacy-platform,legacy-platform-team,provisional-repository-inferred
LookupPortalPage,,LookupPortalPage,true,true,,,success:view:LookupPortalPage,framework/common/webcommon/WEB-INF/portal-controller.xml,legacy-platform,legacy-platform-team,provisional-repository-inferred
addProtectedViewToSecurityGroup,,addProtectedViewToSecurityGroup,true,true,service,addProtectedViewToSecurityGroup,success:view:EditSecurityGroupProtectedViews;error:view:EditSecurityGroupProtectedViews,framework/common/webcommon/WEB-INF/security-controller.xml,legacy-platform,legacy-platform-team,provisional-repository-inferred
addSecurityPermissionToSecurityGroup,,addSecurityPermissionToSecurityGroup,true,true,service,addSecurityPermissionToSecurityGroup,success:view:EditSecurityGroupPermissions;error:view:EditSecurityGroupPermissions,framework/common/webcommon/WEB-INF/security-controller.xml,legacy-platform,legacy-platform-team,provisional-repository-inferred
addUserLoginToSecurityGroup,,addUserLoginToSecurityGroup,true,true,service,addUserLoginToSecurityGroup,success:view:EditSecurityGroupUserLogins;error:view:EditSecurityGroupUserLogins,framework/common/webcommon/WEB-INF/security-controller.xml,legacy-platform,legacy-platform-team,provisional-repository-inferred
createnewlogin,,createnewlogin,true,true,,,success:view:createnewlogin,framework/common/webcommon/WEB-INF/security-controller.xml,legacy-platform,legacy-platform-team,provisional-repository-inferred
CreateNewSecurityGroup,,CreateNewSecurityGroup,true,true,,,success:view:CreateNewSecurityGroup,framework/common/webcommon/WEB-INF/security-controller.xml,legacy-platform,legacy-platform-team,provisional-repository-inferred
createSecurityGroup,,createSecurityGroup,true,true,service,createSecurityGroup,success:view:EditSecurityGroup;error:view:EditSecurityGroup,framework/common/webcommon/WEB-INF/security-controller.xml,legacy-platform,legacy-platform-team,provisional-repository-inferred
createUserLogin,,createUserLogin,true,true,service,createUserLogin,success:view:EditUserLogin;error:view:createnewlogin,framework/common/webcommon/WEB-INF/security-controller.xml,legacy-platform,legacy-platform-team,provisional-repository-inferred
EditCertIssuerProvisions,,EditCertIssuerProvisions,true,true,,,success:view:CertIssuerProvisions,framework/common/webcommon/WEB-INF/security-controller.xml,legacy-platform,legacy-platform-team,provisional-repository-inferred
editlogin,,editlogin,true,true,,,success:view:EditUserLogin,framework/common/webcommon/WEB-INF/security-controller.xml,legacy-platform,legacy-platform-team,provisional-repository-inferred
EditSecurityGroup,,EditSecurityGroup,true,true,,,success:view:EditSecurityGroup,framework/common/webcommon/WEB-INF/security-controller.xml,legacy-platform,legacy-platform-team,provisional-repository-inferred
EditSecurityGroupPermissions,,EditSecurityGroupPermissions,true,true,,,success:view:EditSecurityGroupPermissions,framework/common/webcommon/WEB-INF/security-controller.xml,legacy-platform,legacy-platform-team,provisional-repository-inferred
EditSecurityGroupProtectedViews,,EditSecurityGroupProtectedViews,true,true,,,success:view:EditSecurityGroupProtectedViews,framework/common/webcommon/WEB-INF/security-controller.xml,legacy-platform,legacy-platform-team,provisional-repository-inferred
EditSecurityGroupUserLogins,,EditSecurityGroupUserLogins,true,true,,,success:view:EditSecurityGroupUserLogins,framework/common/webcommon/WEB-INF/security-controller.xml,legacy-platform,legacy-platform-team,provisional-repository-inferred
EditUserLoginSecurityGroups,,EditUserLoginSecurityGroups,true,true,,,success:view:EditUserLoginSecurityGroups,framework/common/webcommon/WEB-INF/security-controller.xml,legacy-platform,legacy-platform-team,provisional-repository-inferred
FindSecurityGroup,,FindSecurityGroup,true,true,,,success:view:FindSecurityGroup,framework/common/webcommon/WEB-INF/security-controller.xml,legacy-platform,legacy-platform-team,provisional-repository-inferred
FindUserLogin,,FindUserLogin,true,true,,,success:view:FindUserLogin,framework/common/webcommon/WEB-INF/security-controller.xml,legacy-platform,legacy-platform-team,provisional-repository-inferred
importIssuerProvision,,importIssuerProvision,true,true,service,importIssuerProvision,success:view:CertIssuerProvisions;error:view:ViewCertificate,framework/common/webcommon/WEB-INF/security-controller.xml,legacy-platform,legacy-platform-team,provisional-repository-inferred
LookupUserLogin,,LookupUserLogin,true,true,,,success:view:LookupUserLogin,framework/common/webcommon/WEB-INF/security-controller.xml,legacy-platform,legacy-platform-team,provisional-repository-inferred
removeProtectedViewFromSecurityGroup,,removeProtectedViewFromSecurityGroup,true,true,service,removeProtectedViewFromSecurityGroup,success:view:EditSecurityGroupProtectedViews;error:view:EditSecurityGroupProtectedViews,framework/common/webcommon/WEB-INF/security-controller.xml,legacy-platform,legacy-platform-team,provisional-repository-inferred
removeSecurityPermissionFromSecurityGroup,,removeSecurityPermissionFromSecurityGroup,true,true,service,removeSecurityPermissionFromSecurityGroup,success:view:EditSecurityGroupPermissions;error:view:EditSecurityGroupPermissions,framework/common/webcommon/WEB-INF/security-controller.xml,legacy-platform,legacy-platform-team,provisional-repository-inferred
expireUserLoginFromSecurityGroup,,expireUserLoginFromSecurityGroup,true,true,service,expireUserLoginSecurityGroup,success:view:EditSecurityGroupUserLogins;error:view:EditSecurityGroupUserLogins,framework/common/webcommon/WEB-INF/security-controller.xml,legacy-platform,legacy-platform-team,provisional-repository-inferred
updatePassword,,updatePassword,true,true,service,updatePassword,success:view:EditUserLogin;error:view:EditUserLogin,framework/common/webcommon/WEB-INF/security-controller.xml,legacy-platform,legacy-platform-team,provisional-repository-inferred
updateProtectedViewToSecurityGroup,,updateProtectedViewToSecurityGroup,true,true,service,updateProtectedViewToSecurityGroup,success:view:EditSecurityGroupProtectedViews;error:view:EditSecurityGroupProtectedViews,framework/common/webcommon/WEB-INF/security-controller.xml,legacy-platform,legacy-platform-team,provisional-repository-inferred
updateSecurityGroup,,updateSecurityGroup,true,true,service,updateSecurityGroup,success:view:EditSecurityGroup;error:view:EditSecurityGroup,framework/common/webcommon/WEB-INF/security-controller.xml,legacy-platform,legacy-platform-team,provisional-repository-inferred
updateUserLoginSecurity,,updateUserLoginSecurity,true,true,service,updateUserLoginSecurity,success:view:EditUserLogin;error:view:EditUserLogin,framework/common/webcommon/WEB-INF/security-controller.xml,legacy-platform,legacy-platform-team,provisional-repository-inferred
updateUserLoginToSecurityGroup,,updateUserLoginToSecurityGroup,true,true,service,updateUserLoginToSecurityGroup,success:view:EditSecurityGroupUserLogins;error:view:EditSecurityGroupUserLogins,framework/common/webcommon/WEB-INF/security-controller.xml,legacy-platform,legacy-platform-team,provisional-repository-inferred
userLogin_addUserLoginToSecurityGroup,,userLogin_addUserLoginToSecurityGroup,true,true,service,addUserLoginToSecurityGroup,success:view:EditUserLoginSecurityGroups;error:view:EditUserLoginSecurityGroups,framework/common/webcommon/WEB-INF/security-controller.xml,legacy-platform,legacy-platform-team,provisional-repository-inferred
userLogin_expireUserLoginFromSecurityGroup,,userLogin_expireUserLoginFromSecurityGroup,true,true,service,expireUserLoginSecurityGroup,success:view:EditUserLoginSecurityGroups;error:view:EditUserLoginSecurityGroups,framework/common/webcommon/WEB-INF/security-controller.xml,legacy-platform,legacy-platform-team,provisional-repository-inferred
userLogin_updateUserLoginToSecurityGroup,,userLogin_updateUserLoginToSecurityGroup,true,true,service,updateUserLoginToSecurityGroup,success:view:EditUserLoginSecurityGroups;error:view:EditUserLoginSecurityGroups,framework/common/webcommon/WEB-INF/security-controller.xml,legacy-platform,legacy-platform-team,provisional-repository-inferred
ViewCertificate,,ViewCertificate,true,true,,,success:view:ViewCertificate,framework/common/webcommon/WEB-INF/security-controller.xml,legacy-platform,legacy-platform-team,provisional-repository-inferred
createTemporalExpression,,createTemporalExpression,true,true,service,createTemporalExpression,success:request:editTemporalExpression,framework/common/webcommon/WEB-INF/tempexpr-controller.xml,legacy-platform,legacy-platform-team,provisional-repository-inferred
updateTemporalExpression,,updateTemporalExpression,true,true,service,updateTemporalExpression,success:request:editTemporalExpression,framework/common/webcommon/WEB-INF/tempexpr-controller.xml,legacy-platform,legacy-platform-team,provisional-repository-inferred
createTemporalExpressionAssoc,,createTemporalExpressionAssoc,true,true,service,createTemporalExpressionAssoc,success:request:editTemporalExpression,framework/common/webcommon/WEB-INF/tempexpr-controller.xml,legacy-platform,legacy-platform-team,provisional-repository-inferred
deleteTemporalExpressionAssoc,,deleteTemporalExpressionAssoc,true,true,service,deleteTemporalExpressionAssoc,success:request:editTemporalExpression,framework/common/webcommon/WEB-INF/tempexpr-controller.xml,legacy-platform,legacy-platform-team,provisional-repository-inferred
editTemporalExpression,,editTemporalExpression,true,true,,,success:none:,framework/common/webcommon/WEB-INF/tempexpr-controller.xml,legacy-platform,legacy-platform-team,provisional-repository-inferred
main,,main,true,true,,,success:view:main,framework/resources/templates/controller.xml,legacy-platform,legacy-platform-team,provisional-repository-inferred
/webtools/control/entity/list,/webtools,entity/list,true,true,,,success:view:entitymaint,framework/webtools/webapp/webtools/WEB-INF/controller.xml,legacy-platform,legacy-platform-team,provisional-repository-inferred
/webtools/control/entity/create/{entityName},/webtools,entity/create/{entityName},true,true,,,success:view:EditGeneric,framework/webtools/webapp/webtools/WEB-INF/controller.xml,legacy-platform,legacy-platform-team,provisional-repository-inferred
/webtools/control/entity/edit/{entityName}/{pkValues: .*},/webtools,entity/edit/{entityName}/{pkValues: .*},true,true,,,success:view:EditGeneric,framework/webtools/webapp/webtools/WEB-INF/controller.xml,legacy-platform,legacy-platform-team,provisional-repository-inferred
/webtools/control/entity/relations/{entityName},/webtools,entity/relations/{entityName},true,true,,,success:view:ViewRelations,framework/webtools/webapp/webtools/WEB-INF/controller.xml,legacy-platform,legacy-platform-team,provisional-repository-inferred
/webtools/control/entity/find/{entityName},/webtools,entity/find/{entityName},true,true,,,success:view:FindGeneric,framework/webtools/webapp/webtools/WEB-INF/controller.xml,legacy-platform,legacy-platform-team,provisional-repository-inferred
/webtools/control/entity/change/{entityName},/webtools,entity/change/{entityName},true,true,java,org.apache.ofbiz.webtools.GenericWebEvent:updateGeneric,success:view:FindGeneric;error:view:ViewGeneric,framework/webtools/webapp/webtools/WEB-INF/controller.xml,legacy-platform,legacy-platform-team,provisional-repository-inferred
/webtools/control/entity/find/{entityName}/{pkValues: .*},/webtools,entity/find/{entityName}/{pkValues: .*},true,true,,,success:view:ViewGeneric,framework/webtools/webapp/webtools/WEB-INF/controller.xml,legacy-platform,legacy-platform-team,provisional-repository-inferred
/webtools/control/entity/change/{entityName}/{pkValues: .*},/webtools,entity/change/{entityName}/{pkValues: .*},true,true,java,org.apache.ofbiz.webtools.GenericWebEvent:updateGeneric,success:view:ViewGeneric;error:view:ViewGeneric,framework/webtools/webapp/webtools/WEB-INF/controller.xml,legacy-platform,legacy-platform-team,provisional-repository-inferred
/webtools/control/entity/change/{entityName}/{pkValues: .*},/webtools,entity/change/{entityName}/{pkValues: .*},true,true,java,org.apache.ofbiz.webtools.GenericWebEvent:updateGeneric,success:view:ViewGeneric;error:view:ViewGeneric,framework/webtools/webapp/webtools/WEB-INF/controller.xml,legacy-platform,legacy-platform-team,provisional-repository-inferred
/webtools/control/ping,/webtools,ping,false,true,service,ping,error:view:ping;success:view:ping,framework/webtools/webapp/webtools/WEB-INF/controller.xml,legacy-platform,legacy-platform-team,provisional-repository-inferred
/webtools/control/showDateTime,/webtools,showDateTime,false,false,,,success:view:showDateTime,framework/webtools/webapp/webtools/WEB-INF/controller.xml,legacy-platform,legacy-platform-team,provisional-repository-inferred
/webtools/control/secureCertDateTime,/webtools,secureCertDateTime,true,false,,,success:view:showDateTime,framework/webtools/webapp/webtools/WEB-INF/controller.xml,legacy-platform,legacy-platform-team,provisional-repository-inferred
/webtools/control/secureAuthDateTime,/webtools,secureAuthDateTime,true,true,,,success:view:showDateTime,framework/webtools/webapp/webtools/WEB-INF/controller.xml,legacy-platform,legacy-platform-team,provisional-repository-inferred
/webtools/control/TestService,/webtools,TestService,false,false,service,testScv,error:view:error;success:view:error,framework/webtools/webapp/webtools/WEB-INF/controller.xml,legacy-platform,legacy-platform-team,provisional-repository-inferred
/webtools/control/streamTest,/webtools,streamTest,false,false,service-stream,serviceStreamTest,success:none:;error:none:,framework/webtools/webapp/webtools/WEB-INF/controller.xml,legacy-platform,legacy-platform-team,provisional-repository-inferred
/webtools/control/yahoo,/webtools,yahoo,false,false,,,success:url:http://www.yahoo.com,framework/webtools/webapp/webtools/WEB-INF/controller.xml,legacy-platform,legacy-platform-team,provisional-repository-inferred
/webtools/control/view,/webtools,view,true,false,,,success:view:main,framework/webtools/webapp/webtools/WEB-INF/controller.xml,legacy-platform,legacy-platform-team,provisional-repository-inferred
/webtools/control/chain,/webtools,chain,false,false,java,org.apache.ofbiz.webapp.event.TestEvent:test,success:request:/view;error:view:error,framework/webtools/webapp/webtools/WEB-INF/controller.xml,legacy-platform,legacy-platform-team,provisional-repository-inferred
/webtools/control/main,/webtools,main,true,false,,,success:view:main,framework/webtools/webapp/webtools/WEB-INF/controller.xml,legacy-platform,legacy-platform-team,provisional-repository-inferred
/webtools/control/entitymaint,/webtools,entitymaint,true,true,,,success:view:entitymaint,framework/webtools/webapp/webtools/WEB-INF/controller.xml,legacy-platform,legacy-platform-team,provisional-repository-inferred
/webtools/control/FindGeneric,/webtools,FindGeneric,true,true,,,success:view:FindGeneric,framework/webtools/webapp/webtools/WEB-INF/controller.xml,legacy-platform,legacy-platform-team,provisional-repository-inferred
/webtools/control/ViewGeneric,/webtools,ViewGeneric,true,true,,,success:view:ViewGeneric,framework/webtools/webapp/webtools/WEB-INF/controller.xml,legacy-platform,legacy-platform-team,provisional-repository-inferred
/webtools/control/UpdateGeneric,/webtools,UpdateGeneric,true,true,java,org.apache.ofbiz.webtools.GenericWebEvent:updateGeneric,success:view:ViewGeneric;error:view:ViewGeneric,framework/webtools/webapp/webtools/WEB-INF/controller.xml,legacy-platform,legacy-platform-team,provisional-repository-inferred
/webtools/control/ViewRelations,/webtools,ViewRelations,true,true,,,success:view:ViewRelations,framework/webtools/webapp/webtools/WEB-INF/controller.xml,legacy-platform,legacy-platform-team,provisional-repository-inferred
/webtools/control/entityref,/webtools,entityref,true,true,,,success:view:entityref,framework/webtools/webapp/webtools/WEB-INF/controller.xml,legacy-platform,legacy-platform-team,provisional-repository-inferred
/webtools/control/entityrefReport,/webtools,entityrefReport,true,true,,,success:view:entityrefReport,framework/webtools/webapp/webtools/WEB-INF/controller.xml,legacy-platform,legacy-platform-team,provisional-repository-inferred
/webtools/control/ModelWriter,/webtools,ModelWriter,false,true,,,success:view:ModelWriter,framework/webtools/webapp/webtools/WEB-INF/controller.xml,legacy-platform,legacy-platform-team,provisional-repository-inferred
/webtools/control/ModelGroupWriter,/webtools,ModelGroupWriter,false,true,,,success:view:ModelGroupWriter,framework/webtools/webapp/webtools/WEB-INF/controller.xml,legacy-platform,legacy-platform-team,provisional-repository-inferred
/webtools/control/EntityEoModelBundle,/webtools,EntityEoModelBundle,true,true,,,success:view:EntityEoModelBundle,framework/webtools/webapp/webtools/WEB-INF/controller.xml,legacy-platform,legacy-platform-team,provisional-repository-inferred
/webtools/control/exportEntityEoModelBundle,/webtools,exportEntityEoModelBundle,true,true,service,exportEntityEoModelBundle,success:view:EntityEoModelBundle;error:view:EntityEoModelBundle,framework/webtools/webapp/webtools/WEB-INF/controller.xml,legacy-platform,legacy-platform-team,provisional-repository-inferred
/webtools/control/FindUtilCache,/webtools,FindUtilCache,true,true,,,success:view:FindUtilCache,framework/webtools/webapp/webtools/WEB-INF/controller.xml,legacy-platform,legacy-platform-team,provisional-repository-inferred
/webtools/control/FindUtilCacheClear,/webtools,FindUtilCacheClear,true,true,java,org.apache.ofbiz.webtools.UtilCacheEvents:clearEvent,success:view:FindUtilCache;error:view:FindUtilCache,framework/webtools/webapp/webtools/WEB-INF/controller.xml,legacy-platform,legacy-platform-team,provisional-repository-inferred
/webtools/control/FindUtilCacheClearAll,/webtools,FindUtilCacheClearAll,true,true,java,org.apache.ofbiz.webtools.UtilCacheEvents:clearAllEvent,success:view:FindUtilCache;error:view:FindUtilCache,framework/webtools/webapp/webtools/WEB-INF/controller.xml,legacy-platform,legacy-platform-team,provisional-repository-inferred
/webtools/control/ClearSelectedCaches,/webtools,ClearSelectedCaches,true,true,java,org.apache.ofbiz.webtools.UtilCacheEvents:clearSelectedCachesEvent,success:view:FindUtilCache;error:view:FindUtilCache,framework/webtools/webapp/webtools/WEB-INF/controller.xml,legacy-platform,legacy-platform-team,provisional-repository-inferred
/webtools/control/ForceGarbageCollection,/webtools,ForceGarbageCollection,true,true,service,forceGarbageCollection,success:view:FindUtilCache;error:view:FindUtilCache,framework/webtools/webapp/webtools/WEB-INF/controller.xml,legacy-platform,legacy-platform-team,provisional-repository-inferred
/webtools/control/EditUtilCache,/webtools,EditUtilCache,true,true,,,success:view:EditUtilCache,framework/webtools/webapp/webtools/WEB-INF/controller.xml,legacy-platform,legacy-platform-team,provisional-repository-inferred
/webtools/control/EditUtilCacheUpdate,/webtools,EditUtilCacheUpdate,true,true,java,org.apache.ofbiz.webtools.UtilCacheEvents:updateEvent,success:view:EditUtilCache;error:view:EditUtilCache,framework/webtools/webapp/webtools/WEB-INF/controller.xml,legacy-platform,legacy-platform-team,provisional-repository-inferred
/webtools/control/EditUtilCacheClear,/webtools,EditUtilCacheClear,true,true,java,org.apache.ofbiz.webtools.UtilCacheEvents:clearEvent,success:view:EditUtilCache;error:view:EditUtilCache,framework/webtools/webapp/webtools/WEB-INF/controller.xml,legacy-platform,legacy-platform-team,provisional-repository-inferred
/webtools/control/FindUtilCacheElements,/webtools,FindUtilCacheElements,true,true,,,success:view:FindUtilCacheElements,framework/webtools/webapp/webtools/WEB-INF/controller.xml,legacy-platform,legacy-platform-team,provisional-repository-inferred
/webtools/control/FindUtilCacheElementsRemoveElement,/webtools,FindUtilCacheElementsRemoveElement,true,true,java,org.apache.ofbiz.webtools.UtilCacheEvents:removeElementEvent,success:view:FindUtilCacheElements;error:view:FindUtilCacheElements,framework/webtools/webapp/webtools/WEB-INF/controller.xml,legacy-platform,legacy-platform-team,provisional-repository-inferred
/webtools/control/viewdatafile,/webtools,viewdatafile,true,true,,,success:view:viewdatafile,framework/webtools/webapp/webtools/WEB-INF/controller.xml,legacy-platform,legacy-platform-team,provisional-repository-inferred
/webtools/control/StatsSinceStart,/webtools,StatsSinceStart,true,true,,,success:view:StatsSinceStart,framework/webtools/webapp/webtools/WEB-INF/controller.xml,legacy-platform,legacy-platform-team,provisional-repository-inferred
/webtools/control/StatBinsHistory,/webtools,StatBinsHistory,true,true,,,success:view:StatBinsHistory,framework/webtools/webapp/webtools/WEB-INF/controller.xml,legacy-platform,legacy-platform-team,provisional-repository-inferred
/webtools/control/ViewMetrics,/webtools,ViewMetrics,true,true,,,success:view:ViewMetrics,framework/webtools/webapp/webtools/WEB-INF/controller.xml,legacy-platform,legacy-platform-team,provisional-repository-inferred
/webtools/control/ResetMetric,/webtools,ResetMetric,true,true,service,resetMetric,success:view:ViewMetrics;error:view:ViewMetrics,framework/webtools/webapp/webtools/WEB-INF/controller.xml,legacy-platform,legacy-platform-team,provisional-repository-inferred
/webtools/control/LogConfiguration,/webtools,LogConfiguration,true,true,,,success:view:LogConfiguration,framework/webtools/webapp/webtools/WEB-INF/controller.xml,legacy-platform,legacy-platform-team,provisional-repository-inferred
/webtools/control/AdjustDebugLevels,/webtools,AdjustDebugLevels,true,true,service,adjustDebugLevels,success:view:LogConfiguration,framework/webtools/webapp/webtools/WEB-INF/controller.xml,legacy-platform,legacy-platform-team,provisional-repository-inferred
/webtools/control/LogView,/webtools,LogView,true,true,,,success:view:LogView,framework/webtools/webapp/webtools/WEB-INF/controller.xml,legacy-platform,legacy-platform-team,provisional-repository-inferred
/webtools/control/FetchLogs,/webtools,FetchLogs,true,true,,,success:view:FetchLogs,framework/webtools/webapp/webtools/WEB-INF/controller.xml,legacy-platform,legacy-platform-team,provisional-repository-inferred
/webtools/control/ServiceLog,/webtools,ServiceLog,true,true,,,success:view:ServiceLog,framework/webtools/webapp/webtools/WEB-INF/controller.xml,legacy-platform,legacy-platform-team,provisional-repository-inferred
/webtools/control/ServiceList,/webtools,ServiceList,true,true,,,success:view:ServiceList,framework/webtools/webapp/webtools/WEB-INF/controller.xml,legacy-platform,legacy-platform-team,provisional-repository-inferred
/webtools/control/threadList,/webtools,threadList,true,true,,,success:view:threadList,framework/webtools/webapp/webtools/WEB-INF/controller.xml,legacy-platform,legacy-platform-team,provisional-repository-inferred
/webtools/control/FindJob,/webtools,FindJob,true,true,,,success:view:FindJob,framework/webtools/webapp/webtools/WEB-INF/controller.xml,legacy-platform,legacy-platform-team,provisional-repository-inferred
/webtools/control/JobDetails,/webtools,JobDetails,true,true,,,success:view:JobDetails,framework/webtools/webapp/webtools/WEB-INF/controller.xml,legacy-platform,legacy-platform-team,provisional-repository-inferred
/webtools/control/FindJobTracker,/webtools,FindJobTracker,,,,,success:view:FindJobTracker,framework/webtools/webapp/webtools/WEB-INF/controller.xml,legacy-platform,legacy-platform-team,provisional-repository-inferred
/webtools/control/JobTrackerDetails,/webtools,JobTrackerDetails,,,,,success:view:JobTrackerDetails,framework/webtools/webapp/webtools/WEB-INF/controller.xml,legacy-platform,legacy-platform-team,provisional-repository-inferred
/webtools/control/FindJobTrackerResult,/webtools,FindJobTrackerResult,,,,,success:view:FindJobTrackerResult,framework/webtools/webapp/webtools/WEB-INF/controller.xml,legacy-platform,legacy-platform-team,provisional-repository-inferred
/webtools/control/JobTrackerState,/webtools,JobTrackerState,,,,,success:view:JobTrackerState,framework/webtools/webapp/webtools/WEB-INF/controller.xml,legacy-platform,legacy-platform-team,provisional-repository-inferred
/webtools/control/pauseJobTracker,/webtools,pauseJobTracker,,,service,pauseJobTracker,success:view:JobTrackerDetails;error:view:JobTrackerDetails,framework/webtools/webapp/webtools/WEB-INF/controller.xml,legacy-platform,legacy-platform-team,provisional-repository-inferred
/webtools/control/resumeJobTracker,/webtools,resumeJobTracker,,,service,resumeJobTracker,success:view:JobTrackerDetails;error:view:JobTrackerDetails,framework/webtools/webapp/webtools/WEB-INF/controller.xml,legacy-platform,legacy-platform-team,provisional-repository-inferred
/webtools/control/cancelJobTracker,/webtools,cancelJobTracker,,,service,cancelJobTracker,success:view:JobTrackerDetails;error:view:JobTrackerDetails,framework/webtools/webapp/webtools/WEB-INF/controller.xml,legacy-platform,legacy-platform-team,provisional-repository-inferred
/webtools/control/cancelJob,/webtools,cancelJob,true,true,service,cancelScheduledJob,success:view:FindJob;error:view:FindJob,framework/webtools/webapp/webtools/WEB-INF/controller.xml,legacy-platform,legacy-platform-team,provisional-repository-inferred
/webtools/control/resetJob,/webtools,resetJob,true,true,service,resetScheduledJob,success:view:FindJob;error:view:FindJob,framework/webtools/webapp/webtools/WEB-INF/controller.xml,legacy-platform,legacy-platform-team,provisional-repository-inferred
/webtools/control/scheduleJob,/webtools,scheduleJob,true,true,,,success:view:scheduleJob,framework/webtools/webapp/webtools/WEB-INF/controller.xml,legacy-platform,legacy-platform-team,provisional-repository-inferred
/webtools/control/runService,/webtools,runService,true,true,,,success:view:runService,framework/webtools/webapp/webtools/WEB-INF/controller.xml,legacy-platform,legacy-platform-team,provisional-repository-inferred
/webtools/control/setServiceParameters,/webtools,setServiceParameters,true,true,,,success:view:setServiceParameters,framework/webtools/webapp/webtools/WEB-INF/controller.xml,legacy-platform,legacy-platform-team,provisional-repository-inferred
/webtools/control/setSyncServiceParameters,/webtools,setSyncServiceParameters,true,true,,,success:view:setSyncServiceParameters,framework/webtools/webapp/webtools/WEB-INF/controller.xml,legacy-platform,legacy-platform-team,provisional-repository-inferred
/webtools/control/scheduleService,/webtools,scheduleService,true,true,java,org.apache.ofbiz.webapp.event.CoreEvents:scheduleService,success:view:FindJob;sync_success:view:serviceResult;error:view:scheduleJob,framework/webtools/webapp/webtools/WEB-INF/controller.xml,legacy-platform,legacy-platform-team,provisional-repository-inferred
/webtools/control/scheduleServiceSync,/webtools,scheduleServiceSync,true,true,java,org.apache.ofbiz.webapp.event.CoreEvents:scheduleService,success:view:serviceResult;sync_success:view:serviceResult;error:view:runService,framework/webtools/webapp/webtools/WEB-INF/controller.xml,legacy-platform,legacy-platform-team,provisional-repository-inferred
/webtools/control/serviceResult,/webtools,serviceResult,true,true,,,success:view:serviceResult,framework/webtools/webapp/webtools/WEB-INF/controller.xml,legacy-platform,legacy-platform-team,provisional-repository-inferred
/webtools/control/saveServiceResultsToSession,/webtools,saveServiceResultsToSession,true,true,java,org.apache.ofbiz.webapp.event.CoreEvents:saveServiceResultsToSession,success:view:runService;error:view:error,framework/webtools/webapp/webtools/WEB-INF/controller.xml,legacy-platform,legacy-platform-team,provisional-repository-inferred
/webtools/control/AddJobManagerLock,/webtools,AddJobManagerLock,true,true,,,success:view:AddJobManagerLock,framework/webtools/webapp/webtools/WEB-INF/controller.xml,legacy-platform,legacy-platform-team,provisional-repository-inferred
/webtools/control/FindJobManagerLock,/webtools,FindJobManagerLock,true,true,,,success:view:FindJobManagerLock,framework/webtools/webapp/webtools/WEB-INF/controller.xml,legacy-platform,legacy-platform-team,provisional-repository-inferred
/webtools/control/createJobManagerLock,/webtools,createJobManagerLock,true,true,service,createJobManagerLock,success:request:json;error:request:json,framework/webtools/webapp/webtools/WEB-INF/controller.xml,legacy-platform,legacy-platform-team,provisional-repository-inferred
/webtools/control/updateJobManagerLock,/webtools,updateJobManagerLock,true,true,service,updateJobManagerLock,success:view:FindJobManagerLock;error:view:FindJobManagerLock,framework/webtools/webapp/webtools/WEB-INF/controller.xml,legacy-platform,legacy-platform-team,provisional-repository-inferred
/webtools/control/serviceEcaDetail,/webtools,serviceEcaDetail,true,true,,,success:view:serviceEcaDetail,framework/webtools/webapp/webtools/WEB-INF/controller.xml,legacy-platform,legacy-platform-team,provisional-repository-inferred
/webtools/control/exportServiceEoModelBundle,/webtools,exportServiceEoModelBundle,true,true,service,exportServiceEoModelBundle,success:view:ServiceList;error:view:ServiceList,framework/webtools/webapp/webtools/WEB-INF/controller.xml,legacy-platform,legacy-platform-team,provisional-repository-inferred
/webtools/control/EntityPerformanceTest,/webtools,EntityPerformanceTest,true,true,,,success:view:EntityPerformanceTest,framework/webtools/webapp/webtools/WEB-INF/controller.xml,legacy-platform,legacy-platform-team,provisional-repository-inferred
/webtools/control/ViewComponents,/webtools,ViewComponents,true,true,,,success:view:ViewComponents,framework/webtools/webapp/webtools/WEB-INF/controller.xml,legacy-platform,legacy-platform-team,provisional-repository-inferred
/webtools/control/TestSuiteInfo,/webtools,TestSuiteInfo,true,true,,,success:view:TestSuiteInfo,framework/webtools/webapp/webtools/WEB-INF/controller.xml,legacy-platform,legacy-platform-team,provisional-repository-inferred
/webtools/control/TestSuiteInfo/{compName},/webtools,TestSuiteInfo/{compName},true,true,,,success:view:TestSuiteInfo,framework/webtools/webapp/webtools/WEB-INF/controller.xml,legacy-platform,legacy-platform-team,provisional-repository-inferred
/webtools/control/RunTest/{compName}/{suiteName},/webtools,RunTest/{compName}/{suiteName},true,true,java,org.apache.ofbiz.webtools.artifactinfo.RunTestEvents:runTest,success:request:TestSuiteInfo;error:request:TestSuiteInfo,framework/webtools/webapp/webtools/WEB-INF/controller.xml,legacy-platform,legacy-platform-team,provisional-repository-inferred
/webtools/control/RunTest/{compName}/{suiteName}/{caseName},/webtools,RunTest/{compName}/{suiteName}/{caseName},true,true,java,org.apache.ofbiz.webtools.artifactinfo.RunTestEvents:runTest,success:request:TestSuiteInfo;error:request:TestSuiteInfo,framework/webtools/webapp/webtools/WEB-INF/controller.xml,legacy-platform,legacy-platform-team,provisional-repository-inferred
/webtools/control/EntitySQLProcessor,/webtools,EntitySQLProcessor,true,true,,,success:view:EntitySQLProcessor,framework/webtools/webapp/webtools/WEB-INF/controller.xml,legacy-platform,legacy-platform-team,provisional-repository-inferred
/webtools/control/ConnectionPoolStatus,/webtools,ConnectionPoolStatus,true,true,,,success:view:ConnectionPoolStatus,framework/webtools/webapp/webtools/WEB-INF/controller.xml,legacy-platform,legacy-platform-team,provisional-repository-inferred
/webtools/control/EncryptValue,/webtools,EncryptValue,true,true,,,success:view:EncryptValue,framework/webtools/webapp/webtools/WEB-INF/controller.xml,legacy-platform,legacy-platform-team,provisional-repository-inferred
/webtools/control/createEncryptedSecret,/webtools,createEncryptedSecret,true,true,service,createEncryptedSecret,success:view:EncryptValue;error:view:EncryptValue,framework/webtools/webapp/webtools/WEB-INF/controller.xml,legacy-platform,legacy-platform-team,provisional-repository-inferred
/webtools/control/uploadEncryptedSecrets,/webtools,uploadEncryptedSecrets,true,true,java,org.apache.ofbiz.webtools.secret.SecretManagerEvents:uploadEncryptedSecrets,success:view:EncryptValue;error:view:EncryptValue,framework/webtools/webapp/webtools/WEB-INF/controller.xml,legacy-platform,legacy-platform-team,provisional-repository-inferred
/webtools/control/flushSecretCache,/webtools,flushSecretCache,true,true,service,flushSecretCache,success:view:EncryptValue;error:view:EncryptValue,framework/webtools/webapp/webtools/WEB-INF/controller.xml,legacy-platform,legacy-platform-team,provisional-repository-inferred
/webtools/control/reloadSecretProvider,/webtools,reloadSecretProvider,true,true,service,reloadSecretProvider,success:view:EncryptValue;error:view:EncryptValue,framework/webtools/webapp/webtools/WEB-INF/controller.xml,legacy-platform,legacy-platform-team,provisional-repository-inferred
/webtools/control/syncSecretFromProvider,/webtools,syncSecretFromProvider,true,true,service,syncSecretFromProvider,success:view:EncryptValue;error:view:EncryptValue,framework/webtools/webapp/webtools/WEB-INF/controller.xml,legacy-platform,legacy-platform-team,provisional-repository-inferred
/webtools/control/testSecretProviderConnection,/webtools,testSecretProviderConnection,true,true,service,testSecretProviderConnection,success:view:EncryptValue;error:view:EncryptValue,framework/webtools/webapp/webtools/WEB-INF/controller.xml,legacy-platform,legacy-platform-team,provisional-repository-inferred
/webtools/control/getSecretUsageStats,/webtools,getSecretUsageStats,true,true,service,getSecretUsageStats,success:view:EncryptValue;error:view:EncryptValue,framework/webtools/webapp/webtools/WEB-INF/controller.xml,legacy-platform,legacy-platform-team,provisional-repository-inferred
/webtools/control/resetSecretUsageStats,/webtools,resetSecretUsageStats,true,true,service,resetSecretUsageStats,success:view:EncryptValue;error:view:EncryptValue,framework/webtools/webapp/webtools/WEB-INF/controller.xml,legacy-platform,legacy-platform-team,provisional-repository-inferred
/webtools/control/SecretUsageStats,/webtools,SecretUsageStats,true,true,,,success:view:SecretUsageStats,framework/webtools/webapp/webtools/WEB-INF/controller.xml,legacy-platform,legacy-platform-team,provisional-repository-inferred
/webtools/control/SecretAuditLog,/webtools,SecretAuditLog,true,true,,,success:view:SecretAuditLog,framework/webtools/webapp/webtools/WEB-INF/controller.xml,legacy-platform,legacy-platform-team,provisional-repository-inferred
/webtools/control/exportSecretAuditLog,/webtools,exportSecretAuditLog,true,true,java,org.apache.ofbiz.webtools.secret.SecretManagerEvents:exportSecretAuditLogs,success:none:;error:view:SecretAuditLog,framework/webtools/webapp/webtools/WEB-INF/controller.xml,legacy-platform,legacy-platform-team,provisional-repository-inferred
/webtools/control/updateSecretAuditRetention,/webtools,updateSecretAuditRetention,true,true,service,updateSecretAuditRetention,success:view:SecretAuditLog;error:view:SecretAuditLog,framework/webtools/webapp/webtools/WEB-INF/controller.xml,legacy-platform,legacy-platform-team,provisional-repository-inferred
/webtools/control/CreateModelInduceFromDb,/webtools,CreateModelInduceFromDb,true,true,java,org.apache.ofbiz.webtools.WebToolsDbEvents:modelInduceFromDb,success:view:ModelInduceFromDb;error:view:ModelInduceFromDb,framework/webtools/webapp/webtools/WEB-INF/controller.xml,legacy-platform,legacy-platform-team,provisional-repository-inferred
/webtools/control/ModelInduceFromDb,/webtools,ModelInduceFromDb,true,true,,,success:view:ModelInduceFromDb;error:view:ModelInduceFromDb,framework/webtools/webapp/webtools/WEB-INF/controller.xml,legacy-platform,legacy-platform-team,provisional-repository-inferred
/webtools/control/ProgramExport,/webtools,ProgramExport,true,true,,,success:view:ProgramExport;error:view:ProgramExport,framework/webtools/webapp/webtools/WEB-INF/controller.xml,legacy-platform,legacy-platform-team,provisional-repository-inferred
/webtools/control/EntityExportAll,/webtools,EntityExportAll,true,true,,,success:view:EntityExportAll;error:view:EntityExportAll,framework/webtools/webapp/webtools/WEB-INF/controller.xml,legacy-platform,legacy-platform-team,provisional-repository-inferred
/webtools/control/entityExportAll,/webtools,entityExportAll,true,true,service,entityExportAll,success:view:EntityExportAll;error:view:EntityExportAll,framework/webtools/webapp/webtools/WEB-INF/controller.xml,legacy-platform,legacy-platform-team,provisional-repository-inferred
/webtools/control/EntityImportDir,/webtools,EntityImportDir,true,true,,,success:view:EntityImportDir,framework/webtools/webapp/webtools/WEB-INF/controller.xml,legacy-platform,legacy-platform-team,provisional-repository-inferred
/webtools/control/entityImportDir,/webtools,entityImportDir,true,true,service,entityImportDir,success:view:EntityImportDir;error:view:EntityImportDir,framework/webtools/webapp/webtools/WEB-INF/controller.xml,legacy-platform,legacy-platform-team,provisional-repository-inferred
/webtools/control/EntityImport,/webtools,EntityImport,true,true,,,success:view:EntityImport,framework/webtools/webapp/webtools/WEB-INF/controller.xml,legacy-platform,legacy-platform-team,provisional-repository-inferred
/webtools/control/entityImport,/webtools,entityImport,true,true,service,entityImport,success:view:EntityImport;error:view:EntityImport,framework/webtools/webapp/webtools/WEB-INF/controller.xml,legacy-platform,legacy-platform-team,provisional-repository-inferred
/webtools/control/EntityImportReaders,/webtools,EntityImportReaders,true,true,,,success:view:EntityImportReaders,framework/webtools/webapp/webtools/WEB-INF/controller.xml,legacy-platform,legacy-platform-team,provisional-repository-inferred
/webtools/control/entityImportReaders,/webtools,entityImportReaders,true,true,service,entityImportReaders,success:view:EntityImportReaders;error:view:EntityImportReaders,framework/webtools/webapp/webtools/WEB-INF/controller.xml,legacy-platform,legacy-platform-team,provisional-repository-inferred
/webtools/control/xmldsdump,/webtools,xmldsdump,true,true,,,success:view:xmldsdump,framework/webtools/webapp/webtools/WEB-INF/controller.xml,legacy-platform,legacy-platform-team,provisional-repository-inferred
/webtools/control/xmldsrawdump,/webtools,xmldsrawdump,true,true,groovy,component://webtools/src/main/groovy/org/apache/ofbiz/webtools/entity/XmlDsRawDump.groovy,success:none:;error:none:,framework/webtools/webapp/webtools/WEB-INF/controller.xml,legacy-platform,legacy-platform-team,provisional-repository-inferred
/webtools/control/EntitySyncStatus,/webtools,EntitySyncStatus,true,true,,,success:view:EntitySyncStatus,framework/webtools/webapp/webtools/WEB-INF/controller.xml,legacy-platform,legacy-platform-team,provisional-repository-inferred
/webtools/control/resetEntitySyncStatus,/webtools,resetEntitySyncStatus,true,true,service,resetEntitySyncStatus,success:view:EntitySyncStatus;error:view:EntitySyncStatus,framework/webtools/webapp/webtools/WEB-INF/controller.xml,legacy-platform,legacy-platform-team,provisional-repository-inferred
/webtools/control/runOfflineEntitySync,/webtools,runOfflineEntitySync,true,true,service,ASYNC:runOfflineEntitySync,success:view:EntitySyncStatus;error:view:EntitySyncStatus,framework/webtools/webapp/webtools/WEB-INF/controller.xml,legacy-platform,legacy-platform-team,provisional-repository-inferred
/webtools/control/updateOfflineEntitySync,/webtools,updateOfflineEntitySync,true,true,service,updateOfflineEntitySync,success:view:EntitySyncStatus;error:view:EntitySyncStatus,framework/webtools/webapp/webtools/WEB-INF/controller.xml,legacy-platform,legacy-platform-team,provisional-repository-inferred
/webtools/control/loadOfflineEntitySyncData,/webtools,loadOfflineEntitySyncData,true,true,service,loadOfflineEntitySyncData,success:view:EntitySyncStatus;error:view:EntitySyncStatus,framework/webtools/webapp/webtools/WEB-INF/controller.xml,legacy-platform,legacy-platform-team,provisional-repository-inferred
/webtools/control/ArtifactInfo,/webtools,ArtifactInfo,true,true,,,success:view:ArtifactInfo,framework/webtools/webapp/webtools/WEB-INF/controller.xml,legacy-platform,legacy-platform-team,provisional-repository-inferred
/webtools/control/SearchLabels,/webtools,SearchLabels,true,true,,,success:view:SearchLabels,framework/webtools/webapp/webtools/WEB-INF/controller.xml,legacy-platform,legacy-platform-team,provisional-repository-inferred
/webtools/control/SaveLabelsToXmlFile,/webtools,SaveLabelsToXmlFile,true,true,service,saveLabelsToXmlFile,success:view:SearchLabels,framework/webtools/webapp/webtools/WEB-INF/controller.xml,legacy-platform,legacy-platform-team,provisional-repository-inferred
/webtools/control/UpdateLabel,/webtools,UpdateLabel,true,true,,,success:view:UpdateLabel,framework/webtools/webapp/webtools/WEB-INF/controller.xml,legacy-platform,legacy-platform-team,provisional-repository-inferred
/webtools/control/ViewReferences,/webtools,ViewReferences,true,true,,,success:view:ViewReferences;error:view:ViewReferences,framework/webtools/webapp/webtools/WEB-INF/controller.xml,legacy-platform,legacy-platform-team,provisional-repository-inferred
/webtools/control/ViewFile,/webtools,ViewFile,true,true,,,success:view:ViewFile;error:view:ViewFile,framework/webtools/webapp/webtools/WEB-INF/controller.xml,legacy-platform,legacy-platform-team,provisional-repository-inferred
/webtools/control/myCertificates,/webtools,myCertificates,true,false,,,success:view:viewbrowsercerts,framework/webtools/webapp/webtools/WEB-INF/controller.xml,legacy-platform,legacy-platform-team,provisional-repository-inferred
/webtools/control/editTemporalExpression,/webtools,editTemporalExpression,true,true,,,success:view:editTemporalExpression,framework/webtools/webapp/webtools/WEB-INF/controller.xml,legacy-platform,legacy-platform-team,provisional-repository-inferred
/webtools/control/findTemporalExpression,/webtools,findTemporalExpression,true,true,,,success:view:findTemporalExpression,framework/webtools/webapp/webtools/WEB-INF/controller.xml,legacy-platform,legacy-platform-team,provisional-repository-inferred
/webtools/control/FindGeo,/webtools,FindGeo,true,true,,,success:view:FindGeo,framework/webtools/webapp/webtools/WEB-INF/controller.xml,legacy-platform,legacy-platform-team,provisional-repository-inferred
/webtools/control/geoPoint,/webtools,geoPoint,true,true,,,success:view:geoPoint,framework/webtools/webapp/webtools/WEB-INF/controller.xml,legacy-platform,legacy-platform-team,provisional-repository-inferred
/webtools/control/geoPoints,/webtools,geoPoints,true,true,,,success:view:geoPoints,framework/webtools/webapp/webtools/WEB-INF/controller.xml,legacy-platform,legacy-platform-team,provisional-repository-inferred
/webtools/control/EditGeo,/webtools,EditGeo,true,true,,,success:view:EditGeo,framework/webtools/webapp/webtools/WEB-INF/controller.xml,legacy-platform,legacy-platform-team,provisional-repository-inferred
/webtools/control/LinkGeos,/webtools,LinkGeos,true,true,,,success:view:LinkGeos,framework/webtools/webapp/webtools/WEB-INF/controller.xml,legacy-platform,legacy-platform-team,provisional-repository-inferred
/webtools/control/LookupGeo,/webtools,LookupGeo,true,true,,,success:view:LookupGeo,framework/webtools/webapp/webtools/WEB-INF/controller.xml,legacy-platform,legacy-platform-team,provisional-repository-inferred
/webtools/control/createGeo,/webtools,createGeo,true,true,service,createGeo,success:view:EditGeo;error:view:EditGeo,framework/webtools/webapp/webtools/WEB-INF/controller.xml,legacy-platform,legacy-platform-team,provisional-repository-inferred
/webtools/control/updateGeo,/webtools,updateGeo,true,true,service,updateGeo,success:view:EditGeo;error:view:EditGeo,framework/webtools/webapp/webtools/WEB-INF/controller.xml,legacy-platform,legacy-platform-team,provisional-repository-inferred
/webtools/control/deleteGeo,/webtools,deleteGeo,true,true,service,deleteGeo,success:request-redirect:FindGeo;error:view:FindGeo,framework/webtools/webapp/webtools/WEB-INF/controller.xml,legacy-platform,legacy-platform-team,provisional-repository-inferred
/webtools/control/deleteGeoAssoc,/webtools,deleteGeoAssoc,true,true,service,deleteGeoAssoc,success:view:EditGeo;error:view:EditGeo,framework/webtools/webapp/webtools/WEB-INF/controller.xml,legacy-platform,legacy-platform-team,provisional-repository-inferred
/webtools/control/linkGeos,/webtools,linkGeos,true,true,service,linkGeos,success:view:LinkGeos;error:view:LinkGeos,framework/webtools/webapp/webtools/WEB-INF/controller.xml,legacy-platform,legacy-platform-team,provisional-repository-inferred
/webtools/control/security,/webtools,security,true,true,,,success:view:FindUserLogin,framework/webtools/webapp/webtools/WEB-INF/controller.xml,legacy-platform,legacy-platform-team,provisional-repository-inferred
/webtools/control/WebtoolsLayoutDemo,/webtools,WebtoolsLayoutDemo,true,true,,,success:view:WebtoolsLayoutDemo,framework/webtools/webapp/webtools/WEB-INF/controller.xml,legacy-platform,legacy-platform-team,provisional-repository-inferred
/webtools/control/WebtoolsLayoutDemoFop,/webtools,WebtoolsLayoutDemoFop,true,true,,,success:view:WebtoolsLayoutDemoFop,framework/webtools/webapp/webtools/WEB-INF/controller.xml,legacy-platform,legacy-platform-team,provisional-repository-inferred
/webtools/control/WebtoolsLayoutDemoText,/webtools,WebtoolsLayoutDemoText,true,true,,,success:view:WebtoolsLayoutDemoText,framework/webtools/webapp/webtools/WEB-INF/controller.xml,legacy-platform,legacy-platform-team,provisional-repository-inferred
/webtools/control/WebtoolsLayoutDemoXml,/webtools,WebtoolsLayoutDemoXml,true,true,,,success:view:WebtoolsLayoutDemoXml,framework/webtools/webapp/webtools/WEB-INF/controller.xml,legacy-platform,legacy-platform-team,provisional-repository-inferred
/webtools/control/WebtoolsLayoutDemoCsv,/webtools,WebtoolsLayoutDemoCsv,true,true,,,success:view:WebtoolsLayoutDemoCsv,framework/webtools/webapp/webtools/WEB-INF/controller.xml,legacy-platform,legacy-platform-team,provisional-repository-inferred
/webtools/control/WebtoolsLayoutDemoXls,/webtools,WebtoolsLayoutDemoXls,true,true,,,success:view:WebtoolsLayoutDemoXls,framework/webtools/webapp/webtools/WEB-INF/controller.xml,legacy-platform,legacy-platform-team,provisional-repository-inferred
/webtools/control/AvailableUelList,/webtools,AvailableUelList,true,true,,,success:view:AvailableUelList,framework/webtools/webapp/webtools/WEB-INF/controller.xml,legacy-platform,legacy-platform-team,provisional-repository-inferred
