service,engine,location,invoke,default_entity,auth,export,source_file,target_context,owner_role,owner_status
createPartyAcctgPreference,groovy,component://accounting/src/main/groovy/org/apache/ofbiz/accounting/admin/AcctgAdminServices.groovy,createPartyAcctgPreference,PartyAcctgPreference,true,,applications/accounting/servicedef/services_admin.xml,accounting,finance-product-team,provisional-repository-inferred
updatePartyAcctgPreference,entity-auto,,update,PartyAcctgPreference,true,,applications/accounting/servicedef/services_admin.xml,accounting,finance-product-team,provisional-repository-inferred
createPartyPrefDocTypeTpl,entity-auto,,create,PartyPrefDocTypeTpl,true,,applications/accounting/servicedef/services_admin.xml,accounting,finance-product-team,provisional-repository-inferred
expirePartyPrefDocTypeTpl,entity-auto,,expire,PartyPrefDocTypeTpl,true,,applications/accounting/servicedef/services_admin.xml,accounting,finance-product-team,provisional-repository-inferred
getPartyAccountingPreferences,groovy,component://accounting/src/main/groovy/org/apache/ofbiz/accounting/admin/AcctgAdminServices.groovy,getPartyAccountingPreferences,PartyAcctgPreference,true,,applications/accounting/servicedef/services_admin.xml,accounting,finance-product-team,provisional-repository-inferred
setAcctgCompany,groovy,component://accounting/src/main/groovy/org/apache/ofbiz/accounting/admin/AcctgAdminServices.groovy,setAcctgCompany,,true,,applications/accounting/servicedef/services_admin.xml,accounting,finance-product-team,provisional-repository-inferred
updateFXConversion,groovy,component://accounting/src/main/groovy/org/apache/ofbiz/accounting/admin/AcctgAdminServices.groovy,updateFXConversion,,,,applications/accounting/servicedef/services_admin.xml,accounting,finance-product-team,provisional-repository-inferred
createGlAccountTypeDefault,entity-auto,,create,GlAccountTypeDefault,true,,applications/accounting/servicedef/services_admin.xml,accounting,finance-product-team,provisional-repository-inferred
removeGlAccountTypeDefault,entity-auto,,delete,GlAccountTypeDefault,true,,applications/accounting/servicedef/services_admin.xml,accounting,finance-product-team,provisional-repository-inferred
addInvoiceItemTypeGlAssignment,entity-auto,,create,InvoiceItemTypeGlAccount,true,,applications/accounting/servicedef/services_admin.xml,accounting,finance-product-team,provisional-repository-inferred
removeInvoiceItemTypeGlAssignment,entity-auto,,delete,InvoiceItemTypeGlAccount,true,,applications/accounting/servicedef/services_admin.xml,accounting,finance-product-team,provisional-repository-inferred
addPaymentTypeGlAssignment,entity-auto,,create,PaymentGlAccountTypeMap,true,,applications/accounting/servicedef/services_admin.xml,accounting,finance-product-team,provisional-repository-inferred
removePaymentTypeGlAssignment,entity-auto,,delete,PaymentGlAccountTypeMap,true,,applications/accounting/servicedef/services_admin.xml,accounting,finance-product-team,provisional-repository-inferred
addPaymentMethodTypeGlAssignment,entity-auto,,create,PaymentMethodTypeGlAccount,true,,applications/accounting/servicedef/services_admin.xml,accounting,finance-product-team,provisional-repository-inferred
removePaymentMethodTypeGlAssignment,entity-auto,,delete,PaymentMethodTypeGlAccount,true,,applications/accounting/servicedef/services_admin.xml,accounting,finance-product-team,provisional-repository-inferred
getFXConversion,groovy,component://accounting/src/main/groovy/org/apache/ofbiz/accounting/admin/AcctgAdminServices.groovy,getFXConversion,,,,applications/accounting/servicedef/services_admin.xml,accounting,finance-product-team,provisional-repository-inferred
createFuturePeriod,groovy,component://accounting/src/main/groovy/org/apache/ofbiz/accounting/admin/AcctgAdminServices.groovy,createFuturePeriod,,true,,applications/accounting/servicedef/services_admin.xml,accounting,finance-product-team,provisional-repository-inferred
createAgreement,entity-auto,,create,Agreement,true,,applications/accounting/servicedef/services_agreement.xml,accounting,finance-product-team,provisional-repository-inferred
updateAgreement,entity-auto,,update,Agreement,true,,applications/accounting/servicedef/services_agreement.xml,accounting,finance-product-team,provisional-repository-inferred
expireAgreement,entity-auto,,expire,Agreement,true,,applications/accounting/servicedef/services_agreement.xml,accounting,finance-product-team,provisional-repository-inferred
copyAgreement,groovy,component://accounting/src/main/groovy/org/apache/ofbiz/accounting/agreement/AgreementServicesScript.groovy,copyAgreement,Agreement,true,,applications/accounting/servicedef/services_agreement.xml,accounting,finance-product-team,provisional-repository-inferred
createAgreementItem,entity-auto,,create,AgreementItem,true,,applications/accounting/servicedef/services_agreement.xml,accounting,finance-product-team,provisional-repository-inferred
updateAgreementItem,entity-auto,,update,AgreementItem,true,,applications/accounting/servicedef/services_agreement.xml,accounting,finance-product-team,provisional-repository-inferred
removeAgreementItem,entity-auto,,delete,AgreementItem,true,,applications/accounting/servicedef/services_agreement.xml,accounting,finance-product-team,provisional-repository-inferred
createAgreementItemAttribute,entity-auto,,create,AgreementItemAttribute,true,,applications/accounting/servicedef/services_agreement.xml,accounting,finance-product-team,provisional-repository-inferred
updateAgreementItemAttribute,entity-auto,,update,AgreementItemAttribute,true,,applications/accounting/servicedef/services_agreement.xml,accounting,finance-product-team,provisional-repository-inferred
deleteAgreementItemAttribute,entity-auto,,delete,AgreementItemAttribute,true,,applications/accounting/servicedef/services_agreement.xml,accounting,finance-product-team,provisional-repository-inferred
createAgreementTerm,entity-auto,,create,AgreementTerm,true,,applications/accounting/servicedef/services_agreement.xml,accounting,finance-product-team,provisional-repository-inferred
updateAgreementTerm,entity-auto,,update,AgreementTerm,true,,applications/accounting/servicedef/services_agreement.xml,accounting,finance-product-team,provisional-repository-inferred
deleteAgreementTerm,entity-auto,,delete,AgreementTerm,true,,applications/accounting/servicedef/services_agreement.xml,accounting,finance-product-team,provisional-repository-inferred
createAgreementPromoAppl,entity-auto,,create,AgreementPromoAppl,true,,applications/accounting/servicedef/services_agreement.xml,accounting,finance-product-team,provisional-repository-inferred
updateAgreementPromoAppl,entity-auto,,update,AgreementPromoAppl,true,,applications/accounting/servicedef/services_agreement.xml,accounting,finance-product-team,provisional-repository-inferred
removeAgreementPromoAppl,entity-auto,,delete,AgreementPromoAppl,true,,applications/accounting/servicedef/services_agreement.xml,accounting,finance-product-team,provisional-repository-inferred
createAgreementProductAppl,entity-auto,,create,AgreementProductAppl,true,,applications/accounting/servicedef/services_agreement.xml,accounting,finance-product-team,provisional-repository-inferred
updateAgreementProductAppl,entity-auto,,update,AgreementProductAppl,true,,applications/accounting/servicedef/services_agreement.xml,accounting,finance-product-team,provisional-repository-inferred
removeAgreementProductAppl,entity-auto,,delete,AgreementProductAppl,true,,applications/accounting/servicedef/services_agreement.xml,accounting,finance-product-team,provisional-repository-inferred
createAgreementFacilityAppl,entity-auto,,create,AgreementFacilityAppl,true,,applications/accounting/servicedef/services_agreement.xml,accounting,finance-product-team,provisional-repository-inferred
updateAgreementFacilityAppl,entity-auto,,update,AgreementFacilityAppl,true,,applications/accounting/servicedef/services_agreement.xml,accounting,finance-product-team,provisional-repository-inferred
removeAgreementFacilityAppl,entity-auto,,delete,AgreementFacilityAppl,true,,applications/accounting/servicedef/services_agreement.xml,accounting,finance-product-team,provisional-repository-inferred
createAgreementPartyApplic,entity-auto,,create,AgreementPartyApplic,true,,applications/accounting/servicedef/services_agreement.xml,accounting,finance-product-team,provisional-repository-inferred
updateAgreementPartyApplic,entity-auto,,update,AgreementPartyApplic,true,,applications/accounting/servicedef/services_agreement.xml,accounting,finance-product-team,provisional-repository-inferred
removeAgreementPartyApplic,entity-auto,,delete,AgreementPartyApplic,true,,applications/accounting/servicedef/services_agreement.xml,accounting,finance-product-team,provisional-repository-inferred
createAgreementGeographicalApplic,entity-auto,,create,AgreementGeographicalApplic,true,,applications/accounting/servicedef/services_agreement.xml,accounting,finance-product-team,provisional-repository-inferred
updateAgreementGeographicalApplic,entity-auto,,update,AgreementGeographicalApplic,true,,applications/accounting/servicedef/services_agreement.xml,accounting,finance-product-team,provisional-repository-inferred
removeAgreementGeographicalApplic,entity-auto,,delete,AgreementGeographicalApplic,true,,applications/accounting/servicedef/services_agreement.xml,accounting,finance-product-team,provisional-repository-inferred
createAgreementRole,entity-auto,,create,AgreementRole,true,,applications/accounting/servicedef/services_agreement.xml,accounting,finance-product-team,provisional-repository-inferred
updateAgreementRole,entity-auto,,update,AgreementRole,true,,applications/accounting/servicedef/services_agreement.xml,accounting,finance-product-team,provisional-repository-inferred
deleteAgreementRole,entity-auto,,delete,AgreementRole,true,,applications/accounting/servicedef/services_agreement.xml,accounting,finance-product-team,provisional-repository-inferred
createAgreementType,entity-auto,,create,AgreementType,true,,applications/accounting/servicedef/services_agreement.xml,accounting,finance-product-team,provisional-repository-inferred
updateAgreementType,entity-auto,,update,AgreementType,true,,applications/accounting/servicedef/services_agreement.xml,accounting,finance-product-team,provisional-repository-inferred
removeAgreementType,entity-auto,,delete,AgreementType,true,,applications/accounting/servicedef/services_agreement.xml,accounting,finance-product-team,provisional-repository-inferred
createAgreementContent,entity-auto,,create,AgreementContent,true,,applications/accounting/servicedef/services_agreement.xml,accounting,finance-product-team,provisional-repository-inferred
updateAgreementContent,entity-auto,,update,AgreementContent,true,,applications/accounting/servicedef/services_agreement.xml,accounting,finance-product-team,provisional-repository-inferred
removeAgreementContent,entity-auto,,delete,AgreementContent,true,,applications/accounting/servicedef/services_agreement.xml,accounting,finance-product-team,provisional-repository-inferred
uploadAgreementContentFile,group,,,,,,applications/accounting/servicedef/services_agreement.xml,accounting,finance-product-team,provisional-repository-inferred
getCommissionForProduct,java,org.apache.ofbiz.accounting.agreement.AgreementServices,getCommissionForProduct,,true,,applications/accounting/servicedef/services_agreement.xml,accounting,finance-product-team,provisional-repository-inferred
createAgreementWorkEffortApplic,entity-auto,,create,AgreementWorkEffortApplic,true,,applications/accounting/servicedef/services_agreement.xml,accounting,finance-product-team,provisional-repository-inferred
deleteAgreementWorkEffortApplic,entity-auto,,delete,AgreementWorkEffortApplic,true,,applications/accounting/servicedef/services_agreement.xml,accounting,finance-product-team,provisional-repository-inferred
createAgreementTypeAttr,entity-auto,,create,AgreementTypeAttr,true,,applications/accounting/servicedef/services_agreement.xml,accounting,finance-product-team,provisional-repository-inferred
updateAgreementTypeAttr,entity-auto,,update,AgreementTypeAttr,true,,applications/accounting/servicedef/services_agreement.xml,accounting,finance-product-team,provisional-repository-inferred
removeAgreementTypeAttr,entity-auto,,delete,AgreementTypeAttr,true,,applications/accounting/servicedef/services_agreement.xml,accounting,finance-product-team,provisional-repository-inferred
createBillingAccount,entity-auto,,create,BillingAccount,true,,applications/accounting/servicedef/services_billing.xml,accounting,finance-product-team,provisional-repository-inferred
updateBillingAccount,entity-auto,,update,BillingAccount,true,,applications/accounting/servicedef/services_billing.xml,accounting,finance-product-team,provisional-repository-inferred
createBillingAccountRole,entity-auto,,create,BillingAccountRole,true,,applications/accounting/servicedef/services_billing.xml,accounting,finance-product-team,provisional-repository-inferred
updateBillingAccountRole,entity-auto,,update,BillingAccountRole,true,,applications/accounting/servicedef/services_billing.xml,accounting,finance-product-team,provisional-repository-inferred
removeBillingAccountRole,entity-auto,,delete,BillingAccountRole,true,,applications/accounting/servicedef/services_billing.xml,accounting,finance-product-team,provisional-repository-inferred
createBillingAccountAndRole,group,,,,true,,applications/accounting/servicedef/services_billing.xml,accounting,finance-product-team,provisional-repository-inferred
createBillingAccountTerm,entity-auto,,create,BillingAccountTerm,true,,applications/accounting/servicedef/services_billing.xml,accounting,finance-product-team,provisional-repository-inferred
updateBillingAccountTerm,entity-auto,,update,BillingAccountTerm,true,,applications/accounting/servicedef/services_billing.xml,accounting,finance-product-team,provisional-repository-inferred
removeBillingAccountTerm,entity-auto,,delete,BillingAccountTerm,true,,applications/accounting/servicedef/services_billing.xml,accounting,finance-product-team,provisional-repository-inferred
calcBillingAccountBalance,java,org.apache.ofbiz.accounting.payment.BillingAccountWorker,calcBillingAccountBalance,,,,applications/accounting/servicedef/services_billing.xml,accounting,finance-product-team,provisional-repository-inferred
createBudget,entity-auto,,create,Budget,true,,applications/accounting/servicedef/services_budget.xml,accounting,finance-product-team,provisional-repository-inferred
updateBudget,entity-auto,,update,Budget,true,,applications/accounting/servicedef/services_budget.xml,accounting,finance-product-team,provisional-repository-inferred
createBudgetStatus,entity-auto,,create,BudgetStatus,true,,applications/accounting/servicedef/services_budget.xml,accounting,finance-product-team,provisional-repository-inferred
updateBudgetStatus,groovy,component://accounting/src/main/groovy/org/apache/ofbiz/accounting/budget/BudgetServices.groovy,updateBudgetStatus,BudgetStatus,true,,applications/accounting/servicedef/services_budget.xml,accounting,finance-product-team,provisional-repository-inferred
createBudgetItem,entity-auto,,create,BudgetItem,true,,applications/accounting/servicedef/services_budget.xml,accounting,finance-product-team,provisional-repository-inferred
updateBudgetItem,entity-auto,,update,BudgetItem,true,,applications/accounting/servicedef/services_budget.xml,accounting,finance-product-team,provisional-repository-inferred
removeBudgetItem,entity-auto,,delete,BudgetItem,true,,applications/accounting/servicedef/services_budget.xml,accounting,finance-product-team,provisional-repository-inferred
createBudgetRole,entity-auto,,create,BudgetRole,true,,applications/accounting/servicedef/services_budget.xml,accounting,finance-product-team,provisional-repository-inferred
removeBudgetRole,entity-auto,,delete,BudgetRole,true,,applications/accounting/servicedef/services_budget.xml,accounting,finance-product-team,provisional-repository-inferred
createBudgetReview,entity-auto,,create,BudgetReview,true,,applications/accounting/servicedef/services_budget.xml,accounting,finance-product-team,provisional-repository-inferred
removeBudgetReview,entity-auto,,delete,BudgetReview,true,,applications/accounting/servicedef/services_budget.xml,accounting,finance-product-team,provisional-repository-inferred
createBudgetType,entity-auto,,create,BudgetType,true,,applications/accounting/servicedef/services_budget.xml,accounting,finance-product-team,provisional-repository-inferred
updateBudgetType,entity-auto,,update,BudgetType,true,,applications/accounting/servicedef/services_budget.xml,accounting,finance-product-team,provisional-repository-inferred
deleteBudgetType,entity-auto,,delete,BudgetType,true,,applications/accounting/servicedef/services_budget.xml,accounting,finance-product-team,provisional-repository-inferred
createBudgetItemAttribute,entity-auto,,create,BudgetItemAttribute,true,,applications/accounting/servicedef/services_budget.xml,accounting,finance-product-team,provisional-repository-inferred
updateBudgetItemAttribute,entity-auto,,update,BudgetItemAttribute,true,,applications/accounting/servicedef/services_budget.xml,accounting,finance-product-team,provisional-repository-inferred
deleteBudgetItemAttribute,entity-auto,,delete,BudgetItemAttribute,true,,applications/accounting/servicedef/services_budget.xml,accounting,finance-product-team,provisional-repository-inferred
createBudgetItemType,entity-auto,,create,BudgetItemType,true,,applications/accounting/servicedef/services_budget.xml,accounting,finance-product-team,provisional-repository-inferred
updateBudgetItemType,entity-auto,,update,BudgetItemType,true,,applications/accounting/servicedef/services_budget.xml,accounting,finance-product-team,provisional-repository-inferred
removeBudgetItemType,entity-auto,,delete,BudgetItemType,true,,applications/accounting/servicedef/services_budget.xml,accounting,finance-product-team,provisional-repository-inferred
createBudgetItemTypeAttr,entity-auto,,create,BudgetItemTypeAttr,true,,applications/accounting/servicedef/services_budget.xml,accounting,finance-product-team,provisional-repository-inferred
updateBudgetItemTypeAttr,entity-auto,,update,BudgetItemTypeAttr,true,,applications/accounting/servicedef/services_budget.xml,accounting,finance-product-team,provisional-repository-inferred
deleteBudgetItemTypeAttr,entity-auto,,delete,BudgetItemTypeAttr,true,,applications/accounting/servicedef/services_budget.xml,accounting,finance-product-team,provisional-repository-inferred
createBudgetReviewResultType,entity-auto,,create,BudgetReviewResultType,true,,applications/accounting/servicedef/services_budget.xml,accounting,finance-product-team,provisional-repository-inferred
updateBudgetReviewResultType,entity-auto,,update,BudgetReviewResultType,true,,applications/accounting/servicedef/services_budget.xml,accounting,finance-product-team,provisional-repository-inferred
deleteBudgetReviewResultType,entity-auto,,delete,BudgetReviewResultType,true,,applications/accounting/servicedef/services_budget.xml,accounting,finance-product-team,provisional-repository-inferred
createBudgetRevision,entity-auto,,create,BudgetRevision,true,,applications/accounting/servicedef/services_budget.xml,accounting,finance-product-team,provisional-repository-inferred
updateBudgetRevision,entity-auto,,update,BudgetRevision,true,,applications/accounting/servicedef/services_budget.xml,accounting,finance-product-team,provisional-repository-inferred
deleteBudgetRevision,entity-auto,,delete,BudgetRevision,true,,applications/accounting/servicedef/services_budget.xml,accounting,finance-product-team,provisional-repository-inferred
createBudgetScenario,entity-auto,,create,BudgetScenario,true,,applications/accounting/servicedef/services_budget.xml,accounting,finance-product-team,provisional-repository-inferred
updateBudgetScenario,entity-auto,,update,BudgetScenario,true,,applications/accounting/servicedef/services_budget.xml,accounting,finance-product-team,provisional-repository-inferred
deleteBudgetScenario,entity-auto,,delete,BudgetScenario,true,,applications/accounting/servicedef/services_budget.xml,accounting,finance-product-team,provisional-repository-inferred
createBudgetRevisionImpact,entity-auto,,create,BudgetRevisionImpact,true,,applications/accounting/servicedef/services_budget.xml,accounting,finance-product-team,provisional-repository-inferred
updateBudgetRevisionImpact,entity-auto,,update,BudgetRevisionImpact,true,,applications/accounting/servicedef/services_budget.xml,accounting,finance-product-team,provisional-repository-inferred
removeBudgetRevisionImpact,entity-auto,,delete,BudgetRevisionImpact,true,,applications/accounting/servicedef/services_budget.xml,accounting,finance-product-team,provisional-repository-inferred
createBudgetScenarioRule,entity-auto,,create,BudgetScenarioRule,true,,applications/accounting/servicedef/services_budget.xml,accounting,finance-product-team,provisional-repository-inferred
updateBudgetScenarioRule,entity-auto,,update,BudgetScenarioRule,true,,applications/accounting/servicedef/services_budget.xml,accounting,finance-product-team,provisional-repository-inferred
deleteBudgetScenarioRule,entity-auto,,delete,BudgetScenarioRule,true,,applications/accounting/servicedef/services_budget.xml,accounting,finance-product-team,provisional-repository-inferred
createBudgetAttribute,entity-auto,,create,BudgetAttribute,true,,applications/accounting/servicedef/services_budget.xml,accounting,finance-product-team,provisional-repository-inferred
updateBudgetAttribute,entity-auto,,update,BudgetAttribute,true,,applications/accounting/servicedef/services_budget.xml,accounting,finance-product-team,provisional-repository-inferred
removeBudgetAttribute,entity-auto,,delete,BudgetAttribute,true,,applications/accounting/servicedef/services_budget.xml,accounting,finance-product-team,provisional-repository-inferred
createBudgetTypeAttr,entity-auto,,create,BudgetTypeAttr,true,,applications/accounting/servicedef/services_budget.xml,accounting,finance-product-team,provisional-repository-inferred
updateBudgetTypeAttr,entity-auto,,update,BudgetTypeAttr,true,,applications/accounting/servicedef/services_budget.xml,accounting,finance-product-team,provisional-repository-inferred
deleteBudgetTypeAttr,entity-auto,,delete,BudgetTypeAttr,true,,applications/accounting/servicedef/services_budget.xml,accounting,finance-product-team,provisional-repository-inferred
createBudgetScenarioApplication,entity-auto,,create,BudgetScenarioApplication,true,,applications/accounting/servicedef/services_budget.xml,accounting,finance-product-team,provisional-repository-inferred
updateBudgetScenarioApplication,entity-auto,,update,BudgetScenarioApplication,true,,applications/accounting/servicedef/services_budget.xml,accounting,finance-product-team,provisional-repository-inferred
deleteBudgetScenarioApplication,entity-auto,,delete,BudgetScenarioApplication,true,,applications/accounting/servicedef/services_budget.xml,accounting,finance-product-team,provisional-repository-inferred
createCostComponentCalc,entity-auto,,create,CostComponentCalc,true,,applications/accounting/servicedef/services_cost.xml,accounting,finance-product-team,provisional-repository-inferred
updateCostComponentCalc,entity-auto,,update,CostComponentCalc,true,,applications/accounting/servicedef/services_cost.xml,accounting,finance-product-team,provisional-repository-inferred
removeCostComponentCalc,entity-auto,,delete,CostComponentCalc,true,,applications/accounting/servicedef/services_cost.xml,accounting,finance-product-team,provisional-repository-inferred
createWorkEffortCostCalc,entity-auto,,create,WorkEffortCostCalc,true,,applications/accounting/servicedef/services_cost.xml,accounting,finance-product-team,provisional-repository-inferred
updateWorkEffortCostCalc,entity-auto,,update,WorkEffortCostCalc,true,,applications/accounting/servicedef/services_cost.xml,accounting,finance-product-team,provisional-repository-inferred
removeWorkEffortCostCalc,entity-auto,,delete,WorkEffortCostCalc,true,,applications/accounting/servicedef/services_cost.xml,accounting,finance-product-team,provisional-repository-inferred
createProductAverageCost,entity-auto,,create,ProductAverageCost,true,,applications/accounting/servicedef/services_cost.xml,accounting,finance-product-team,provisional-repository-inferred
updateProductAverageCost,entity-auto,,update,ProductAverageCost,true,,applications/accounting/servicedef/services_cost.xml,accounting,finance-product-team,provisional-repository-inferred
deleteProductAverageCost,entity-auto,,delete,ProductAverageCost,true,,applications/accounting/servicedef/services_cost.xml,accounting,finance-product-team,provisional-repository-inferred
updateProductAverageCostOnReceiveInventory,groovy,component://product/src/main/groovy/org/apache/ofbiz/product/product/cost/CostServices.groovy,updateProductAverageCostOnReceiveInventory,ProductAverageCost,true,,applications/accounting/servicedef/services_cost.xml,accounting,finance-product-team,provisional-repository-inferred
getProductAverageCost,groovy,component://product/src/main/groovy/org/apache/ofbiz/product/product/cost/CostServices.groovy,getProductAverageCost,,true,,applications/accounting/servicedef/services_cost.xml,accounting,finance-product-team,provisional-repository-inferred
createFinAccount,simple,component://accounting/minilang/finaccount/FinAccountServices.xml,createFinAccount,FinAccount,,,applications/accounting/servicedef/services_finaccount.xml,accounting,finance-product-team,provisional-repository-inferred
updateFinAccount,simple,component://accounting/minilang/finaccount/FinAccountServices.xml,updateFinAccount,FinAccount,,,applications/accounting/servicedef/services_finaccount.xml,accounting,finance-product-team,provisional-repository-inferred
deleteFinAccount,entity-auto,,expire,FinAccount,,,applications/accounting/servicedef/services_finaccount.xml,accounting,finance-product-team,provisional-repository-inferred
updateFinAccountBalancesFromTrans,simple,component://accounting/minilang/finaccount/FinAccountServices.xml,updateFinAccountBalancesFromTrans,,,,applications/accounting/servicedef/services_finaccount.xml,accounting,finance-product-team,provisional-repository-inferred
updateFinAccountBalancesFromAuth,simple,component://accounting/minilang/finaccount/FinAccountServices.xml,updateFinAccountBalancesFromAuth,,,,applications/accounting/servicedef/services_finaccount.xml,accounting,finance-product-team,provisional-repository-inferred
createFinAccountStatus,entity-auto,,create,FinAccountStatus,true,,applications/accounting/servicedef/services_finaccount.xml,accounting,finance-product-team,provisional-repository-inferred
createFinAccountTrans,simple,component://accounting/minilang/finaccount/FinAccountServices.xml,createFinAccountTrans,FinAccountTrans,,,applications/accounting/servicedef/services_finaccount.xml,accounting,finance-product-team,provisional-repository-inferred
postFinAccountTransToGl,simple,component://accounting/minilang/finaccount/FinAccountGlPostServices.xml,postFinAccountTransToGl,,,,applications/accounting/servicedef/services_finaccount.xml,accounting,finance-product-team,provisional-repository-inferred
createFinAccountRole,simple,component://accounting/minilang/finaccount/FinAccountServices.xml,createFinAccountRole,FinAccountRole,,,applications/accounting/servicedef/services_finaccount.xml,accounting,finance-product-team,provisional-repository-inferred
updateFinAccountRole,entity-auto,,update,FinAccountRole,true,,applications/accounting/servicedef/services_finaccount.xml,accounting,finance-product-team,provisional-repository-inferred
deleteFinAccountRole,entity-auto,,delete,FinAccountRole,true,,applications/accounting/servicedef/services_finaccount.xml,accounting,finance-product-team,provisional-repository-inferred
createFinAccountAuth,simple,component://accounting/minilang/finaccount/FinAccountServices.xml,createFinAccountAuth,FinAccountAuth,,,applications/accounting/servicedef/services_finaccount.xml,accounting,finance-product-team,provisional-repository-inferred
expireFinAccountAuth,simple,component://accounting/minilang/finaccount/FinAccountServices.xml,expireFinAccountAuth,FinAccountAuth,,,applications/accounting/servicedef/services_finaccount.xml,accounting,finance-product-team,provisional-repository-inferred
setFinAccountTransStatus,simple,component://accounting/minilang/finaccount/FinAccountServices.xml,setFinAccountTransStatus,,,,applications/accounting/servicedef/services_finaccount.xml,accounting,finance-product-team,provisional-repository-inferred
updatePaymentOnFinAccTransStatusSetToCancel,simple,component://accounting/minilang/finaccount/FinAccountServices.xml,updatePaymentOnFinAccTransStatusSetToCancel,,,,applications/accounting/servicedef/services_finaccount.xml,accounting,finance-product-team,provisional-repository-inferred
createFinAccountForStore,java,org.apache.ofbiz.accounting.finaccount.FinAccountServices,createFinAccountForStore,FinAccount,,,applications/accounting/servicedef/services_finaccount.xml,accounting,finance-product-team,provisional-repository-inferred
finAccountDeposit,java,org.apache.ofbiz.accounting.finaccount.FinAccountPaymentServices,finAccountDeposit,,true,,applications/accounting/servicedef/services_finaccount.xml,accounting,finance-product-team,provisional-repository-inferred
finAccountWithdraw,java,org.apache.ofbiz.accounting.finaccount.FinAccountPaymentServices,finAccountWithdraw,,true,,applications/accounting/servicedef/services_finaccount.xml,accounting,finance-product-team,provisional-repository-inferred
finAccountRefund,java,org.apache.ofbiz.accounting.finaccount.FinAccountServices,refundFinAccount,,true,,applications/accounting/servicedef/services_finaccount.xml,accounting,finance-product-team,provisional-repository-inferred
finAccountReplenish,java,org.apache.ofbiz.accounting.finaccount.FinAccountPaymentServices,finAccountReplenish,,true,,applications/accounting/servicedef/services_finaccount.xml,accounting,finance-product-team,provisional-repository-inferred
checkFinAccountBalance,java,org.apache.ofbiz.accounting.finaccount.FinAccountServices,checkFinAccountBalance,,true,,applications/accounting/servicedef/services_finaccount.xml,accounting,finance-product-team,provisional-repository-inferred
checkFinAccountStatus,java,org.apache.ofbiz.accounting.finaccount.FinAccountServices,checkFinAccountStatus,,true,,applications/accounting/servicedef/services_finaccount.xml,accounting,finance-product-team,provisional-repository-inferred
getFinAccountTransListAndTotals,simple,component://accounting/minilang/finaccount/FinAccountServices.xml,getFinAccountTransListAndTotals,,,,applications/accounting/servicedef/services_finaccount.xml,accounting,finance-product-team,provisional-repository-inferred
getFinAccountTransRunningTotalAndBalances,simple,component://accounting/minilang/finaccount/FinAccountServices.xml,getFinAccountTransRunningTotalAndBalances,,,,applications/accounting/servicedef/services_finaccount.xml,accounting,finance-product-team,provisional-repository-inferred
reconcileFinAccountTrans,simple,component://accounting/minilang/finaccount/FinAccountServices.xml,reconcileFinAccountTrans,,,,applications/accounting/servicedef/services_finaccount.xml,accounting,finance-product-team,provisional-repository-inferred
reconcileAdjustmentFinAcctgTrans,simple,component://accounting/minilang/finaccount/FinAccountServices.xml,reconcileAdjustmentFinAcctgTrans,,,,applications/accounting/servicedef/services_finaccount.xml,accounting,finance-product-team,provisional-repository-inferred
reconcileDepositFinAcctgTrans,simple,component://accounting/minilang/finaccount/FinAccountServices.xml,reconcileDepositFinAcctgTrans,,,,applications/accounting/servicedef/services_finaccount.xml,accounting,finance-product-team,provisional-repository-inferred
reconcileWithdrawalFinAcctgTrans,simple,component://accounting/minilang/finaccount/FinAccountServices.xml,reconcileWithdrawalFinAcctgTrans,,,,applications/accounting/servicedef/services_finaccount.xml,accounting,finance-product-team,provisional-repository-inferred
getReconciliationClosingBalance,simple,component://accounting/minilang/finaccount/FinAccountServices.xml,getReconciliationClosingBalance,,,,applications/accounting/servicedef/services_finaccount.xml,accounting,finance-product-team,provisional-repository-inferred
createServiceCredit,java,org.apache.ofbiz.accounting.finaccount.FinAccountServices,createAccountAndCredit,,true,,applications/accounting/servicedef/services_finaccount.xml,accounting,finance-product-team,provisional-repository-inferred
createFinAccountAndCredit,java,org.apache.ofbiz.accounting.finaccount.FinAccountServices,createAccountAndCredit,,true,,applications/accounting/servicedef/services_finaccount.xml,accounting,finance-product-team,provisional-repository-inferred
createPartyFinAccountFromPurchase,java,org.apache.ofbiz.accounting.finaccount.FinAccountProductServices,createPartyFinAccountFromPurchase,,true,,applications/accounting/servicedef/services_finaccount.xml,accounting,finance-product-team,provisional-repository-inferred
ofbFaAuthorize,java,org.apache.ofbiz.accounting.finaccount.FinAccountPaymentServices,finAccountPreAuth,,true,,applications/accounting/servicedef/services_finaccount.xml,accounting,finance-product-team,provisional-repository-inferred
ofbFaCapture,java,org.apache.ofbiz.accounting.finaccount.FinAccountPaymentServices,finAccountCapture,,true,,applications/accounting/servicedef/services_finaccount.xml,accounting,finance-product-team,provisional-repository-inferred
ofbFaRelease,java,org.apache.ofbiz.accounting.finaccount.FinAccountPaymentServices,finAccountReleaseAuth,,true,,applications/accounting/servicedef/services_finaccount.xml,accounting,finance-product-team,provisional-repository-inferred
ofbFaRefund,java,org.apache.ofbiz.accounting.finaccount.FinAccountPaymentServices,finAccountRefund,,true,,applications/accounting/servicedef/services_finaccount.xml,accounting,finance-product-team,provisional-repository-inferred
createGiftCertificate,java,org.apache.ofbiz.accounting.payment.GiftCertificateServices,createGiftCertificate,,true,,applications/accounting/servicedef/services_finaccount.xml,accounting,finance-product-team,provisional-repository-inferred
addFundsToGiftCertificate,java,org.apache.ofbiz.accounting.payment.GiftCertificateServices,addFundsToGiftCertificate,,true,,applications/accounting/servicedef/services_finaccount.xml,accounting,finance-product-team,provisional-repository-inferred
redeemGiftCertificate,java,org.apache.ofbiz.accounting.payment.GiftCertificateServices,redeemGiftCertificate,,true,,applications/accounting/servicedef/services_finaccount.xml,accounting,finance-product-team,provisional-repository-inferred
checkGiftCertificateBalance,java,org.apache.ofbiz.accounting.payment.GiftCertificateServices,checkGiftCertificateBalance,,true,,applications/accounting/servicedef/services_finaccount.xml,accounting,finance-product-team,provisional-repository-inferred
createGcFulFillmentRecord,java,org.apache.ofbiz.accounting.payment.GiftCertificateServices,createFulfillmentRecord,,true,,applications/accounting/servicedef/services_finaccount.xml,accounting,finance-product-team,provisional-repository-inferred
refundGcPurchase,java,org.apache.ofbiz.accounting.payment.GiftCertificateServices,refundGcPurchase,,true,,applications/accounting/servicedef/services_finaccount.xml,accounting,finance-product-team,provisional-repository-inferred
ofbGcProcessor,java,org.apache.ofbiz.accounting.payment.GiftCertificateServices,giftCertificateProcessor,,true,,applications/accounting/servicedef/services_finaccount.xml,accounting,finance-product-team,provisional-repository-inferred
ofbGcAuthorize,java,org.apache.ofbiz.accounting.payment.GiftCertificateServices,giftCertificateAuthorize,,true,,applications/accounting/servicedef/services_finaccount.xml,accounting,finance-product-team,provisional-repository-inferred
ofbGcRelease,java,org.apache.ofbiz.accounting.payment.GiftCertificateServices,giftCertificateRelease,,true,,applications/accounting/servicedef/services_finaccount.xml,accounting,finance-product-team,provisional-repository-inferred
ofbGcRefund,java,org.apache.ofbiz.accounting.payment.GiftCertificateServices,giftCertificateRefund,,true,,applications/accounting/servicedef/services_finaccount.xml,accounting,finance-product-team,provisional-repository-inferred
ofbGcPurchase,java,org.apache.ofbiz.accounting.payment.GiftCertificateServices,giftCertificatePurchase,,true,,applications/accounting/servicedef/services_finaccount.xml,accounting,finance-product-team,provisional-repository-inferred
ofbGcReload,java,org.apache.ofbiz.accounting.payment.GiftCertificateServices,giftCertificateReload,,true,,applications/accounting/servicedef/services_finaccount.xml,accounting,finance-product-team,provisional-repository-inferred
depositWithdrawPayments,simple,component://accounting/minilang/finaccount/FinAccountServices.xml,depositWithdrawPayments,,,,applications/accounting/servicedef/services_finaccount.xml,accounting,finance-product-team,provisional-repository-inferred
expirePaymentAssociationsOnFinAccountTransCancel,simple,component://accounting/minilang/finaccount/FinAccountServices.xml,expirePaymentAssociationsOnFinAccountTransCancel,,,,applications/accounting/servicedef/services_finaccount.xml,accounting,finance-product-team,provisional-repository-inferred
createPaymentAndFinAccountTrans,simple,component://accounting/minilang/finaccount/FinAccountServices.xml,createPaymentAndFinAccountTrans,,true,,applications/accounting/servicedef/services_finaccount.xml,accounting,finance-product-team,provisional-repository-inferred
getTransactionTotalByGlReconcileId,simple,component://accounting/minilang/finaccount/FinAccountServices.xml,getTransactionTotalByGlReconcileId,,,,applications/accounting/servicedef/services_finaccount.xml,accounting,finance-product-team,provisional-repository-inferred
assignGlRecToFinAccTrans,simple,component://accounting/minilang/finaccount/FinAccountServices.xml,assignGlRecToFinAccTrans,,,,applications/accounting/servicedef/services_finaccount.xml,accounting,finance-product-team,provisional-repository-inferred
removeFinAccountTransFromReconciliation,simple,component://accounting/minilang/finaccount/FinAccountServices.xml,removeFinAccountTransFromReconciliation,,,,applications/accounting/servicedef/services_finaccount.xml,accounting,finance-product-team,provisional-repository-inferred
isGlReconciliationReconciled,simple,component://accounting/minilang/finaccount/FinAccountServices.xml,isGlReconciliationReconciled,,,,applications/accounting/servicedef/services_finaccount.xml,accounting,finance-product-team,provisional-repository-inferred
cancelBankReconciliation,simple,component://accounting/minilang/finaccount/FinAccountServices.xml,cancelBankReconciliation,,,,applications/accounting/servicedef/services_finaccount.xml,accounting,finance-product-team,provisional-repository-inferred
getAssociatedAcctgTransEntriesWithFinAccountTrans,simple,component://accounting/minilang/finaccount/FinAccountServices.xml,getAssociatedAcctgTransEntriesWithFinAccountTrans,,,,applications/accounting/servicedef/services_finaccount.xml,accounting,finance-product-team,provisional-repository-inferred
autoFinAccountReconciliation,simple,component://accounting/minilang/finaccount/FinAccountServices.xml,autoFinAccountReconciliation,,true,,applications/accounting/servicedef/services_finaccount.xml,accounting,finance-product-team,provisional-repository-inferred
createFinAccountAttribute,entity-auto,,create,FinAccountAttribute,true,,applications/accounting/servicedef/services_finaccount.xml,accounting,finance-product-team,provisional-repository-inferred
updateFinAccountAttribute,entity-auto,,update,FinAccountAttribute,true,,applications/accounting/servicedef/services_finaccount.xml,accounting,finance-product-team,provisional-repository-inferred
deleteFinAccountAttribute,entity-auto,,delete,FinAccountAttribute,true,,applications/accounting/servicedef/services_finaccount.xml,accounting,finance-product-team,provisional-repository-inferred
createFinAccountTransAttribute,entity-auto,,create,FinAccountTransAttribute,true,,applications/accounting/servicedef/services_finaccount.xml,accounting,finance-product-team,provisional-repository-inferred
updateFinAccountTransAttribute,entity-auto,,update,FinAccountTransAttribute,true,,applications/accounting/servicedef/services_finaccount.xml,accounting,finance-product-team,provisional-repository-inferred
deleteFinAccountTransAttribute,entity-auto,,delete,FinAccountTransAttribute,true,,applications/accounting/servicedef/services_finaccount.xml,accounting,finance-product-team,provisional-repository-inferred
createFinAccountTransType,entity-auto,,create,FinAccountTransType,true,,applications/accounting/servicedef/services_finaccount.xml,accounting,finance-product-team,provisional-repository-inferred
updateFinAccountTransType,entity-auto,,update,FinAccountTransType,true,,applications/accounting/servicedef/services_finaccount.xml,accounting,finance-product-team,provisional-repository-inferred
deleteFinAccountTransType,entity-auto,,delete,FinAccountTransType,true,,applications/accounting/servicedef/services_finaccount.xml,accounting,finance-product-team,provisional-repository-inferred
createFinAccountTransTypeAttr,entity-auto,,create,FinAccountTransTypeAttr,true,,applications/accounting/servicedef/services_finaccount.xml,accounting,finance-product-team,provisional-repository-inferred
updateFinAccountTransTypeAttr,entity-auto,,update,FinAccountTransTypeAttr,true,,applications/accounting/servicedef/services_finaccount.xml,accounting,finance-product-team,provisional-repository-inferred
deleteFinAccountTransTypeAttr,entity-auto,,delete,FinAccountTransTypeAttr,true,,applications/accounting/servicedef/services_finaccount.xml,accounting,finance-product-team,provisional-repository-inferred
createFinAccountType,entity-auto,,create,FinAccountType,true,,applications/accounting/servicedef/services_finaccount.xml,accounting,finance-product-team,provisional-repository-inferred
updateFinAccountType,entity-auto,,update,FinAccountType,true,,applications/accounting/servicedef/services_finaccount.xml,accounting,finance-product-team,provisional-repository-inferred
deleteFinAccountType,entity-auto,,delete,FinAccountType,true,,applications/accounting/servicedef/services_finaccount.xml,accounting,finance-product-team,provisional-repository-inferred
createFinAccountTypeAttr,entity-auto,,create,FinAccountTypeAttr,true,,applications/accounting/servicedef/services_finaccount.xml,accounting,finance-product-team,provisional-repository-inferred
updateFinAccountTypeAttr,entity-auto,,update,FinAccountTypeAttr,true,,applications/accounting/servicedef/services_finaccount.xml,accounting,finance-product-team,provisional-repository-inferred
deleteFinAccountTypeAttr,entity-auto,,delete,FinAccountTypeAttr,true,,applications/accounting/servicedef/services_finaccount.xml,accounting,finance-product-team,provisional-repository-inferred
createFixedAsset,entity-auto,,create,FixedAsset,true,,applications/accounting/servicedef/services_fixedasset.xml,accounting,finance-product-team,provisional-repository-inferred
updateFixedAsset,entity-auto,,update,FixedAsset,true,,applications/accounting/servicedef/services_fixedasset.xml,accounting,finance-product-team,provisional-repository-inferred
addFixedAssetProduct,entity-auto,,create,FixedAssetProduct,true,,applications/accounting/servicedef/services_fixedasset.xml,accounting,finance-product-team,provisional-repository-inferred
updateFixedAssetProduct,entity-auto,,update,FixedAssetProduct,true,,applications/accounting/servicedef/services_fixedasset.xml,accounting,finance-product-team,provisional-repository-inferred
removeFixedAssetProduct,entity-auto,,delete,FixedAssetProduct,true,,applications/accounting/servicedef/services_fixedasset.xml,accounting,finance-product-team,provisional-repository-inferred
createFixedAssetStdCost,entity-auto,,create,FixedAssetStdCost,true,,applications/accounting/servicedef/services_fixedasset.xml,accounting,finance-product-team,provisional-repository-inferred
updateFixedAssetStdCost,entity-auto,,update,FixedAssetStdCost,true,,applications/accounting/servicedef/services_fixedasset.xml,accounting,finance-product-team,provisional-repository-inferred
cancelFixedAssetStdCost,entity-auto,,expire,FixedAssetStdCost,true,,applications/accounting/servicedef/services_fixedasset.xml,accounting,finance-product-team,provisional-repository-inferred
createFixedAssetIdent,entity-auto,,create,FixedAssetIdent,true,,applications/accounting/servicedef/services_fixedasset.xml,accounting,finance-product-team,provisional-repository-inferred
updateFixedAssetIdent,entity-auto,,update,FixedAssetIdent,true,,applications/accounting/servicedef/services_fixedasset.xml,accounting,finance-product-team,provisional-repository-inferred
removeFixedAssetIdent,entity-auto,,delete,FixedAssetIdent,true,,applications/accounting/servicedef/services_fixedasset.xml,accounting,finance-product-team,provisional-repository-inferred
createFixedAssetRegistration,entity-auto,,create,FixedAssetRegistration,true,,applications/accounting/servicedef/services_fixedasset.xml,accounting,finance-product-team,provisional-repository-inferred
updateFixedAssetRegistration,entity-auto,,update,FixedAssetRegistration,true,,applications/accounting/servicedef/services_fixedasset.xml,accounting,finance-product-team,provisional-repository-inferred
deleteFixedAssetRegistration,entity-auto,,delete,FixedAssetRegistration,true,,applications/accounting/servicedef/services_fixedasset.xml,accounting,finance-product-team,provisional-repository-inferred
createFixedAssetMaint,groovy,component://accounting/src/main/groovy/org/apache/ofbiz/accounting/fixedasset/FixedAssetServices.groovy,createFixedAssetMaint,FixedAssetMaint,true,,applications/accounting/servicedef/services_fixedasset.xml,accounting,finance-product-team,provisional-repository-inferred
updateFixedAssetMaint,groovy,component://accounting/src/main/groovy/org/apache/ofbiz/accounting/fixedasset/FixedAssetServices.groovy,updateFixedAssetMaint,FixedAssetMaint,true,,applications/accounting/servicedef/services_fixedasset.xml,accounting,finance-product-team,provisional-repository-inferred
deleteFixedAssetMaint,entity-auto,,delete,FixedAssetMaint,true,,applications/accounting/servicedef/services_fixedasset.xml,accounting,finance-product-team,provisional-repository-inferred
createMaintsFromTimeInterval,groovy,component://accounting/src/main/groovy/org/apache/ofbiz/accounting/fixedasset/FixedAssetServices.groovy,createMaintsFromTimeInterval,,true,,applications/accounting/servicedef/services_fixedasset.xml,accounting,finance-product-team,provisional-repository-inferred
autoAssignFixedAssetPartiesToMaintenance,groovy,component://accounting/src/main/groovy/org/apache/ofbiz/accounting/fixedasset/FixedAssetServices.groovy,autoAssignFixedAssetPartiesToMaintenance,,true,,applications/accounting/servicedef/services_fixedasset.xml,accounting,finance-product-team,provisional-repository-inferred
createFixedAssetMeter,entity-auto,,create,FixedAssetMeter,true,,applications/accounting/servicedef/services_fixedasset.xml,accounting,finance-product-team,provisional-repository-inferred
updateFixedAssetMeter,entity-auto,,update,FixedAssetMeter,true,,applications/accounting/servicedef/services_fixedasset.xml,accounting,finance-product-team,provisional-repository-inferred
createMaintsFromMeterReading,groovy,component://accounting/src/main/groovy/org/apache/ofbiz/accounting/fixedasset/FixedAssetServices.groovy,createMaintsFromMeterReading,FixedAssetMeter,true,,applications/accounting/servicedef/services_fixedasset.xml,accounting,finance-product-team,provisional-repository-inferred
deleteFixedAssetMeter,entity-auto,,delete,FixedAssetMeter,true,,applications/accounting/servicedef/services_fixedasset.xml,accounting,finance-product-team,provisional-repository-inferred
createFixedAssetMaintOrder,groovy,component://accounting/src/main/groovy/org/apache/ofbiz/accounting/fixedasset/FixedAssetServices.groovy,createFixedAssetMaintOrder,FixedAssetMaintOrder,true,,applications/accounting/servicedef/services_fixedasset.xml,accounting,finance-product-team,provisional-repository-inferred
deleteFixedAssetMaintOrder,entity-auto,,delete,FixedAssetMaintOrder,true,,applications/accounting/servicedef/services_fixedasset.xml,accounting,finance-product-team,provisional-repository-inferred
createPartyFixedAssetAssignment,entity-auto,,create,PartyFixedAssetAssignment,true,,applications/accounting/servicedef/services_fixedasset.xml,accounting,finance-product-team,provisional-repository-inferred
updatePartyFixedAssetAssignment,entity-auto,,update,PartyFixedAssetAssignment,true,,applications/accounting/servicedef/services_fixedasset.xml,accounting,finance-product-team,provisional-repository-inferred
deletePartyFixedAssetAssignment,entity-auto,,delete,PartyFixedAssetAssignment,true,,applications/accounting/servicedef/services_fixedasset.xml,accounting,finance-product-team,provisional-repository-inferred
createFixedAssetDepMethod,entity-auto,,create,FixedAssetDepMethod,true,,applications/accounting/servicedef/services_fixedasset.xml,accounting,finance-product-team,provisional-repository-inferred
updateFixedAssetDepMethod,entity-auto,,update,FixedAssetDepMethod,true,,applications/accounting/servicedef/services_fixedasset.xml,accounting,finance-product-team,provisional-repository-inferred
deleteFixedAssetDepMethod,entity-auto,,delete,FixedAssetDepMethod,true,,applications/accounting/servicedef/services_fixedasset.xml,accounting,finance-product-team,provisional-repository-inferred
checkUpdateFixedAssetDepreciation,groovy,component://accounting/src/main/groovy/org/apache/ofbiz/accounting/fixedasset/FixedAssetServices.groovy,checkUpdateFixedAssetDepreciation,AcctgTrans,true,,applications/accounting/servicedef/services_fixedasset.xml,accounting,finance-product-team,provisional-repository-inferred
fixedAssetDepCalcInterface,interface,,,,,,applications/accounting/servicedef/services_fixedasset.xml,accounting,finance-product-team,provisional-repository-inferred
straightLineDepreciation,groovy,component://accounting/src/main/groovy/org/apache/ofbiz/accounting/fixedasset/FixedAssetServices.groovy,straightLineDepreciation,FixedAsset,true,,applications/accounting/servicedef/services_fixedasset.xml,accounting,finance-product-team,provisional-repository-inferred
doubleDecliningBalanceDepreciation,groovy,component://accounting/src/main/groovy/org/apache/ofbiz/accounting/fixedasset/FixedAssetServices.groovy,doubleDecliningBalanceDepreciation,FixedAsset,true,,applications/accounting/servicedef/services_fixedasset.xml,accounting,finance-product-team,provisional-repository-inferred
calculateFixedAssetDepreciation,groovy,component://accounting/src/main/groovy/org/apache/ofbiz/accounting/fixedasset/FixedAssetServices.groovy,calculateFixedAssetDepreciation,FixedAssetDepMethod,true,,applications/accounting/servicedef/services_fixedasset.xml,accounting,finance-product-team,provisional-repository-inferred
createFixedAssetTypeGlAccount,entity-auto,,create,FixedAssetTypeGlAccount,true,,applications/accounting/servicedef/services_fixedasset.xml,accounting,finance-product-team,provisional-repository-inferred
updateFixedAssetTypeGlAccount,entity-auto,,update,FixedAssetTypeGlAccount,true,,applications/accounting/servicedef/services_fixedasset.xml,accounting,finance-product-team,provisional-repository-inferred
deleteFixedAssetTypeGlAccount,entity-auto,,delete,FixedAssetTypeGlAccount,true,,applications/accounting/servicedef/services_fixedasset.xml,accounting,finance-product-team,provisional-repository-inferred
createFixedAssetGeoPoint,entity-auto,,create,FixedAssetGeoPoint,true,,applications/accounting/servicedef/services_fixedasset.xml,accounting,finance-product-team,provisional-repository-inferred
updateFixedAssetGeoPoint,entity-auto,,update,FixedAssetGeoPoint,true,,applications/accounting/servicedef/services_fixedasset.xml,accounting,finance-product-team,provisional-repository-inferred
deleteFixedAssetGeoPoint,entity-auto,,delete,FixedAssetGeoPoint,true,,applications/accounting/servicedef/services_fixedasset.xml,accounting,finance-product-team,provisional-repository-inferred
createAccommodationClass,entity-auto,,create,AccommodationClass,true,,applications/accounting/servicedef/services_fixedasset.xml,accounting,finance-product-team,provisional-repository-inferred
updateAccommodationClass,entity-auto,,update,AccommodationClass,true,,applications/accounting/servicedef/services_fixedasset.xml,accounting,finance-product-team,provisional-repository-inferred
deleteAccommodationClass,entity-auto,,delete,AccommodationClass,true,,applications/accounting/servicedef/services_fixedasset.xml,accounting,finance-product-team,provisional-repository-inferred
createAccommodationMapType,entity-auto,,create,AccommodationMapType,true,,applications/accounting/servicedef/services_fixedasset.xml,accounting,finance-product-team,provisional-repository-inferred
updateAccommodationMapType,entity-auto,,update,AccommodationMapType,true,,applications/accounting/servicedef/services_fixedasset.xml,accounting,finance-product-team,provisional-repository-inferred
deleteAccommodationMapType,entity-auto,,delete,AccommodationMapType,true,,applications/accounting/servicedef/services_fixedasset.xml,accounting,finance-product-team,provisional-repository-inferred
createAccommodationMap,entity-auto,,create,AccommodationMap,true,,applications/accounting/servicedef/services_fixedasset.xml,accounting,finance-product-team,provisional-repository-inferred
updateAccommodationMap,entity-auto,,update,AccommodationMap,true,,applications/accounting/servicedef/services_fixedasset.xml,accounting,finance-product-team,provisional-repository-inferred
deleteAccommodationMap,entity-auto,,delete,AccommodationMap,true,,applications/accounting/servicedef/services_fixedasset.xml,accounting,finance-product-team,provisional-repository-inferred
createFixedAssetAttribute,entity-auto,,create,FixedAssetAttribute,true,,applications/accounting/servicedef/services_fixedasset.xml,accounting,finance-product-team,provisional-repository-inferred
updateFixedAssetAttribute,entity-auto,,update,FixedAssetAttribute,true,,applications/accounting/servicedef/services_fixedasset.xml,accounting,finance-product-team,provisional-repository-inferred
deleteFixedAssetAttribute,entity-auto,,delete,FixedAssetAttribute,true,,applications/accounting/servicedef/services_fixedasset.xml,accounting,finance-product-team,provisional-repository-inferred
createFixedAssetIdentType,entity-auto,,create,FixedAssetIdentType,true,,applications/accounting/servicedef/services_fixedasset.xml,accounting,finance-product-team,provisional-repository-inferred
updateFixedAssetIdentType,entity-auto,,update,FixedAssetIdentType,true,,applications/accounting/servicedef/services_fixedasset.xml,accounting,finance-product-team,provisional-repository-inferred
deleteFixedAssetIdentType,entity-auto,,delete,FixedAssetIdentType,true,,applications/accounting/servicedef/services_fixedasset.xml,accounting,finance-product-team,provisional-repository-inferred
createFixedAssetProductType,entity-auto,,create,FixedAssetProductType,true,,applications/accounting/servicedef/services_fixedasset.xml,accounting,finance-product-team,provisional-repository-inferred
updateFixedAssetProductType,entity-auto,,update,FixedAssetProductType,true,,applications/accounting/servicedef/services_fixedasset.xml,accounting,finance-product-team,provisional-repository-inferred
deleteFixedAssetProductType,entity-auto,,delete,FixedAssetProductType,true,,applications/accounting/servicedef/services_fixedasset.xml,accounting,finance-product-team,provisional-repository-inferred
createFixedAssetStdCostType,entity-auto,,create,FixedAssetStdCostType,true,,applications/accounting/servicedef/services_fixedasset.xml,accounting,finance-product-team,provisional-repository-inferred
updateFixedAssetStdCostType,entity-auto,,update,FixedAssetStdCostType,true,,applications/accounting/servicedef/services_fixedasset.xml,accounting,finance-product-team,provisional-repository-inferred
deleteFixedAssetStdCostType,entity-auto,,delete,FixedAssetStdCostType,true,,applications/accounting/servicedef/services_fixedasset.xml,accounting,finance-product-team,provisional-repository-inferred
createFixedAssetType,entity-auto,,create,FixedAssetType,true,,applications/accounting/servicedef/services_fixedasset.xml,accounting,finance-product-team,provisional-repository-inferred
updateFixedAssetType,entity-auto,,update,FixedAssetType,true,,applications/accounting/servicedef/services_fixedasset.xml,accounting,finance-product-team,provisional-repository-inferred
deleteFixedAssetType,entity-auto,,delete,FixedAssetType,true,,applications/accounting/servicedef/services_fixedasset.xml,accounting,finance-product-team,provisional-repository-inferred
createFixedAssetTypeAttr,entity-auto,,create,FixedAssetTypeAttr,true,,applications/accounting/servicedef/services_fixedasset.xml,accounting,finance-product-team,provisional-repository-inferred
updateFixedAssetTypeAttr,entity-auto,,update,FixedAssetTypeAttr,true,,applications/accounting/servicedef/services_fixedasset.xml,accounting,finance-product-team,provisional-repository-inferred
deleteFixedAssetTypeAttr,entity-auto,,delete,FixedAssetTypeAttr,true,,applications/accounting/servicedef/services_fixedasset.xml,accounting,finance-product-team,provisional-repository-inferred
getNextInvoiceId,groovy,component://accounting/src/main/groovy/org/apache/ofbiz/accounting/invoice/InvoiceServicesScript.groovy,getNextInvoiceId,,,,applications/accounting/servicedef/services_invoice.xml,accounting,finance-product-team,provisional-repository-inferred
invoiceSequenceEnforced,groovy,component://accounting/src/main/groovy/org/apache/ofbiz/accounting/invoice/InvoiceServicesScript.groovy,invoiceSequenceEnforced,,,,applications/accounting/servicedef/services_invoice.xml,accounting,finance-product-team,provisional-repository-inferred
invoiceSequenceRestart,groovy,component://accounting/src/main/groovy/org/apache/ofbiz/accounting/invoice/InvoiceServicesScript.groovy,invoiceSequenceRestart,,,,applications/accounting/servicedef/services_invoice.xml,accounting,finance-product-team,provisional-repository-inferred
createInvoice,groovy,component://accounting/src/main/groovy/org/apache/ofbiz/accounting/invoice/InvoiceServicesScript.groovy,createInvoice,Invoice,,,applications/accounting/servicedef/services_invoice.xml,accounting,finance-product-team,provisional-repository-inferred
copyInvoice,groovy,component://accounting/src/main/groovy/org/apache/ofbiz/accounting/invoice/InvoiceServicesScript.groovy,copyInvoice,Invoice,,,applications/accounting/servicedef/services_invoice.xml,accounting,finance-product-team,provisional-repository-inferred
getInvoice,groovy,component://accounting/src/main/groovy/org/apache/ofbiz/accounting/invoice/InvoiceServicesScript.groovy,getInvoice,Invoice,,,applications/accounting/servicedef/services_invoice.xml,accounting,finance-product-team,provisional-repository-inferred
updateInvoice,groovy,component://accounting/src/main/groovy/org/apache/ofbiz/accounting/invoice/InvoiceServicesScript.groovy,updateInvoice,Invoice,,,applications/accounting/servicedef/services_invoice.xml,accounting,finance-product-team,provisional-repository-inferred
setInvoiceStatus,groovy,component://accounting/src/main/groovy/org/apache/ofbiz/accounting/invoice/InvoiceServicesScript.groovy,setInvoiceStatus,,,,applications/accounting/servicedef/services_invoice.xml,accounting,finance-product-team,provisional-repository-inferred
copyInvoiceToTemplate,groovy,component://accounting/src/main/groovy/org/apache/ofbiz/accounting/invoice/InvoiceServicesScript.groovy,copyInvoiceToTemplate,,,,applications/accounting/servicedef/services_invoice.xml,accounting,finance-product-team,provisional-repository-inferred
checkInvoiceStatusInProgress,groovy,component://accounting/src/main/groovy/org/apache/ofbiz/accounting/invoice/InvoiceServicesScript.groovy,checkInvoiceStatusInProgress,,,,applications/accounting/servicedef/services_invoice.xml,accounting,finance-product-team,provisional-repository-inferred
createInvoiceItem,groovy,component://accounting/src/main/groovy/org/apache/ofbiz/accounting/invoice/InvoiceServicesScript.groovy,createInvoiceItem,InvoiceItem,,,applications/accounting/servicedef/services_invoice.xml,accounting,finance-product-team,provisional-repository-inferred
updateInvoiceItem,groovy,component://accounting/src/main/groovy/org/apache/ofbiz/accounting/invoice/InvoiceServicesScript.groovy,updateInvoiceItem,InvoiceItem,,,applications/accounting/servicedef/services_invoice.xml,accounting,finance-product-team,provisional-repository-inferred
removeInvoiceItem,groovy,component://accounting/src/main/groovy/org/apache/ofbiz/accounting/invoice/InvoiceServicesScript.groovy,removeInvoiceItem,InvoiceItem,,,applications/accounting/servicedef/services_invoice.xml,accounting,finance-product-team,provisional-repository-inferred
createInvoiceStatus,entity-auto,,create,InvoiceStatus,true,,applications/accounting/servicedef/services_invoice.xml,accounting,finance-product-team,provisional-repository-inferred
createInvoiceRole,entity-auto,,create,InvoiceRole,,,applications/accounting/servicedef/services_invoice.xml,accounting,finance-product-team,provisional-repository-inferred
removeInvoiceRole,entity-auto,,remove,InvoiceRole,,,applications/accounting/servicedef/services_invoice.xml,accounting,finance-product-team,provisional-repository-inferred
createInvoiceTerm,entity-auto,,create,InvoiceTerm,,,applications/accounting/servicedef/services_invoice.xml,accounting,finance-product-team,provisional-repository-inferred
updateInvoiceTerm,entity-auto,,update,InvoiceTerm,,,applications/accounting/servicedef/services_invoice.xml,accounting,finance-product-team,provisional-repository-inferred
deleteInvoiceTerm,entity-auto,,delete,InvoiceTerm,,,applications/accounting/servicedef/services_invoice.xml,accounting,finance-product-team,provisional-repository-inferred
createInvoiceForOrderAllItems,java,org.apache.ofbiz.accounting.invoice.InvoiceServices,createInvoiceForOrderAllItems,,,,applications/accounting/servicedef/services_invoice.xml,accounting,finance-product-team,provisional-repository-inferred
createInvoiceForOrder,java,org.apache.ofbiz.accounting.invoice.InvoiceServices,createInvoiceForOrder,,,,applications/accounting/servicedef/services_invoice.xml,accounting,finance-product-team,provisional-repository-inferred
createInvoiceFromReturn,java,org.apache.ofbiz.accounting.invoice.InvoiceServices,createInvoiceFromReturn,,,,applications/accounting/servicedef/services_invoice.xml,accounting,finance-product-team,provisional-repository-inferred
createCommissionInvoices,java,org.apache.ofbiz.accounting.invoice.InvoiceServices,createCommissionInvoices,,,,applications/accounting/servicedef/services_invoice.xml,accounting,finance-product-team,provisional-repository-inferred
readyInvoices,java,org.apache.ofbiz.accounting.invoice.InvoiceServices,readyInvoices,,,,applications/accounting/servicedef/services_invoice.xml,accounting,finance-product-team,provisional-repository-inferred
createInvoicesFromShipment,java,org.apache.ofbiz.accounting.invoice.InvoiceServices,createInvoicesFromShipment,,,,applications/accounting/servicedef/services_invoice.xml,accounting,finance-product-team,provisional-repository-inferred
setInvoicesToReadyFromShipment,java,org.apache.ofbiz.accounting.invoice.InvoiceServices,setInvoicesToReadyFromShipment,,,,applications/accounting/servicedef/services_invoice.xml,accounting,finance-product-team,provisional-repository-inferred
createSalesInvoicesFromDropShipment,java,org.apache.ofbiz.accounting.invoice.InvoiceServices,createSalesInvoicesFromDropShipment,,,,applications/accounting/servicedef/services_invoice.xml,accounting,finance-product-team,provisional-repository-inferred
createInvoicesFromShipments,java,org.apache.ofbiz.accounting.invoice.InvoiceServices,createInvoicesFromShipments,,,,applications/accounting/servicedef/services_invoice.xml,accounting,finance-product-team,provisional-repository-inferred
createInvoicesFromReturnShipment,java,org.apache.ofbiz.accounting.invoice.InvoiceServices,createInvoicesFromReturnShipment,,,,applications/accounting/servicedef/services_invoice.xml,accounting,finance-product-team,provisional-repository-inferred
sendInvoicePerEmail,groovy,component://accounting/src/main/groovy/org/apache/ofbiz/accounting/invoice/InvoiceServicesScript.groovy,sendInvoicePerEmail,,,,applications/accounting/servicedef/services_invoice.xml,accounting,finance-product-team,provisional-repository-inferred
checkInvoicePaymentApplications,java,org.apache.ofbiz.accounting.invoice.InvoiceServices,checkInvoicePaymentApplications,,,,applications/accounting/servicedef/services_invoice.xml,accounting,finance-product-team,provisional-repository-inferred
createInvoiceContactMech,entity-auto,,create,InvoiceContactMech,,,applications/accounting/servicedef/services_invoice.xml,accounting,finance-product-team,provisional-repository-inferred
deleteInvoiceContactMech,entity-auto,,delete,InvoiceContactMech,,,applications/accounting/servicedef/services_invoice.xml,accounting,finance-product-team,provisional-repository-inferred
calculateInvoicedAdjustmentTotal,java,org.apache.ofbiz.accounting.invoice.InvoiceServices,calculateInvoicedAdjustmentTotal,,,,applications/accounting/servicedef/services_invoice.xml,accounting,finance-product-team,provisional-repository-inferred
updateInvoiceItemType,entity-auto,,update,InvoiceItemType,,,applications/accounting/servicedef/services_invoice.xml,accounting,finance-product-team,provisional-repository-inferred
autoGenerateInvoiceFromExistingInvoice,groovy,component://accounting/src/main/groovy/org/apache/ofbiz/accounting/invoice/InvoiceServicesScript.groovy,autoGenerateInvoiceFromExistingInvoice,,,,applications/accounting/servicedef/services_invoice.xml,accounting,finance-product-team,provisional-repository-inferred
cancelInvoice,groovy,component://accounting/src/main/groovy/org/apache/ofbiz/accounting/invoice/InvoiceServicesScript.groovy,cancelInvoice,,,,applications/accounting/servicedef/services_invoice.xml,accounting,finance-product-team,provisional-repository-inferred
getInvoiceRunningTotal,groovy,component://accounting/src/main/groovy/org/apache/ofbiz/accounting/invoice/InvoiceServicesScript.groovy,getInvoiceRunningTotal,,true,,applications/accounting/servicedef/services_invoice.xml,accounting,finance-product-team,provisional-repository-inferred
addTaxOnInvoice,groovy,component://accounting/src/main/groovy/org/apache/ofbiz/accounting/invoice/InvoiceServicesScript.groovy,addTaxOnInvoice,,,,applications/accounting/servicedef/services_invoice.xml,accounting,finance-product-team,provisional-repository-inferred
getInvoicesFilterByAssocType,groovy,component://accounting/src/main/groovy/org/apache/ofbiz/accounting/invoice/InvoiceServicesScript.groovy,getInvoicesFilterByAssocType,,true,,applications/accounting/servicedef/services_invoice.xml,accounting,finance-product-team,provisional-repository-inferred
createInvoiceItemAssoc,entity-auto,,create,InvoiceItemAssoc,true,,applications/accounting/servicedef/services_invoice.xml,accounting,finance-product-team,provisional-repository-inferred
updateInvoiceItemAssoc,entity-auto,,update,InvoiceItemAssoc,true,,applications/accounting/servicedef/services_invoice.xml,accounting,finance-product-team,provisional-repository-inferred
deleteInvoiceItemAssoc,entity-auto,,delete,InvoiceItemAssoc,true,,applications/accounting/servicedef/services_invoice.xml,accounting,finance-product-team,provisional-repository-inferred
removeInvoiceItemAssocOnCancelInvoice,groovy,component://accounting/src/main/groovy/org/apache/ofbiz/accounting/invoice/InvoiceServicesScript.groovy,removeInvoiceItemAssocOnCancelInvoice,,true,,applications/accounting/servicedef/services_invoice.xml,accounting,finance-product-team,provisional-repository-inferred
resetOrderItemBillingAndOrderAdjustmentBillingOnCancelInvoice,groovy,component://accounting/src/main/groovy/org/apache/ofbiz/accounting/invoice/InvoiceServicesScript.groovy,resetOrderItemBillingAndOrderAdjustmentBillingOnCancelInvoice,,true,,applications/accounting/servicedef/services_invoice.xml,accounting,finance-product-team,provisional-repository-inferred
massChangeInvoiceStatus,groovy,component://accounting/src/main/groovy/org/apache/ofbiz/accounting/invoice/InvoiceServicesScript.groovy,massChangeInvoiceStatus,,true,,applications/accounting/servicedef/services_invoice.xml,accounting,finance-product-team,provisional-repository-inferred
createInvoiceFromOrder,groovy,component://accounting/src/main/groovy/org/apache/ofbiz/accounting/invoice/InvoiceServicesScript.groovy,createInvoiceFromOrder,,,,applications/accounting/servicedef/services_invoice.xml,accounting,finance-product-team,provisional-repository-inferred
createInvoiceContent,entity-auto,,create,InvoiceContent,true,,applications/accounting/servicedef/services_invoice.xml,accounting,finance-product-team,provisional-repository-inferred
updateInvoiceContent,entity-auto,,update,InvoiceContent,true,,applications/accounting/servicedef/services_invoice.xml,accounting,finance-product-team,provisional-repository-inferred
removeInvoiceContent,entity-auto,,delete,InvoiceContent,true,,applications/accounting/servicedef/services_invoice.xml,accounting,finance-product-team,provisional-repository-inferred
createInvoiceContentAndUpdateContent,group,,,,true,,applications/accounting/servicedef/services_invoice.xml,accounting,finance-product-team,provisional-repository-inferred
updateInvoiceContentAndContent,group,,,,true,,applications/accounting/servicedef/services_invoice.xml,accounting,finance-product-team,provisional-repository-inferred
createSimpleTextContentForInvoice,group,,,,true,,applications/accounting/servicedef/services_invoice.xml,accounting,finance-product-team,provisional-repository-inferred
updateSimpleTextContentForInvoice,group,,,,true,,applications/accounting/servicedef/services_invoice.xml,accounting,finance-product-team,provisional-repository-inferred
isInvoiceInForeignCurrency,groovy,component://accounting/src/main/groovy/org/apache/ofbiz/accounting/invoice/InvoiceServicesScript.groovy,isInvoiceInForeignCurrency,,true,,applications/accounting/servicedef/services_invoice.xml,accounting,finance-product-team,provisional-repository-inferred
importInvoice,java,org.apache.ofbiz.accounting.invoice.InvoiceServices,importInvoice,,true,,applications/accounting/servicedef/services_invoice.xml,accounting,finance-product-team,provisional-repository-inferred
createInvoiceItemAttribute,entity-auto,,create,InvoiceItemAttribute,true,,applications/accounting/servicedef/services_invoice.xml,accounting,finance-product-team,provisional-repository-inferred
updateInvoiceItemAttribute,entity-auto,,update,InvoiceItemAttribute,true,,applications/accounting/servicedef/services_invoice.xml,accounting,finance-product-team,provisional-repository-inferred
deleteInvoiceItemAttribute,entity-auto,,delete,InvoiceItemAttribute,true,,applications/accounting/servicedef/services_invoice.xml,accounting,finance-product-team,provisional-repository-inferred
createInvoiceTermAttribute,entity-auto,,create,InvoiceTermAttribute,true,,applications/accounting/servicedef/services_invoice.xml,accounting,finance-product-team,provisional-repository-inferred
updateInvoiceTermAttribute,entity-auto,,update,InvoiceTermAttribute,true,,applications/accounting/servicedef/services_invoice.xml,accounting,finance-product-team,provisional-repository-inferred
deleteInvoiceTermAttribute,entity-auto,,delete,InvoiceTermAttribute,true,,applications/accounting/servicedef/services_invoice.xml,accounting,finance-product-team,provisional-repository-inferred
createInvoiceTypeAttr,entity-auto,,create,InvoiceTypeAttr,true,,applications/accounting/servicedef/services_invoice.xml,accounting,finance-product-team,provisional-repository-inferred
updateInvoiceTypeAttr,entity-auto,,update,InvoiceTypeAttr,true,,applications/accounting/servicedef/services_invoice.xml,accounting,finance-product-team,provisional-repository-inferred
deleteInvoiceTypeAttr,entity-auto,,delete,InvoiceTypeAttr,true,,applications/accounting/servicedef/services_invoice.xml,accounting,finance-product-team,provisional-repository-inferred
createInvoiceAttribute,entity-auto,,create,InvoiceAttribute,true,,applications/accounting/servicedef/services_invoice.xml,accounting,finance-product-team,provisional-repository-inferred
updateInvoiceAttribute,entity-auto,,update,InvoiceAttribute,true,,applications/accounting/servicedef/services_invoice.xml,accounting,finance-product-team,provisional-repository-inferred
deleteInvoiceAttribute,entity-auto,,delete,InvoiceAttribute,true,,applications/accounting/servicedef/services_invoice.xml,accounting,finance-product-team,provisional-repository-inferred
createInvoiceItemAssocType,entity-auto,,create,InvoiceItemAssocType,true,,applications/accounting/servicedef/services_invoice.xml,accounting,finance-product-team,provisional-repository-inferred
updateInvoiceItemAssocType,entity-auto,,update,InvoiceItemAssocType,true,,applications/accounting/servicedef/services_invoice.xml,accounting,finance-product-team,provisional-repository-inferred
deleteInvoiceItemAssocType,entity-auto,,delete,InvoiceItemAssocType,true,,applications/accounting/servicedef/services_invoice.xml,accounting,finance-product-team,provisional-repository-inferred
createInvoiceNote,entity-auto,,create,InvoiceNote,true,,applications/accounting/servicedef/services_invoice.xml,accounting,finance-product-team,provisional-repository-inferred
addInvoiceNote,groovy,component://accounting/src/main/groovy/org/apache/ofbiz/accounting/invoice/InvoiceServicesScript.groovy,addInvoiceNote,,true,,applications/accounting/servicedef/services_invoice.xml,accounting,finance-product-team,provisional-repository-inferred
deleteInvoiceNote,entity-auto,,delete,InvoiceNote,true,,applications/accounting/servicedef/services_invoice.xml,accounting,finance-product-team,provisional-repository-inferred
createInvoiceContentType,entity-auto,,create,InvoiceContentType,true,,applications/accounting/servicedef/services_invoice.xml,accounting,finance-product-team,provisional-repository-inferred
updateInvoiceContentType,entity-auto,,update,InvoiceContentType,true,,applications/accounting/servicedef/services_invoice.xml,accounting,finance-product-team,provisional-repository-inferred
deleteInvoiceContentType,entity-auto,,delete,InvoiceContentType,true,,applications/accounting/servicedef/services_invoice.xml,accounting,finance-product-team,provisional-repository-inferred
createInvoiceItemTypeAttr,entity-auto,,create,InvoiceItemTypeAttr,true,,applications/accounting/servicedef/services_invoice.xml,accounting,finance-product-team,provisional-repository-inferred
updateInvoiceItemTypeAttr,entity-auto,,update,InvoiceItemTypeAttr,true,,applications/accounting/servicedef/services_invoice.xml,accounting,finance-product-team,provisional-repository-inferred
deleteInvoiceItemTypeAttr,entity-auto,,delete,InvoiceItemTypeAttr,true,,applications/accounting/servicedef/services_invoice.xml,accounting,finance-product-team,provisional-repository-inferred
createInvoiceItemTypeMap,entity-auto,,create,InvoiceItemTypeMap,true,,applications/accounting/servicedef/services_invoice.xml,accounting,finance-product-team,provisional-repository-inferred
updateInvoiceItemTypeMap,entity-auto,,update,InvoiceItemTypeMap,true,,applications/accounting/servicedef/services_invoice.xml,accounting,finance-product-team,provisional-repository-inferred
deleteInvoiceItemTypeMap,entity-auto,,delete,InvoiceItemTypeMap,true,,applications/accounting/servicedef/services_invoice.xml,accounting,finance-product-team,provisional-repository-inferred
createInvoiceType,entity-auto,,create,InvoiceType,true,,applications/accounting/servicedef/services_invoice.xml,accounting,finance-product-team,provisional-repository-inferred
updateInvoiceType,entity-auto,,update,InvoiceType,true,,applications/accounting/servicedef/services_invoice.xml,accounting,finance-product-team,provisional-repository-inferred
deleteInvoiceType,entity-auto,,delete,InvoiceType,true,,applications/accounting/servicedef/services_invoice.xml,accounting,finance-product-team,provisional-repository-inferred
createGlAccount,entity-auto,,create,GlAccount,true,,applications/accounting/servicedef/services_ledger.xml,accounting,finance-product-team,provisional-repository-inferred
updateGlAccount,entity-auto,,update,GlAccount,true,,applications/accounting/servicedef/services_ledger.xml,accounting,finance-product-team,provisional-repository-inferred
deleteGlAccount,entity-auto,,delete,GlAccount,true,,applications/accounting/servicedef/services_ledger.xml,accounting,finance-product-team,provisional-repository-inferred
createGlAccountOrganization,entity-auto,,create,GlAccountOrganization,true,,applications/accounting/servicedef/services_ledger.xml,accounting,finance-product-team,provisional-repository-inferred
updateGlAccountOrganization,entity-auto,,update,GlAccountOrganization,true,,applications/accounting/servicedef/services_ledger.xml,accounting,finance-product-team,provisional-repository-inferred
deleteGlAccountOrganization,entity-auto,,delete,GlAccountOrganization,true,,applications/accounting/servicedef/services_ledger.xml,accounting,finance-product-team,provisional-repository-inferred
quickCreateAcctgTransAndEntries,simple,component://accounting/minilang/ledger/GeneralLedgerServices.xml,quickCreateAcctgTransAndEntries,,true,,applications/accounting/servicedef/services_ledger.xml,accounting,finance-product-team,provisional-repository-inferred
calculateGlJournalTrialBalance,simple,component://accounting/minilang/ledger/GeneralLedgerServices.xml,calculateGlJournalTrialBalance,GlJournal,true,,applications/accounting/servicedef/services_ledger.xml,accounting,finance-product-team,provisional-repository-inferred
postGlJournal,simple,component://accounting/minilang/ledger/GeneralLedgerServices.xml,postGlJournal,GlJournal,true,,applications/accounting/servicedef/services_ledger.xml,accounting,finance-product-team,provisional-repository-inferred
createGlJournal,entity-auto,,create,GlJournal,true,,applications/accounting/servicedef/services_ledger.xml,accounting,finance-product-team,provisional-repository-inferred
updateGlJournal,entity-auto,,update,GlJournal,true,,applications/accounting/servicedef/services_ledger.xml,accounting,finance-product-team,provisional-repository-inferred
deleteGlJournal,entity-auto,,delete,GlJournal,true,,applications/accounting/servicedef/services_ledger.xml,accounting,finance-product-team,provisional-repository-inferred
createGlReconciliation,entity-auto,,create,GlReconciliation,true,,applications/accounting/servicedef/services_ledger.xml,accounting,finance-product-team,provisional-repository-inferred
updateGlReconciliation,entity-auto,,update,GlReconciliation,true,,applications/accounting/servicedef/services_ledger.xml,accounting,finance-product-team,provisional-repository-inferred
deleteGlReconciliation,entity-auto,,delete,GlReconciliation,true,,applications/accounting/servicedef/services_ledger.xml,accounting,finance-product-team,provisional-repository-inferred
updateGlReconciliationLastModified,simple,component://accounting/minilang/ledger/GeneralLedgerServices.xml,updateGlReconciliationLastModified,GlReconciliation,true,,applications/accounting/servicedef/services_ledger.xml,accounting,finance-product-team,provisional-repository-inferred
createGlReconciliationEntry,simple,component://accounting/minilang/ledger/GeneralLedgerServices.xml,createGlReconciliationEntry,GlReconciliationEntry,true,,applications/accounting/servicedef/services_ledger.xml,accounting,finance-product-team,provisional-repository-inferred
updateGlReconciliationEntry,entity-auto,,update,GlReconciliationEntry,true,,applications/accounting/servicedef/services_ledger.xml,accounting,finance-product-team,provisional-repository-inferred
deleteGlReconciliationEntry,entity-auto,,delete,GlReconciliationEntry,true,,applications/accounting/servicedef/services_ledger.xml,accounting,finance-product-team,provisional-repository-inferred
completeAcctgTransEntries,simple,component://accounting/minilang/ledger/GeneralLedgerServices.xml,completeAcctgTransEntries,AcctgTrans,true,,applications/accounting/servicedef/services_ledger.xml,accounting,finance-product-team,provisional-repository-inferred
interfaceAcctgTrans,interface,,,AcctgTrans,,,applications/accounting/servicedef/services_ledger.xml,accounting,finance-product-team,provisional-repository-inferred
createAcctgTrans,groovy,component://accounting/src/main/groovy/org/apache/ofbiz/accounting/ledger/GeneralLedgerServicesScript.groovy,createAcctgTrans,AcctgTrans,true,,applications/accounting/servicedef/services_ledger.xml,accounting,finance-product-team,provisional-repository-inferred
updateAcctgTrans,entity-auto,,update,AcctgTrans,true,,applications/accounting/servicedef/services_ledger.xml,accounting,finance-product-team,provisional-repository-inferred
deleteAcctgTrans,entity-auto,,delete,AcctgTrans,true,,applications/accounting/servicedef/services_ledger.xml,accounting,finance-product-team,provisional-repository-inferred
checkAcctgTransPosted,simple,component://accounting/minilang/ledger/AcctgTransServices.xml,checkAcctgTransPosted,AcctgTrans,true,,applications/accounting/servicedef/services_ledger.xml,accounting,finance-product-team,provisional-repository-inferred
interfaceAcctgTransEntry,interface,,,AcctgTransEntry,,,applications/accounting/servicedef/services_ledger.xml,accounting,finance-product-team,provisional-repository-inferred
createAcctgTransEntry,simple,component://accounting/minilang/ledger/AcctgTransServices.xml,createAcctgTransEntry,AcctgTransEntry,true,,applications/accounting/servicedef/services_ledger.xml,accounting,finance-product-team,provisional-repository-inferred
updateAcctgTransEntry,simple,component://accounting/minilang/ledger/AcctgTransServices.xml,updateAcctgTransEntry,AcctgTransEntry,true,,applications/accounting/servicedef/services_ledger.xml,accounting,finance-product-team,provisional-repository-inferred
deleteAcctgTransEntry,simple,component://accounting/minilang/ledger/AcctgTransServices.xml,deleteAcctgTransEntry,AcctgTransEntry,true,,applications/accounting/servicedef/services_ledger.xml,accounting,finance-product-team,provisional-repository-inferred
createAcctgTransAndEntries,simple,component://accounting/minilang/ledger/GeneralLedgerServices.xml,createAcctgTransAndEntries,AcctgTrans,,,applications/accounting/servicedef/services_ledger.xml,accounting,finance-product-team,provisional-repository-inferred
calculateAcctgTransTrialBalance,simple,component://accounting/minilang/ledger/AcctgTransServices.xml,calculateAcctgTransTrialBalance,AcctgTrans,true,,applications/accounting/servicedef/services_ledger.xml,accounting,finance-product-team,provisional-repository-inferred
postAcctgTrans,simple,component://accounting/minilang/ledger/AcctgTransServices.xml,postAcctgTrans,AcctgTrans,true,,applications/accounting/servicedef/services_ledger.xml,accounting,finance-product-team,provisional-repository-inferred
closeFinancialTimePeriod,simple,component://accounting/minilang/ledger/GeneralLedgerServices.xml,closeFinancialTimePeriod,CustomTimePeriod,true,,applications/accounting/servicedef/services_ledger.xml,accounting,finance-product-team,provisional-repository-inferred
computeGlAccountBalanceForTimePeriod,simple,component://accounting/minilang/ledger/GeneralLedgerServices.xml,computeGlAccountBalanceForTimePeriod,,true,,applications/accounting/servicedef/services_ledger.xml,accounting,finance-product-team,provisional-repository-inferred
computeAndStoreGlAccountHistoryBalance,simple,component://accounting/minilang/ledger/GeneralLedgerServices.xml,computeAndStoreGlAccountHistoryBalance,,true,,applications/accounting/servicedef/services_ledger.xml,accounting,finance-product-team,provisional-repository-inferred
prepareIncomeStatement,simple,component://accounting/minilang/ledger/GeneralLedgerServices.xml,prepareIncomeStatement,,true,,applications/accounting/servicedef/services_ledger.xml,accounting,finance-product-team,provisional-repository-inferred
getGlAccountFromAccountType,simple,component://accounting/minilang/ledger/GeneralLedgerServices.xml,getGlAccountFromAccountType,,true,,applications/accounting/servicedef/services_ledger.xml,accounting,finance-product-team,provisional-repository-inferred
getInventoryItemOwner,simple,component://accounting/minilang/ledger/GeneralLedgerServices.xml,getInventoryItemOwner,InventoryItem,true,,applications/accounting/servicedef/services_ledger.xml,accounting,finance-product-team,provisional-repository-inferred
createAcctgTransForSalesShipmentIssuance,simple,component://accounting/minilang/ledger/GeneralLedgerServices.xml,createAcctgTransForSalesShipmentIssuance,,true,,applications/accounting/servicedef/services_ledger.xml,accounting,finance-product-team,provisional-repository-inferred
createAcctgTransForCanceledSalesShipmentIssuance,simple,component://accounting/minilang/ledger/GeneralLedgerServices.xml,createAcctgTransForCanceledSalesShipmentIssuance,,true,,applications/accounting/servicedef/services_ledger.xml,accounting,finance-product-team,provisional-repository-inferred
createAcctgTransForInventoryItemCostChange,simple,component://accounting/minilang/ledger/GeneralLedgerServices.xml,createAcctgTransForInventoryItemCostChange,,true,,applications/accounting/servicedef/services_ledger.xml,accounting,finance-product-team,provisional-repository-inferred
createAcctgTransForShipmentReceipt,simple,component://accounting/minilang/ledger/GeneralLedgerServices.xml,createAcctgTransForShipmentReceipt,,true,,applications/accounting/servicedef/services_ledger.xml,accounting,finance-product-team,provisional-repository-inferred
createFinAccountTypeGlAccount,entity-auto,,create,FinAccountTypeGlAccount,true,,applications/accounting/servicedef/services_ledger.xml,accounting,finance-product-team,provisional-repository-inferred
updateFinAccountTypeGlAccount,entity-auto,,update,FinAccountTypeGlAccount,true,,applications/accounting/servicedef/services_ledger.xml,accounting,finance-product-team,provisional-repository-inferred
deleteFinAccountTypeGlAccount,entity-auto,,delete,FinAccountTypeGlAccount,true,,applications/accounting/servicedef/services_ledger.xml,accounting,finance-product-team,provisional-repository-inferred
createVarianceReasonGlAccount,entity-auto,,create,VarianceReasonGlAccount,true,,applications/accounting/servicedef/services_ledger.xml,accounting,finance-product-team,provisional-repository-inferred
updateVarianceReasonGlAccount,entity-auto,,update,VarianceReasonGlAccount,true,,applications/accounting/servicedef/services_ledger.xml,accounting,finance-product-team,provisional-repository-inferred
deleteVarianceReasonGlAccount,entity-auto,,delete,VarianceReasonGlAccount,true,,applications/accounting/servicedef/services_ledger.xml,accounting,finance-product-team,provisional-repository-inferred
createAcctgTransForWorkEffortIssuance,simple,component://accounting/minilang/ledger/GeneralLedgerServices.xml,createAcctgTransForWorkEffortIssuance,,true,,applications/accounting/servicedef/services_ledger.xml,accounting,finance-product-team,provisional-repository-inferred
createAcctgTransForPhysicalInventoryVariance,simple,component://accounting/minilang/ledger/GeneralLedgerServices.xml,createAcctgTransForPhysicalInventoryVariance,,,,applications/accounting/servicedef/services_ledger.xml,accounting,finance-product-team,provisional-repository-inferred
createAcctgTransForWorkEffortInventoryProduced,simple,component://accounting/minilang/ledger/GeneralLedgerServices.xml,createAcctgTransForWorkEffortInventoryProduced,,true,,applications/accounting/servicedef/services_ledger.xml,accounting,finance-product-team,provisional-repository-inferred
createAcctgTransForWorkEffortCost,simple,component://accounting/minilang/ledger/GeneralLedgerServices.xml,createAcctgTransForWorkEffortCost,,true,,applications/accounting/servicedef/services_ledger.xml,accounting,finance-product-team,provisional-repository-inferred
createAcctgTransForInventoryItemOwnerChange,simple,component://accounting/minilang/ledger/GeneralLedgerServices.xml,createAcctgTransForInventoryItemOwnerChange,,true,,applications/accounting/servicedef/services_ledger.xml,accounting,finance-product-team,provisional-repository-inferred
createAcctgTransAndEntriesForIncomingPayment,simple,component://accounting/minilang/ledger/GeneralLedgerServices.xml,createAcctgTransAndEntriesForIncomingPayment,,true,,applications/accounting/servicedef/services_ledger.xml,accounting,finance-product-team,provisional-repository-inferred
createAcctgTransForFixedAssetMaintIssuance,simple,component://accounting/minilang/ledger/GeneralLedgerServices.xml,createAcctgTransForFixedAssetMaintIssuance,,true,,applications/accounting/servicedef/services_ledger.xml,accounting,finance-product-team,provisional-repository-inferred
createAcctgTransForCustomerReturnInvoice,simple,component://accounting/minilang/ledger/GeneralLedgerServices.xml,createAcctgTransForCustomerReturnInvoice,,true,,applications/accounting/servicedef/services_ledger.xml,accounting,finance-product-team,provisional-repository-inferred
createAcctgTransForPurchaseInvoice,simple,component://accounting/minilang/ledger/GeneralLedgerServices.xml,createAcctgTransForPurchaseInvoice,,true,,applications/accounting/servicedef/services_ledger.xml,accounting,finance-product-team,provisional-repository-inferred
createAcctgTransForSalesInvoice,simple,component://accounting/minilang/ledger/GeneralLedgerServices.xml,createAcctgTransForSalesInvoice,,true,,applications/accounting/servicedef/services_ledger.xml,accounting,finance-product-team,provisional-repository-inferred
createAcctgTransAndEntriesForOutgoingPayment,simple,component://accounting/minilang/ledger/GeneralLedgerServices.xml,createAcctgTransAndEntriesForOutgoingPayment,,true,,applications/accounting/servicedef/services_ledger.xml,accounting,finance-product-team,provisional-repository-inferred
copyAcctgTransAndEntries,simple,component://accounting/minilang/ledger/GeneralLedgerServices.xml,copyAcctgTransAndEntries,,true,,applications/accounting/servicedef/services_ledger.xml,accounting,finance-product-team,provisional-repository-inferred
createAcctgTransAndEntriesForPaymentApplication,simple,component://accounting/minilang/ledger/GeneralLedgerServices.xml,createAcctgTransAndEntriesForPaymentApplication,,true,,applications/accounting/servicedef/services_ledger.xml,accounting,finance-product-team,provisional-repository-inferred
createAcctgTransAndEntriesForCustomerRefundPaymentApplication,simple,component://accounting/minilang/ledger/GeneralLedgerServices.xml,createAcctgTransAndEntriesForCustomerRefundPaymentApplication,,true,,applications/accounting/servicedef/services_ledger.xml,accounting,finance-product-team,provisional-repository-inferred
createPartyGlAccount,entity-auto,,create,PartyGlAccount,true,,applications/accounting/servicedef/services_ledger.xml,accounting,finance-product-team,provisional-repository-inferred
updatePartyGlAccount,entity-auto,,update,PartyGlAccount,true,,applications/accounting/servicedef/services_ledger.xml,accounting,finance-product-team,provisional-repository-inferred
deletePartyGlAccount,entity-auto,,delete,PartyGlAccount,true,,applications/accounting/servicedef/services_ledger.xml,accounting,finance-product-team,provisional-repository-inferred
findCustomTimePeriods,groovy,component://accounting/src/main/groovy/org/apache/ofbiz/accounting/period/GPeriodServices.groovy,findCustomTimePeriods,,true,,applications/accounting/servicedef/services_ledger.xml,accounting,finance-product-team,provisional-repository-inferred
findLastClosedDate,java,org.apache.ofbiz.accounting.period.PeriodServices,findLastClosedDate,,true,,applications/accounting/servicedef/services_ledger.xml,accounting,finance-product-team,provisional-repository-inferred
getPreviousTimePeriod,groovy,component://accounting/src/main/groovy/org/apache/ofbiz/accounting/period/GPeriodServices.groovy,getPreviousTimePeriod,,true,,applications/accounting/servicedef/services_ledger.xml,accounting,finance-product-team,provisional-repository-inferred
getAcctgTransEntriesAndTransTotal,simple,component://accounting/minilang/ledger/AcctgTransServices.xml,getAcctgTransEntriesAndTransTotal,,true,,applications/accounting/servicedef/services_ledger.xml,accounting,finance-product-team,provisional-repository-inferred
calculateGlAccountTrialBalance,simple,component://accounting/minilang/ledger/AcctgTransServices.xml,calculateGlAccountTrialBalance,GlAccount,true,,applications/accounting/servicedef/services_ledger.xml,accounting,finance-product-team,provisional-repository-inferred
revertAcctgTransOnCancelInvoice,simple,component://accounting/minilang/ledger/AcctgTransServices.xml,revertAcctgTransOnCancelInvoice,,true,,applications/accounting/servicedef/services_ledger.xml,accounting,finance-product-team,provisional-repository-inferred
revertAcctgTransOnRemovePaymentApplications,simple,component://accounting/minilang/ledger/AcctgTransServices.xml,revertAcctgTransOnRemovePaymentApplications,,true,,applications/accounting/servicedef/services_ledger.xml,accounting,finance-product-team,provisional-repository-inferred
createGlAccountCategory,entity-auto,,create,GlAccountCategory,true,,applications/accounting/servicedef/services_ledger.xml,accounting,finance-product-team,provisional-repository-inferred
updateGlAccountCategory,entity-auto,,update,GlAccountCategory,true,,applications/accounting/servicedef/services_ledger.xml,accounting,finance-product-team,provisional-repository-inferred
createGlAccountCategoryMember,entity-auto,,create,GlAccountCategoryMember,true,,applications/accounting/servicedef/services_ledger.xml,accounting,finance-product-team,provisional-repository-inferred
deleteGlAccountCategoryMember,entity-auto,,delete,GlAccountCategoryMember,true,,applications/accounting/servicedef/services_ledger.xml,accounting,finance-product-team,provisional-repository-inferred
updateGlAccountCategoryMember,simple,component://accounting/minilang/ledger/GeneralLedgerServices.xml,updateGlAccountCategoryMember,GlAccountCategoryMember,true,,applications/accounting/servicedef/services_ledger.xml,accounting,finance-product-team,provisional-repository-inferred
createGlAcctCatMemFromCostCenters,simple,component://accounting/minilang/ledger/GeneralLedgerServices.xml,createGlAcctCatMemFromCostCenters,GlAccountCategoryMember,true,,applications/accounting/servicedef/services_ledger.xml,accounting,finance-product-team,provisional-repository-inferred
getGlAcctgAndAmountPercentage,simple,component://accounting/minilang/ledger/GeneralLedgerServices.xml,getGlAcctgAndAmountPercentage,,false,,applications/accounting/servicedef/services_ledger.xml,accounting,finance-product-team,provisional-repository-inferred
getInventoryValuationList,simple,component://accounting/minilang/ledger/GeneralLedgerServices.xml,getInventoryValuationList,,true,,applications/accounting/servicedef/services_ledger.xml,accounting,finance-product-team,provisional-repository-inferred
setGlReconciliationStatus,simple,component://accounting/minilang/ledger/GeneralLedgerServices.xml,setGlReconciliationStatus,,,,applications/accounting/servicedef/services_ledger.xml,accounting,finance-product-team,provisional-repository-inferred
createUpdateCostCenter,java,org.apache.ofbiz.accounting.ledger.GeneralLedgerServices,createUpdateCostCenter,,true,,applications/accounting/servicedef/services_ledger.xml,accounting,finance-product-team,provisional-repository-inferred
createAcctgTransAttribute,entity-auto,,create,AcctgTransAttribute,true,,applications/accounting/servicedef/services_ledger.xml,accounting,finance-product-team,provisional-repository-inferred
updateAcctgTransAttribute,entity-auto,,update,AcctgTransAttribute,true,,applications/accounting/servicedef/services_ledger.xml,accounting,finance-product-team,provisional-repository-inferred
deleteAcctgTransAttribute,entity-auto,,delete,AcctgTransAttribute,true,,applications/accounting/servicedef/services_ledger.xml,accounting,finance-product-team,provisional-repository-inferred
createAcctgTransTypeAttr,entity-auto,,create,AcctgTransTypeAttr,true,,applications/accounting/servicedef/services_ledger.xml,accounting,finance-product-team,provisional-repository-inferred
updateAcctgTransTypeAttr,entity-auto,,update,AcctgTransTypeAttr,true,,applications/accounting/servicedef/services_ledger.xml,accounting,finance-product-team,provisional-repository-inferred
deleteAcctgTransTypeAttr,entity-auto,,delete,AcctgTransTypeAttr,true,,applications/accounting/servicedef/services_ledger.xml,accounting,finance-product-team,provisional-repository-inferred
createAcctgTransEntryType,entity-auto,,create,AcctgTransEntryType,true,,applications/accounting/servicedef/services_ledger.xml,accounting,finance-product-team,provisional-repository-inferred
updateAcctgTransEntryType,entity-auto,,update,AcctgTransEntryType,true,,applications/accounting/servicedef/services_ledger.xml,accounting,finance-product-team,provisional-repository-inferred
deleteAcctgTransEntryType,entity-auto,,delete,AcctgTransEntryType,true,,applications/accounting/servicedef/services_ledger.xml,accounting,finance-product-team,provisional-repository-inferred
createAcctgTransType,entity-auto,,create,AcctgTransType,true,,applications/accounting/servicedef/services_ledger.xml,accounting,finance-product-team,provisional-repository-inferred
updateAcctgTransType,entity-auto,,update,AcctgTransType,true,,applications/accounting/servicedef/services_ledger.xml,accounting,finance-product-team,provisional-repository-inferred
removeAcctgTransType,entity-auto,,delete,AcctgTransType,true,,applications/accounting/servicedef/services_ledger.xml,accounting,finance-product-team,provisional-repository-inferred
createGlAccountCategoryType,entity-auto,,create,GlAccountCategoryType,true,,applications/accounting/servicedef/services_ledger.xml,accounting,finance-product-team,provisional-repository-inferred
updateGlAccountCategoryType,entity-auto,,update,GlAccountCategoryType,true,,applications/accounting/servicedef/services_ledger.xml,accounting,finance-product-team,provisional-repository-inferred
deleteGlAccountCategoryType,entity-auto,,delete,GlAccountCategoryType,true,,applications/accounting/servicedef/services_ledger.xml,accounting,finance-product-team,provisional-repository-inferred
createGlAccountClass,entity-auto,,create,GlAccountClass,true,,applications/accounting/servicedef/services_ledger.xml,accounting,finance-product-team,provisional-repository-inferred
updateGlAccountClass,entity-auto,,update,GlAccountClass,true,,applications/accounting/servicedef/services_ledger.xml,accounting,finance-product-team,provisional-repository-inferred
deleteGlAccountClass,entity-auto,,delete,GlAccountClass,true,,applications/accounting/servicedef/services_ledger.xml,accounting,finance-product-team,provisional-repository-inferred
createGlAccountGroup,entity-auto,,create,GlAccountGroup,true,,applications/accounting/servicedef/services_ledger.xml,accounting,finance-product-team,provisional-repository-inferred
updateGlAccountGroup,entity-auto,,update,GlAccountGroup,true,,applications/accounting/servicedef/services_ledger.xml,accounting,finance-product-team,provisional-repository-inferred
deleteGlAccountGroup,entity-auto,,delete,GlAccountGroup,true,,applications/accounting/servicedef/services_ledger.xml,accounting,finance-product-team,provisional-repository-inferred
createGlAccountGroupMember,entity-auto,,create,GlAccountGroupMember,true,,applications/accounting/servicedef/services_ledger.xml,accounting,finance-product-team,provisional-repository-inferred
updateGlAccountGroupMember,entity-auto,,update,GlAccountGroupMember,true,,applications/accounting/servicedef/services_ledger.xml,accounting,finance-product-team,provisional-repository-inferred
deleteGlAccountGroupMember,entity-auto,,delete,GlAccountGroupMember,true,,applications/accounting/servicedef/services_ledger.xml,accounting,finance-product-team,provisional-repository-inferred
createGlAccountGroupType,entity-auto,,create,GlAccountGroupType,true,,applications/accounting/servicedef/services_ledger.xml,accounting,finance-product-team,provisional-repository-inferred
updateGlAccountGroupType,entity-auto,,update,GlAccountGroupType,true,,applications/accounting/servicedef/services_ledger.xml,accounting,finance-product-team,provisional-repository-inferred
deleteGlAccountGroupType,entity-auto,,delete,GlAccountGroupType,true,,applications/accounting/servicedef/services_ledger.xml,accounting,finance-product-team,provisional-repository-inferred
createGlAccountRole,entity-auto,,create,GlAccountRole,true,,applications/accounting/servicedef/services_ledger.xml,accounting,finance-product-team,provisional-repository-inferred
expireGlAccountRole,entity-auto,,expire,GlAccountRole,true,,applications/accounting/servicedef/services_ledger.xml,accounting,finance-product-team,provisional-repository-inferred
createGlAccountType,entity-auto,,create,GlAccountType,true,,applications/accounting/servicedef/services_ledger.xml,accounting,finance-product-team,provisional-repository-inferred
updateGlAccountType,entity-auto,,update,GlAccountType,true,,applications/accounting/servicedef/services_ledger.xml,accounting,finance-product-team,provisional-repository-inferred
deleteGlAccountType,entity-auto,,delete,GlAccountType,true,,applications/accounting/servicedef/services_ledger.xml,accounting,finance-product-team,provisional-repository-inferred
createGlBudgetXref,entity-auto,,create,GlBudgetXref,true,,applications/accounting/servicedef/services_ledger.xml,accounting,finance-product-team,provisional-repository-inferred
updateGlBudgetXref,entity-auto,,update,GlBudgetXref,true,,applications/accounting/servicedef/services_ledger.xml,accounting,finance-product-team,provisional-repository-inferred
expireGlBudgetXref,entity-auto,,expire,GlBudgetXref,true,,applications/accounting/servicedef/services_ledger.xml,accounting,finance-product-team,provisional-repository-inferred
createGlFiscalType,entity-auto,,create,GlFiscalType,true,,applications/accounting/servicedef/services_ledger.xml,accounting,finance-product-team,provisional-repository-inferred
updateGlFiscalType,entity-auto,,update,GlFiscalType,true,,applications/accounting/servicedef/services_ledger.xml,accounting,finance-product-team,provisional-repository-inferred
deleteGlFiscalType,entity-auto,,delete,GlFiscalType,true,,applications/accounting/servicedef/services_ledger.xml,accounting,finance-product-team,provisional-repository-inferred
createGlResourceType,entity-auto,,create,GlResourceType,true,,applications/accounting/servicedef/services_ledger.xml,accounting,finance-product-team,provisional-repository-inferred
updateGlResourceType,entity-auto,,update,GlResourceType,true,,applications/accounting/servicedef/services_ledger.xml,accounting,finance-product-team,provisional-repository-inferred
deleteGlResourceType,entity-auto,,delete,GlResourceType,true,,applications/accounting/servicedef/services_ledger.xml,accounting,finance-product-team,provisional-repository-inferred
createGlXbrlClass,entity-auto,,create,GlXbrlClass,true,,applications/accounting/servicedef/services_ledger.xml,accounting,finance-product-team,provisional-repository-inferred
updateGlXbrlClass,entity-auto,,update,GlXbrlClass,true,,applications/accounting/servicedef/services_ledger.xml,accounting,finance-product-team,provisional-repository-inferred
deleteGlXbrlClass,entity-auto,,delete,GlXbrlClass,true,,applications/accounting/servicedef/services_ledger.xml,accounting,finance-product-team,provisional-repository-inferred
createSettlementTerm,entity-auto,,create,SettlementTerm,true,,applications/accounting/servicedef/services_ledger.xml,accounting,finance-product-team,provisional-repository-inferred
updateSettlementTerm,entity-auto,,update,SettlementTerm,true,,applications/accounting/servicedef/services_ledger.xml,accounting,finance-product-team,provisional-repository-inferred
deleteSettlementTerm,entity-auto,,delete,SettlementTerm,true,,applications/accounting/servicedef/services_ledger.xml,accounting,finance-product-team,provisional-repository-inferred
createProductAverageCostType,entity-auto,,create,ProductAverageCostType,true,,applications/accounting/servicedef/services_ledger.xml,accounting,finance-product-team,provisional-repository-inferred
updateProductAverageCostType,entity-auto,,update,ProductAverageCostType,true,,applications/accounting/servicedef/services_ledger.xml,accounting,finance-product-team,provisional-repository-inferred
deleteProductAverageCostType,entity-auto,,delete,ProductAverageCostType,true,,applications/accounting/servicedef/services_ledger.xml,accounting,finance-product-team,provisional-repository-inferred
createPayment,groovy,component://accounting/src/main/groovy/org/apache/ofbiz/accounting/payment/PaymentServices.groovy,createPayment,Payment,true,,applications/accounting/servicedef/services_payment.xml,accounting,finance-product-team,provisional-repository-inferred
updatePayment,groovy,component://accounting/src/main/groovy/org/apache/ofbiz/accounting/payment/PaymentServices.groovy,updatePayment,Payment,true,,applications/accounting/servicedef/services_payment.xml,accounting,finance-product-team,provisional-repository-inferred
setPaymentStatus,groovy,component://accounting/src/main/groovy/org/apache/ofbiz/accounting/payment/PaymentServices.groovy,setPaymentStatus,Payment,true,,applications/accounting/servicedef/services_payment.xml,accounting,finance-product-team,provisional-repository-inferred
checkPaymentInvoices,java,org.apache.ofbiz.accounting.invoice.InvoiceServices,checkPaymentInvoices,,,,applications/accounting/servicedef/services_payment.xml,accounting,finance-product-team,provisional-repository-inferred
quickSendPayment,groovy,component://accounting/src/main/groovy/org/apache/ofbiz/accounting/payment/PaymentServices.groovy,quickSendPayment,Payment,,,applications/accounting/servicedef/services_payment.xml,accounting,finance-product-team,provisional-repository-inferred
createPaymentApplication,groovy,component://accounting/src/main/groovy/org/apache/ofbiz/accounting/payment/PaymentServices.groovy,createPaymentApplication,,true,,applications/accounting/servicedef/services_payment.xml,accounting,finance-product-team,provisional-repository-inferred
updatePaymentApplication,java,org.apache.ofbiz.accounting.invoice.InvoiceServices,updatePaymentApplication,PaymentApplication,,,applications/accounting/servicedef/services_payment.xml,accounting,finance-product-team,provisional-repository-inferred
updatePaymentApplicationDef,java,org.apache.ofbiz.accounting.invoice.InvoiceServices,updatePaymentApplicationDef,PaymentApplication,,,applications/accounting/servicedef/services_payment.xml,accounting,finance-product-team,provisional-repository-inferred
removePaymentApplication,groovy,component://accounting/src/main/groovy/org/apache/ofbiz/accounting/payment/PaymentServices.groovy,removePaymentApplication,PaymentApplication,,,applications/accounting/servicedef/services_payment.xml,accounting,finance-product-team,provisional-repository-inferred
createPaymentAndApplication,groovy,component://accounting/src/main/groovy/org/apache/ofbiz/accounting/payment/PaymentServices.groovy,createPaymentAndApplication,,true,,applications/accounting/servicedef/services_payment.xml,accounting,finance-product-team,provisional-repository-inferred
getInvoicePaymentInfoList,groovy,component://accounting/src/main/groovy/org/apache/ofbiz/accounting/payment/PaymentServices.groovy,getInvoicePaymentInfoList,,true,,applications/accounting/servicedef/services_payment.xml,accounting,finance-product-team,provisional-repository-inferred
getInvoicePaymentInfoListByDueDateOffset,groovy,component://accounting/src/main/groovy/org/apache/ofbiz/accounting/payment/PaymentServices.groovy,getInvoicePaymentInfoListByDueDateOffset,,true,,applications/accounting/servicedef/services_payment.xml,accounting,finance-product-team,provisional-repository-inferred
voidPayment,groovy,component://accounting/src/main/groovy/org/apache/ofbiz/accounting/payment/PaymentServices.groovy,voidPayment,,true,,applications/accounting/servicedef/services_payment.xml,accounting,finance-product-team,provisional-repository-inferred
getPaymentRunningTotal,groovy,component://accounting/src/main/groovy/org/apache/ofbiz/accounting/payment/PaymentServices.groovy,getPaymentRunningTotal,,true,,applications/accounting/servicedef/services_payment.xml,accounting,finance-product-team,provisional-repository-inferred
cancelPaymentBatch,groovy,component://accounting/src/main/groovy/org/apache/ofbiz/accounting/payment/PaymentServices.groovy,cancelPaymentBatch,,true,,applications/accounting/servicedef/services_payment.xml,accounting,finance-product-team,provisional-repository-inferred
createPaymentAndPaymentGroupForInvoices,groovy,component://accounting/src/main/groovy/org/apache/ofbiz/accounting/payment/PaymentServices.groovy,createPaymentAndPaymentGroupForInvoices,,true,,applications/accounting/servicedef/services_payment.xml,accounting,finance-product-team,provisional-repository-inferred
createPaymentAndApplicationForParty,groovy,component://accounting/src/main/groovy/org/apache/ofbiz/accounting/payment/PaymentServices.groovy,createPaymentAndApplicationForParty,,true,,applications/accounting/servicedef/services_payment.xml,accounting,finance-product-team,provisional-repository-inferred
createPaymentGroupAndMember,groovy,component://accounting/src/main/groovy/org/apache/ofbiz/accounting/payment/PaymentServices.groovy,createPaymentGroupAndMember,,true,,applications/accounting/servicedef/services_payment.xml,accounting,finance-product-team,provisional-repository-inferred
cancelCheckRunPayments,groovy,component://accounting/src/main/groovy/org/apache/ofbiz/accounting/payment/PaymentServices.groovy,cancelCheckRunPayments,,true,,applications/accounting/servicedef/services_payment.xml,accounting,finance-product-team,provisional-repository-inferred
createFinAccoutnTransFromPayment,groovy,component://accounting/src/main/groovy/org/apache/ofbiz/accounting/payment/PaymentServices.groovy,createFinAccoutnTransFromPayment,,true,,applications/accounting/servicedef/services_payment.xml,accounting,finance-product-team,provisional-repository-inferred
getPayments,groovy,component://accounting/src/main/groovy/org/apache/ofbiz/accounting/payment/PaymentServices.groovy,getPayments,,true,,applications/accounting/servicedef/services_payment.xml,accounting,finance-product-team,provisional-repository-inferred
getPaymentGroupReconciliationId,groovy,component://accounting/src/main/groovy/org/apache/ofbiz/accounting/payment/PaymentServices.groovy,getPaymentGroupReconciliationId,,true,,applications/accounting/servicedef/services_payment.xml,accounting,finance-product-team,provisional-repository-inferred
checkAndCreateBatchForValidPayments,groovy,component://accounting/src/main/groovy/org/apache/ofbiz/accounting/payment/PaymentServices.groovy,checkAndCreateBatchForValidPayments,,true,,applications/accounting/servicedef/services_payment.xml,accounting,finance-product-team,provisional-repository-inferred
massChangePaymentStatus,groovy,component://accounting/src/main/groovy/org/apache/ofbiz/accounting/payment/PaymentServices.groovy,massChangePaymentStatus,,true,,applications/accounting/servicedef/services_payment.xml,accounting,finance-product-team,provisional-repository-inferred
createPaymentFromOrder,groovy,component://accounting/src/main/groovy/org/apache/ofbiz/accounting/payment/PaymentServices.groovy,createPaymentFromOrder,,true,,applications/accounting/servicedef/services_payment.xml,accounting,finance-product-team,provisional-repository-inferred
createMatchingPaymentApplication,groovy,component://accounting/src/main/groovy/org/apache/ofbiz/accounting/payment/PaymentServices.groovy,createMatchingPaymentApplication,,true,,applications/accounting/servicedef/services_payment.xml,accounting,finance-product-team,provisional-repository-inferred
createPaymentContent,groovy,component://accounting/src/main/groovy/org/apache/ofbiz/accounting/payment/PaymentServices.groovy,createPaymentContent,PaymentContent,true,,applications/accounting/servicedef/services_payment.xml,accounting,finance-product-team,provisional-repository-inferred
updatePaymentContent,groovy,component://accounting/src/main/groovy/org/apache/ofbiz/accounting/payment/PaymentServices.groovy,updatePaymentContent,PaymentContent,true,,applications/accounting/servicedef/services_payment.xml,accounting,finance-product-team,provisional-repository-inferred
removePaymentContent,entity-auto,,delete,PaymentContent,true,,applications/accounting/servicedef/services_payment.xml,accounting,finance-product-team,provisional-repository-inferred
createBillingAccountTermAttr,entity-auto,,create,BillingAccountTermAttr,true,,applications/accounting/servicedef/services_payment.xml,accounting,finance-product-team,provisional-repository-inferred
updateBillingAccountTermAttr,entity-auto,,update,BillingAccountTermAttr,true,,applications/accounting/servicedef/services_payment.xml,accounting,finance-product-team,provisional-repository-inferred
deleteBillingAccountTermAttr,entity-auto,,delete,BillingAccountTermAttr,true,,applications/accounting/servicedef/services_payment.xml,accounting,finance-product-team,provisional-repository-inferred
createDeduction,entity-auto,,create,Deduction,true,,applications/accounting/servicedef/services_payment.xml,accounting,finance-product-team,provisional-repository-inferred
updateDeduction,entity-auto,,update,Deduction,true,,applications/accounting/servicedef/services_payment.xml,accounting,finance-product-team,provisional-repository-inferred
deleteDeduction,entity-auto,,delete,Deduction,true,,applications/accounting/servicedef/services_payment.xml,accounting,finance-product-team,provisional-repository-inferred
createDeductionType,entity-auto,,create,DeductionType,true,,applications/accounting/servicedef/services_payment.xml,accounting,finance-product-team,provisional-repository-inferred
updateDeductionType,entity-auto,,update,DeductionType,true,,applications/accounting/servicedef/services_payment.xml,accounting,finance-product-team,provisional-repository-inferred
deleteDeductionType,entity-auto,,delete,DeductionType,true,,applications/accounting/servicedef/services_payment.xml,accounting,finance-product-team,provisional-repository-inferred
createPaymentAttribute,entity-auto,,create,PaymentAttribute,true,,applications/accounting/servicedef/services_payment.xml,accounting,finance-product-team,provisional-repository-inferred
updatePaymentAttribute,entity-auto,,update,PaymentAttribute,true,,applications/accounting/servicedef/services_payment.xml,accounting,finance-product-team,provisional-repository-inferred
deletePaymentAttribute,entity-auto,,delete,PaymentAttribute,true,,applications/accounting/servicedef/services_payment.xml,accounting,finance-product-team,provisional-repository-inferred
createPaymentBudgetAllocation,entity-auto,,create,PaymentBudgetAllocation,true,,applications/accounting/servicedef/services_payment.xml,accounting,finance-product-team,provisional-repository-inferred
updatePaymentBudgetAllocation,entity-auto,,update,PaymentBudgetAllocation,true,,applications/accounting/servicedef/services_payment.xml,accounting,finance-product-team,provisional-repository-inferred
deletePaymentBudgetAllocation,entity-auto,,delete,PaymentBudgetAllocation,true,,applications/accounting/servicedef/services_payment.xml,accounting,finance-product-team,provisional-repository-inferred
createPaymentContentType,entity-auto,,create,PaymentContentType,true,,applications/accounting/servicedef/services_payment.xml,accounting,finance-product-team,provisional-repository-inferred
updatePaymentContentType,entity-auto,,update,PaymentContentType,true,,applications/accounting/servicedef/services_payment.xml,accounting,finance-product-team,provisional-repository-inferred
deletePaymentContentType,entity-auto,,delete,PaymentContentType,true,,applications/accounting/servicedef/services_payment.xml,accounting,finance-product-team,provisional-repository-inferred
createPaymentGroupType,entity-auto,,create,PaymentGroupType,true,,applications/accounting/servicedef/services_payment.xml,accounting,finance-product-team,provisional-repository-inferred
updatePaymentGroupType,entity-auto,,update,PaymentGroupType,true,,applications/accounting/servicedef/services_payment.xml,accounting,finance-product-team,provisional-repository-inferred
deletePaymentGroupType,entity-auto,,delete,PaymentGroupType,true,,applications/accounting/servicedef/services_payment.xml,accounting,finance-product-team,provisional-repository-inferred
createPaymentType,entity-auto,,create,PaymentType,true,,applications/accounting/servicedef/services_payment.xml,accounting,finance-product-team,provisional-repository-inferred
updatePaymentType,entity-auto,,update,PaymentType,true,,applications/accounting/servicedef/services_payment.xml,accounting,finance-product-team,provisional-repository-inferred
deletePaymentType,entity-auto,,delete,PaymentType,true,,applications/accounting/servicedef/services_payment.xml,accounting,finance-product-team,provisional-repository-inferred
createPaymentTypeAttr,entity-auto,,create,PaymentTypeAttr,true,,applications/accounting/servicedef/services_payment.xml,accounting,finance-product-team,provisional-repository-inferred
updatePaymentTypeAttr,entity-auto,,update,PaymentTypeAttr,true,,applications/accounting/servicedef/services_payment.xml,accounting,finance-product-team,provisional-repository-inferred
deletePaymentTypeAttr,entity-auto,,delete,PaymentTypeAttr,true,,applications/accounting/servicedef/services_payment.xml,accounting,finance-product-team,provisional-repository-inferred
createPaymentGatewayConfig,entity-auto,,create,PaymentGatewayConfig,,,applications/accounting/servicedef/services_paymentgateway.xml,accounting,finance-product-team,provisional-repository-inferred
updatePaymentGatewayConfig,entity-auto,,update,PaymentGatewayConfig,,,applications/accounting/servicedef/services_paymentgateway.xml,accounting,finance-product-team,provisional-repository-inferred
deletePaymentGatewayConfig,entity-auto,,delete,PaymentGatewayConfig,,,applications/accounting/servicedef/services_paymentgateway.xml,accounting,finance-product-team,provisional-repository-inferred
updatePaymentGatewayConfigType,simple,component://accounting/minilang/payment/PaymentGatewayConfigServices.xml,updatePaymentGatewayConfigType,,,,applications/accounting/servicedef/services_paymentgateway.xml,accounting,finance-product-team,provisional-repository-inferred
deletePaymentMethod,java,org.apache.ofbiz.accounting.payment.PaymentMethodServices,deletePaymentMethod,,true,,applications/accounting/servicedef/services_paymentmethod.xml,accounting,finance-product-team,provisional-repository-inferred
createCreditCard,java,org.apache.ofbiz.accounting.payment.PaymentMethodServices,createCreditCard,CreditCard,true,,applications/accounting/servicedef/services_paymentmethod.xml,accounting,finance-product-team,provisional-repository-inferred
createCreditCardAndAddress,group,createCreditCardAndAddress,,,true,,applications/accounting/servicedef/services_paymentmethod.xml,accounting,finance-product-team,provisional-repository-inferred
updateCreditCardAndAddress,group,updateCreditCardAndAddress,,,true,,applications/accounting/servicedef/services_paymentmethod.xml,accounting,finance-product-team,provisional-repository-inferred
updateCreditCard,java,org.apache.ofbiz.accounting.payment.PaymentMethodServices,updateCreditCard,CreditCard,true,,applications/accounting/servicedef/services_paymentmethod.xml,accounting,finance-product-team,provisional-repository-inferred
clearCreditCardDataAndExpire,java,org.apache.ofbiz.accounting.payment.PaymentMethodServices,clearCreditCardData,,true,,applications/accounting/servicedef/services_paymentmethod.xml,accounting,finance-product-team,provisional-repository-inferred
buildCcExpireDate,java,org.apache.ofbiz.accounting.payment.PaymentMethodServices,makeExpireDate,,,,applications/accounting/servicedef/services_paymentmethod.xml,accounting,finance-product-team,provisional-repository-inferred
createGiftCard,java,org.apache.ofbiz.accounting.payment.PaymentMethodServices,createGiftCard,,true,,applications/accounting/servicedef/services_paymentmethod.xml,accounting,finance-product-team,provisional-repository-inferred
updateGiftCard,java,org.apache.ofbiz.accounting.payment.PaymentMethodServices,updateGiftCard,,true,,applications/accounting/servicedef/services_paymentmethod.xml,accounting,finance-product-team,provisional-repository-inferred
createEftAccount,java,org.apache.ofbiz.accounting.payment.PaymentMethodServices,createEftAccount,,true,,applications/accounting/servicedef/services_paymentmethod.xml,accounting,finance-product-team,provisional-repository-inferred
createCheckAccount,java,org.apache.ofbiz.accounting.payment.PaymentMethodServices,createCheckAccount,,true,,applications/accounting/servicedef/services_paymentmethod.xml,accounting,finance-product-team,provisional-repository-inferred
updateCheckAccount,java,org.apache.ofbiz.accounting.payment.PaymentMethodServices,updateCheckAccount,,true,,applications/accounting/servicedef/services_paymentmethod.xml,accounting,finance-product-team,provisional-repository-inferred
createEftAccountAndAddress,group,createEftAccountAndAddress,,,true,,applications/accounting/servicedef/services_paymentmethod.xml,accounting,finance-product-team,provisional-repository-inferred
updateEftAccountAndAddress,group,updateEftAccountAndAddress,,,true,,applications/accounting/servicedef/services_paymentmethod.xml,accounting,finance-product-team,provisional-repository-inferred
updateEftAccount,java,org.apache.ofbiz.accounting.payment.PaymentMethodServices,updateEftAccount,,true,,applications/accounting/servicedef/services_paymentmethod.xml,accounting,finance-product-team,provisional-repository-inferred
setPaymentMethodAddress,simple,component://accounting/minilang/payment/PaymentMethodServices.xml,setPaymentMethodAddress,,true,,applications/accounting/servicedef/services_paymentmethod.xml,accounting,finance-product-team,provisional-repository-inferred
updatePaymentMethodAddress,simple,component://accounting/minilang/payment/PaymentMethodServices.xml,updatePaymentMethodAddress,,true,,applications/accounting/servicedef/services_paymentmethod.xml,accounting,finance-product-team,provisional-repository-inferred
createPayPalPaymentMethod,simple,component://accounting/minilang/payment/PaymentMethodServices.xml,createPayPalPaymentMethod,,true,,applications/accounting/servicedef/services_paymentmethod.xml,accounting,finance-product-team,provisional-repository-inferred
updatePayPalPaymentMethod,entity-auto,,update,PayPalPaymentMethod,true,,applications/accounting/servicedef/services_paymentmethod.xml,accounting,finance-product-team,provisional-repository-inferred
manualForcedCcAuthTransaction,java,org.apache.ofbiz.accounting.payment.PaymentGatewayServices,processManualCcAuth,,true,,applications/accounting/servicedef/services_paymentmethod.xml,accounting,finance-product-team,provisional-repository-inferred
manualForcedCcTransaction,java,org.apache.ofbiz.accounting.payment.PaymentGatewayServices,processManualCcTx,,true,,applications/accounting/servicedef/services_paymentmethod.xml,accounting,finance-product-team,provisional-repository-inferred
retryFailedAuths,java,org.apache.ofbiz.accounting.payment.PaymentGatewayServices,retryFailedAuths,,true,,applications/accounting/servicedef/services_paymentmethod.xml,accounting,finance-product-team,provisional-repository-inferred
retryFailedOrderAuth,java,org.apache.ofbiz.accounting.payment.PaymentGatewayServices,retryFailedOrderAuth,,true,,applications/accounting/servicedef/services_paymentmethod.xml,accounting,finance-product-team,provisional-repository-inferred
retryFailedAuthNsfs,java,org.apache.ofbiz.accounting.payment.PaymentGatewayServices,retryFailedAuthNsfs,,true,,applications/accounting/servicedef/services_paymentmethod.xml,accounting,finance-product-team,provisional-repository-inferred
authOrderPaymentPreference,java,org.apache.ofbiz.accounting.payment.PaymentGatewayServices,authOrderPaymentPreference,,true,,applications/accounting/servicedef/services_paymentmethod.xml,accounting,finance-product-team,provisional-repository-inferred
authOrderPayments,java,org.apache.ofbiz.accounting.payment.PaymentGatewayServices,authOrderPayments,,true,,applications/accounting/servicedef/services_paymentmethod.xml,accounting,finance-product-team,provisional-repository-inferred
releaseOrderPayments,java,org.apache.ofbiz.accounting.payment.PaymentGatewayServices,releaseOrderPayments,,true,,applications/accounting/servicedef/services_paymentmethod.xml,accounting,finance-product-team,provisional-repository-inferred
releaseOrderPaymentPreference,java,org.apache.ofbiz.accounting.payment.PaymentGatewayServices,releaseOrderPaymentPreference,,true,,applications/accounting/servicedef/services_paymentmethod.xml,accounting,finance-product-team,provisional-repository-inferred
creditOrderPaymentPreference,java,org.apache.ofbiz.accounting.payment.PaymentGatewayServices,creditOrderPaymentPreference,,true,,applications/accounting/servicedef/services_paymentmethod.xml,accounting,finance-product-team,provisional-repository-inferred
capturePaymentsByInvoice,java,org.apache.ofbiz.accounting.payment.PaymentGatewayServices,capturePaymentsByInvoice,,true,,applications/accounting/servicedef/services_paymentmethod.xml,accounting,finance-product-team,provisional-repository-inferred
captureOrderPayments,java,org.apache.ofbiz.accounting.payment.PaymentGatewayServices,captureOrderPayments,,true,,applications/accounting/servicedef/services_paymentmethod.xml,accounting,finance-product-team,provisional-repository-inferred
captureBillingAccountPayments,java,org.apache.ofbiz.accounting.payment.PaymentGatewayServices,captureBillingAccountPayments,,true,,applications/accounting/servicedef/services_paymentmethod.xml,accounting,finance-product-team,provisional-repository-inferred
processCaptureSplitPayment,java,org.apache.ofbiz.accounting.payment.PaymentGatewayServices,processCaptureSplitPayment,,true,,applications/accounting/servicedef/services_paymentmethod.xml,accounting,finance-product-team,provisional-repository-inferred
refundOrderPaymentPreference,java,org.apache.ofbiz.accounting.payment.PaymentGatewayServices,refundOrderPaymentPreference,,true,,applications/accounting/servicedef/services_paymentmethod.xml,accounting,finance-product-team,provisional-repository-inferred
refundPayment,java,org.apache.ofbiz.accounting.payment.PaymentGatewayServices,refundPayment,,true,,applications/accounting/servicedef/services_paymentmethod.xml,accounting,finance-product-team,provisional-repository-inferred
processAuthResult,java,org.apache.ofbiz.accounting.payment.PaymentGatewayServices,processAuthResult,,true,,applications/accounting/servicedef/services_paymentmethod.xml,accounting,finance-product-team,provisional-repository-inferred
processCaptureResult,java,org.apache.ofbiz.accounting.payment.PaymentGatewayServices,processCaptureResult,,true,,applications/accounting/servicedef/services_paymentmethod.xml,accounting,finance-product-team,provisional-repository-inferred
processReleaseResult,java,org.apache.ofbiz.accounting.payment.PaymentGatewayServices,processReleaseResult,,true,,applications/accounting/servicedef/services_paymentmethod.xml,accounting,finance-product-team,provisional-repository-inferred
processCreditResult,java,org.apache.ofbiz.accounting.payment.PaymentGatewayServices,processCreditResult,,true,,applications/accounting/servicedef/services_paymentmethod.xml,accounting,finance-product-team,provisional-repository-inferred
processRefundResult,java,org.apache.ofbiz.accounting.payment.PaymentGatewayServices,processRefundResult,,true,,applications/accounting/servicedef/services_paymentmethod.xml,accounting,finance-product-team,provisional-repository-inferred
processPaymentServiceError,java,org.apache.ofbiz.accounting.payment.PaymentGatewayServices,storePaymentErrorMessage,,true,,applications/accounting/servicedef/services_paymentmethod.xml,accounting,finance-product-team,provisional-repository-inferred
savePaymentGatewayResponse,java,org.apache.ofbiz.accounting.payment.PaymentGatewayServices,savePaymentGatewayResponse,,false,,applications/accounting/servicedef/services_paymentmethod.xml,accounting,finance-product-team,provisional-repository-inferred
savePaymentGatewayResponseAndMessages,java,org.apache.ofbiz.accounting.payment.PaymentGatewayServices,savePaymentGatewayResponseAndMessages,,false,,applications/accounting/servicedef/services_paymentmethod.xml,accounting,finance-product-team,provisional-repository-inferred
paymentProcessInterface,interface,,,,,,applications/accounting/servicedef/services_paymentmethod.xml,accounting,finance-product-team,provisional-repository-inferred
paymentReleaseInterface,interface,,,,,,applications/accounting/servicedef/services_paymentmethod.xml,accounting,finance-product-team,provisional-repository-inferred
paymentCreditInterface,interface,,,,,,applications/accounting/servicedef/services_paymentmethod.xml,accounting,finance-product-team,provisional-repository-inferred
paymentRefundInterface,interface,,,,,,applications/accounting/servicedef/services_paymentmethod.xml,accounting,finance-product-team,provisional-repository-inferred
ccAuthInterface,interface,,,,,,applications/accounting/servicedef/services_paymentmethod.xml,accounting,finance-product-team,provisional-repository-inferred
ccCaptureInterface,interface,,,,,,applications/accounting/servicedef/services_paymentmethod.xml,accounting,finance-product-team,provisional-repository-inferred
ccCreditInterface,interface,,,,,,applications/accounting/servicedef/services_paymentmethod.xml,accounting,finance-product-team,provisional-repository-inferred
eftProcessInterface,interface,,,,,,applications/accounting/servicedef/services_paymentmethod.xml,accounting,finance-product-team,provisional-repository-inferred
payPalProcessInterface,interface,,,,,,applications/accounting/servicedef/services_paymentmethod.xml,accounting,finance-product-team,provisional-repository-inferred
payPalCaptureInterface,interface,,,,,,applications/accounting/servicedef/services_paymentmethod.xml,accounting,finance-product-team,provisional-repository-inferred
payPalSetExpressCheckoutInterface,interface,,,,,,applications/accounting/servicedef/services_paymentmethod.xml,accounting,finance-product-team,provisional-repository-inferred
payPalGetExpressCheckoutInterface,interface,,,,,,applications/accounting/servicedef/services_paymentmethod.xml,accounting,finance-product-team,provisional-repository-inferred
payPalDoExpressCheckoutInterface,interface,,,,,,applications/accounting/servicedef/services_paymentmethod.xml,accounting,finance-product-team,provisional-repository-inferred
giftCardProcessInterface,interface,,,,,,applications/accounting/servicedef/services_paymentmethod.xml,accounting,finance-product-team,provisional-repository-inferred
testCCProcessor,java,org.apache.ofbiz.accounting.payment.PaymentGatewayServices,testProcessor,,,,applications/accounting/servicedef/services_paymentmethod.xml,accounting,finance-product-team,provisional-repository-inferred
testCCProcessorWithCapture,java,org.apache.ofbiz.accounting.payment.PaymentGatewayServices,testProcessorWithCapture,,,,applications/accounting/servicedef/services_paymentmethod.xml,accounting,finance-product-team,provisional-repository-inferred
testRandomAuthorize,java,org.apache.ofbiz.accounting.payment.PaymentGatewayServices,testRandomAuthorize,,,,applications/accounting/servicedef/services_paymentmethod.xml,accounting,finance-product-team,provisional-repository-inferred
alwaysApproveCCProcessor,java,org.apache.ofbiz.accounting.payment.PaymentGatewayServices,alwaysApproveProcessor,,,,applications/accounting/servicedef/services_paymentmethod.xml,accounting,finance-product-team,provisional-repository-inferred
alwaysApproveWithCaptureCCProcessor,java,org.apache.ofbiz.accounting.payment.PaymentGatewayServices,alwaysApproveWithCapture,,,,applications/accounting/servicedef/services_paymentmethod.xml,accounting,finance-product-team,provisional-repository-inferred
alwaysDeclineCCProcessor,java,org.apache.ofbiz.accounting.payment.PaymentGatewayServices,alwaysDeclineProcessor,,,,applications/accounting/servicedef/services_paymentmethod.xml,accounting,finance-product-team,provisional-repository-inferred
alwaysNsfCCProcessor,java,org.apache.ofbiz.accounting.payment.PaymentGatewayServices,alwaysNsfProcessor,,,,applications/accounting/servicedef/services_paymentmethod.xml,accounting,finance-product-team,provisional-repository-inferred
alwaysBadExpireCCProcessor,java,org.apache.ofbiz.accounting.payment.PaymentGatewayServices,alwaysBadExpireProcessor,,,,applications/accounting/servicedef/services_paymentmethod.xml,accounting,finance-product-team,provisional-repository-inferred
badExpireEvenCCProcessor,java,org.apache.ofbiz.accounting.payment.PaymentGatewayServices,badExpireEvenProcessor,,,,applications/accounting/servicedef/services_paymentmethod.xml,accounting,finance-product-team,provisional-repository-inferred
alwaysBadCardNumberCCProcessor,java,org.apache.ofbiz.accounting.payment.PaymentGatewayServices,alwaysBadCardNumberProcessor,,,,applications/accounting/servicedef/services_paymentmethod.xml,accounting,finance-product-team,provisional-repository-inferred
alwaysFailCCProcessor,java,org.apache.ofbiz.accounting.payment.PaymentGatewayServices,alwaysFailProcessor,,,,applications/accounting/servicedef/services_paymentmethod.xml,accounting,finance-product-team,provisional-repository-inferred
testCCCapture,java,org.apache.ofbiz.accounting.payment.PaymentGatewayServices,testCapture,,,,applications/accounting/servicedef/services_paymentmethod.xml,accounting,finance-product-team,provisional-repository-inferred
testCCCaptureWithReAuth,java,org.apache.ofbiz.accounting.payment.PaymentGatewayServices,testCaptureWithReAuth,,,,applications/accounting/servicedef/services_paymentmethod.xml,accounting,finance-product-team,provisional-repository-inferred
testCCProcessorCaptureAlwaysDecline,java,org.apache.ofbiz.accounting.payment.PaymentGatewayServices,testCCProcessorCaptureAlwaysDecline,,,,applications/accounting/servicedef/services_paymentmethod.xml,accounting,finance-product-team,provisional-repository-inferred
testCCRelease,java,org.apache.ofbiz.accounting.payment.PaymentGatewayServices,testRelease,,,,applications/accounting/servicedef/services_paymentmethod.xml,accounting,finance-product-team,provisional-repository-inferred
testCCRefund,java,org.apache.ofbiz.accounting.payment.PaymentGatewayServices,testRefund,,,,applications/accounting/servicedef/services_paymentmethod.xml,accounting,finance-product-team,provisional-repository-inferred
testCCRefundFailure,java,org.apache.ofbiz.accounting.payment.PaymentGatewayServices,testRefundFailure,,,,applications/accounting/servicedef/services_paymentmethod.xml,accounting,finance-product-team,provisional-repository-inferred
alwaysApproveGCProcessor,java,org.apache.ofbiz.accounting.payment.PaymentGatewayServices,alwaysApproveWithCapture,,,,applications/accounting/servicedef/services_paymentmethod.xml,accounting,finance-product-team,provisional-repository-inferred
alwaysDeclineGCProcessor,java,org.apache.ofbiz.accounting.payment.PaymentGatewayServices,alwaysDeclineProcessor,,,,applications/accounting/servicedef/services_paymentmethod.xml,accounting,finance-product-team,provisional-repository-inferred
testGCRelease,java,org.apache.ofbiz.accounting.payment.PaymentGatewayServices,testRelease,,,,applications/accounting/servicedef/services_paymentmethod.xml,accounting,finance-product-team,provisional-repository-inferred
testEFTProcessor,java,org.apache.ofbiz.accounting.payment.PaymentGatewayServices,testProcessor,,,,applications/accounting/servicedef/services_paymentmethod.xml,accounting,finance-product-team,provisional-repository-inferred
alwaysApproveEFTProcessor,java,org.apache.ofbiz.accounting.payment.PaymentGatewayServices,alwaysApproveProcessor,,,,applications/accounting/servicedef/services_paymentmethod.xml,accounting,finance-product-team,provisional-repository-inferred
alwaysDeclineEFTProcessor,java,org.apache.ofbiz.accounting.payment.PaymentGatewayServices,alwaysDeclineProcessor,,,,applications/accounting/servicedef/services_paymentmethod.xml,accounting,finance-product-team,provisional-repository-inferred
testEFTRelease,java,org.apache.ofbiz.accounting.payment.PaymentGatewayServices,testRelease,,,,applications/accounting/servicedef/services_paymentmethod.xml,accounting,finance-product-team,provisional-repository-inferred
verifyCreditCard,java,org.apache.ofbiz.accounting.payment.PaymentGatewayServices,verifyCreditCard,,true,,applications/accounting/servicedef/services_paymentmethod.xml,accounting,finance-product-team,provisional-repository-inferred
createCreditCardTypeGlAccount,entity-auto,,create,CreditCardTypeGlAccount,true,,applications/accounting/servicedef/services_paymentmethod.xml,accounting,finance-product-team,provisional-repository-inferred
updateCreditCardTypeGlAccount,entity-auto,,update,CreditCardTypeGlAccount,true,,applications/accounting/servicedef/services_paymentmethod.xml,accounting,finance-product-team,provisional-repository-inferred
deleteCreditCardTypeGlAccount,entity-auto,,delete,CreditCardTypeGlAccount,true,,applications/accounting/servicedef/services_paymentmethod.xml,accounting,finance-product-team,provisional-repository-inferred
createPaymentMethodType,entity-auto,,create,PaymentMethodType,true,,applications/accounting/servicedef/services_paymentmethod.xml,accounting,finance-product-team,provisional-repository-inferred
updatePaymentMethodType,entity-auto,,update,PaymentMethodType,true,,applications/accounting/servicedef/services_paymentmethod.xml,accounting,finance-product-team,provisional-repository-inferred
deletePaymentMethodType,entity-auto,,delete,PaymentMethodType,true,,applications/accounting/servicedef/services_paymentmethod.xml,accounting,finance-product-team,provisional-repository-inferred
createPaymentGroup,entity-auto,,create,PaymentGroup,true,,applications/accounting/servicedef/services_paymentmethod.xml,accounting,finance-product-team,provisional-repository-inferred
updatePaymentGroup,entity-auto,,update,PaymentGroup,true,,applications/accounting/servicedef/services_paymentmethod.xml,accounting,finance-product-team,provisional-repository-inferred
deletePaymentGroup,entity-auto,,delete,PaymentGroup,true,,applications/accounting/servicedef/services_paymentmethod.xml,accounting,finance-product-team,provisional-repository-inferred
createPaymentGroupMember,simple,component://accounting/minilang/payment/PaymentMethodServices.xml,createPaymentGroupMember,PaymentGroupMember,true,,applications/accounting/servicedef/services_paymentmethod.xml,accounting,finance-product-team,provisional-repository-inferred
updatePaymentGroupMember,entity-auto,,update,PaymentGroupMember,true,,applications/accounting/servicedef/services_paymentmethod.xml,accounting,finance-product-team,provisional-repository-inferred
deletePaymentGroupMember,entity-auto,,delete,PaymentGroupMember,true,,applications/accounting/servicedef/services_paymentmethod.xml,accounting,finance-product-team,provisional-repository-inferred
expirePaymentGroupMember,simple,component://accounting/minilang/payment/PaymentMethodServices.xml,expirePaymentGroupMember,PaymentGroupMember,true,,applications/accounting/servicedef/services_paymentmethod.xml,accounting,finance-product-team,provisional-repository-inferred
acctgAgreementPermissionCheck,simple,component://accounting/minilang/permissions/PermissionServices.xml,acctgAgreementPermissionCheck,,,,applications/accounting/servicedef/services_perm.xml,accounting,finance-product-team,provisional-repository-inferred
acctgBasePermissionCheck,simple,component://accounting/minilang/permissions/PermissionServices.xml,basePermissionCheck,,,,applications/accounting/servicedef/services_perm.xml,accounting,finance-product-team,provisional-repository-inferred
acctgBillingAcctCheck,simple,component://accounting/minilang/permissions/PermissionServices.xml,acctgBillingAcctCheck,,,,applications/accounting/servicedef/services_perm.xml,accounting,finance-product-team,provisional-repository-inferred
acctgCommissionPermissionCheck,simple,component://accounting/minilang/permissions/PermissionServices.xml,commissionPermissionCheck,,,,applications/accounting/servicedef/services_perm.xml,accounting,finance-product-team,provisional-repository-inferred
acctgCostPermissionCheck,simple,component://accounting/minilang/permissions/PermissionServices.xml,acctgCostPermissionCheck,,,,applications/accounting/servicedef/services_perm.xml,accounting,finance-product-team,provisional-repository-inferred
acctgFinAcctPermissionCheck,simple,component://accounting/minilang/permissions/PermissionServices.xml,acctgFinAcctPermissionCheck,,,,applications/accounting/servicedef/services_perm.xml,accounting,finance-product-team,provisional-repository-inferred
acctgFxPermissionCheck,simple,component://accounting/minilang/permissions/PermissionServices.xml,acctgFxPermissionCheck,,,,applications/accounting/servicedef/services_perm.xml,accounting,finance-product-team,provisional-repository-inferred
acctgInvoicePermissionCheck,simple,component://accounting/minilang/permissions/PermissionServices.xml,acctgInvoicePermissionCheck,,,,applications/accounting/servicedef/services_perm.xml,accounting,finance-product-team,provisional-repository-inferred
acctgPrefPermissionCheck,simple,component://accounting/minilang/permissions/PermissionServices.xml,preferencePermissionCheck,,,,applications/accounting/servicedef/services_perm.xml,accounting,finance-product-team,provisional-repository-inferred
acctgTransactionPermissionCheck,simple,component://accounting/minilang/permissions/PermissionServices.xml,acctgTransactionPermissionCheck,,,,applications/accounting/servicedef/services_perm.xml,accounting,finance-product-team,provisional-repository-inferred
basicGeneralLedgerPermissionCheck,simple,component://accounting/minilang/permissions/PermissionServices.xml,basePermissionCheck,,,,applications/accounting/servicedef/services_perm.xml,accounting,finance-product-team,provisional-repository-inferred
fixedAssetPermissionCheck,simple,component://accounting/minilang/permissions/PermissionServices.xml,basePermissionCheck,,,,applications/accounting/servicedef/services_perm.xml,accounting,finance-product-team,provisional-repository-inferred
acctgPaymentPermissionCheck,simple,component://accounting/minilang/permissions/PermissionServices.xml,acctgPaymentPermissionCheck,,,,applications/accounting/servicedef/services_perm.xml,accounting,finance-product-team,provisional-repository-inferred
updateRateAmount,groovy,component://accounting/src/main/groovy/org/apache/ofbiz/accounting/rate/RateServices.groovy,updateRateAmount,RateAmount,true,,applications/accounting/servicedef/services_rate.xml,accounting,finance-product-team,provisional-repository-inferred
expireRateAmount,groovy,component://accounting/src/main/groovy/org/apache/ofbiz/accounting/rate/RateServices.groovy,expireRateAmount,RateAmount,true,,applications/accounting/servicedef/services_rate.xml,accounting,finance-product-team,provisional-repository-inferred
deleteRateAmount,groovy,component://accounting/src/main/groovy/org/apache/ofbiz/accounting/rate/RateServices.groovy,deleteRateAmount,RateAmount,true,,applications/accounting/servicedef/services_rate.xml,accounting,finance-product-team,provisional-repository-inferred
getRateAmount,groovy,component://accounting/src/main/groovy/org/apache/ofbiz/accounting/rate/RateServices.groovy,getRateAmount,RateAmount,true,,applications/accounting/servicedef/services_rate.xml,accounting,finance-product-team,provisional-repository-inferred
getRatesAmountsFromWorkEffortId,groovy,component://accounting/src/main/groovy/org/apache/ofbiz/accounting/rate/RateServices.groovy,getRatesAmountsFromWorkEffortId,RateAmount,true,,applications/accounting/servicedef/services_rate.xml,accounting,finance-product-team,provisional-repository-inferred
getRatesAmountsFromPartyId,groovy,component://accounting/src/main/groovy/org/apache/ofbiz/accounting/rate/RateServices.groovy,getRatesAmountsFromPartyId,RateAmount,true,,applications/accounting/servicedef/services_rate.xml,accounting,finance-product-team,provisional-repository-inferred
getRatesAmountsFromEmplPositionTypeId,groovy,component://accounting/src/main/groovy/org/apache/ofbiz/accounting/rate/RateServices.groovy,getRatesAmountsFromEmplPositionTypeId,RateAmount,true,,applications/accounting/servicedef/services_rate.xml,accounting,finance-product-team,provisional-repository-inferred
filterRateAmountList,groovy,component://accounting/src/main/groovy/org/apache/ofbiz/accounting/rate/RateServices.groovy,filterRateAmountList,RateAmount,true,,applications/accounting/servicedef/services_rate.xml,accounting,finance-product-team,provisional-repository-inferred
updatePartyRate,groovy,component://accounting/src/main/groovy/org/apache/ofbiz/accounting/rate/RateServices.groovy,updatePartyRate,PartyRate,true,,applications/accounting/servicedef/services_rate.xml,accounting,finance-product-team,provisional-repository-inferred
deletePartyRate,groovy,component://accounting/src/main/groovy/org/apache/ofbiz/accounting/rate/RateServices.groovy,deletePartyRate,PartyRate,true,,applications/accounting/servicedef/services_rate.xml,accounting,finance-product-team,provisional-repository-inferred
expirePartyRate,groovy,component://accounting/src/main/groovy/org/apache/ofbiz/accounting/rate/RateServices.groovy,expirePartyRate,PartyRate,true,,applications/accounting/servicedef/services_rate.xml,accounting,finance-product-team,provisional-repository-inferred
createRateType,entity-auto,,create,RateType,true,,applications/accounting/servicedef/services_rate.xml,accounting,finance-product-team,provisional-repository-inferred
updateRateType,entity-auto,,update,RateType,true,,applications/accounting/servicedef/services_rate.xml,accounting,finance-product-team,provisional-repository-inferred
deleteRateType,entity-auto,,delete,RateType,true,,applications/accounting/servicedef/services_rate.xml,accounting,finance-product-team,provisional-repository-inferred
sampleInvoiceAffiliateCommission,groovy,component://accounting/src/main/groovy/org/apache/ofbiz/accounting/invoice/SampleServices.groovy,sampleCalculateAffiliateCommission,,true,,applications/accounting/servicedef/services_sample.xml,accounting,finance-product-team,provisional-repository-inferred
calcTaxInterface,interface,,,,,,applications/accounting/servicedef/services_tax.xml,accounting,finance-product-team,provisional-repository-inferred
calcTaxTotalForDisplayInterface,interface,,,,,,applications/accounting/servicedef/services_tax.xml,accounting,finance-product-team,provisional-repository-inferred
calcTax,java,org.apache.ofbiz.accounting.tax.TaxAuthorityServices,rateProductTaxCalc,,,,applications/accounting/servicedef/services_tax.xml,accounting,finance-product-team,provisional-repository-inferred
calcTaxForDisplay,java,org.apache.ofbiz.accounting.tax.TaxAuthorityServices,rateProductTaxCalcForDisplay,,,,applications/accounting/servicedef/services_tax.xml,accounting,finance-product-team,provisional-repository-inferred
createTaxAuthority,entity-auto,,create,TaxAuthority,true,,applications/accounting/servicedef/services_tax.xml,accounting,finance-product-team,provisional-repository-inferred
updateTaxAuthority,entity-auto,,update,TaxAuthority,true,,applications/accounting/servicedef/services_tax.xml,accounting,finance-product-team,provisional-repository-inferred
deleteTaxAuthority,entity-auto,,delete,TaxAuthority,true,,applications/accounting/servicedef/services_tax.xml,accounting,finance-product-team,provisional-repository-inferred
createTaxAuthorityAssoc,entity-auto,,create,TaxAuthorityAssoc,true,,applications/accounting/servicedef/services_tax.xml,accounting,finance-product-team,provisional-repository-inferred
updateTaxAuthorityAssoc,entity-auto,,update,TaxAuthorityAssoc,true,,applications/accounting/servicedef/services_tax.xml,accounting,finance-product-team,provisional-repository-inferred
deleteTaxAuthorityAssoc,entity-auto,,delete,TaxAuthorityAssoc,true,,applications/accounting/servicedef/services_tax.xml,accounting,finance-product-team,provisional-repository-inferred
createTaxAuthorityCategory,entity-auto,,create,TaxAuthorityCategory,true,,applications/accounting/servicedef/services_tax.xml,accounting,finance-product-team,provisional-repository-inferred
updateTaxAuthorityCategory,entity-auto,,update,TaxAuthorityCategory,true,,applications/accounting/servicedef/services_tax.xml,accounting,finance-product-team,provisional-repository-inferred
deleteTaxAuthorityCategory,entity-auto,,delete,TaxAuthorityCategory,true,,applications/accounting/servicedef/services_tax.xml,accounting,finance-product-team,provisional-repository-inferred
createTaxAuthorityGlAccount,entity-auto,,create,TaxAuthorityGlAccount,true,,applications/accounting/servicedef/services_tax.xml,accounting,finance-product-team,provisional-repository-inferred
updateTaxAuthorityGlAccount,entity-auto,,update,TaxAuthorityGlAccount,true,,applications/accounting/servicedef/services_tax.xml,accounting,finance-product-team,provisional-repository-inferred
deleteTaxAuthorityGlAccount,entity-auto,,delete,TaxAuthorityGlAccount,true,,applications/accounting/servicedef/services_tax.xml,accounting,finance-product-team,provisional-repository-inferred
createTaxAuthorityRateProduct,entity-auto,,create,TaxAuthorityRateProduct,true,,applications/accounting/servicedef/services_tax.xml,accounting,finance-product-team,provisional-repository-inferred
updateTaxAuthorityRateProduct,entity-auto,,update,TaxAuthorityRateProduct,true,,applications/accounting/servicedef/services_tax.xml,accounting,finance-product-team,provisional-repository-inferred
deleteTaxAuthorityRateProduct,entity-auto,,delete,TaxAuthorityRateProduct,true,,applications/accounting/servicedef/services_tax.xml,accounting,finance-product-team,provisional-repository-inferred
createPartyTaxAuthInfo,groovy,component://accounting/src/main/groovy/org/apache/ofbiz/accounting/tax/TaxAuthorityServicesScript.groovy,createPartyTaxAuthInfo,PartyTaxAuthInfo,true,,applications/accounting/servicedef/services_tax.xml,accounting,finance-product-team,provisional-repository-inferred
updatePartyTaxAuthInfo,groovy,component://accounting/src/main/groovy/org/apache/ofbiz/accounting/tax/TaxAuthorityServicesScript.groovy,updatePartyTaxAuthInfo,PartyTaxAuthInfo,true,,applications/accounting/servicedef/services_tax.xml,accounting,finance-product-team,provisional-repository-inferred
deletePartyTaxAuthInfo,entity-auto,,delete,PartyTaxAuthInfo,true,,applications/accounting/servicedef/services_tax.xml,accounting,finance-product-team,provisional-repository-inferred
createCustomerTaxAuthInfo,groovy,component://accounting/src/main/groovy/org/apache/ofbiz/accounting/tax/TaxAuthorityServicesScript.groovy,createCustomerTaxAuthInfo,PartyTaxAuthInfo,true,,applications/accounting/servicedef/services_tax.xml,accounting,finance-product-team,provisional-repository-inferred
createTaxAuthorityAssocType,entity-auto,,create,TaxAuthorityAssocType,true,,applications/accounting/servicedef/services_tax.xml,accounting,finance-product-team,provisional-repository-inferred
updateTaxAuthorityAssocType,entity-auto,,update,TaxAuthorityAssocType,true,,applications/accounting/servicedef/services_tax.xml,accounting,finance-product-team,provisional-repository-inferred
deleteTaxAuthorityAssocType,entity-auto,,delete,TaxAuthorityAssocType,true,,applications/accounting/servicedef/services_tax.xml,accounting,finance-product-team,provisional-repository-inferred
createTaxAuthorityRateType,entity-auto,,create,TaxAuthorityRateType,true,,applications/accounting/servicedef/services_tax.xml,accounting,finance-product-team,provisional-repository-inferred
updateTaxAuthorityRateType,entity-auto,,update,TaxAuthorityRateType,true,,applications/accounting/servicedef/services_tax.xml,accounting,finance-product-team,provisional-repository-inferred
deleteTaxAuthorityRateType,entity-auto,,delete,TaxAuthorityRateType,true,,applications/accounting/servicedef/services_tax.xml,accounting,finance-product-team,provisional-repository-inferred
createSystemInfoNote,groovy,component://commonext/src/main/groovy/org/apache/ofbiz/commonext/ofbizsetup/SystemInfoServices.groovy,createSystemInfoNote,NoteData,,,applications/commonext/servicedef/services.xml,experience-platform,experience-platform-team,provisional-repository-inferred
deleteSystemInfoNote,groovy,component://commonext/src/main/groovy/org/apache/ofbiz/commonext/ofbizsetup/SystemInfoServices.groovy,deleteSystemInfoNote,NoteData,,,applications/commonext/servicedef/services.xml,experience-platform,experience-platform-team,provisional-repository-inferred
deleteAllSystemNotes,groovy,component://commonext/src/main/groovy/org/apache/ofbiz/commonext/ofbizsetup/SystemInfoServices.groovy,deleteAllSystemNotes,,true,,applications/commonext/servicedef/services.xml,experience-platform,experience-platform-team,provisional-repository-inferred
getSystemInfoNotes,groovy,component://commonext/src/main/groovy/org/apache/ofbiz/commonext/ofbizsetup/SystemInfoServices.groovy,getSystemInfoNotes,,true,,applications/commonext/servicedef/services.xml,experience-platform,experience-platform-team,provisional-repository-inferred
getLastSystemInfoNote,groovy,component://commonext/src/main/groovy/org/apache/ofbiz/commonext/ofbizsetup/SystemInfoServices.groovy,getLastSystemInfoNote,,false,,applications/commonext/servicedef/services.xml,experience-platform,experience-platform-team,provisional-repository-inferred
getSystemInfoStatus,groovy,component://commonext/src/main/groovy/org/apache/ofbiz/commonext/ofbizsetup/SystemInfoServices.groovy,getSystemInfoStatus,,true,,applications/commonext/servicedef/services.xml,experience-platform,experience-platform-team,provisional-repository-inferred
uploadFileInterface,interface,,,,,,applications/content/servicedef/services.xml,content-media,content-product-team,provisional-repository-inferred
getPublicForumMessage,group,,,Content,true,,applications/content/servicedef/services.xml,content-media,content-product-team,provisional-repository-inferred
getContentAndDataResource,groovy,component://content/src/main/groovy/org/apache/ofbiz/content/content/ContentServicesScript.groovy,getContentAndDataResource,Content,true,,applications/content/servicedef/services.xml,content-media,content-product-team,provisional-repository-inferred
getDataResource,groovy,component://content/src/main/groovy/org/apache/ofbiz/content/content/ContentServicesScript.groovy,getDataResource,DataResource,true,,applications/content/servicedef/services.xml,content-media,content-product-team,provisional-repository-inferred
createDataCategory,entity-auto,,create,DataCategory,true,,applications/content/servicedef/services.xml,content-media,content-product-team,provisional-repository-inferred
updateDataCategory,entity-auto,,update,DataCategory,true,,applications/content/servicedef/services.xml,content-media,content-product-team,provisional-repository-inferred
removeDataCategory,entity-auto,,delete,DataCategory,true,,applications/content/servicedef/services.xml,content-media,content-product-team,provisional-repository-inferred
createDataResourceAttribute,entity-auto,,create,DataResourceAttribute,true,,applications/content/servicedef/services.xml,content-media,content-product-team,provisional-repository-inferred
updateDataResourceAttribute,entity-auto,,update,DataResourceAttribute,true,,applications/content/servicedef/services.xml,content-media,content-product-team,provisional-repository-inferred
removeDataResourceAttribute,entity-auto,,delete,DataResourceAttribute,true,,applications/content/servicedef/services.xml,content-media,content-product-team,provisional-repository-inferred
createDataResourceRole,entity-auto,,create,DataResourceRole,true,,applications/content/servicedef/services.xml,content-media,content-product-team,provisional-repository-inferred
updateDataResourceRole,entity-auto,,update,DataResourceRole,true,,applications/content/servicedef/services.xml,content-media,content-product-team,provisional-repository-inferred
removeDataResourceRole,entity-auto,,delete,DataResourceRole,true,,applications/content/servicedef/services.xml,content-media,content-product-team,provisional-repository-inferred
createEmailContent,groovy,component://content/src/main/groovy/org/apache/ofbiz/content/content/ContentServicesScript.groovy,createEmailContent,,,,applications/content/servicedef/services.xml,content-media,content-product-team,provisional-repository-inferred
updateEmailContent,groovy,component://content/src/main/groovy/org/apache/ofbiz/content/content/ContentServicesScript.groovy,updateEmailContent,,,,applications/content/servicedef/services.xml,content-media,content-product-team,provisional-repository-inferred
createDownloadContent,groovy,component://content/src/main/groovy/org/apache/ofbiz/content/content/ContentServicesScript.groovy,createDownloadContent,,,,applications/content/servicedef/services.xml,content-media,content-product-team,provisional-repository-inferred
updateDownloadContent,groovy,component://content/src/main/groovy/org/apache/ofbiz/content/content/ContentServicesScript.groovy,updateDownloadContent,,,,applications/content/servicedef/services.xml,content-media,content-product-team,provisional-repository-inferred
createSimpleTextContent,groovy,component://content/src/main/groovy/org/apache/ofbiz/content/content/ContentServicesScript.groovy,createSimpleTextContent,,,,applications/content/servicedef/services.xml,content-media,content-product-team,provisional-repository-inferred
updateSimpleTextContent,groovy,component://content/src/main/groovy/org/apache/ofbiz/content/content/ContentServicesScript.groovy,updateSimpleTextContent,,,,applications/content/servicedef/services.xml,content-media,content-product-team,provisional-repository-inferred
findAssocContent,groovy,component://content/src/main/groovy/org/apache/ofbiz/content/content/ContentServicesScript.groovy,findAssocContent,,true,,applications/content/servicedef/services.xml,content-media,content-product-team,provisional-repository-inferred
getAssocAndContentAndDataResourceCache,java,org.apache.ofbiz.content.content.ContentServicesComplex,getAssocAndContentAndDataResourceCache,ContentAssocDataResourceViewFrom,false,,applications/content/servicedef/services.xml,content-media,content-product-team,provisional-repository-inferred
getAssocAndContentAndDataResource,java,org.apache.ofbiz.content.content.ContentServicesComplex,getAssocAndContentAndDataResource,ContentAssocDataResourceViewFrom,false,,applications/content/servicedef/services.xml,content-media,content-product-team,provisional-repository-inferred
getContent,java,org.apache.ofbiz.content.ContentManagementServices,getContent,,false,,applications/content/servicedef/services.xml,content-media,content-product-team,provisional-repository-inferred
getSubContent,java,org.apache.ofbiz.content.ContentManagementServices,getSubContent,,false,,applications/content/servicedef/services.xml,content-media,content-product-team,provisional-repository-inferred
persistContentAndAssoc,java,org.apache.ofbiz.content.ContentManagementServices,persistContentAndAssoc,,true,,applications/content/servicedef/services.xml,content-media,content-product-team,provisional-repository-inferred
persistDataResourceAndData,java,org.apache.ofbiz.content.ContentManagementServices,persistDataResourceAndData,,true,,applications/content/servicedef/services.xml,content-media,content-product-team,provisional-repository-inferred
deactivateAssocs,java,org.apache.ofbiz.content.content.ContentServices,deactivateAssocs,,true,,applications/content/servicedef/services.xml,content-media,content-product-team,provisional-repository-inferred
deactivateContentAssoc,java,org.apache.ofbiz.content.content.ContentServices,deactivateContentAssoc,,true,,applications/content/servicedef/services.xml,content-media,content-product-team,provisional-repository-inferred
createArticleContent,groovy,component://content/src/main/groovy/org/apache/ofbiz/content/content/ContentServicesScript.groovy,createArticleContent,,true,,applications/content/servicedef/services.xml,content-media,content-product-team,provisional-repository-inferred
renderSubContentAsText,java,org.apache.ofbiz.content.content.ContentServices,renderSubContentAsText,,false,,applications/content/servicedef/services.xml,content-media,content-product-team,provisional-repository-inferred
renderContentAsText,java,org.apache.ofbiz.content.content.ContentServices,renderContentAsText,,false,,applications/content/servicedef/services.xml,content-media,content-product-team,provisional-repository-inferred
renderDataResourceAsText,java,org.apache.ofbiz.content.data.DataServices,renderDataResourceAsText,,false,,applications/content/servicedef/services.xml,content-media,content-product-team,provisional-repository-inferred
updateSiteRoles,java,org.apache.ofbiz.content.ContentManagementServices,updateSiteRoles,,true,,applications/content/servicedef/services.xml,content-media,content-product-team,provisional-repository-inferred
linkContentToPubPt,java,org.apache.ofbiz.content.content.ContentServices,linkContentToPubPt,,true,,applications/content/servicedef/services.xml,content-media,content-product-team,provisional-repository-inferred
updateSiteRolesDyn,java,org.apache.ofbiz.content.ContentManagementServices,updateSiteRolesDyn,,true,,applications/content/servicedef/services.xml,content-media,content-product-team,provisional-repository-inferred
createOrRemoveProductFeatureDataResource,java,org.apache.ofbiz.content.ContentManagementServices,createOrRemoveProductFeatureDataResource,,true,,applications/content/servicedef/services.xml,content-media,content-product-team,provisional-repository-inferred
resequence,group,,,,true,,applications/content/servicedef/services.xml,content-media,content-product-team,provisional-repository-inferred
resequenceContentAssocChildren,java,org.apache.ofbiz.content.ContentManagementServices,resequence,,true,,applications/content/servicedef/services.xml,content-media,content-product-team,provisional-repository-inferred
changeLeafToNode,java,org.apache.ofbiz.content.ContentManagementServices,changeLeafToNode,,true,,applications/content/servicedef/services.xml,content-media,content-product-team,provisional-repository-inferred
updatePageType,java,org.apache.ofbiz.content.ContentManagementServices,updatePageType,,true,,applications/content/servicedef/services.xml,content-media,content-product-team,provisional-repository-inferred
resetToOutlineMode,java,org.apache.ofbiz.content.ContentManagementServices,resetToOutlineMode,,true,,applications/content/servicedef/services.xml,content-media,content-product-team,provisional-repository-inferred
clearContentAssocViewCache,java,org.apache.ofbiz.content.ContentManagementServices,clearContentAssocViewCache,,true,,applications/content/servicedef/services.xml,content-media,content-product-team,provisional-repository-inferred
clearContentAssocDataResourceViewCache,java,org.apache.ofbiz.content.ContentManagementServices,clearContentAssocDataResourceViewCache,,true,,applications/content/servicedef/services.xml,content-media,content-product-team,provisional-repository-inferred
findSubNodes,java,org.apache.ofbiz.content.ContentManagementServices,findSubNodes,,false,,applications/content/servicedef/services.xml,content-media,content-product-team,provisional-repository-inferred
initContentChildCounts,java,org.apache.ofbiz.content.ContentManagementServices,initContentChildCounts,,,,applications/content/servicedef/services.xml,content-media,content-product-team,provisional-repository-inferred
incrementContentChildStats,java,org.apache.ofbiz.content.ContentManagementServices,incrementContentChildStats,,,,applications/content/servicedef/services.xml,content-media,content-product-team,provisional-repository-inferred
decrementContentChildStats,java,org.apache.ofbiz.content.ContentManagementServices,decrementContentChildStats,,,,applications/content/servicedef/services.xml,content-media,content-product-team,provisional-repository-inferred
updateContentChildStats,java,org.apache.ofbiz.content.ContentManagementServices,updateContentChildStats,,,,applications/content/servicedef/services.xml,content-media,content-product-team,provisional-repository-inferred
updateImage,java,org.apache.ofbiz.content.data.DataServices,updateImage,,,,applications/content/servicedef/services.xml,content-media,content-product-team,provisional-repository-inferred
createImage,java,org.apache.ofbiz.content.data.DataServices,createImage,,,,applications/content/servicedef/services.xml,content-media,content-product-team,provisional-repository-inferred
updateContentSubscription,java,org.apache.ofbiz.content.ContentManagementServices,updateContentSubscription,,true,,applications/content/servicedef/services.xml,content-media,content-product-team,provisional-repository-inferred
updateContentSubscriptionByProduct,java,org.apache.ofbiz.content.ContentManagementServices,updateContentSubscriptionByProduct,,true,,applications/content/servicedef/services.xml,content-media,content-product-team,provisional-repository-inferred
updateContentSubscriptionByOrder,java,org.apache.ofbiz.content.ContentManagementServices,updateContentSubscriptionByOrder,,true,,applications/content/servicedef/services.xml,content-media,content-product-team,provisional-repository-inferred
followNodeChildren,java,org.apache.ofbiz.content.ContentManagementServices,followNodeChildren,,true,,applications/content/servicedef/services.xml,content-media,content-product-team,provisional-repository-inferred
publishContent,java,org.apache.ofbiz.content.content.ContentServices,publishContent,,true,,applications/content/servicedef/services.xml,content-media,content-product-team,provisional-repository-inferred
getPrefixedMembers,java,org.apache.ofbiz.content.content.ContentServices,getPrefixedMembers,,false,,applications/content/servicedef/services.xml,content-media,content-product-team,provisional-repository-inferred
splitString,java,org.apache.ofbiz.content.content.ContentServices,splitString,,false,,applications/content/servicedef/services.xml,content-media,content-product-team,provisional-repository-inferred
joinString,java,org.apache.ofbiz.content.content.ContentServices,joinString,,false,,applications/content/servicedef/services.xml,content-media,content-product-team,provisional-repository-inferred
urlEncodeArgs,java,org.apache.ofbiz.content.content.ContentServices,urlEncodeArgs,,false,,applications/content/servicedef/services.xml,content-media,content-product-team,provisional-repository-inferred
createBlogEntry,groovy,component://content/src/main/groovy/org/apache/ofbiz/content/BlogServices.groovy,createBlogEntry,,true,,applications/content/servicedef/services.xml,content-media,content-product-team,provisional-repository-inferred
updateBlogEntry,groovy,component://content/src/main/groovy/org/apache/ofbiz/content/BlogServices.groovy,updateBlogEntry,,true,,applications/content/servicedef/services.xml,content-media,content-product-team,provisional-repository-inferred
getBlogEntry,groovy,component://content/src/main/groovy/org/apache/ofbiz/content/BlogServices.groovy,getBlogEntry,,true,,applications/content/servicedef/services.xml,content-media,content-product-team,provisional-repository-inferred
getOwnedOrPublishedBlogEntries,groovy,component://content/src/main/groovy/org/apache/ofbiz/content/BlogServices.groovy,getOwnedOrPublishedBlogEntries,,true,,applications/content/servicedef/services.xml,content-media,content-product-team,provisional-repository-inferred
generateBlogRssFeed,java,org.apache.ofbiz.content.blog.BlogRssServices,generateBlogRssFeed,,false,,applications/content/servicedef/services.xml,content-media,content-product-team,provisional-repository-inferred
contentManagerRolePermission,groovy,component://content/src/main/groovy/org/apache/ofbiz/content/permission/ContentPermissionServices.groovy,contentManagerRolePermission,,true,,applications/content/servicedef/services.xml,content-media,content-product-team,provisional-repository-inferred
contentManagerPermission,groovy,component://content/src/main/groovy/org/apache/ofbiz/content/permission/ContentPermissionServices.groovy,contentManagerPermission,,true,,applications/content/servicedef/services.xml,content-media,content-product-team,provisional-repository-inferred
genericContentPermission,groovy,component://content/src/main/groovy/org/apache/ofbiz/content/permission/ContentPermissionServices.groovy,genericContentPermission,,true,,applications/content/servicedef/services.xml,content-media,content-product-team,provisional-repository-inferred
checkOwnership,groovy,component://content/src/main/groovy/org/apache/ofbiz/content/permission/ContentPermissionServices.groovy,checkOwnership,,true,,applications/content/servicedef/services.xml,content-media,content-product-team,provisional-repository-inferred
genericDataResourcePermission,simple,component://content/minilang/permission/DataResourcePermissionServices.xml,genericDataResourcePermission,,true,,applications/content/servicedef/services.xml,content-media,content-product-team,provisional-repository-inferred
createContentAlternativeUrl,groovy,component://content/src/main/groovy/org/apache/ofbiz/content/content/ContentServicesScript.groovy,createContentAlternativeUrl,,true,,applications/content/servicedef/services.xml,content-media,content-product-team,provisional-repository-inferred
createWebPreferenceType,entity-auto,,create,WebPreferenceType,true,,applications/content/servicedef/services.xml,content-media,content-product-team,provisional-repository-inferred
updateWebPreferenceType,entity-auto,,update,WebPreferenceType,true,,applications/content/servicedef/services.xml,content-media,content-product-team,provisional-repository-inferred
deleteWebPreferenceType,entity-auto,,delete,WebPreferenceType,true,,applications/content/servicedef/services.xml,content-media,content-product-team,provisional-repository-inferred
createCommContentDataResource,groovy,component://content/src/main/groovy/org/apache/ofbiz/content/content/ContentServicesScript.groovy,createCommContentDataResource,,,,applications/content/servicedef/services_commevent.xml,content-media,content-product-team,provisional-repository-inferred
updateCommContentDataResource,groovy,component://content/src/main/groovy/org/apache/ofbiz/content/content/ContentServicesScript.groovy,updateCommContentDataResource,,true,,applications/content/servicedef/services_commevent.xml,content-media,content-product-team,provisional-repository-inferred
createCommEventContentAssoc,entity-auto,,create,CommEventContentAssoc,true,,applications/content/servicedef/services_commevent.xml,content-media,content-product-team,provisional-repository-inferred
updateCommEventContentAssoc,entity-auto,,update,CommEventContentAssoc,true,,applications/content/servicedef/services_commevent.xml,content-media,content-product-team,provisional-repository-inferred
expireCommEventContentAssoc,entity-auto,,expire,CommEventContentAssoc,true,,applications/content/servicedef/services_commevent.xml,content-media,content-product-team,provisional-repository-inferred
createCommContentAssocType,entity-auto,,create,CommContentAssocType,true,,applications/content/servicedef/services_commevent.xml,content-media,content-product-team,provisional-repository-inferred
updateCommContentAssocType,entity-auto,,update,CommContentAssocType,true,,applications/content/servicedef/services_commevent.xml,content-media,content-product-team,provisional-repository-inferred
deleteCommContentAssocType,entity-auto,,delete,CommContentAssocType,true,,applications/content/servicedef/services_commevent.xml,content-media,content-product-team,provisional-repository-inferred
createContent,entity-auto,,create,Content,true,,applications/content/servicedef/services_content.xml,content-media,content-product-team,provisional-repository-inferred
createTextAndUploadedContent,groovy,component://content/src/main/groovy/org/apache/ofbiz/content/content/ContentServicesScript.groovy,createTextAndUploadedContent,,true,,applications/content/servicedef/services_content.xml,content-media,content-product-team,provisional-repository-inferred
createTextContent,group,,,,true,,applications/content/servicedef/services_content.xml,content-media,content-product-team,provisional-repository-inferred
createContentFromDataResource,groovy,component://content/src/main/groovy/org/apache/ofbiz/content/content/ContentServicesScript.groovy,createContentFromDataResource,,,,applications/content/servicedef/services_content.xml,content-media,content-product-team,provisional-repository-inferred
attachUploadToDataResource,groovy,component://content/src/main/groovy/org/apache/ofbiz/content/data/DataServicesScript.groovy,attachUploadToDataResource,,,,applications/content/servicedef/services_content.xml,content-media,content-product-team,provisional-repository-inferred
createContentFromUploadedFile,group,,,,,,applications/content/servicedef/services_content.xml,content-media,content-product-team,provisional-repository-inferred
updateContentAndUploadedFile,group,,,,,,applications/content/servicedef/services_content.xml,content-media,content-product-team,provisional-repository-inferred
copyContentAndElectronicTextandAssoc,groovy,component://content/src/main/groovy/org/apache/ofbiz/content/content/ContentServicesScript.groovy,copyContentAndElectronicTextandAssoc,Content,true,,applications/content/servicedef/services_content.xml,content-media,content-product-team,provisional-repository-inferred
updateContent,entity-auto,,update,Content,true,,applications/content/servicedef/services_content.xml,content-media,content-product-team,provisional-repository-inferred
updateTextContent,group,,,,true,,applications/content/servicedef/services_content.xml,content-media,content-product-team,provisional-repository-inferred
removeContent,entity-auto,,delete,Content,true,,applications/content/servicedef/services_content.xml,content-media,content-product-team,provisional-repository-inferred
removeContentAndRelated,groovy,component://content/src/main/groovy/org/apache/ofbiz/content/content/ContentServicesScript.groovy,removeContentAndRelated,Content,true,,applications/content/servicedef/services_content.xml,content-media,content-product-team,provisional-repository-inferred
checkContentPermission,java,org.apache.ofbiz.content.content.ContentPermissionServices,checkContentPermission,,false,,applications/content/servicedef/services_content.xml,content-media,content-product-team,provisional-repository-inferred
findRelatedContent,java,org.apache.ofbiz.content.content.ContentServices,findRelatedContent,Content,true,,applications/content/servicedef/services_content.xml,content-media,content-product-team,provisional-repository-inferred
checkAssocPermission,java,org.apache.ofbiz.content.content.ContentPermissionServices,checkAssocPermission,,true,,applications/content/servicedef/services_content.xml,content-media,content-product-team,provisional-repository-inferred
assocContent,groovy,component://content/src/main/groovy/org/apache/ofbiz/content/content/ContentServicesScript.groovy,assocContent,ContentAssoc,true,,applications/content/servicedef/services_content.xml,content-media,content-product-team,provisional-repository-inferred
createContentAssoc,entity-auto,,create,ContentAssoc,true,,applications/content/servicedef/services_content.xml,content-media,content-product-team,provisional-repository-inferred
updateContentAssoc,entity-auto,,update,ContentAssoc,true,,applications/content/servicedef/services_content.xml,content-media,content-product-team,provisional-repository-inferred
expireContentAssoc,entity-auto,,expire,ContentAssoc,true,,applications/content/servicedef/services_content.xml,content-media,content-product-team,provisional-repository-inferred
removeContentAssoc,entity-auto,,delete,ContentAssoc,true,,applications/content/servicedef/services_content.xml,content-media,content-product-team,provisional-repository-inferred
setContentStatus,groovy,component://content/src/main/groovy/org/apache/ofbiz/content/content/ContentServicesScript.groovy,setContentStatus,,true,,applications/content/servicedef/services_content.xml,content-media,content-product-team,provisional-repository-inferred
createContentRole,entity-auto,,create,ContentRole,true,,applications/content/servicedef/services_content.xml,content-media,content-product-team,provisional-repository-inferred
updateContentRole,entity-auto,,update,ContentRole,true,,applications/content/servicedef/services_content.xml,content-media,content-product-team,provisional-repository-inferred
deactivateAllContentRoles,groovy,component://content/src/main/groovy/org/apache/ofbiz/content/content/ContentServicesScript.groovy,deactivateAllContentRoles,ContentRole,true,,applications/content/servicedef/services_content.xml,content-media,content-product-team,provisional-repository-inferred
removeContentRole,entity-auto,,delete,ContentRole,true,,applications/content/servicedef/services_content.xml,content-media,content-product-team,provisional-repository-inferred
createMissingContentAltUrls,groovy,component://content/src/main/groovy/org/apache/ofbiz/content/content/ContentServicesScript.groovy,createMissingContentAltUrls,,true,,applications/content/servicedef/services_content.xml,content-media,content-product-team,provisional-repository-inferred
createContentMetaData,entity-auto,,create,ContentMetaData,true,,applications/content/servicedef/services_content.xml,content-media,content-product-team,provisional-repository-inferred
updateContentMetaData,entity-auto,,update,ContentMetaData,true,,applications/content/servicedef/services_content.xml,content-media,content-product-team,provisional-repository-inferred
removeContentMetaData,entity-auto,,delete,ContentMetaData,true,,applications/content/servicedef/services_content.xml,content-media,content-product-team,provisional-repository-inferred
createContentOperation,entity-auto,,create,ContentOperation,true,,applications/content/servicedef/services_content.xml,content-media,content-product-team,provisional-repository-inferred
updateContentOperation,entity-auto,,update,ContentOperation,true,,applications/content/servicedef/services_content.xml,content-media,content-product-team,provisional-repository-inferred
removeContentOperation,entity-auto,,delete,ContentOperation,true,,applications/content/servicedef/services_content.xml,content-media,content-product-team,provisional-repository-inferred
createContentPurpose,entity-auto,,create,ContentPurpose,true,,applications/content/servicedef/services_content.xml,content-media,content-product-team,provisional-repository-inferred
updateContentPurpose,entity-auto,,update,ContentPurpose,true,,applications/content/servicedef/services_content.xml,content-media,content-product-team,provisional-repository-inferred
removeContentPurpose,entity-auto,,delete,ContentPurpose,true,,applications/content/servicedef/services_content.xml,content-media,content-product-team,provisional-repository-inferred
updateSingleContentPurpose,groovy,component://content/src/main/groovy/org/apache/ofbiz/content/content/ContentServicesScript.groovy,updateSingleContentPurpose,ContentPurpose,true,,applications/content/servicedef/services_content.xml,content-media,content-product-team,provisional-repository-inferred
createContentPurposeOperation,entity-auto,,create,ContentPurposeOperation,true,,applications/content/servicedef/services_content.xml,content-media,content-product-team,provisional-repository-inferred
updateContentPurposeOperation,entity-auto,,update,ContentPurposeOperation,true,,applications/content/servicedef/services_content.xml,content-media,content-product-team,provisional-repository-inferred
removeContentPurposeOperation,entity-auto,,delete,ContentPurposeOperation,true,,applications/content/servicedef/services_content.xml,content-media,content-product-team,provisional-repository-inferred
createContentAttribute,entity-auto,,create,ContentAttribute,true,,applications/content/servicedef/services_content.xml,content-media,content-product-team,provisional-repository-inferred
updateContentAttribute,entity-auto,,update,ContentAttribute,true,,applications/content/servicedef/services_content.xml,content-media,content-product-team,provisional-repository-inferred
removeContentAttribute,entity-auto,,delete,ContentAttribute,true,,applications/content/servicedef/services_content.xml,content-media,content-product-team,provisional-repository-inferred
createContentKeyword,entity-auto,,create,ContentKeyword,true,,applications/content/servicedef/services_content.xml,content-media,content-product-team,provisional-repository-inferred
updateContentKeyword,entity-auto,,update,ContentKeyword,true,,applications/content/servicedef/services_content.xml,content-media,content-product-team,provisional-repository-inferred
deleteContentKeyword,entity-auto,,delete,ContentKeyword,true,,applications/content/servicedef/services_content.xml,content-media,content-product-team,provisional-repository-inferred
deleteContentKeywords,groovy,component://content/src/main/groovy/org/apache/ofbiz/content/content/ContentServicesScript.groovy,deleteContentKeywords,,true,,applications/content/servicedef/services_content.xml,content-media,content-product-team,provisional-repository-inferred
indexContentKeywords,groovy,component://content/src/main/groovy/org/apache/ofbiz/content/content/ContentServicesScript.groovy,indexContentKeywords,,false,,applications/content/servicedef/services_content.xml,content-media,content-product-team,provisional-repository-inferred
forceIndexContentKeywords,groovy,component://content/src/main/groovy/org/apache/ofbiz/content/content/ContentServicesScript.groovy,forceIndexContentKeywords,,true,,applications/content/servicedef/services_content.xml,content-media,content-product-team,provisional-repository-inferred
createContentRevision,entity-auto,,create,ContentRevision,true,,applications/content/servicedef/services_content.xml,content-media,content-product-team,provisional-repository-inferred
updateContentRevision,entity-auto,,update,ContentRevision,true,,applications/content/servicedef/services_content.xml,content-media,content-product-team,provisional-repository-inferred
removeContentRevision,entity-auto,,delete,ContentRevision,true,,applications/content/servicedef/services_content.xml,content-media,content-product-team,provisional-repository-inferred
createContentRevisionItem,entity-auto,,create,ContentRevisionItem,true,,applications/content/servicedef/services_content.xml,content-media,content-product-team,provisional-repository-inferred
updateContentRevisionItem,entity-auto,,update,ContentRevisionItem,true,,applications/content/servicedef/services_content.xml,content-media,content-product-team,provisional-repository-inferred
removeContentRevisionItem,entity-auto,,delete,ContentRevisionItem,true,,applications/content/servicedef/services_content.xml,content-media,content-product-team,provisional-repository-inferred
createContentApproval,entity-auto,,create,ContentApproval,true,,applications/content/servicedef/services_content.xml,content-media,content-product-team,provisional-repository-inferred
updateContentApproval,entity-auto,,update,ContentApproval,true,,applications/content/servicedef/services_content.xml,content-media,content-product-team,provisional-repository-inferred
removeContentApproval,entity-auto,,delete,ContentApproval,true,,applications/content/servicedef/services_content.xml,content-media,content-product-team,provisional-repository-inferred
createContentType,entity-auto,,create,ContentType,true,,applications/content/servicedef/services_contenttypes.xml,content-media,content-product-team,provisional-repository-inferred
updateContentType,entity-auto,,update,ContentType,true,,applications/content/servicedef/services_contenttypes.xml,content-media,content-product-team,provisional-repository-inferred
removeContentType,entity-auto,,delete,ContentType,true,,applications/content/servicedef/services_contenttypes.xml,content-media,content-product-team,provisional-repository-inferred
createContentAssocType,entity-auto,,create,ContentAssocType,true,,applications/content/servicedef/services_contenttypes.xml,content-media,content-product-team,provisional-repository-inferred
updateContentAssocType,entity-auto,,update,ContentAssocType,true,,applications/content/servicedef/services_contenttypes.xml,content-media,content-product-team,provisional-repository-inferred
removeContentAssocType,entity-auto,,delete,ContentAssocType,true,,applications/content/servicedef/services_contenttypes.xml,content-media,content-product-team,provisional-repository-inferred
createContentTypeAttr,entity-auto,,create,ContentTypeAttr,true,,applications/content/servicedef/services_contenttypes.xml,content-media,content-product-team,provisional-repository-inferred
removeContentTypeAttr,entity-auto,,delete,ContentTypeAttr,true,,applications/content/servicedef/services_contenttypes.xml,content-media,content-product-team,provisional-repository-inferred
createContentAssocPredicate,entity-auto,,create,ContentAssocPredicate,true,,applications/content/servicedef/services_contenttypes.xml,content-media,content-product-team,provisional-repository-inferred
updateContentAssocPredicate,entity-auto,,update,ContentAssocPredicate,true,,applications/content/servicedef/services_contenttypes.xml,content-media,content-product-team,provisional-repository-inferred
removeContentAssocPredicate,entity-auto,,delete,ContentAssocPredicate,true,,applications/content/servicedef/services_contenttypes.xml,content-media,content-product-team,provisional-repository-inferred
createContentPurposeType,entity-auto,,create,ContentPurposeType,true,,applications/content/servicedef/services_contenttypes.xml,content-media,content-product-team,provisional-repository-inferred
updateContentPurposeType,entity-auto,,update,ContentPurposeType,true,,applications/content/servicedef/services_contenttypes.xml,content-media,content-product-team,provisional-repository-inferred
removeContentPurposeType,entity-auto,,delete,ContentPurposeType,true,,applications/content/servicedef/services_contenttypes.xml,content-media,content-product-team,provisional-repository-inferred
createCharacterSet,entity-auto,,create,CharacterSet,true,,applications/content/servicedef/services_contenttypes.xml,content-media,content-product-team,provisional-repository-inferred
updateCharacterSet,entity-auto,,update,CharacterSet,true,,applications/content/servicedef/services_contenttypes.xml,content-media,content-product-team,provisional-repository-inferred
removeCharacterSet,entity-auto,,delete,CharacterSet,true,,applications/content/servicedef/services_contenttypes.xml,content-media,content-product-team,provisional-repository-inferred
createDataResourceType,entity-auto,,create,DataResourceType,true,,applications/content/servicedef/services_contenttypes.xml,content-media,content-product-team,provisional-repository-inferred
updateDataResourceType,entity-auto,,update,DataResourceType,true,,applications/content/servicedef/services_contenttypes.xml,content-media,content-product-team,provisional-repository-inferred
removeDataResourceType,entity-auto,,delete,DataResourceType,true,,applications/content/servicedef/services_contenttypes.xml,content-media,content-product-team,provisional-repository-inferred
createDataResourceTypeAttr,entity-auto,,create,DataResourceTypeAttr,true,,applications/content/servicedef/services_contenttypes.xml,content-media,content-product-team,provisional-repository-inferred
updateDataResourceTypeAttr,entity-auto,,update,DataResourceTypeAttr,true,,applications/content/servicedef/services_contenttypes.xml,content-media,content-product-team,provisional-repository-inferred
removeDataResourceTypeAttr,entity-auto,,delete,DataResourceTypeAttr,true,,applications/content/servicedef/services_contenttypes.xml,content-media,content-product-team,provisional-repository-inferred
createFileExtension,entity-auto,,create,FileExtension,true,,applications/content/servicedef/services_contenttypes.xml,content-media,content-product-team,provisional-repository-inferred
updateFileExtension,entity-auto,,update,FileExtension,true,,applications/content/servicedef/services_contenttypes.xml,content-media,content-product-team,provisional-repository-inferred
removeFileExtension,entity-auto,,delete,FileExtension,true,,applications/content/servicedef/services_contenttypes.xml,content-media,content-product-team,provisional-repository-inferred
createMetaDataPredicate,entity-auto,,create,MetaDataPredicate,true,,applications/content/servicedef/services_contenttypes.xml,content-media,content-product-team,provisional-repository-inferred
updateMetaDataPredicate,entity-auto,,update,MetaDataPredicate,true,,applications/content/servicedef/services_contenttypes.xml,content-media,content-product-team,provisional-repository-inferred
removeMetaDataPredicate,entity-auto,,delete,MetaDataPredicate,true,,applications/content/servicedef/services_contenttypes.xml,content-media,content-product-team,provisional-repository-inferred
createMimeType,entity-auto,,create,MimeType,true,,applications/content/servicedef/services_contenttypes.xml,content-media,content-product-team,provisional-repository-inferred
updateMimeType,entity-auto,,update,MimeType,true,,applications/content/servicedef/services_contenttypes.xml,content-media,content-product-team,provisional-repository-inferred
removeMimeType,entity-auto,,delete,MimeType,true,,applications/content/servicedef/services_contenttypes.xml,content-media,content-product-team,provisional-repository-inferred
createMimeTypeHtmlTemplate,entity-auto,,create,MimeTypeHtmlTemplate,true,,applications/content/servicedef/services_contenttypes.xml,content-media,content-product-team,provisional-repository-inferred
updateMimeTypeHtmlTemplate,entity-auto,,update,MimeTypeHtmlTemplate,true,,applications/content/servicedef/services_contenttypes.xml,content-media,content-product-team,provisional-repository-inferred
removeMimeTypeHtmlTemplate,entity-auto,,delete,MimeTypeHtmlTemplate,true,,applications/content/servicedef/services_contenttypes.xml,content-media,content-product-team,provisional-repository-inferred
createDataResource,groovy,component://content/src/main/groovy/org/apache/ofbiz/content/data/DataServicesScript.groovy,createDataResource,DataResource,true,,applications/content/servicedef/services_data.xml,content-media,content-product-team,provisional-repository-inferred
createDataResourceAndAssocToContent,groovy,component://content/src/main/groovy/org/apache/ofbiz/content/data/DataServicesScript.groovy,createDataResourceAndAssocToContent,DataResource,true,,applications/content/servicedef/services_data.xml,content-media,content-product-team,provisional-repository-inferred
updateDataResource,entity-auto,,update,DataResource,true,,applications/content/servicedef/services_data.xml,content-media,content-product-team,provisional-repository-inferred
removeDataResource,entity-auto,,delete,DataResource,true,,applications/content/servicedef/services_data.xml,content-media,content-product-team,provisional-repository-inferred
createDataText,route,,,,true,,applications/content/servicedef/services_data.xml,content-media,content-product-team,provisional-repository-inferred
updateDataText,route,,,,true,,applications/content/servicedef/services_data.xml,content-media,content-product-team,provisional-repository-inferred
createDataResourceAndText,java,org.apache.ofbiz.content.data.DataServices,createDataResourceAndText,DataResource,true,,applications/content/servicedef/services_data.xml,content-media,content-product-team,provisional-repository-inferred
updateDataResourceAndText,java,org.apache.ofbiz.content.data.DataServices,updateDataResourceAndText,DataResource,true,,applications/content/servicedef/services_data.xml,content-media,content-product-team,provisional-repository-inferred
createElectronicText,entity-auto,,create,ElectronicText,true,,applications/content/servicedef/services_data.xml,content-media,content-product-team,provisional-repository-inferred
updateElectronicText,entity-auto,,update,ElectronicText,true,,applications/content/servicedef/services_data.xml,content-media,content-product-team,provisional-repository-inferred
createElectronicTextForm,entity-auto,,create,ElectronicText,true,,applications/content/servicedef/services_data.xml,content-media,content-product-team,provisional-repository-inferred
updateElectronicTextForm,entity-auto,,update,ElectronicText,true,,applications/content/servicedef/services_data.xml,content-media,content-product-team,provisional-repository-inferred
removeElectronicText,entity-auto,,delete,ElectronicText,true,,applications/content/servicedef/services_data.xml,content-media,content-product-team,provisional-repository-inferred
getElectronicText,groovy,component://content/src/main/groovy/org/apache/ofbiz/content/data/DataServicesScript.groovy,getElectronicText,ElectronicText,false,,applications/content/servicedef/services_data.xml,content-media,content-product-team,provisional-repository-inferred
createImageDataResource,entity-auto,,create,ImageDataResource,true,,applications/content/servicedef/services_data.xml,content-media,content-product-team,provisional-repository-inferred
updateImageDataResource,entity-auto,,update,ImageDataResource,true,,applications/content/servicedef/services_data.xml,content-media,content-product-team,provisional-repository-inferred
removeImageDataResource,entity-auto,,delete,ImageDataResource,true,,applications/content/servicedef/services_data.xml,content-media,content-product-team,provisional-repository-inferred
createVideoDataResource,entity-auto,,create,VideoDataResource,true,,applications/content/servicedef/services_data.xml,content-media,content-product-team,provisional-repository-inferred
updateVideoDataResource,entity-auto,,update,VideoDataResource,true,,applications/content/servicedef/services_data.xml,content-media,content-product-team,provisional-repository-inferred
removeVideoDataResource,entity-auto,,delete,VideoDataResource,true,,applications/content/servicedef/services_data.xml,content-media,content-product-team,provisional-repository-inferred
createAudioDataResource,entity-auto,,create,AudioDataResource,true,,applications/content/servicedef/services_data.xml,content-media,content-product-team,provisional-repository-inferred
updateAudioDataResource,entity-auto,,update,AudioDataResource,true,,applications/content/servicedef/services_data.xml,content-media,content-product-team,provisional-repository-inferred
removeAudioDataResource,entity-auto,,delete,AudioDataResource,true,,applications/content/servicedef/services_data.xml,content-media,content-product-team,provisional-repository-inferred
createOtherDataResource,entity-auto,,create,OtherDataResource,true,,applications/content/servicedef/services_data.xml,content-media,content-product-team,provisional-repository-inferred
updateOtherDataResource,entity-auto,,update,OtherDataResource,true,,applications/content/servicedef/services_data.xml,content-media,content-product-team,provisional-repository-inferred
removeOtherDataResource,entity-auto,,delete,OtherDataResource,true,,applications/content/servicedef/services_data.xml,content-media,content-product-team,provisional-repository-inferred
createDataResourceMetaData,entity-auto,,create,DataResourceMetaData,true,,applications/content/servicedef/services_data.xml,content-media,content-product-team,provisional-repository-inferred
updateDataResourceMetaData,entity-auto,,update,DataResourceMetaData,true,,applications/content/servicedef/services_data.xml,content-media,content-product-team,provisional-repository-inferred
removeDataResourceMetaData,entity-auto,,delete,DataResourceMetaData,true,,applications/content/servicedef/services_data.xml,content-media,content-product-team,provisional-repository-inferred
createDataResourcePurpose,entity-auto,,create,DataResourcePurpose,true,,applications/content/servicedef/services_data.xml,content-media,content-product-team,provisional-repository-inferred
updateDataResourcePurpose,entity-auto,,update,DataResourcePurpose,true,,applications/content/servicedef/services_data.xml,content-media,content-product-team,provisional-repository-inferred
removeDataResourcePurpose,entity-auto,,delete,DataResourcePurpose,true,,applications/content/servicedef/services_data.xml,content-media,content-product-team,provisional-repository-inferred
createFile,java,org.apache.ofbiz.content.data.DataServices,createFile,,true,,applications/content/servicedef/services_data.xml,content-media,content-product-team,provisional-repository-inferred
createAnonFile,java,org.apache.ofbiz.content.data.DataServices,createFileNoPerm,,false,,applications/content/servicedef/services_data.xml,content-media,content-product-team,provisional-repository-inferred
updateFile,java,org.apache.ofbiz.content.data.DataServices,updateFile,,true,,applications/content/servicedef/services_data.xml,content-media,content-product-team,provisional-repository-inferred
clearAssociatedRenderCache,java,org.apache.ofbiz.content.data.DataServices,clearAssociatedRenderCache,DataResource,true,,applications/content/servicedef/services_data.xml,content-media,content-product-team,provisional-repository-inferred
createDataTemplateType,entity-auto,,create,DataTemplateType,true,,applications/content/servicedef/services_data.xml,content-media,content-product-team,provisional-repository-inferred
updateDataTemplateType,entity-auto,,update,DataTemplateType,true,,applications/content/servicedef/services_data.xml,content-media,content-product-team,provisional-repository-inferred
deleteDataTemplateType,entity-auto,,delete,DataTemplateType,true,,applications/content/servicedef/services_data.xml,content-media,content-product-team,provisional-repository-inferred
createDocumentAttribute,entity-auto,,create,DocumentAttribute,true,,applications/content/servicedef/services_document.xml,content-media,content-product-team,provisional-repository-inferred
updateDocumentAttribute,entity-auto,,update,DocumentAttribute,true,,applications/content/servicedef/services_document.xml,content-media,content-product-team,provisional-repository-inferred
deleteDocumentAttribute,entity-auto,,delete,DocumentAttribute,true,,applications/content/servicedef/services_document.xml,content-media,content-product-team,provisional-repository-inferred
createDocument,entity-auto,,create,Document,true,,applications/content/servicedef/services_document.xml,content-media,content-product-team,provisional-repository-inferred
updateDocument,entity-auto,,update,Document,true,,applications/content/servicedef/services_document.xml,content-media,content-product-team,provisional-repository-inferred
deleteDocument,entity-auto,,delete,Document,true,,applications/content/servicedef/services_document.xml,content-media,content-product-team,provisional-repository-inferred
createDocumentType,entity-auto,,create,DocumentType,true,,applications/content/servicedef/services_document.xml,content-media,content-product-team,provisional-repository-inferred
updateDocumentType,entity-auto,,update,DocumentType,true,,applications/content/servicedef/services_document.xml,content-media,content-product-team,provisional-repository-inferred
deleteDocumentType,entity-auto,,delete,DocumentType,true,,applications/content/servicedef/services_document.xml,content-media,content-product-team,provisional-repository-inferred
createDocumentTypeAttr,entity-auto,,create,DocumentTypeAttr,true,,applications/content/servicedef/services_document.xml,content-media,content-product-team,provisional-repository-inferred
updateDocumentTypeAttr,entity-auto,,update,DocumentTypeAttr,true,,applications/content/servicedef/services_document.xml,content-media,content-product-team,provisional-repository-inferred
deleteDocumentTypeAttr,entity-auto,,delete,DocumentTypeAttr,true,,applications/content/servicedef/services_document.xml,content-media,content-product-team,provisional-repository-inferred
sendContentToFtp,java,org.apache.ofbiz.content.ftp.FtpServices,sendContentToFtp,,true,,applications/content/servicedef/services_ftp.xml,content-media,content-product-team,provisional-repository-inferred
sendPrintFromScreen,java,org.apache.ofbiz.content.output.OutputServices,sendPrintFromScreen,,,,applications/content/servicedef/services_output.xml,content-media,content-product-team,provisional-repository-inferred
createFileFromScreen,java,org.apache.ofbiz.content.output.OutputServices,createFileFromScreen,,,,applications/content/servicedef/services_output.xml,content-media,content-product-team,provisional-repository-inferred
createSurvey,entity-auto,,create,Survey,true,,applications/content/servicedef/services_survey.xml,content-media,content-product-team,provisional-repository-inferred
updateSurvey,entity-auto,,update,Survey,true,,applications/content/servicedef/services_survey.xml,content-media,content-product-team,provisional-repository-inferred
deleteSurvey,entity-auto,,delete,Survey,true,,applications/content/servicedef/services_survey.xml,content-media,content-product-team,provisional-repository-inferred
createSurveyMultiResp,entity-auto,,create,SurveyMultiResp,true,,applications/content/servicedef/services_survey.xml,content-media,content-product-team,provisional-repository-inferred
updateSurveyMultiResp,entity-auto,,update,SurveyMultiResp,true,,applications/content/servicedef/services_survey.xml,content-media,content-product-team,provisional-repository-inferred
deleteSurveyMultiResp,entity-auto,,delete,SurveyMultiResp,true,,applications/content/servicedef/services_survey.xml,content-media,content-product-team,provisional-repository-inferred
createSurveyMultiRespColumn,entity-auto,,create,SurveyMultiRespColumn,true,,applications/content/servicedef/services_survey.xml,content-media,content-product-team,provisional-repository-inferred
updateSurveyMultiRespColumn,entity-auto,,update,SurveyMultiRespColumn,true,,applications/content/servicedef/services_survey.xml,content-media,content-product-team,provisional-repository-inferred
deleteSurveyMultiRespColumn,entity-auto,,delete,SurveyMultiRespColumn,true,,applications/content/servicedef/services_survey.xml,content-media,content-product-team,provisional-repository-inferred
createSurveyPage,entity-auto,,create,SurveyPage,true,,applications/content/servicedef/services_survey.xml,content-media,content-product-team,provisional-repository-inferred
updateSurveyPage,entity-auto,,update,SurveyPage,true,,applications/content/servicedef/services_survey.xml,content-media,content-product-team,provisional-repository-inferred
deleteSurveyPage,entity-auto,,delete,SurveyPage,true,,applications/content/servicedef/services_survey.xml,content-media,content-product-team,provisional-repository-inferred
createSurveyApplType,entity-auto,,create,SurveyApplType,true,,applications/content/servicedef/services_survey.xml,content-media,content-product-team,provisional-repository-inferred
updateSurveyApplType,entity-auto,,update,SurveyApplType,true,,applications/content/servicedef/services_survey.xml,content-media,content-product-team,provisional-repository-inferred
deleteSurveyApplType,entity-auto,,delete,SurveyApplType,true,,applications/content/servicedef/services_survey.xml,content-media,content-product-team,provisional-repository-inferred
createSurveyQuestion,simple,component://content/minilang/survey/SurveyServices.xml,createSurveyQuestion,SurveyQuestion,true,,applications/content/servicedef/services_survey.xml,content-media,content-product-team,provisional-repository-inferred
updateSurveyQuestion,simple,component://content/minilang/survey/SurveyServices.xml,updateSurveyQuestion,SurveyQuestion,true,,applications/content/servicedef/services_survey.xml,content-media,content-product-team,provisional-repository-inferred
deleteSurveyQuestion,entity-auto,,delete,SurveyQuestion,true,,applications/content/servicedef/services_survey.xml,content-media,content-product-team,provisional-repository-inferred
createSurveyQuestionOption,entity-auto,,create,SurveyQuestionOption,true,,applications/content/servicedef/services_survey.xml,content-media,content-product-team,provisional-repository-inferred
updateSurveyQuestionOption,entity-auto,,update,SurveyQuestionOption,true,,applications/content/servicedef/services_survey.xml,content-media,content-product-team,provisional-repository-inferred
deleteSurveyQuestionOption,entity-auto,,delete,SurveyQuestionOption,true,,applications/content/servicedef/services_survey.xml,content-media,content-product-team,provisional-repository-inferred
createSurveyQuestionAppl,entity-auto,,create,SurveyQuestionAppl,true,,applications/content/servicedef/services_survey.xml,content-media,content-product-team,provisional-repository-inferred
updateSurveyQuestionAppl,entity-auto,,update,SurveyQuestionAppl,true,,applications/content/servicedef/services_survey.xml,content-media,content-product-team,provisional-repository-inferred
deleteSurveyQuestionAppl,entity-auto,,delete,SurveyQuestionAppl,true,,applications/content/servicedef/services_survey.xml,content-media,content-product-team,provisional-repository-inferred
createSurveyQuestionCategory,entity-auto,,create,SurveyQuestionCategory,true,,applications/content/servicedef/services_survey.xml,content-media,content-product-team,provisional-repository-inferred
updateSurveyQuestionCategory,entity-auto,,update,SurveyQuestionCategory,true,,applications/content/servicedef/services_survey.xml,content-media,content-product-team,provisional-repository-inferred
deleteSurveyQuestionCategory,entity-auto,,delete,SurveyQuestionCategory,true,,applications/content/servicedef/services_survey.xml,content-media,content-product-team,provisional-repository-inferred
createSurveyQuestionType,entity-auto,,create,SurveyQuestionType,true,,applications/content/servicedef/services_survey.xml,content-media,content-product-team,provisional-repository-inferred
updateSurveyQuestionType,entity-auto,,update,SurveyQuestionType,true,,applications/content/servicedef/services_survey.xml,content-media,content-product-team,provisional-repository-inferred
deleteSurveyQuestionType,entity-auto,,delete,SurveyQuestionType,true,,applications/content/servicedef/services_survey.xml,content-media,content-product-team,provisional-repository-inferred
createSurveyTrigger,entity-auto,,create,SurveyTrigger,true,,applications/content/servicedef/services_survey.xml,content-media,content-product-team,provisional-repository-inferred
updateSurveyTrigger,entity-auto,,update,SurveyTrigger,true,,applications/content/servicedef/services_survey.xml,content-media,content-product-team,provisional-repository-inferred
deleteSurveyTrigger,entity-auto,,delete,SurveyTrigger,true,,applications/content/servicedef/services_survey.xml,content-media,content-product-team,provisional-repository-inferred
createSurveyResponse,simple,component://content/minilang/survey/SurveyServices.xml,createSurveyResponse,,false,,applications/content/servicedef/services_survey.xml,content-media,content-product-team,provisional-repository-inferred
surveyResponseProcessInterface,interface,,,,,,applications/content/servicedef/services_survey.xml,content-media,content-product-team,provisional-repository-inferred
buildSurveyFromPdf,java,org.apache.ofbiz.content.survey.PdfSurveyServices,buildSurveyFromPdf,,false,,applications/content/servicedef/services_survey.xml,content-media,content-product-team,provisional-repository-inferred
buildSurveyResponseFromPdf,java,org.apache.ofbiz.content.survey.PdfSurveyServices,buildSurveyResponseFromPdf,,false,,applications/content/servicedef/services_survey.xml,content-media,content-product-team,provisional-repository-inferred
getAcroFieldsFromPdf,java,org.apache.ofbiz.content.survey.PdfSurveyServices,getAcroFieldsFromPdf,,false,,applications/content/servicedef/services_survey.xml,content-media,content-product-team,provisional-repository-inferred
setAcroFieldsFromSurveyResponse,java,org.apache.ofbiz.content.survey.PdfSurveyServices,setAcroFieldsFromSurveyResponse,,false,,applications/content/servicedef/services_survey.xml,content-media,content-product-team,provisional-repository-inferred
setAcroFields,java,org.apache.ofbiz.content.survey.PdfSurveyServices,setAcroFields,,false,,applications/content/servicedef/services_survey.xml,content-media,content-product-team,provisional-repository-inferred
buildPdfFromSurveyResponse,java,org.apache.ofbiz.content.survey.PdfSurveyServices,buildPdfFromSurveyResponse,,false,,applications/content/servicedef/services_survey.xml,content-media,content-product-team,provisional-repository-inferred
buildSurveyQuestionsAndAnswers,java,org.apache.ofbiz.content.survey.PdfSurveyServices,buildSurveyQuestionsAndAnswers,,false,,applications/content/servicedef/services_survey.xml,content-media,content-product-team,provisional-repository-inferred
createWebSite,entity-auto,,create,WebSite,true,,applications/content/servicedef/services_website.xml,content-media,content-product-team,provisional-repository-inferred
updateWebSite,entity-auto,,update,WebSite,true,,applications/content/servicedef/services_website.xml,content-media,content-product-team,provisional-repository-inferred
createWebSiteContent,entity-auto,,create,WebSiteContent,true,,applications/content/servicedef/services_website.xml,content-media,content-product-team,provisional-repository-inferred
updateWebSiteContent,entity-auto,,update,WebSiteContent,true,,applications/content/servicedef/services_website.xml,content-media,content-product-team,provisional-repository-inferred
removeWebSiteContent,entity-auto,,delete,WebSiteContent,true,,applications/content/servicedef/services_website.xml,content-media,content-product-team,provisional-repository-inferred
createWebSiteContentType,entity-auto,,create,WebSiteContentType,true,,applications/content/servicedef/services_website.xml,content-media,content-product-team,provisional-repository-inferred
updateWebSiteContentType,entity-auto,,update,WebSiteContentType,true,,applications/content/servicedef/services_website.xml,content-media,content-product-team,provisional-repository-inferred
removeWebSiteContentType,entity-auto,,delete,WebSiteContentType,true,,applications/content/servicedef/services_website.xml,content-media,content-product-team,provisional-repository-inferred
createWebSitePathAlias,entity-auto,,create,WebSitePathAlias,true,,applications/content/servicedef/services_website.xml,content-media,content-product-team,provisional-repository-inferred
updateWebSitePathAlias,entity-auto,,update,WebSitePathAlias,true,,applications/content/servicedef/services_website.xml,content-media,content-product-team,provisional-repository-inferred
removeWebSitePathAlias,entity-auto,,delete,WebSitePathAlias,true,,applications/content/servicedef/services_website.xml,content-media,content-product-team,provisional-repository-inferred
getWebSitePathAlias,simple,component://content/minilang/website/WebSiteServices.xml,getWebSitePathAlias,WebSitePathAlias,true,,applications/content/servicedef/services_website.xml,content-media,content-product-team,provisional-repository-inferred
webSiteRoleInterface,interface,,,,,,applications/content/servicedef/services_website.xml,content-media,content-product-team,provisional-repository-inferred
addWebSiteRole,entity-auto,,create,WebSiteRole,true,,applications/content/servicedef/services_website.xml,content-media,content-product-team,provisional-repository-inferred
createWebSiteRole,entity-auto,,create,WebSiteRole,true,,applications/content/servicedef/services_website.xml,content-media,content-product-team,provisional-repository-inferred
updateWebSiteRole,entity-auto,,update,WebSiteRole,true,,applications/content/servicedef/services_website.xml,content-media,content-product-team,provisional-repository-inferred
removeWebSiteRole,entity-auto,,delete,,true,,applications/content/servicedef/services_website.xml,content-media,content-product-team,provisional-repository-inferred
autoCreateWebSiteContent,simple,component://content/minilang/website/WebSiteServices.xml,quickCreateWebSiteContent,,true,,applications/content/servicedef/services_website.xml,content-media,content-product-team,provisional-repository-inferred
generateMissingSeoUrlForWebsite,simple,component://content/minilang/website/WebSiteServices.xml,generateMissingSeoUrlForWebsite,,true,,applications/content/servicedef/services_website.xml,content-media,content-product-team,provisional-repository-inferred
createPartyQual,entity-auto,,create,PartyQual,true,,applications/humanres/servicedef/services.xml,workforce,workforce-product-team,provisional-repository-inferred
updatePartyQual,entity-auto,,update,PartyQual,true,,applications/humanres/servicedef/services.xml,workforce,workforce-product-team,provisional-repository-inferred
deletePartyQual,entity-auto,,delete,PartyQual,true,,applications/humanres/servicedef/services.xml,workforce,workforce-product-team,provisional-repository-inferred
createPartyResume,entity-auto,,create,PartyResume,true,,applications/humanres/servicedef/services.xml,workforce,workforce-product-team,provisional-repository-inferred
updatePartyResume,entity-auto,,update,PartyResume,true,,applications/humanres/servicedef/services.xml,workforce,workforce-product-team,provisional-repository-inferred
deletePartyResume,entity-auto,,delete,PartyResume,true,,applications/humanres/servicedef/services.xml,workforce,workforce-product-team,provisional-repository-inferred
createPartySkill,entity-auto,,create,PartySkill,true,,applications/humanres/servicedef/services.xml,workforce,workforce-product-team,provisional-repository-inferred
updatePartySkill,entity-auto,,update,PartySkill,true,,applications/humanres/servicedef/services.xml,workforce,workforce-product-team,provisional-repository-inferred
deletePartySkill,entity-auto,,delete,PartySkill,true,,applications/humanres/servicedef/services.xml,workforce,workforce-product-team,provisional-repository-inferred
createPerfReview,entity-auto,,create,PerfReview,true,,applications/humanres/servicedef/services.xml,workforce,workforce-product-team,provisional-repository-inferred
updatePerfReview,entity-auto,,update,PerfReview,true,,applications/humanres/servicedef/services.xml,workforce,workforce-product-team,provisional-repository-inferred
deletePerfReview,entity-auto,,delete,PerfReview,true,,applications/humanres/servicedef/services.xml,workforce,workforce-product-team,provisional-repository-inferred
createPerfReviewItem,entity-auto,,create,PerfReviewItem,true,,applications/humanres/servicedef/services.xml,workforce,workforce-product-team,provisional-repository-inferred
updatePerfReviewItem,entity-auto,,update,PerfReviewItem,true,,applications/humanres/servicedef/services.xml,workforce,workforce-product-team,provisional-repository-inferred
deletePerfReviewItem,entity-auto,,delete,PerfReviewItem,true,,applications/humanres/servicedef/services.xml,workforce,workforce-product-team,provisional-repository-inferred
createPerformanceNote,entity-auto,,create,PerformanceNote,true,,applications/humanres/servicedef/services.xml,workforce,workforce-product-team,provisional-repository-inferred
updatePerformanceNote,entity-auto,,update,PerformanceNote,true,,applications/humanres/servicedef/services.xml,workforce,workforce-product-team,provisional-repository-inferred
deletePerformanceNote,entity-auto,,delete,PerformanceNote,true,,applications/humanres/servicedef/services.xml,workforce,workforce-product-team,provisional-repository-inferred
createEmployment,simple,component://humanres/minilang/HumanResServices.xml,createEmployment,Employment,true,,applications/humanres/servicedef/services.xml,workforce,workforce-product-team,provisional-repository-inferred
updateEmployment,entity-auto,,update,Employment,true,,applications/humanres/servicedef/services.xml,workforce,workforce-product-team,provisional-repository-inferred
deleteEmployment,entity-auto,,delete,Employment,true,,applications/humanres/servicedef/services.xml,workforce,workforce-product-team,provisional-repository-inferred
createEmploymentApp,entity-auto,,create,EmploymentApp,true,,applications/humanres/servicedef/services.xml,workforce,workforce-product-team,provisional-repository-inferred
updateEmploymentApp,entity-auto,,update,EmploymentApp,true,,applications/humanres/servicedef/services.xml,workforce,workforce-product-team,provisional-repository-inferred
deleteEmploymentApp,entity-auto,,delete,EmploymentApp,true,,applications/humanres/servicedef/services.xml,workforce,workforce-product-team,provisional-repository-inferred
createPartyBenefit,entity-auto,,create,PartyBenefit,true,,applications/humanres/servicedef/services.xml,workforce,workforce-product-team,provisional-repository-inferred
updatePartyBenefit,entity-auto,,update,PartyBenefit,true,,applications/humanres/servicedef/services.xml,workforce,workforce-product-team,provisional-repository-inferred
deletePartyBenefit,entity-auto,,delete,PartyBenefit,true,,applications/humanres/servicedef/services.xml,workforce,workforce-product-team,provisional-repository-inferred
createPayGrade,entity-auto,,create,PayGrade,true,,applications/humanres/servicedef/services.xml,workforce,workforce-product-team,provisional-repository-inferred
updatePayGrade,entity-auto,,update,PayGrade,true,,applications/humanres/servicedef/services.xml,workforce,workforce-product-team,provisional-repository-inferred
deletePayGrade,entity-auto,,delete,PayGrade,true,,applications/humanres/servicedef/services.xml,workforce,workforce-product-team,provisional-repository-inferred
createPayHistory,entity-auto,,create,PayHistory,true,,applications/humanres/servicedef/services.xml,workforce,workforce-product-team,provisional-repository-inferred
updatePayHistory,simple,component://humanres/minilang/HumanResServices.xml,updatePayHistory,PayHistory,true,,applications/humanres/servicedef/services.xml,workforce,workforce-product-team,provisional-repository-inferred
deletePayHistory,entity-auto,,delete,PayHistory,true,,applications/humanres/servicedef/services.xml,workforce,workforce-product-team,provisional-repository-inferred
expirePayHistory,entity-auto,,expire,PayHistory,true,,applications/humanres/servicedef/services.xml,workforce,workforce-product-team,provisional-repository-inferred
createPayrollPreference,entity-auto,,create,PayrollPreference,true,,applications/humanres/servicedef/services.xml,workforce,workforce-product-team,provisional-repository-inferred
updatePayrollPreference,entity-auto,,update,PayrollPreference,true,,applications/humanres/servicedef/services.xml,workforce,workforce-product-team,provisional-repository-inferred
deletePayrollPreference,entity-auto,,delete,PayrollPreference,true,,applications/humanres/servicedef/services.xml,workforce,workforce-product-team,provisional-repository-inferred
createSalaryStep,entity-auto,,create,SalaryStep,true,,applications/humanres/servicedef/services.xml,workforce,workforce-product-team,provisional-repository-inferred
updateSalaryStep,entity-auto,,update,SalaryStep,true,,applications/humanres/servicedef/services.xml,workforce,workforce-product-team,provisional-repository-inferred
deleteSalaryStep,entity-auto,,delete,SalaryStep,true,,applications/humanres/servicedef/services.xml,workforce,workforce-product-team,provisional-repository-inferred
createTerminationReason,entity-auto,,create,TerminationReason,true,,applications/humanres/servicedef/services.xml,workforce,workforce-product-team,provisional-repository-inferred
updateTerminationReason,entity-auto,,update,TerminationReason,true,,applications/humanres/servicedef/services.xml,workforce,workforce-product-team,provisional-repository-inferred
deleteTerminationReason,entity-auto,,delete,TerminationReason,true,,applications/humanres/servicedef/services.xml,workforce,workforce-product-team,provisional-repository-inferred
createUnemploymentClaim,entity-auto,,create,UnemploymentClaim,true,,applications/humanres/servicedef/services.xml,workforce,workforce-product-team,provisional-repository-inferred
updateUnemploymentClaim,entity-auto,,update,UnemploymentClaim,true,,applications/humanres/servicedef/services.xml,workforce,workforce-product-team,provisional-repository-inferred
deleteUnemploymentClaim,entity-auto,,delete,UnemploymentClaim,true,,applications/humanres/servicedef/services.xml,workforce,workforce-product-team,provisional-repository-inferred
createEmplPosition,entity-auto,,create,EmplPosition,true,,applications/humanres/servicedef/services.xml,workforce,workforce-product-team,provisional-repository-inferred
updateEmplPosition,entity-auto,,update,EmplPosition,true,,applications/humanres/servicedef/services.xml,workforce,workforce-product-team,provisional-repository-inferred
deleteEmplPosition,entity-auto,,delete,EmplPosition,true,,applications/humanres/servicedef/services.xml,workforce,workforce-product-team,provisional-repository-inferred
createEmplPositionFulfillment,entity-auto,,create,EmplPositionFulfillment,true,,applications/humanres/servicedef/services.xml,workforce,workforce-product-team,provisional-repository-inferred
updateEmplPositionFulfillment,entity-auto,,update,EmplPositionFulfillment,true,,applications/humanres/servicedef/services.xml,workforce,workforce-product-team,provisional-repository-inferred
deleteEmplPositionFulfillment,entity-auto,,delete,EmplPositionFulfillment,true,,applications/humanres/servicedef/services.xml,workforce,workforce-product-team,provisional-repository-inferred
createEmplPositionReportingStruct,simple,component://humanres/minilang/HumanResServices.xml,createEmplPositionReportingStruct,EmplPositionReportingStruct,true,,applications/humanres/servicedef/services.xml,workforce,workforce-product-team,provisional-repository-inferred
updateEmplPositionReportingStruct,entity-auto,,update,EmplPositionReportingStruct,true,,applications/humanres/servicedef/services.xml,workforce,workforce-product-team,provisional-repository-inferred
deleteEmplPositionReportingStruct,entity-auto,,delete,EmplPositionReportingStruct,true,,applications/humanres/servicedef/services.xml,workforce,workforce-product-team,provisional-repository-inferred
createEmplPositionResponsibility,entity-auto,,create,EmplPositionResponsibility,true,,applications/humanres/servicedef/services.xml,workforce,workforce-product-team,provisional-repository-inferred
updateEmplPositionResponsibility,entity-auto,,update,EmplPositionResponsibility,true,,applications/humanres/servicedef/services.xml,workforce,workforce-product-team,provisional-repository-inferred
deleteEmplPositionResponsibility,entity-auto,,delete,EmplPositionResponsibility,true,,applications/humanres/servicedef/services.xml,workforce,workforce-product-team,provisional-repository-inferred
createValidResponsibility,entity-auto,,create,ValidResponsibility,true,,applications/humanres/servicedef/services.xml,workforce,workforce-product-team,provisional-repository-inferred
updateValidResponsibility,entity-auto,,update,ValidResponsibility,true,,applications/humanres/servicedef/services.xml,workforce,workforce-product-team,provisional-repository-inferred
deleteValidResponsibility,entity-auto,,delete,ValidResponsibility,true,,applications/humanres/servicedef/services.xml,workforce,workforce-product-team,provisional-repository-inferred
humanResManagerPermission,simple,component://humanres/minilang/permission/HumanResPermissionServices.xml,humanResManagerPermission,,true,,applications/humanres/servicedef/services.xml,workforce,workforce-product-team,provisional-repository-inferred
createSkillType,entity-auto,,create,SkillType,true,,applications/humanres/servicedef/services.xml,workforce,workforce-product-team,provisional-repository-inferred
updateSkillType,entity-auto,,update,SkillType,true,,applications/humanres/servicedef/services.xml,workforce,workforce-product-team,provisional-repository-inferred
deleteSkillType,entity-auto,,delete,SkillType,true,,applications/humanres/servicedef/services.xml,workforce,workforce-product-team,provisional-repository-inferred
createEmployee,simple,component://humanres/minilang/HumanResServices.xml,createEmployee,,,,applications/humanres/servicedef/services.xml,workforce,workforce-product-team,provisional-repository-inferred
createResponsibilityType,entity-auto,,create,ResponsibilityType,true,,applications/humanres/servicedef/services.xml,workforce,workforce-product-team,provisional-repository-inferred
updateResponsibilityType,entity-auto,,update,ResponsibilityType,true,,applications/humanres/servicedef/services.xml,workforce,workforce-product-team,provisional-repository-inferred
deleteResponsibilityType,entity-auto,,delete,ResponsibilityType,true,,applications/humanres/servicedef/services.xml,workforce,workforce-product-team,provisional-repository-inferred
createTerminationType,entity-auto,,create,TerminationType,true,,applications/humanres/servicedef/services.xml,workforce,workforce-product-team,provisional-repository-inferred
updateTerminationType,entity-auto,,update,TerminationType,true,,applications/humanres/servicedef/services.xml,workforce,workforce-product-team,provisional-repository-inferred
deleteTerminationType,entity-auto,,delete,TerminationType,true,,applications/humanres/servicedef/services.xml,workforce,workforce-product-team,provisional-repository-inferred
createEmplPositionType,entity-auto,,create,EmplPositionType,true,,applications/humanres/servicedef/services.xml,workforce,workforce-product-team,provisional-repository-inferred
updateEmplPositionType,entity-auto,,update,EmplPositionType,true,,applications/humanres/servicedef/services.xml,workforce,workforce-product-team,provisional-repository-inferred
deleteEmplPositionType,entity-auto,,delete,EmplPositionType,true,,applications/humanres/servicedef/services.xml,workforce,workforce-product-team,provisional-repository-inferred
updateEmplPositionTypeRate,simple,component://humanres/minilang/HumanResServices.xml,updateEmplPositionTypeRate,EmplPositionTypeRate,true,,applications/humanres/servicedef/services.xml,workforce,workforce-product-team,provisional-repository-inferred
deleteEmplPositionTypeRate,simple,component://humanres/minilang/HumanResServices.xml,deleteEmplPositionTypeRate,EmplPositionTypeRate,true,,applications/humanres/servicedef/services.xml,workforce,workforce-product-team,provisional-repository-inferred
createAgreementEmploymentAppl,entity-auto,,create,AgreementEmploymentAppl,true,,applications/humanres/servicedef/services.xml,workforce,workforce-product-team,provisional-repository-inferred
updateAgreementEmploymentAppl,entity-auto,,update,AgreementEmploymentAppl,true,,applications/humanres/servicedef/services.xml,workforce,workforce-product-team,provisional-repository-inferred
deleteAgreementEmploymentAppl,entity-auto,,delete,AgreementEmploymentAppl,true,,applications/humanres/servicedef/services.xml,workforce,workforce-product-team,provisional-repository-inferred
createEmplLeave,entity-auto,,create,EmplLeave,true,,applications/humanres/servicedef/services.xml,workforce,workforce-product-team,provisional-repository-inferred
updateEmplLeave,entity-auto,,update,EmplLeave,true,,applications/humanres/servicedef/services.xml,workforce,workforce-product-team,provisional-repository-inferred
deleteEmplLeave,entity-auto,,delete,EmplLeave,true,,applications/humanres/servicedef/services.xml,workforce,workforce-product-team,provisional-repository-inferred
createEmplLeaveType,entity-auto,,create,EmplLeaveType,true,,applications/humanres/servicedef/services.xml,workforce,workforce-product-team,provisional-repository-inferred
updateEmplLeaveType,entity-auto,,update,EmplLeaveType,true,,applications/humanres/servicedef/services.xml,workforce,workforce-product-team,provisional-repository-inferred
deleteEmplLeaveType,entity-auto,,delete,EmplLeaveType,true,,applications/humanres/servicedef/services.xml,workforce,workforce-product-team,provisional-repository-inferred
getCurrentPartyEmploymentData,simple,component://humanres/minilang/HumanResServices.xml,getCurrentPartyEmploymentData,,true,,applications/humanres/servicedef/services.xml,workforce,workforce-product-team,provisional-repository-inferred
createJobRequisition,entity-auto,,create,JobRequisition,true,,applications/humanres/servicedef/services.xml,workforce,workforce-product-team,provisional-repository-inferred
updateJobRequisition,entity-auto,,update,JobRequisition,true,,applications/humanres/servicedef/services.xml,workforce,workforce-product-team,provisional-repository-inferred
deleteJobRequisition,entity-auto,,delete,JobRequisition,true,,applications/humanres/servicedef/services.xml,workforce,workforce-product-team,provisional-repository-inferred
createInternalJobPosting,entity-auto,,create,EmploymentApp,true,,applications/humanres/servicedef/services.xml,workforce,workforce-product-team,provisional-repository-inferred
updateInternalJobPosting,entity-auto,,update,EmploymentApp,true,,applications/humanres/servicedef/services.xml,workforce,workforce-product-team,provisional-repository-inferred
deleteInternalJobPosting,entity-auto,,delete,EmploymentApp,true,,applications/humanres/servicedef/services.xml,workforce,workforce-product-team,provisional-repository-inferred
createJobInterview,entity-auto,,create,JobInterview,true,,applications/humanres/servicedef/services.xml,workforce,workforce-product-team,provisional-repository-inferred
updateJobInterview,entity-auto,,update,JobInterview,true,,applications/humanres/servicedef/services.xml,workforce,workforce-product-team,provisional-repository-inferred
deleteJobInterview,entity-auto,,delete,JobInterview,true,,applications/humanres/servicedef/services.xml,workforce,workforce-product-team,provisional-repository-inferred
createJobInterviewType,entity-auto,,create,JobInterviewType,true,,applications/humanres/servicedef/services.xml,workforce,workforce-product-team,provisional-repository-inferred
updateJobInterviewType,entity-auto,,update,JobInterviewType,true,,applications/humanres/servicedef/services.xml,workforce,workforce-product-team,provisional-repository-inferred
deleteJobInterviewType,entity-auto,,delete,JobInterviewType,true,,applications/humanres/servicedef/services.xml,workforce,workforce-product-team,provisional-repository-inferred
updateApprovalStatus,entity-auto,,update,EmploymentApp,true,,applications/humanres/servicedef/services.xml,workforce,workforce-product-team,provisional-repository-inferred
updateTrainingStatus,entity-auto,,update,PersonTraining,true,,applications/humanres/servicedef/services.xml,workforce,workforce-product-team,provisional-repository-inferred
applyTraining,simple,component://humanres/minilang/HumanResServices.xml,applyTraining,PersonTraining,true,,applications/humanres/servicedef/services.xml,workforce,workforce-product-team,provisional-repository-inferred
assignTraining,simple,component://humanres/minilang/HumanResServices.xml,assignTraining,PersonTraining,true,,applications/humanres/servicedef/services.xml,workforce,workforce-product-team,provisional-repository-inferred
createTrainingTypes,entity-auto,,create,TrainingClassType,true,,applications/humanres/servicedef/services.xml,workforce,workforce-product-team,provisional-repository-inferred
updateTrainingTypes,entity-auto,,update,TrainingClassType,true,,applications/humanres/servicedef/services.xml,workforce,workforce-product-team,provisional-repository-inferred
deleteTrainingTypes,entity-auto,,delete,TrainingClassType,true,,applications/humanres/servicedef/services.xml,workforce,workforce-product-team,provisional-repository-inferred
createEmplLeaveReasonType,entity-auto,,create,EmplLeaveReasonType,true,,applications/humanres/servicedef/services.xml,workforce,workforce-product-team,provisional-repository-inferred
updateEmplLeaveReasonType,entity-auto,,update,EmplLeaveReasonType,true,,applications/humanres/servicedef/services.xml,workforce,workforce-product-team,provisional-repository-inferred
deleteEmplLeaveReasonType,entity-auto,,delete,EmplLeaveReasonType,true,,applications/humanres/servicedef/services.xml,workforce,workforce-product-team,provisional-repository-inferred
updateEmplLeaveStatus,entity-auto,,update,EmplLeave,true,,applications/humanres/servicedef/services.xml,workforce,workforce-product-team,provisional-repository-inferred
createPartyQualType,entity-auto,,create,PartyQualType,true,,applications/humanres/servicedef/services.xml,workforce,workforce-product-team,provisional-repository-inferred
updatePartyQualType,entity-auto,,update,PartyQualType,true,,applications/humanres/servicedef/services.xml,workforce,workforce-product-team,provisional-repository-inferred
deletePartyQualType,entity-auto,,delete,PartyQualType,true,,applications/humanres/servicedef/services.xml,workforce,workforce-product-team,provisional-repository-inferred
createPerfRatingType,entity-auto,,create,PerfRatingType,true,,applications/humanres/servicedef/services_ability.xml,workforce,workforce-product-team,provisional-repository-inferred
updatePerfRatingType,entity-auto,,update,PerfRatingType,true,,applications/humanres/servicedef/services_ability.xml,workforce,workforce-product-team,provisional-repository-inferred
deletePerfRatingType,entity-auto,,delete,PerfRatingType,true,,applications/humanres/servicedef/services_ability.xml,workforce,workforce-product-team,provisional-repository-inferred
createPerfReviewItemType,entity-auto,,create,PerfReviewItemType,true,,applications/humanres/servicedef/services_ability.xml,workforce,workforce-product-team,provisional-repository-inferred
updatePerfReviewItemType,entity-auto,,update,PerfReviewItemType,true,,applications/humanres/servicedef/services_ability.xml,workforce,workforce-product-team,provisional-repository-inferred
deletePerfReviewItemType,entity-auto,,delete,PerfReviewItemType,true,,applications/humanres/servicedef/services_ability.xml,workforce,workforce-product-team,provisional-repository-inferred
createBenefitType,entity-auto,,create,BenefitType,true,,applications/humanres/servicedef/services_employment.xml,workforce,workforce-product-team,provisional-repository-inferred
updateBenefitType,entity-auto,,update,BenefitType,true,,applications/humanres/servicedef/services_employment.xml,workforce,workforce-product-team,provisional-repository-inferred
deleteBenefitType,entity-auto,,delete,BenefitType,true,,applications/humanres/servicedef/services_employment.xml,workforce,workforce-product-team,provisional-repository-inferred
createEmploymentAppSourceType,entity-auto,,create,EmploymentAppSourceType,true,,applications/humanres/servicedef/services_employment.xml,workforce,workforce-product-team,provisional-repository-inferred
updateEmploymentAppSourceType,entity-auto,,update,EmploymentAppSourceType,true,,applications/humanres/servicedef/services_employment.xml,workforce,workforce-product-team,provisional-repository-inferred
deleteEmploymentAppSourceType,entity-auto,,delete,EmploymentAppSourceType,true,,applications/humanres/servicedef/services_employment.xml,workforce,workforce-product-team,provisional-repository-inferred
createEmplPositionTypeClass,entity-auto,,create,EmplPositionTypeClass,true,,applications/humanres/servicedef/services_position.xml,workforce,workforce-product-team,provisional-repository-inferred
updateEmplPositionTypeClass,entity-auto,,update,EmplPositionTypeClass,true,,applications/humanres/servicedef/services_position.xml,workforce,workforce-product-team,provisional-repository-inferred
expireEmplPositionTypeClass,entity-auto,,expire,EmplPositionTypeClass,true,,applications/humanres/servicedef/services_position.xml,workforce,workforce-product-team,provisional-repository-inferred
createEmplPositionClassType,entity-auto,,create,EmplPositionClassType,true,,applications/humanres/servicedef/services_position.xml,workforce,workforce-product-team,provisional-repository-inferred
updateEmplPositionClassType,entity-auto,,update,EmplPositionClassType,true,,applications/humanres/servicedef/services_position.xml,workforce,workforce-product-team,provisional-repository-inferred
deleteEmplPositionClassType,entity-auto,,delete,EmplPositionClassType,true,,applications/humanres/servicedef/services_position.xml,workforce,workforce-product-team,provisional-repository-inferred
createShipmentPackages,java,org.apache.ofbiz.manufacturing.bom.BOMServices,createShipmentPackages,,true,,applications/manufacturing/servicedef/services.xml,manufacturing,manufacturing-product-team,provisional-repository-inferred
createBOMAssoc,simple,component://manufacturing/minilang/bom/BomSimpleMethods.xml,createBOMAssoc,ProductAssoc,true,,applications/manufacturing/servicedef/services_bom.xml,manufacturing,manufacturing-product-team,provisional-repository-inferred
copyBOMAssocs,simple,component://manufacturing/minilang/bom/BomSimpleMethods.xml,copyBOMAssocs,ProductAssoc,true,,applications/manufacturing/servicedef/services_bom.xml,manufacturing,manufacturing-product-team,provisional-repository-inferred
updateProductManufacturingRule,simple,component://manufacturing/minilang/bom/BomSimpleMethods.xml,updateProductManufacturingRule,ProductManufacturingRule,,,applications/manufacturing/servicedef/services_bom.xml,manufacturing,manufacturing-product-team,provisional-repository-inferred
addProductManufacturingRule,simple,component://manufacturing/minilang/bom/BomSimpleMethods.xml,addProductManufacturingRule,ProductManufacturingRule,,,applications/manufacturing/servicedef/services_bom.xml,manufacturing,manufacturing-product-team,provisional-repository-inferred
deleteProductManufacturingRule,simple,component://manufacturing/minilang/bom/BomSimpleMethods.xml,deleteProductManufacturingRule,,,,applications/manufacturing/servicedef/services_bom.xml,manufacturing,manufacturing-product-team,provisional-repository-inferred
getMaxDepth,java,org.apache.ofbiz.manufacturing.bom.BOMServices,getMaxDepth,ProductAssoc,,,applications/manufacturing/servicedef/services_bom.xml,manufacturing,manufacturing-product-team,provisional-repository-inferred
updateLowLevelCode,java,org.apache.ofbiz.manufacturing.bom.BOMServices,updateLowLevelCode,,,,applications/manufacturing/servicedef/services_bom.xml,manufacturing,manufacturing-product-team,provisional-repository-inferred
initLowLevelCode,java,org.apache.ofbiz.manufacturing.bom.BOMServices,initLowLevelCode,,,,applications/manufacturing/servicedef/services_bom.xml,manufacturing,manufacturing-product-team,provisional-repository-inferred
searchDuplicatedAncestor,java,org.apache.ofbiz.manufacturing.bom.BOMServices,searchDuplicatedAncestor,ProductAssoc,,,applications/manufacturing/servicedef/services_bom.xml,manufacturing,manufacturing-product-team,provisional-repository-inferred
getBOMTree,java,org.apache.ofbiz.manufacturing.bom.BOMServices,getBOMTree,ProductAssoc,,,applications/manufacturing/servicedef/services_bom.xml,manufacturing,manufacturing-product-team,provisional-repository-inferred
getManufacturingComponents,java,org.apache.ofbiz.manufacturing.bom.BOMServices,getManufacturingComponents,,,,applications/manufacturing/servicedef/services_bom.xml,manufacturing,manufacturing-product-team,provisional-repository-inferred
getProductsInPackages,java,org.apache.ofbiz.manufacturing.bom.BOMServices,getProductsInPackages,,,,applications/manufacturing/servicedef/services_bom.xml,manufacturing,manufacturing-product-team,provisional-repository-inferred
getNotAssembledComponents,java,org.apache.ofbiz.manufacturing.bom.BOMServices,getNotAssembledComponents,,true,,applications/manufacturing/servicedef/services_bom.xml,manufacturing,manufacturing-product-team,provisional-repository-inferred
findBomProducts,groovy,component://manufacturing/src/main/groovy/org/apache/ofbiz/manufacturing/api/BomManagementServices.groovy,findBomProducts,,true,,applications/manufacturing/servicedef/services_bom.xml,manufacturing,manufacturing-product-team,provisional-repository-inferred
findProductLookupOptions,groovy,component://manufacturing/src/main/groovy/org/apache/ofbiz/manufacturing/api/ManufacturingLookupServices.groovy,findProductLookupOptions,,true,,applications/manufacturing/servicedef/services_bom.xml,manufacturing,manufacturing-product-team,provisional-repository-inferred
getBomSnapshot,groovy,component://manufacturing/src/main/groovy/org/apache/ofbiz/manufacturing/api/BomManagementServices.groovy,getBomSnapshot,,true,,applications/manufacturing/servicedef/services_bom.xml,manufacturing,manufacturing-product-team,provisional-repository-inferred
removeBomAssociation,groovy,component://manufacturing/src/main/groovy/org/apache/ofbiz/manufacturing/api/BomManagementServices.groovy,removeBomAssociation,,true,,applications/manufacturing/servicedef/services_bom.xml,manufacturing,manufacturing-product-team,provisional-repository-inferred
removeBomParentAssociation,groovy,component://manufacturing/src/main/groovy/org/apache/ofbiz/manufacturing/api/BomManagementServices.groovy,removeBomParentAssociation,,true,,applications/manufacturing/servicedef/services_bom.xml,manufacturing,manufacturing-product-team,provisional-repository-inferred
runBomSimulation,groovy,component://manufacturing/src/main/groovy/org/apache/ofbiz/manufacturing/api/BomManagementServices.groovy,runBomSimulation,,true,,applications/manufacturing/servicedef/services_bom.xml,manufacturing,manufacturing-product-team,provisional-repository-inferred
findWarehouses,groovy,component://manufacturing/src/main/groovy/org/apache/ofbiz/manufacturing/api/ManufacturingLookupServices.groovy,findWarehouses,,true,,applications/manufacturing/servicedef/services_bom.xml,manufacturing,manufacturing-product-team,provisional-repository-inferred
findBomTypes,groovy,component://manufacturing/src/main/groovy/org/apache/ofbiz/manufacturing/api/BomManagementServices.groovy,findBomTypes,,true,,applications/manufacturing/servicedef/services_bom.xml,manufacturing,manufacturing-product-team,provisional-repository-inferred
createCalendar,entity-auto,,create,TechDataCalendar,,,applications/manufacturing/servicedef/services_calendar.xml,manufacturing,manufacturing-product-team,provisional-repository-inferred
updateCalendar,entity-auto,,update,TechDataCalendar,,,applications/manufacturing/servicedef/services_calendar.xml,manufacturing,manufacturing-product-team,provisional-repository-inferred
removeCalendar,groovy,component://manufacturing/src/main/groovy/org/apache/ofbiz/manufacturing/routing/RoutingServicesScript.groovy,removeCalendar,TechDataCalendar,,,applications/manufacturing/servicedef/services_calendar.xml,manufacturing,manufacturing-product-team,provisional-repository-inferred
createCalendarWeek,entity-auto,,create,TechDataCalendarWeek,,,applications/manufacturing/servicedef/services_calendar.xml,manufacturing,manufacturing-product-team,provisional-repository-inferred
updateCalendarWeek,entity-auto,,update,TechDataCalendarWeek,,,applications/manufacturing/servicedef/services_calendar.xml,manufacturing,manufacturing-product-team,provisional-repository-inferred
removeCalendarWeek,groovy,component://manufacturing/src/main/groovy/org/apache/ofbiz/manufacturing/routing/RoutingServicesScript.groovy,removeCalendarWeek,TechDataCalendarWeek,,,applications/manufacturing/servicedef/services_calendar.xml,manufacturing,manufacturing-product-team,provisional-repository-inferred
manufacturingPermissionService,groovy,component://common/src/main/groovy/org/apache/ofbiz/common/permission/CommonPermissionServices.groovy,genericBasePermissionCheck,,,,applications/manufacturing/servicedef/services_calendar.xml,manufacturing,manufacturing-product-team,provisional-repository-inferred
createCalendarExceptionDay,entity-auto,,create,TechDataCalendarExcDay,,,applications/manufacturing/servicedef/services_calendar.xml,manufacturing,manufacturing-product-team,provisional-repository-inferred
updateCalendarExceptionDay,entity-auto,,update,TechDataCalendarExcDay,,,applications/manufacturing/servicedef/services_calendar.xml,manufacturing,manufacturing-product-team,provisional-repository-inferred
removeCalendarExceptionDay,entity-auto,,delete,TechDataCalendarExcDay,,,applications/manufacturing/servicedef/services_calendar.xml,manufacturing,manufacturing-product-team,provisional-repository-inferred
createCalendarExceptionWeek,entity-auto,,create,TechDataCalendarExcWeek,,,applications/manufacturing/servicedef/services_calendar.xml,manufacturing,manufacturing-product-team,provisional-repository-inferred
updateCalendarExceptionWeek,entity-auto,,update,TechDataCalendarExcWeek,,,applications/manufacturing/servicedef/services_calendar.xml,manufacturing,manufacturing-product-team,provisional-repository-inferred
removeCalendarExceptionWeek,entity-auto,,delete,TechDataCalendarExcWeek,,,applications/manufacturing/servicedef/services_calendar.xml,manufacturing,manufacturing-product-team,provisional-repository-inferred
interfaceBomFormula,interface,,,,,,applications/manufacturing/servicedef/services_formula.xml,manufacturing,manufacturing-product-team,provisional-repository-inferred
exampleComponentFormula,simple,component://manufacturing/minilang/bom/BomFormulas.xml,exampleComponentFormula,,true,,applications/manufacturing/servicedef/services_formula.xml,manufacturing,manufacturing-product-team,provisional-repository-inferred
linearComponentFormula,simple,component://manufacturing/minilang/bom/BomFormulas.xml,linearComponentConsumptionFormula,,true,,applications/manufacturing/servicedef/services_formula.xml,manufacturing,manufacturing-product-team,provisional-repository-inferred
interfaceTaskFormula,interface,,,,false,,applications/manufacturing/servicedef/services_formula.xml,manufacturing,manufacturing-product-team,provisional-repository-inferred
exampleTaskFormula,simple,component://manufacturing/minilang/techdata/TaskFormulae.xml,exampleTaskFormula,,false,,applications/manufacturing/servicedef/services_formula.xml,manufacturing,manufacturing-product-team,provisional-repository-inferred
findCostComponentOptions,groovy,component://manufacturing/src/main/groovy/org/apache/ofbiz/manufacturing/api/ManufacturingLookupServices.groovy,findCostComponentOptions,,true,,applications/manufacturing/servicedef/services_lookup.xml,manufacturing,manufacturing-product-team,provisional-repository-inferred
findManufacturingFacilities,groovy,component://manufacturing/src/main/groovy/org/apache/ofbiz/manufacturing/api/ManufacturingLookupServices.groovy,findManufacturingFacilities,,true,,applications/manufacturing/servicedef/services_lookup.xml,manufacturing,manufacturing-product-team,provisional-repository-inferred
findManufacturingPlants,groovy,component://manufacturing/src/main/groovy/org/apache/ofbiz/manufacturing/api/ManufacturingLookupServices.groovy,findManufacturingPlants,,true,,applications/manufacturing/servicedef/services_lookup.xml,manufacturing,manufacturing-product-team,provisional-repository-inferred
findFixedAssets,groovy,component://manufacturing/src/main/groovy/org/apache/ofbiz/manufacturing/api/ManufacturingLookupServices.groovy,findFixedAssets,,true,,applications/manufacturing/servicedef/services_lookup.xml,manufacturing,manufacturing-product-team,provisional-repository-inferred
searchProducts,groovy,component://manufacturing/src/main/groovy/org/apache/ofbiz/manufacturing/api/ManufacturingLookupServices.groovy,searchProducts,,true,,applications/manufacturing/servicedef/services_lookup.xml,manufacturing,manufacturing-product-team,provisional-repository-inferred
searchParties,groovy,component://manufacturing/src/main/groovy/org/apache/ofbiz/manufacturing/api/ManufacturingLookupServices.groovy,searchParties,,true,,applications/manufacturing/servicedef/services_lookup.xml,manufacturing,manufacturing-product-team,provisional-repository-inferred
executeMrp,java,org.apache.ofbiz.manufacturing.mrp.MrpServices,executeMrp,,true,,applications/manufacturing/servicedef/services_mrp.xml,manufacturing,manufacturing-product-team,provisional-repository-inferred
createMrpRunLog,entity-auto,,create,MrpRunLog,true,,applications/manufacturing/servicedef/services_mrp.xml,manufacturing,manufacturing-product-team,provisional-repository-inferred
updateMrpRunLog,entity-auto,,update,MrpRunLog,true,,applications/manufacturing/servicedef/services_mrp.xml,manufacturing,manufacturing-product-team,provisional-repository-inferred
createMrpRunLogAndTrackerBeforeQueueingMrp,java,org.apache.ofbiz.manufacturing.mrp.MrpServices,createMrpRunLogAndTrackerBeforeQueueingMrp,,true,,applications/manufacturing/servicedef/services_mrp.xml,manufacturing,manufacturing-product-team,provisional-repository-inferred
launchMrpRun,java,org.apache.ofbiz.manufacturing.mrp.MrpServices,launchMrpRun,,true,,applications/manufacturing/servicedef/services_mrp.xml,manufacturing,manufacturing-product-team,provisional-repository-inferred
initMrpEvents,java,org.apache.ofbiz.manufacturing.mrp.MrpServices,initMrpEvents,,true,,applications/manufacturing/servicedef/services_mrp.xml,manufacturing,manufacturing-product-team,provisional-repository-inferred
findProductMrpQoh,java,org.apache.ofbiz.manufacturing.mrp.MrpServices,findProductMrpQoh,,true,,applications/manufacturing/servicedef/services_mrp.xml,manufacturing,manufacturing-product-team,provisional-repository-inferred
createMrpEvent,java,org.apache.ofbiz.manufacturing.mrp.InventoryEventPlannedServices,createMrpEvent,,false,,applications/manufacturing/servicedef/services_mrp.xml,manufacturing,manufacturing-product-team,provisional-repository-inferred
setEstimatedDeliveryDates,java,org.apache.ofbiz.manufacturing.jobshopmgt.ProductionRunServices,setEstimatedDeliveryDates,,,,applications/manufacturing/servicedef/services_mrp.xml,manufacturing,manufacturing-product-team,provisional-repository-inferred
createMrpEventType,entity-auto,,create,MrpEventType,true,,applications/manufacturing/servicedef/services_mrp.xml,manufacturing,manufacturing-product-team,provisional-repository-inferred
updateMrpEventType,entity-auto,,update,MrpEventType,true,,applications/manufacturing/servicedef/services_mrp.xml,manufacturing,manufacturing-product-team,provisional-repository-inferred
deleteMrpEventType,entity-auto,,delete,MrpEventType,true,,applications/manufacturing/servicedef/services_mrp.xml,manufacturing,manufacturing-product-team,provisional-repository-inferred
findMrpEventPlans,groovy,component://manufacturing/src/main/groovy/org/apache/ofbiz/manufacturing/mrp/MrpEventPlanServices.groovy,findMrpEventPlans,,true,,applications/manufacturing/servicedef/services_mrp.xml,manufacturing,manufacturing-product-team,provisional-repository-inferred
findMrpRuns,groovy,component://manufacturing/src/main/groovy/org/apache/ofbiz/manufacturing/mrp/MrpRunLogServices.groovy,findMrpRuns,,true,,applications/manufacturing/servicedef/services_mrp.xml,manufacturing,manufacturing-product-team,provisional-repository-inferred
findPlanningFacilities,groovy,component://manufacturing/src/main/groovy/org/apache/ofbiz/manufacturing/api/ManufacturingLookupServices.groovy,findManufacturingFacilities,,true,,applications/manufacturing/servicedef/services_mrp.xml,manufacturing,manufacturing-product-team,provisional-repository-inferred
findProductionRuns,groovy,component://manufacturing/src/main/groovy/org/apache/ofbiz/manufacturing/jobshopmgt/ProductionRunQueryServices.groovy,findProductionRuns,,true,,applications/manufacturing/servicedef/services_production_run.xml,manufacturing,manufacturing-product-team,provisional-repository-inferred
getProductionRunDetails,groovy,component://manufacturing/src/main/groovy/org/apache/ofbiz/manufacturing/jobshopmgt/ProductionRunQueryServices.groovy,getProductionRunDetails,,true,,applications/manufacturing/servicedef/services_production_run.xml,manufacturing,manufacturing-product-team,provisional-repository-inferred
createProductionRun,java,org.apache.ofbiz.manufacturing.jobshopmgt.ProductionRunServices,createProductionRun,,true,,applications/manufacturing/servicedef/services_production_run.xml,manufacturing,manufacturing-product-team,provisional-repository-inferred
createProductionRunPartyAssign,groovy,component://manufacturing/src/main/groovy/org/apache/ofbiz/manufacturing/jobshopmgt/ProductionRunServicesScript.groovy,createProductionRunPartyAssign,,false,,applications/manufacturing/servicedef/services_production_run.xml,manufacturing,manufacturing-product-team,provisional-repository-inferred
createProductionRunAssoc,groovy,component://manufacturing/src/main/groovy/org/apache/ofbiz/manufacturing/jobshopmgt/ProductionRunServicesScript.groovy,createProductionRunAssoc,,false,,applications/manufacturing/servicedef/services_production_run.xml,manufacturing,manufacturing-product-team,provisional-repository-inferred
createProductionRunsForProductBom,java,org.apache.ofbiz.manufacturing.jobshopmgt.ProductionRunServices,createProductionRunsForProductBom,,true,,applications/manufacturing/servicedef/services_production_run.xml,manufacturing,manufacturing-product-team,provisional-repository-inferred
createProductionRunsForOrder,java,org.apache.ofbiz.manufacturing.jobshopmgt.ProductionRunServices,createProductionRunsForOrder,,true,,applications/manufacturing/servicedef/services_production_run.xml,manufacturing,manufacturing-product-team,provisional-repository-inferred
createProductionRunFromRequirement,java,org.apache.ofbiz.manufacturing.jobshopmgt.ProductionRunServices,createProductionRunFromRequirement,,true,,applications/manufacturing/servicedef/services_production_run.xml,manufacturing,manufacturing-product-team,provisional-repository-inferred
createProductionRunFromConfiguration,java,org.apache.ofbiz.manufacturing.jobshopmgt.ProductionRunServices,createProductionRunFromConfiguration,,true,,applications/manufacturing/servicedef/services_production_run.xml,manufacturing,manufacturing-product-team,provisional-repository-inferred
createProductionRunForMktgPkg,java,org.apache.ofbiz.manufacturing.jobshopmgt.ProductionRunServices,createProductionRunForMktgPkg,,true,,applications/manufacturing/servicedef/services_production_run.xml,manufacturing,manufacturing-product-team,provisional-repository-inferred
updateProductionRun,java,org.apache.ofbiz.manufacturing.jobshopmgt.ProductionRunServices,updateProductionRun,,true,,applications/manufacturing/servicedef/services_production_run.xml,manufacturing,manufacturing-product-team,provisional-repository-inferred
changeProductionRunStatus,java,org.apache.ofbiz.manufacturing.jobshopmgt.ProductionRunServices,changeProductionRunStatus,,true,,applications/manufacturing/servicedef/services_production_run.xml,manufacturing,manufacturing-product-team,provisional-repository-inferred
changeProductionRunTaskStatus,java,org.apache.ofbiz.manufacturing.jobshopmgt.ProductionRunServices,changeProductionRunTaskStatus,,true,,applications/manufacturing/servicedef/services_production_run.xml,manufacturing,manufacturing-product-team,provisional-repository-inferred
addProductionRunRoutingTask,java,org.apache.ofbiz.manufacturing.jobshopmgt.ProductionRunServices,addProductionRunRoutingTask,,true,,applications/manufacturing/servicedef/services_production_run.xml,manufacturing,manufacturing-product-team,provisional-repository-inferred
checkUpdatePrunRoutingTask,java,org.apache.ofbiz.manufacturing.jobshopmgt.ProductionRunServices,checkUpdatePrunRoutingTask,,true,,applications/manufacturing/servicedef/services_production_run.xml,manufacturing,manufacturing-product-team,provisional-repository-inferred
deleteProductionRunRoutingTask,java,org.apache.ofbiz.manufacturing.jobshopmgt.ProductionRunServices,deleteProductionRunRoutingTask,,true,,applications/manufacturing/servicedef/services_production_run.xml,manufacturing,manufacturing-product-team,provisional-repository-inferred
addProductionRunComponent,java,org.apache.ofbiz.manufacturing.jobshopmgt.ProductionRunServices,addProductionRunComponent,,true,,applications/manufacturing/servicedef/services_production_run.xml,manufacturing,manufacturing-product-team,provisional-repository-inferred
updateProductionRunComponent,java,org.apache.ofbiz.manufacturing.jobshopmgt.ProductionRunServices,updateProductionRunComponent,,true,,applications/manufacturing/servicedef/services_production_run.xml,manufacturing,manufacturing-product-team,provisional-repository-inferred
deleteProductionRunComponent,java,org.apache.ofbiz.manufacturing.jobshopmgt.ProductionRunServices,deleteProductionRunComponent,,true,,applications/manufacturing/servicedef/services_production_run.xml,manufacturing,manufacturing-product-team,provisional-repository-inferred
issueProductionRunTask,groovy,component://manufacturing/src/main/groovy/org/apache/ofbiz/manufacturing/jobshopmgt/ProductionRunServicesScript.groovy,issueProductionRunTask,,false,,applications/manufacturing/servicedef/services_production_run.xml,manufacturing,manufacturing-product-team,provisional-repository-inferred
issueProductionRunTaskComponent,groovy,component://manufacturing/src/main/groovy/org/apache/ofbiz/manufacturing/jobshopmgt/ProductionRunServicesScript.groovy,issueProductionRunTaskComponent,,false,,applications/manufacturing/servicedef/services_production_run.xml,manufacturing,manufacturing-product-team,provisional-repository-inferred
executeProductionRunTaskComponentAtomic,groovy,component://manufacturing/src/main/groovy/org/apache/ofbiz/manufacturing/jobshopmgt/ProductionRunServicesScript.groovy,executeProductionRunTaskComponentAtomic,,false,,applications/manufacturing/servicedef/services_production_run.xml,manufacturing,manufacturing-product-team,provisional-repository-inferred
reconcileGlobalReservations,groovy,component://manufacturing/src/main/groovy/org/apache/ofbiz/manufacturing/jobshopmgt/ProductionRunServicesScript.groovy,reconcileGlobalReservationsService,,false,,applications/manufacturing/servicedef/services_production_run.xml,manufacturing,manufacturing-product-team,provisional-repository-inferred
issueInventoryItemToWorkEffort,groovy,component://manufacturing/src/main/groovy/org/apache/ofbiz/manufacturing/jobshopmgt/ProductionRunServicesScript.groovy,issueInventoryItemToWorkEffort,,false,,applications/manufacturing/servicedef/services_production_run.xml,manufacturing,manufacturing-product-team,provisional-repository-inferred
productionRunProduce,java,org.apache.ofbiz.manufacturing.jobshopmgt.ProductionRunServices,productionRunProduce,,true,,applications/manufacturing/servicedef/services_production_run.xml,manufacturing,manufacturing-product-team,provisional-repository-inferred
productionRunDeclareAndProduce,java,org.apache.ofbiz.manufacturing.jobshopmgt.ProductionRunServices,productionRunDeclareAndProduce,,true,,applications/manufacturing/servicedef/services_production_run.xml,manufacturing,manufacturing-product-team,provisional-repository-inferred
productionRunTaskProduce,java,org.apache.ofbiz.manufacturing.jobshopmgt.ProductionRunServices,productionRunTaskProduce,,true,,applications/manufacturing/servicedef/services_production_run.xml,manufacturing,manufacturing-product-team,provisional-repository-inferred
productionRunTaskReturnMaterial,java,org.apache.ofbiz.manufacturing.jobshopmgt.ProductionRunServices,productionRunTaskReturnMaterial,,true,,applications/manufacturing/servicedef/services_production_run.xml,manufacturing,manufacturing-product-team,provisional-repository-inferred
checkDecomposeInventoryItem,java,org.apache.ofbiz.manufacturing.jobshopmgt.ProductionRunServices,checkDecomposeInventoryItem,,true,,applications/manufacturing/servicedef/services_production_run.xml,manufacturing,manufacturing-product-team,provisional-repository-inferred
decomposeInventoryItem,java,org.apache.ofbiz.manufacturing.jobshopmgt.ProductionRunServices,decomposeInventoryItem,,true,,applications/manufacturing/servicedef/services_production_run.xml,manufacturing,manufacturing-product-team,provisional-repository-inferred
updateProductionRunTask,java,org.apache.ofbiz.manufacturing.jobshopmgt.ProductionRunServices,updateProductionRunTask,,true,,applications/manufacturing/servicedef/services_production_run.xml,manufacturing,manufacturing-product-team,provisional-repository-inferred
quickRunProductionRunTask,java,org.apache.ofbiz.manufacturing.jobshopmgt.ProductionRunServices,quickRunProductionRunTask,,true,,applications/manufacturing/servicedef/services_production_run.xml,manufacturing,manufacturing-product-team,provisional-repository-inferred
quickRunAllProductionRunTasks,java,org.apache.ofbiz.manufacturing.jobshopmgt.ProductionRunServices,quickRunAllProductionRunTasks,,true,,applications/manufacturing/servicedef/services_production_run.xml,manufacturing,manufacturing-product-team,provisional-repository-inferred
quickStartAllProductionRunTasks,java,org.apache.ofbiz.manufacturing.jobshopmgt.ProductionRunServices,quickStartAllProductionRunTasks,,true,,applications/manufacturing/servicedef/services_production_run.xml,manufacturing,manufacturing-product-team,provisional-repository-inferred
quickChangeProductionRunStatus,java,org.apache.ofbiz.manufacturing.jobshopmgt.ProductionRunServices,quickChangeProductionRunStatus,,true,,applications/manufacturing/servicedef/services_production_run.xml,manufacturing,manufacturing-product-team,provisional-repository-inferred
cancelProductionRun,java,org.apache.ofbiz.manufacturing.jobshopmgt.ProductionRunServices,cancelProductionRun,,true,,applications/manufacturing/servicedef/services_production_run.xml,manufacturing,manufacturing-product-team,provisional-repository-inferred
getProductionRunTotResQty,java,org.apache.ofbiz.manufacturing.jobshopmgt.ProductionRunServices,getProductionRunTotResQty,,true,,applications/manufacturing/servicedef/services_production_run.xml,manufacturing,manufacturing-product-team,provisional-repository-inferred
getWorkEffortCosts,java,org.apache.ofbiz.manufacturing.jobshopmgt.ProductionRunServices,getWorkEffortCosts,,true,,applications/manufacturing/servicedef/services_production_run.xml,manufacturing,manufacturing-product-team,provisional-repository-inferred
getProductionRunCost,java,org.apache.ofbiz.manufacturing.jobshopmgt.ProductionRunServices,getProductionRunCost,,true,,applications/manufacturing/servicedef/services_production_run.xml,manufacturing,manufacturing-product-team,provisional-repository-inferred
createProductionRunTaskCosts,java,org.apache.ofbiz.manufacturing.jobshopmgt.ProductionRunServices,createProductionRunTaskCosts,,true,,applications/manufacturing/servicedef/services_production_run.xml,manufacturing,manufacturing-product-team,provisional-repository-inferred
reserveWorkEffortInventory,groovy,component://manufacturing/src/main/groovy/org/apache/ofbiz/manufacturing/jobshopmgt/ProductionRunResServices.groovy,reserveWorkEffortInventory,,true,,applications/manufacturing/servicedef/services_production_run.xml,manufacturing,manufacturing-product-team,provisional-repository-inferred
reserveWorkEffortInventoryItem,groovy,component://manufacturing/src/main/groovy/org/apache/ofbiz/manufacturing/jobshopmgt/ProductionRunResServices.groovy,reserveWorkEffortInventoryItem,,true,,applications/manufacturing/servicedef/services_production_run.xml,manufacturing,manufacturing-product-team,provisional-repository-inferred
autoReserveWorkEffortInventory,groovy,component://manufacturing/src/main/groovy/org/apache/ofbiz/manufacturing/jobshopmgt/ProductionRunResServices.groovy,autoReserveWorkEffortInventory,,true,,applications/manufacturing/servicedef/services_production_run.xml,manufacturing,manufacturing-product-team,provisional-repository-inferred
checkProductionRunFacilityAutoReserve,groovy,component://manufacturing/src/main/groovy/org/apache/ofbiz/manufacturing/jobshopmgt/ProductionRunResServices.groovy,checkProductionRunFacilityAutoReserve,,true,,applications/manufacturing/servicedef/services_production_run.xml,manufacturing,manufacturing-product-team,provisional-repository-inferred
getProductionRunTaskForceIssueImpact,groovy,component://manufacturing/src/main/groovy/org/apache/ofbiz/manufacturing/jobshopmgt/ProductionRunResServices.groovy,getProductionRunTaskForceIssueImpact,,true,,applications/manufacturing/servicedef/services_production_run.xml,manufacturing,manufacturing-product-team,provisional-repository-inferred
releaseProductionRunTaskComponent,groovy,component://manufacturing/src/main/groovy/org/apache/ofbiz/manufacturing/jobshopmgt/ProductionRunResServices.groovy,releaseProductionRunTaskComponent,,true,,applications/manufacturing/servicedef/services_production_run.xml,manufacturing,manufacturing-product-team,provisional-repository-inferred
getTaskQuantities,groovy,component://manufacturing/src/main/groovy/org/apache/ofbiz/manufacturing/jobshopmgt/ProductionRunResServices.groovy,getTaskQuantities,,true,,applications/manufacturing/servicedef/services_production_run.xml,manufacturing,manufacturing-product-team,provisional-repository-inferred
createWorkEffortInvRes,entity-auto,,create,WorkEffortInvRes,true,,applications/manufacturing/servicedef/services_production_run.xml,manufacturing,manufacturing-product-team,provisional-repository-inferred
updateWorkEffortInvRes,entity-auto,,update,WorkEffortInvRes,true,,applications/manufacturing/servicedef/services_production_run.xml,manufacturing,manufacturing-product-team,provisional-repository-inferred
deleteWorkEffortInvRes,entity-auto,,delete,WorkEffortInvRes,true,,applications/manufacturing/servicedef/services_production_run.xml,manufacturing,manufacturing-product-team,provisional-repository-inferred
reallocateAndIssueInventory,groovy,component://manufacturing/src/main/groovy/org/apache/ofbiz/manufacturing/jobshopmgt/ProductionRunResServices.groovy,reallocateAndIssueInventory,,true,,applications/manufacturing/servicedef/services_production_run.xml,manufacturing,manufacturing-product-team,provisional-repository-inferred
reassignWorkEffortInventoryReservations,groovy,component://manufacturing/src/main/groovy/org/apache/ofbiz/manufacturing/jobshopmgt/ProductionRunResServices.groovy,reassignWorkEffortInventoryReservations,,true,,applications/manufacturing/servicedef/services_production_run.xml,manufacturing,manufacturing-product-team,provisional-repository-inferred
checkProductionRunFacilityRecon,groovy,component://manufacturing/src/main/groovy/org/apache/ofbiz/manufacturing/jobshopmgt/ProductionRunResServices.groovy,checkProductionRunFacilityRecon,,true,,applications/manufacturing/servicedef/services_production_run.xml,manufacturing,manufacturing-product-team,provisional-repository-inferred
reconcileInventoryForProductionJobs,groovy,component://manufacturing/src/main/groovy/org/apache/ofbiz/manufacturing/jobshopmgt/ProductionRunResServices.groovy,reconcileInventoryForProductionJobs,,true,,applications/manufacturing/servicedef/services_production_run.xml,manufacturing,manufacturing-product-team,provisional-repository-inferred
lookupRoutingTask,java,org.apache.ofbiz.manufacturing.techdata.TechDataServices,lookupRoutingTask,,true,,applications/manufacturing/servicedef/services_routing.xml,manufacturing,manufacturing-product-team,provisional-repository-inferred
checkRoutingTaskAssoc,java,org.apache.ofbiz.manufacturing.techdata.TechDataServices,checkRoutingTaskAssoc,,true,,applications/manufacturing/servicedef/services_routing.xml,manufacturing,manufacturing-product-team,provisional-repository-inferred
getProductRouting,groovy,component://manufacturing/src/main/groovy/org/apache/ofbiz/manufacturing/routing/RoutingServicesScript.groovy,getProductRouting,,true,,applications/manufacturing/servicedef/services_routing.xml,manufacturing,manufacturing-product-team,provisional-repository-inferred
getRoutingTaskAssocs,groovy,component://manufacturing/src/main/groovy/org/apache/ofbiz/manufacturing/routing/RoutingServicesScript.groovy,getRoutingTaskAssocs,,true,,applications/manufacturing/servicedef/services_routing.xml,manufacturing,manufacturing-product-team,provisional-repository-inferred
getEstimatedTaskTime,java,org.apache.ofbiz.manufacturing.routing.RoutingServices,getEstimatedTaskTime,,true,,applications/manufacturing/servicedef/services_routing.xml,manufacturing,manufacturing-product-team,provisional-repository-inferred
findProductRoutings,groovy,component://manufacturing/src/main/groovy/org/apache/ofbiz/manufacturing/api/RoutingCostManagementServices.groovy,findProductRoutings,,true,,applications/manufacturing/servicedef/services_routing.xml,manufacturing,manufacturing-product-team,provisional-repository-inferred
findRoutingTaskPurposeTypeOptions,groovy,component://manufacturing/src/main/groovy/org/apache/ofbiz/manufacturing/api/RoutingCostManagementServices.groovy,findRoutingTaskPurposeTypeOptions,,true,,applications/manufacturing/servicedef/services_routing.xml,manufacturing,manufacturing-product-team,provisional-repository-inferred
searchRoutingTasksForRouting,groovy,component://manufacturing/src/main/groovy/org/apache/ofbiz/manufacturing/api/RoutingCostManagementServices.groovy,searchRoutingTasksForRouting,,true,,applications/manufacturing/servicedef/services_routing.xml,manufacturing,manufacturing-product-team,provisional-repository-inferred
getRoutingDetails,groovy,component://manufacturing/src/main/groovy/org/apache/ofbiz/manufacturing/api/RoutingCostManagementServices.groovy,getRoutingDetails,,true,,applications/manufacturing/servicedef/services_routing.xml,manufacturing,manufacturing-product-team,provisional-repository-inferred
expireRoutingGoodStandard,groovy,component://manufacturing/src/main/groovy/org/apache/ofbiz/manufacturing/api/RoutingCostManagementServices.groovy,expireRoutingGoodStandard,,true,,applications/manufacturing/servicedef/services_routing.xml,manufacturing,manufacturing-product-team,provisional-repository-inferred
findRoutingTasks,groovy,component://manufacturing/src/main/groovy/org/apache/ofbiz/manufacturing/api/RoutingCostManagementServices.groovy,findRoutingTasks,,true,,applications/manufacturing/servicedef/services_routing.xml,manufacturing,manufacturing-product-team,provisional-repository-inferred
getRoutingTaskDetails,groovy,component://manufacturing/src/main/groovy/org/apache/ofbiz/manufacturing/api/RoutingCostManagementServices.groovy,getRoutingTaskDetails,,true,,applications/manufacturing/servicedef/services_routing.xml,manufacturing,manufacturing-product-team,provisional-repository-inferred
createMarketingCampaign,entity-auto,,create,MarketingCampaign,true,,applications/marketing/servicedef/services.xml,marketing-sales,marketing-product-team,provisional-repository-inferred
updateMarketingCampaign,entity-auto,,update,MarketingCampaign,true,,applications/marketing/servicedef/services.xml,marketing-sales,marketing-product-team,provisional-repository-inferred
deleteMarketingCampaign,entity-auto,,delete,MarketingCampaign,true,,applications/marketing/servicedef/services.xml,marketing-sales,marketing-product-team,provisional-repository-inferred
addPriceRuleToMarketingCampaign,entity-auto,,create,MarketingCampaignPrice,true,,applications/marketing/servicedef/services.xml,marketing-sales,marketing-product-team,provisional-repository-inferred
createMarketingCampaignPrice,entity-auto,,create,MarketingCampaignPrice,true,,applications/marketing/servicedef/services.xml,marketing-sales,marketing-product-team,provisional-repository-inferred
removePriceRuleFromMarketingCampaign,entity-auto,,delete,MarketingCampaignPrice,true,,applications/marketing/servicedef/services.xml,marketing-sales,marketing-product-team,provisional-repository-inferred
updateMarketingCampaignPrice,entity-auto,,update,MarketingCampaignPrice,true,,applications/marketing/servicedef/services.xml,marketing-sales,marketing-product-team,provisional-repository-inferred
deleteMarketingCampaignPrice,entity-auto,,delete,MarketingCampaignPrice,true,,applications/marketing/servicedef/services.xml,marketing-sales,marketing-product-team,provisional-repository-inferred
expireMarketingCampaignPrice,entity-auto,,expire,MarketingCampaignPrice,true,,applications/marketing/servicedef/services.xml,marketing-sales,marketing-product-team,provisional-repository-inferred
addPromoToMarketingCampaign,entity-auto,,create,MarketingCampaignPromo,true,,applications/marketing/servicedef/services.xml,marketing-sales,marketing-product-team,provisional-repository-inferred
createMarketingCampaignPromo,entity-auto,,create,MarketingCampaignPromo,true,,applications/marketing/servicedef/services.xml,marketing-sales,marketing-product-team,provisional-repository-inferred
removePromoFromMarketingCampaign,entity-auto,,delete,MarketingCampaignPromo,true,,applications/marketing/servicedef/services.xml,marketing-sales,marketing-product-team,provisional-repository-inferred
updateMarketingCampaignPromo,entity-auto,,update,MarketingCampaignPromo,true,,applications/marketing/servicedef/services.xml,marketing-sales,marketing-product-team,provisional-repository-inferred
deleteMarketingCampaignPromo,entity-auto,,delete,MarketingCampaignPromo,true,,applications/marketing/servicedef/services.xml,marketing-sales,marketing-product-team,provisional-repository-inferred
expireMarketingCampaignPromo,entity-auto,,expire,MarketingCampaignPromo,true,,applications/marketing/servicedef/services.xml,marketing-sales,marketing-product-team,provisional-repository-inferred
signUpForContactList,java,org.apache.ofbiz.marketing.marketing.MarketingServices,signUpForContactList,,false,,applications/marketing/servicedef/services.xml,marketing-sales,marketing-product-team,provisional-repository-inferred
unsubscribeContactListParty,simple,component://marketing/minilang/marketing/contact/ContactListServices.xml,unsubscribeContactListParty,,false,,applications/marketing/servicedef/services.xml,marketing-sales,marketing-product-team,provisional-repository-inferred
unsubscribeContactListPartyContachMech,simple,component://marketing/minilang/marketing/contact/ContactListServices.xml,unsubscribeContactListPartyContachMech,,false,,applications/marketing/servicedef/services.xml,marketing-sales,marketing-product-team,provisional-repository-inferred
createMarketingCampaignRole,entity-auto,,create,MarketingCampaignRole,true,,applications/marketing/servicedef/services.xml,marketing-sales,marketing-product-team,provisional-repository-inferred
updateMarketingCampaignRole,entity-auto,,update,MarketingCampaignRole,true,,applications/marketing/servicedef/services.xml,marketing-sales,marketing-product-team,provisional-repository-inferred
expireMarketingCampaignRole,entity-auto,,expire,MarketingCampaignRole,true,,applications/marketing/servicedef/services.xml,marketing-sales,marketing-product-team,provisional-repository-inferred
deleteMarketingCampaignRole,entity-auto,,delete,MarketingCampaignRole,true,,applications/marketing/servicedef/services.xml,marketing-sales,marketing-product-team,provisional-repository-inferred
createContactList,entity-auto,,create,ContactList,true,,applications/marketing/servicedef/services.xml,marketing-sales,marketing-product-team,provisional-repository-inferred
updateContactList,entity-auto,,update,ContactList,true,,applications/marketing/servicedef/services.xml,marketing-sales,marketing-product-team,provisional-repository-inferred
removeContactList,entity-auto,,delete,ContactList,true,,applications/marketing/servicedef/services.xml,marketing-sales,marketing-product-team,provisional-repository-inferred
createContactListParty,simple,component://marketing/minilang/marketing/contact/ContactListServices.xml,createContactListParty,ContactListParty,true,,applications/marketing/servicedef/services.xml,marketing-sales,marketing-product-team,provisional-repository-inferred
updateContactListParty,simple,component://marketing/minilang/marketing/contact/ContactListServices.xml,updateContactListParty,ContactListParty,true,,applications/marketing/servicedef/services.xml,marketing-sales,marketing-product-team,provisional-repository-inferred
updateContactListPartyNoUserLogin,simple,component://marketing/minilang/marketing/contact/ContactListServices.xml,updateContactListPartyNoUserLogin,ContactListParty,false,,applications/marketing/servicedef/services.xml,marketing-sales,marketing-product-team,provisional-repository-inferred
updatePartyEmailContactListParty,simple,component://marketing/minilang/marketing/contact/ContactListServices.xml,updatePartyEmailContactListParty,,true,,applications/marketing/servicedef/services.xml,marketing-sales,marketing-product-team,provisional-repository-inferred
deleteContactListParty,java,org.apache.ofbiz.marketing.marketing.MarketingServices,deleteContactListParty,ContactListParty,true,,applications/marketing/servicedef/services.xml,marketing-sales,marketing-product-team,provisional-repository-inferred
createContactListPartyStatus,simple,component://marketing/minilang/marketing/contact/ContactListServices.xml,createContactListPartyStatus,ContactListPartyStatus,true,,applications/marketing/servicedef/services.xml,marketing-sales,marketing-product-team,provisional-repository-inferred
sendContactListPartyVerifyEmail,simple,component://marketing/minilang/marketing/contact/ContactListServices.xml,sendContactListPartyVerifyEmail,,true,,applications/marketing/servicedef/services.xml,marketing-sales,marketing-product-team,provisional-repository-inferred
optOutOfListFromCommEvent,simple,component://marketing/minilang/marketing/contact/ContactListServices.xml,optOutOfListFromCommEvent,,false,,applications/marketing/servicedef/services.xml,marketing-sales,marketing-product-team,provisional-repository-inferred
sendContactListPartySubscribeEmail,simple,component://marketing/minilang/marketing/contact/ContactListServices.xml,sendContactListPartySubscribeEmail,,false,,applications/marketing/servicedef/services.xml,marketing-sales,marketing-product-team,provisional-repository-inferred
sendContactListPartyUnSubscribeVerifyEmail,simple,component://marketing/minilang/marketing/contact/ContactListServices.xml,sendContactListPartyUnSubscribeVerifyEmail,,false,,applications/marketing/servicedef/services.xml,marketing-sales,marketing-product-team,provisional-repository-inferred
sendContactListPartyUnSubscribeEmail,simple,component://marketing/minilang/marketing/contact/ContactListServices.xml,sendContactListPartyUnSubscribeEmail,,false,,applications/marketing/servicedef/services.xml,marketing-sales,marketing-product-team,provisional-repository-inferred
updateContactListCommStatus,simple,component://marketing/minilang/marketing/contact/ContactListServices.xml,updateContactListCommStatus,ContactListCommStatus,,,applications/marketing/servicedef/services.xml,marketing-sales,marketing-product-team,provisional-repository-inferred
updateCommStatusFromCommEvent,simple,component://marketing/minilang/marketing/contact/ContactListServices.xml,updateCommStatusFromCommEvent,,,,applications/marketing/servicedef/services.xml,marketing-sales,marketing-product-team,provisional-repository-inferred
createWebSiteContactList,simple,component://marketing/minilang/marketing/contact/ContactListServices.xml,createWebSiteContactList,WebSiteContactList,,,applications/marketing/servicedef/services.xml,marketing-sales,marketing-product-team,provisional-repository-inferred
updateWebSiteContactList,simple,component://marketing/minilang/marketing/contact/ContactListServices.xml,updateWebSiteContactList,WebSiteContactList,,,applications/marketing/servicedef/services.xml,marketing-sales,marketing-product-team,provisional-repository-inferred
deleteWebSiteContactList,simple,component://marketing/minilang/marketing/contact/ContactListServices.xml,deleteWebSiteContactList,WebSiteContactList,,,applications/marketing/servicedef/services.xml,marketing-sales,marketing-product-team,provisional-repository-inferred
createTrackingCode,entity-auto,,create,TrackingCode,true,,applications/marketing/servicedef/services.xml,marketing-sales,marketing-product-team,provisional-repository-inferred
updateTrackingCode,entity-auto,,update,TrackingCode,true,,applications/marketing/servicedef/services.xml,marketing-sales,marketing-product-team,provisional-repository-inferred
deleteTrackingCode,entity-auto,,delete,TrackingCode,true,,applications/marketing/servicedef/services.xml,marketing-sales,marketing-product-team,provisional-repository-inferred
createTrackingCodeType,entity-auto,,create,TrackingCodeType,true,,applications/marketing/servicedef/services.xml,marketing-sales,marketing-product-team,provisional-repository-inferred
updateTrackingCodeType,entity-auto,,update,TrackingCodeType,true,,applications/marketing/servicedef/services.xml,marketing-sales,marketing-product-team,provisional-repository-inferred
deleteTrackingCodeType,entity-auto,,delete,TrackingCodeType,true,,applications/marketing/servicedef/services.xml,marketing-sales,marketing-product-team,provisional-repository-inferred
createSegmentGroup,entity-auto,,create,SegmentGroup,true,,applications/marketing/servicedef/services.xml,marketing-sales,marketing-product-team,provisional-repository-inferred
updateSegmentGroup,entity-auto,,update,SegmentGroup,true,,applications/marketing/servicedef/services.xml,marketing-sales,marketing-product-team,provisional-repository-inferred
deleteSegmentGroup,entity-auto,,delete,SegmentGroup,true,,applications/marketing/servicedef/services.xml,marketing-sales,marketing-product-team,provisional-repository-inferred
createSegmentGroupClassification,entity-auto,,create,SegmentGroupClassification,true,,applications/marketing/servicedef/services.xml,marketing-sales,marketing-product-team,provisional-repository-inferred
updateSegmentGroupClassification,entity-auto,,update,SegmentGroupClassification,true,,applications/marketing/servicedef/services.xml,marketing-sales,marketing-product-team,provisional-repository-inferred
deleteSegmentGroupClassification,entity-auto,,delete,SegmentGroupClassification,true,,applications/marketing/servicedef/services.xml,marketing-sales,marketing-product-team,provisional-repository-inferred
createSegmentGroupGeo,entity-auto,,create,SegmentGroupGeo,true,,applications/marketing/servicedef/services.xml,marketing-sales,marketing-product-team,provisional-repository-inferred
updateSegmentGroupGeo,entity-auto,,update,SegmentGroupGeo,true,,applications/marketing/servicedef/services.xml,marketing-sales,marketing-product-team,provisional-repository-inferred
deleteSegmentGroupGeo,entity-auto,,delete,SegmentGroupGeo,true,,applications/marketing/servicedef/services.xml,marketing-sales,marketing-product-team,provisional-repository-inferred
createSegmentGroupRole,entity-auto,,create,SegmentGroupRole,true,,applications/marketing/servicedef/services.xml,marketing-sales,marketing-product-team,provisional-repository-inferred
updateSegmentGroupRole,entity-auto,,update,SegmentGroupRole,true,,applications/marketing/servicedef/services.xml,marketing-sales,marketing-product-team,provisional-repository-inferred
deleteSegmentGroupRole,entity-auto,,delete,SegmentGroupRole,true,,applications/marketing/servicedef/services.xml,marketing-sales,marketing-product-team,provisional-repository-inferred
arePartiesRelatedThroughSegmentGroup,simple,component://marketing/minilang/marketing/segment/SegmentServices.xml,arePartiesRelatedThroughSegmentGroup,,,,applications/marketing/servicedef/services.xml,marketing-sales,marketing-product-team,provisional-repository-inferred
createTrackingCodeOrder,entity-auto,,create,TrackingCodeOrder,,,applications/marketing/servicedef/services.xml,marketing-sales,marketing-product-team,provisional-repository-inferred
updateTrackingCodeOrder,entity-auto,,update,TrackingCodeOrder,,,applications/marketing/servicedef/services.xml,marketing-sales,marketing-product-team,provisional-repository-inferred
createTrackingCodeOrderReturn,entity-auto,,create,TrackingCodeOrderReturn,,,applications/marketing/servicedef/services.xml,marketing-sales,marketing-product-team,provisional-repository-inferred
updateTrackingCodeOrderReturn,entity-auto,,update,TrackingCodeOrderReturn,,,applications/marketing/servicedef/services.xml,marketing-sales,marketing-product-team,provisional-repository-inferred
deleteTrackingCodeOrderReturn,entity-auto,,delete,TrackingCodeOrderReturn,,,applications/marketing/servicedef/services.xml,marketing-sales,marketing-product-team,provisional-repository-inferred
createTrackingCodeOrderReturns,simple,component://marketing/minilang/marketing/tracking/TrackingCodeServices.xml,createTrackingCodeOrderReturns,,,,applications/marketing/servicedef/services.xml,marketing-sales,marketing-product-team,provisional-repository-inferred
marketingPermissionService,simple,component://common/minilang/permission/CommonPermissionServices.xml,genericBasePermissionCheck,,,,applications/marketing/servicedef/services.xml,marketing-sales,marketing-product-team,provisional-repository-inferred
createLead,groovy,component://marketing/src/main/groovy/org/apache/ofbiz/marketing/sfa/lead/LeadServices.groovy,createLead,,,,applications/marketing/servicedef/services.xml,marketing-sales,marketing-product-team,provisional-repository-inferred
createContact,simple,component://marketing/minilang/sfa/contact/ContactServices.xml,createContact,,,,applications/marketing/servicedef/services.xml,marketing-sales,marketing-product-team,provisional-repository-inferred
mergeContacts,simple,component://marketing/minilang/sfa/contact/ContactServices.xml,mergeContacts,,,,applications/marketing/servicedef/services.xml,marketing-sales,marketing-product-team,provisional-repository-inferred
createAccount,groovy,component://marketing/src/main/groovy/org/apache/ofbiz/marketing/sfa/account/AccountServices.groovy,createAccount,,,,applications/marketing/servicedef/services.xml,marketing-sales,marketing-product-team,provisional-repository-inferred
convertLeadToContact,groovy,component://marketing/src/main/groovy/org/apache/ofbiz/marketing/sfa/lead/LeadServices.groovy,convertLeadToContact,,,,applications/marketing/servicedef/services.xml,marketing-sales,marketing-product-team,provisional-repository-inferred
importVCard,interface,,,,,,applications/marketing/servicedef/services.xml,marketing-sales,marketing-product-team,provisional-repository-inferred
createPartyFromVCard,java,org.apache.ofbiz.sfa.vcard.VCard,importVCard,,true,,applications/marketing/servicedef/services.xml,marketing-sales,marketing-product-team,provisional-repository-inferred
createPartyLeadFromVCard,groovy,component://marketing/src/main/groovy/org/apache/ofbiz/marketing/sfa/lead/LeadServices.groovy,createPartyLeadFromVCard,,true,,applications/marketing/servicedef/services.xml,marketing-sales,marketing-product-team,provisional-repository-inferred
createPartyContactFromVCard,groovy,component://marketing/src/main/groovy/org/apache/ofbiz/marketing/sfa/lead/LeadServices.groovy,createPartyContactFromVCard,,true,,applications/marketing/servicedef/services.xml,marketing-sales,marketing-product-team,provisional-repository-inferred
exportVCard,java,org.apache.ofbiz.sfa.vcard.VCard,exportVCard,,,,applications/marketing/servicedef/services.xml,marketing-sales,marketing-product-team,provisional-repository-inferred
createMarketingCampaignNote,entity-auto,,create,MarketingCampaignNote,true,,applications/marketing/servicedef/services.xml,marketing-sales,marketing-product-team,provisional-repository-inferred
deleteMarketingCampaignNote,entity-auto,,delete,MarketingCampaignNote,true,,applications/marketing/servicedef/services.xml,marketing-sales,marketing-product-team,provisional-repository-inferred
createSegmentGroupType,entity-auto,,create,SegmentGroupType,true,,applications/marketing/servicedef/services.xml,marketing-sales,marketing-product-team,provisional-repository-inferred
updateSegmentGroupType,entity-auto,,update,SegmentGroupType,true,,applications/marketing/servicedef/services.xml,marketing-sales,marketing-product-team,provisional-repository-inferred
deleteSegmentGroupType,entity-auto,,delete,SegmentGroupType,true,,applications/marketing/servicedef/services.xml,marketing-sales,marketing-product-team,provisional-repository-inferred
createContactListType,entity-auto,,create,ContactListType,true,,applications/marketing/servicedef/services_contact.xml,marketing-sales,marketing-product-team,provisional-repository-inferred
updateContactListType,entity-auto,,update,ContactListType,true,,applications/marketing/servicedef/services_contact.xml,marketing-sales,marketing-product-team,provisional-repository-inferred
deleteContactListType,entity-auto,,delete,ContactListType,true,,applications/marketing/servicedef/services_contact.xml,marketing-sales,marketing-product-team,provisional-repository-inferred
createSalesForecast,simple,component://order/minilang/opportunity/OpportunityServices.xml,createSalesForecast,SalesForecast,true,,applications/marketing/servicedef/services_opportunity.xml,marketing-sales,marketing-product-team,provisional-repository-inferred
updateSalesForecast,simple,component://order/minilang/opportunity/OpportunityServices.xml,updateSalesForecast,SalesForecast,true,,applications/marketing/servicedef/services_opportunity.xml,marketing-sales,marketing-product-team,provisional-repository-inferred
createSalesForecastDetail,entity-auto,,create,SalesForecastDetail,true,,applications/marketing/servicedef/services_opportunity.xml,marketing-sales,marketing-product-team,provisional-repository-inferred
updateSalesForecastDetail,entity-auto,,update,SalesForecastDetail,true,,applications/marketing/servicedef/services_opportunity.xml,marketing-sales,marketing-product-team,provisional-repository-inferred
deleteSalesForecastDetail,entity-auto,,delete,SalesForecastDetail,true,,applications/marketing/servicedef/services_opportunity.xml,marketing-sales,marketing-product-team,provisional-repository-inferred
createSalesOpportunity,entity-auto,,create,SalesOpportunity,,,applications/marketing/servicedef/services_opportunity.xml,marketing-sales,marketing-product-team,provisional-repository-inferred
updateSalesOpportunity,entity-auto,,update,SalesOpportunity,,,applications/marketing/servicedef/services_opportunity.xml,marketing-sales,marketing-product-team,provisional-repository-inferred
createSalesOpportunityRole,entity-auto,,create,SalesOpportunityRole,,,applications/marketing/servicedef/services_opportunity.xml,marketing-sales,marketing-product-team,provisional-repository-inferred
createSalesOpportunityAccountRole,simple,component://order/minilang/opportunity/OpportunityServices.xml,createSalesOpportunityAccountRole,SalesOpportunityRole,,,applications/marketing/servicedef/services_opportunity.xml,marketing-sales,marketing-product-team,provisional-repository-inferred
createSalesOpportunityLeadRole,simple,component://order/minilang/opportunity/OpportunityServices.xml,createSalesOpportunityLeadRole,SalesOpportunityRole,,,applications/marketing/servicedef/services_opportunity.xml,marketing-sales,marketing-product-team,provisional-repository-inferred
findPartyInSalesOpportunityRole,simple,component://order/minilang/opportunity/OpportunityServices.xml,findPartyInSalesOpportunityRole,SalesOpportunityRole,,,applications/marketing/servicedef/services_opportunity.xml,marketing-sales,marketing-product-team,provisional-repository-inferred
createSalesOpportunityCompetitor,entity-auto,,create,SalesOpportunityCompetitor,true,,applications/marketing/servicedef/services_opportunity.xml,marketing-sales,marketing-product-team,provisional-repository-inferred
updateSalesOpportunityCompetitor,entity-auto,,update,SalesOpportunityCompetitor,true,,applications/marketing/servicedef/services_opportunity.xml,marketing-sales,marketing-product-team,provisional-repository-inferred
deleteSalesOpportunityCompetitor,entity-auto,,delete,SalesOpportunityCompetitor,true,,applications/marketing/servicedef/services_opportunity.xml,marketing-sales,marketing-product-team,provisional-repository-inferred
deleteSalesOpportunityRole,entity-auto,,delete,SalesOpportunityRole,true,,applications/marketing/servicedef/services_opportunity.xml,marketing-sales,marketing-product-team,provisional-repository-inferred
createSalesOpportunityStage,entity-auto,,create,SalesOpportunityStage,true,,applications/marketing/servicedef/services_opportunity.xml,marketing-sales,marketing-product-team,provisional-repository-inferred
updateSalesOpportunityStage,entity-auto,,update,SalesOpportunityStage,true,,applications/marketing/servicedef/services_opportunity.xml,marketing-sales,marketing-product-team,provisional-repository-inferred
deleteSalesOpportunityStage,entity-auto,,delete,SalesOpportunityStage,true,,applications/marketing/servicedef/services_opportunity.xml,marketing-sales,marketing-product-team,provisional-repository-inferred
createSalesOpportunityTrckCode,entity-auto,,create,SalesOpportunityTrckCode,true,,applications/marketing/servicedef/services_opportunity.xml,marketing-sales,marketing-product-team,provisional-repository-inferred
updateSalesOpportunityTrckCode,entity-auto,,update,SalesOpportunityTrckCode,true,,applications/marketing/servicedef/services_opportunity.xml,marketing-sales,marketing-product-team,provisional-repository-inferred
deleteSalesOpportunityTrckCode,entity-auto,,delete,SalesOpportunityTrckCode,true,,applications/marketing/servicedef/services_opportunity.xml,marketing-sales,marketing-product-team,provisional-repository-inferred
createSalesOpportunityWorkEffort,entity-auto,,create,SalesOpportunityWorkEffort,true,,applications/marketing/servicedef/services_opportunity.xml,marketing-sales,marketing-product-team,provisional-repository-inferred
deleteSalesOpportunityWorkEffort,entity-auto,,delete,SalesOpportunityWorkEffort,true,,applications/marketing/servicedef/services_opportunity.xml,marketing-sales,marketing-product-team,provisional-repository-inferred
createSalesOpportunityQuote,entity-auto,,create,SalesOpportunityQuote,true,,applications/marketing/servicedef/services_opportunity.xml,marketing-sales,marketing-product-team,provisional-repository-inferred
deleteSalesOpportunityQuote,entity-auto,,delete,SalesOpportunityQuote,true,,applications/marketing/servicedef/services_opportunity.xml,marketing-sales,marketing-product-team,provisional-repository-inferred
orderNotificationInterface,interface,,,,,,applications/order/servicedef/services.xml,order-management,order-product-team,provisional-repository-inferred
sendOrderConfirmation,java,org.apache.ofbiz.order.order.OrderServices,sendOrderConfirmNotification,,,,applications/order/servicedef/services.xml,order-management,order-product-team,provisional-repository-inferred
sendOrderChangeNotification,java,org.apache.ofbiz.order.order.OrderServices,sendOrderChangeNotification,,,,applications/order/servicedef/services.xml,order-management,order-product-team,provisional-repository-inferred
sendOrderCompleteNotification,java,org.apache.ofbiz.order.order.OrderServices,sendOrderCompleteNotification,,,,applications/order/servicedef/services.xml,order-management,order-product-team,provisional-repository-inferred
sendOrderBackorderNotification,java,org.apache.ofbiz.order.order.OrderServices,sendOrderBackorderNotification,,,,applications/order/servicedef/services.xml,order-management,order-product-team,provisional-repository-inferred
sendOrderPayRetryNotification,java,org.apache.ofbiz.order.order.OrderServices,sendOrderPayRetryNotification,,,,applications/order/servicedef/services.xml,order-management,order-product-team,provisional-repository-inferred
sendPOEmail,java,org.apache.ofbiz.order.order.OrderServices,sendPOEmail,,,,applications/order/servicedef/services.xml,order-management,order-product-team,provisional-repository-inferred
sendProcessNotification,java,org.apache.ofbiz.order.order.OrderServices,sendProcessNotification,,,,applications/order/servicedef/services.xml,order-management,order-product-team,provisional-repository-inferred
createOrderNotificationLog,entity-auto,,create,OrderNotification,,,applications/order/servicedef/services.xml,order-management,order-product-team,provisional-repository-inferred
storeOrder,java,org.apache.ofbiz.order.order.OrderServices,createOrder,,true,,applications/order/servicedef/services.xml,order-management,order-product-team,provisional-repository-inferred
callProcessOrderPayments,java,org.apache.ofbiz.order.order.OrderServices,callProcessOrderPayments,,false,,applications/order/servicedef/services.xml,order-management,order-product-team,provisional-repository-inferred
createOrderFromShoppingCart,java,org.apache.ofbiz.order.order.OrderServices,createOrderFromShoppingCart,,false,,applications/order/servicedef/services.xml,order-management,order-product-team,provisional-repository-inferred
createSimpleNonProductSalesOrder,java,org.apache.ofbiz.order.order.OrderServices,createSimpleNonProductSalesOrder,,true,,applications/order/servicedef/services.xml,order-management,order-product-team,provisional-repository-inferred
createOrderItemBilling,entity-auto,,create,OrderItemBilling,,,applications/order/servicedef/services.xml,order-management,order-product-team,provisional-repository-inferred
orderAdjustmentPermissionCheck,simple,component://order/minilang/order/OrderSimpleMethods.xml,orderAdjustmentPermissionCheck,,,,applications/order/servicedef/services.xml,order-management,order-product-team,provisional-repository-inferred
createOrderAdjustment,entity-auto,,create,OrderAdjustment,,,applications/order/servicedef/services.xml,order-management,order-product-team,provisional-repository-inferred
updateOrderAdjustment,entity-auto,,update,OrderAdjustment,,,applications/order/servicedef/services.xml,order-management,order-product-team,provisional-repository-inferred
deleteOrderAdjustment,entity-auto,,delete,OrderAdjustment,,,applications/order/servicedef/services.xml,order-management,order-product-team,provisional-repository-inferred
createOrderAdjustmentBilling,entity-auto,,create,OrderAdjustmentBilling,,,applications/order/servicedef/services.xml,order-management,order-product-team,provisional-repository-inferred
createPaymentFromPreference,java,org.apache.ofbiz.order.order.OrderServices,createPaymentFromPreference,,,,applications/order/servicedef/services.xml,order-management,order-product-team,provisional-repository-inferred
updateTrackingNumber,java,org.apache.ofbiz.order.order.OrderServices,updateTrackingNumber,,,,applications/order/servicedef/services.xml,order-management,order-product-team,provisional-repository-inferred
resetGrandTotal,java,org.apache.ofbiz.order.order.OrderServices,resetGrandTotal,,,,applications/order/servicedef/services.xml,order-management,order-product-team,provisional-repository-inferred
setEmptyGrandTotals,java,org.apache.ofbiz.order.order.OrderServices,setEmptyGrandTotals,,,,applications/order/servicedef/services.xml,order-management,order-product-team,provisional-repository-inferred
recalcShippingTotal,java,org.apache.ofbiz.order.order.OrderServices,recalcOrderShipping,,,,applications/order/servicedef/services.xml,order-management,order-product-team,provisional-repository-inferred
recalcTaxTotal,java,org.apache.ofbiz.order.order.OrderServices,recalcOrderTax,,,,applications/order/servicedef/services.xml,order-management,order-product-team,provisional-repository-inferred
changeOrderStatus,java,org.apache.ofbiz.order.order.OrderServices,setOrderStatus,,true,,applications/order/servicedef/services.xml,order-management,order-product-team,provisional-repository-inferred
changeOrderItemStatus,java,org.apache.ofbiz.order.order.OrderServices,setItemStatus,,true,,applications/order/servicedef/services.xml,order-management,order-product-team,provisional-repository-inferred
cancelOrderItem,java,org.apache.ofbiz.order.order.OrderServices,cancelOrderItem,,true,,applications/order/servicedef/services.xml,order-management,order-product-team,provisional-repository-inferred
cancelOrderItemNoActions,java,org.apache.ofbiz.order.order.OrderServices,cancelOrderItem,,true,,applications/order/servicedef/services.xml,order-management,order-product-team,provisional-repository-inferred
updateOrderItems,java,org.apache.ofbiz.order.order.OrderServices,updateApprovedOrderItems,,true,,applications/order/servicedef/services.xml,order-management,order-product-team,provisional-repository-inferred
loadCartForUpdate,java,org.apache.ofbiz.order.order.OrderServices,loadCartForUpdate,,true,,applications/order/servicedef/services.xml,order-management,order-product-team,provisional-repository-inferred
saveUpdatedCartToOrder,java,org.apache.ofbiz.order.order.OrderServices,saveUpdatedCartToOrder,,true,,applications/order/servicedef/services.xml,order-management,order-product-team,provisional-repository-inferred
appendOrderItem,java,org.apache.ofbiz.order.order.OrderServices,addItemToApprovedOrder,,true,,applications/order/servicedef/services.xml,order-management,order-product-team,provisional-repository-inferred
recreateOrderAdjustments,groovy,component://order/src/main/groovy/org/apache/ofbiz/order/order/OrderServicesScript.groovy,recreateOrderAdjustments,,true,,applications/order/servicedef/services.xml,order-management,order-product-team,provisional-repository-inferred
processOrderPayments,java,org.apache.ofbiz.order.order.OrderServices,processOrderPayments,,true,,applications/order/servicedef/services.xml,order-management,order-product-team,provisional-repository-inferred
updateOrderPaymentPreference,java,org.apache.ofbiz.order.order.OrderServices,updateOrderPaymentPreference,OrderPaymentPreference,true,,applications/order/servicedef/services.xml,order-management,order-product-team,provisional-repository-inferred
checkOrderItemStatus,java,org.apache.ofbiz.order.order.OrderServices,checkItemStatus,,,,applications/order/servicedef/services.xml,order-management,order-product-team,provisional-repository-inferred
updateOrderStatusFromReceipt,simple,component://order/minilang/order/OrderSimpleMethods.xml,updateOrderStatusFromReceipt,,,,applications/order/servicedef/services.xml,order-management,order-product-team,provisional-repository-inferred
autoCancelOrderItems,java,org.apache.ofbiz.order.order.OrderServices,cancelFlaggedSalesOrders,,,,applications/order/servicedef/services.xml,order-management,order-product-team,provisional-repository-inferred
setAllowOrderSplit,java,org.apache.ofbiz.order.order.OrderServices,allowOrderSplit,,true,,applications/order/servicedef/services.xml,order-management,order-product-team,provisional-repository-inferred
getOrderItemShipGroupEstimatedShipDate,groovy,component://order/src/main/groovy/org/apache/ofbiz/order/order/OrderServicesScript.groovy,getOrderItemShipGroupEstimatedShipDate,,true,,applications/order/servicedef/services.xml,order-management,order-product-team,provisional-repository-inferred
addOrderRole,java,org.apache.ofbiz.order.order.OrderServices,addRoleType,,,,applications/order/servicedef/services.xml,order-management,order-product-team,provisional-repository-inferred
removeOrderRole,java,org.apache.ofbiz.order.order.OrderServices,removeRoleType,,,,applications/order/servicedef/services.xml,order-management,order-product-team,provisional-repository-inferred
createOrderPaymentPreference,entity-auto,,create,OrderPaymentPreference,,,applications/order/servicedef/services.xml,order-management,order-product-team,provisional-repository-inferred
createOrderNote,java,org.apache.ofbiz.order.order.OrderServices,createOrderNote,,true,,applications/order/servicedef/services.xml,order-management,order-product-team,provisional-repository-inferred
updateOrderNote,entity-auto,,update,OrderHeaderNote,true,,applications/order/servicedef/services.xml,order-management,order-product-team,provisional-repository-inferred
checkDigitalItemFulfillment,java,org.apache.ofbiz.order.order.OrderServices,checkDigitalItemFulfillment,,true,,applications/order/servicedef/services.xml,order-management,order-product-team,provisional-repository-inferred
fulfillDigitalItems,java,org.apache.ofbiz.order.order.OrderServices,fulfillDigitalItems,,,,applications/order/servicedef/services.xml,order-management,order-product-team,provisional-repository-inferred
itemFulfillmentInterface,interface,,,,false,,applications/order/servicedef/services.xml,order-management,order-product-team,provisional-repository-inferred
invoiceServiceItems,java,org.apache.ofbiz.order.order.OrderServices,invoiceServiceItems,,true,,applications/order/servicedef/services.xml,order-management,order-product-team,provisional-repository-inferred
getOrderedSummaryInformation,groovy,component://order/src/main/groovy/org/apache/ofbiz/order/order/OrderServicesScript.groovy,getOrderedSummaryInformation,,,,applications/order/servicedef/services.xml,order-management,order-product-team,provisional-repository-inferred
getOrderHeaderInformation,java,org.apache.ofbiz.order.order.OrderServices,getOrderHeaderInformation,,,,applications/order/servicedef/services.xml,order-management,order-product-team,provisional-repository-inferred
getOrderShippingAmount,java,org.apache.ofbiz.order.order.OrderServices,getOrderShippingAmount,,,,applications/order/servicedef/services.xml,order-management,order-product-team,provisional-repository-inferred
getOrderStatus,groovy,component://order/src/main/groovy/org/apache/ofbiz/order/order/OrderServicesScript.groovy,getOrderStatus,,false,,applications/order/servicedef/services.xml,order-management,order-product-team,provisional-repository-inferred
createOrderDeliverySchedule,groovy,component://order/src/main/groovy/org/apache/ofbiz/order/order/OrderDeliveryServices.groovy,createOrderDeliverySchedule,OrderDeliverySchedule,,,applications/order/servicedef/services.xml,order-management,order-product-team,provisional-repository-inferred
updateOrderDeliverySchedule,groovy,component://order/src/main/groovy/org/apache/ofbiz/order/order/OrderDeliveryServices.groovy,updateOrderDeliverySchedule,OrderDeliverySchedule,,,applications/order/servicedef/services.xml,order-management,order-product-team,provisional-repository-inferred
sendOrderDeliveryScheduleNotification,groovy,component://order/src/main/groovy/org/apache/ofbiz/order/order/OrderDeliveryServices.groovy,sendOrderDeliveryScheduleNotification,,,,applications/order/servicedef/services.xml,order-management,order-product-team,provisional-repository-inferred
checkSupplierRelatedOrderPermission,groovy,component://order/src/main/groovy/org/apache/ofbiz/order/order/OrderDeliveryServices.groovy,checkSupplierRelatedOrderPermissionService,,,,applications/order/servicedef/services.xml,order-management,order-product-team,provisional-repository-inferred
updateShoppingListQuantitiesFromOrder,java,org.apache.ofbiz.order.shoppinglist.ShoppingListServices,updateShoppingListQuantitiesFromOrder,,,,applications/order/servicedef/services.xml,order-management,order-product-team,provisional-repository-inferred
shoppingCartRemoteTest,java,org.apache.ofbiz.order.order.OrderServices,shoppingCartRemoteTest,,,,applications/order/servicedef/services.xml,order-management,order-product-team,provisional-repository-inferred
shoppingCartTest,java,org.apache.ofbiz.order.order.OrderServices,shoppingCartTest,,,,applications/order/servicedef/services.xml,order-management,order-product-team,provisional-repository-inferred
createOrderShipment,entity-auto,,create,OrderShipment,true,,applications/order/servicedef/services.xml,order-management,order-product-team,provisional-repository-inferred
updateOrderShipment,entity-auto,,update,OrderShipment,true,,applications/order/servicedef/services.xml,order-management,order-product-team,provisional-repository-inferred
deleteOrderShipment,entity-auto,,delete,OrderShipment,true,,applications/order/servicedef/services.xml,order-management,order-product-team,provisional-repository-inferred
massOrderChangeInterface,interface,,,,,,applications/order/servicedef/services.xml,order-management,order-product-team,provisional-repository-inferred
massPickOrders,java,org.apache.ofbiz.order.order.OrderServices,massPickOrders,,true,,applications/order/servicedef/services.xml,order-management,order-product-team,provisional-repository-inferred
massChangeOrderApproved,java,org.apache.ofbiz.order.order.OrderServices,massChangeApproved,,true,,applications/order/servicedef/services.xml,order-management,order-product-team,provisional-repository-inferred
massProcessOrders,java,org.apache.ofbiz.order.order.OrderServices,massProcessOrders,,true,,applications/order/servicedef/services.xml,order-management,order-product-team,provisional-repository-inferred
massHoldOrders,java,org.apache.ofbiz.order.order.OrderServices,massHoldOrders,,true,,applications/order/servicedef/services.xml,order-management,order-product-team,provisional-repository-inferred
massCancelOrders,java,org.apache.ofbiz.order.order.OrderServices,massCancelOrders,,true,,applications/order/servicedef/services.xml,order-management,order-product-team,provisional-repository-inferred
massCancelRemainingPurchaseOrderItems,java,org.apache.ofbiz.order.order.OrderServices,massCancelRemainingPurchaseOrderItems,,true,,applications/order/servicedef/services.xml,order-management,order-product-team,provisional-repository-inferred
massRejectOrders,java,org.apache.ofbiz.order.order.OrderServices,massRejectOrders,,true,,applications/order/servicedef/services.xml,order-management,order-product-team,provisional-repository-inferred
massQuickShipOrders,java,org.apache.ofbiz.order.order.OrderServices,massQuickShipOrders,,true,,applications/order/servicedef/services.xml,order-management,order-product-team,provisional-repository-inferred
massPrintOrders,java,org.apache.ofbiz.order.order.OrderServices,massPrintOrders,,true,,applications/order/servicedef/services.xml,order-management,order-product-team,provisional-repository-inferred
massCreateFileForOrders,java,org.apache.ofbiz.order.order.OrderServices,massCreateFileForOrders,,true,,applications/order/servicedef/services.xml,order-management,order-product-team,provisional-repository-inferred
getNextOrderId,groovy,component://order/src/main/groovy/org/apache/ofbiz/order/order/OrderServicesScript.groovy,getNextOrderId,,,,applications/order/servicedef/services.xml,order-management,order-product-team,provisional-repository-inferred
orderSequence_enforced,groovy,component://order/src/main/groovy/org/apache/ofbiz/order/order/OrderServicesScript.groovy,orderSequence_enforced,,,,applications/order/servicedef/services.xml,order-management,order-product-team,provisional-repository-inferred
createOrderHeader,groovy,component://order/src/main/groovy/org/apache/ofbiz/order/order/OrderServicesScript.groovy,createOrderHeader,OrderHeader,true,,applications/order/servicedef/services.xml,order-management,order-product-team,provisional-repository-inferred
updateOrderHeader,entity-auto,,update,OrderHeader,true,,applications/order/servicedef/services.xml,order-management,order-product-team,provisional-repository-inferred
createCommunicationEventOrder,entity-auto,,create,CommunicationEventOrder,true,,applications/order/servicedef/services.xml,order-management,order-product-team,provisional-repository-inferred
removeCommunicationEventOrder,entity-auto,,delete,CommunicationEventOrder,true,,applications/order/servicedef/services.xml,order-management,order-product-team,provisional-repository-inferred
createOrderConversation,groovy,component://order/src/main/groovy/org/apache/ofbiz/order/communications/CommunicationServices.groovy,createOrderConversation,,true,,applications/order/servicedef/services.xml,order-management,order-product-team,provisional-repository-inferred
createOrderItemShipGroup,entity-auto,,create,OrderItemShipGroup,true,,applications/order/servicedef/services.xml,order-management,order-product-team,provisional-repository-inferred
updateOrderItemShipGroup,groovy,component://order/src/main/groovy/org/apache/ofbiz/order/order/OrderServicesScript.groovy,updateOrderItemShipGroup,OrderItemShipGroup,true,,applications/order/servicedef/services.xml,order-management,order-product-team,provisional-repository-inferred
createOrderContactMech,entity-auto,,create,OrderContactMech,true,,applications/order/servicedef/services.xml,order-management,order-product-team,provisional-repository-inferred
updateOrderContactMech,groovy,component://order/src/main/groovy/org/apache/ofbiz/order/order/OrderServicesScript.groovy,updateOrderContactMech,OrderContactMech,true,,applications/order/servicedef/services.xml,order-management,order-product-team,provisional-repository-inferred
removeOrderContactMech,entity-auto,,delete,OrderContactMech,true,,applications/order/servicedef/services.xml,order-management,order-product-team,provisional-repository-inferred
createOrderTerm,entity-auto,,create,OrderTerm,true,,applications/order/servicedef/services.xml,order-management,order-product-team,provisional-repository-inferred
updateOrderTerm,entity-auto,,update,OrderTerm,true,,applications/order/servicedef/services.xml,order-management,order-product-team,provisional-repository-inferred
removeOrderTerm,entity-auto,,delete,OrderTerm,true,,applications/order/servicedef/services.xml,order-management,order-product-team,provisional-repository-inferred
checkCreateDropShipPurchaseOrders,java,org.apache.ofbiz.order.order.OrderServices,checkCreateDropShipPurchaseOrders,,true,,applications/order/servicedef/services.xml,order-management,order-product-team,provisional-repository-inferred
addPaymentMethodToOrder,groovy,component://order/src/main/groovy/org/apache/ofbiz/order/order/OrderServicesScript.groovy,addPaymentMethodToOrder,,true,,applications/order/servicedef/services.xml,order-management,order-product-team,provisional-repository-inferred
completePurchaseOrder,group,,,,true,,applications/order/servicedef/services.xml,order-management,order-product-team,provisional-repository-inferred
cancelRemainingPurchaseOrderItems,java,org.apache.ofbiz.order.order.OrderServices,cancelRemainingPurchaseOrderItems,,true,,applications/order/servicedef/services.xml,order-management,order-product-team,provisional-repository-inferred
generateReqsFromCancelledPOItems,java,org.apache.ofbiz.order.order.OrderServices,generateReqsFromCancelledPOItems,,true,,applications/order/servicedef/services.xml,order-management,order-product-team,provisional-repository-inferred
getOrderItemInvoicedAmountAndQuantity,java,org.apache.ofbiz.order.order.OrderServices,getOrderItemInvoicedAmountAndQuantity,,true,,applications/order/servicedef/services.xml,order-management,order-product-team,provisional-repository-inferred
findOrders,java,org.apache.ofbiz.order.order.OrderLookupServices,findOrders,,true,,applications/order/servicedef/services.xml,order-management,order-product-team,provisional-repository-inferred
checkOrderIsOnBackOrder,groovy,component://order/src/main/groovy/org/apache/ofbiz/order/order/OrderServicesScript.groovy,checkOrderIsOnBackOrder,,false,,applications/order/servicedef/services.xml,order-management,order-product-team,provisional-repository-inferred
createTestSalesOrders,java,org.apache.ofbiz.order.test.OrderTestServices,createTestSalesOrders,,true,,applications/order/servicedef/services.xml,order-management,order-product-team,provisional-repository-inferred
createTestSalesOrderSingle,java,org.apache.ofbiz.order.test.OrderTestServices,createTestSalesOrderSingle,,true,,applications/order/servicedef/services.xml,order-management,order-product-team,provisional-repository-inferred
changeOrderPaymentStatus,java,org.apache.ofbiz.order.order.OrderServices,setOrderPaymentStatus,,true,,applications/order/servicedef/services.xml,order-management,order-product-team,provisional-repository-inferred
createOrderItemChange,groovy,component://order/src/main/groovy/org/apache/ofbiz/order/order/OrderServicesScript.groovy,createOrderItemChange,OrderItemChange,true,,applications/order/servicedef/services.xml,order-management,order-product-team,provisional-repository-inferred
runSubscriptionAutoReorders,java,org.apache.ofbiz.order.order.OrderServices,runSubscriptionAutoReorders,,true,,applications/order/servicedef/services.xml,order-management,order-product-team,provisional-repository-inferred
createUpdateShippingAddress,groovy,component://order/src/main/groovy/org/apache/ofbiz/order/order/OrderServicesScript.groovy,createUpdateShippingAddress,,true,,applications/order/servicedef/services.xml,order-management,order-product-team,provisional-repository-inferred
createUpdateBillingAddress,groovy,component://order/src/main/groovy/org/apache/ofbiz/order/order/OrderServicesScript.groovy,createUpdateBillingAddress,,true,,applications/order/servicedef/services.xml,order-management,order-product-team,provisional-repository-inferred
createUpdateCreditCard,groovy,component://order/src/main/groovy/org/apache/ofbiz/order/order/OrderServicesScript.groovy,createUpdateCreditCard,CreditCard,true,,applications/order/servicedef/services.xml,order-management,order-product-team,provisional-repository-inferred
setUnitPriceAsLastPrice,groovy,component://order/src/main/groovy/org/apache/ofbiz/order/order/OrderServicesScript.groovy,setUnitPriceAsLastPrice,,false,,applications/order/servicedef/services.xml,order-management,order-product-team,provisional-repository-inferred
cancelAllBackOrders,groovy,component://order/src/main/groovy/org/apache/ofbiz/order/order/OrderServicesScript.groovy,cancelAllBackOrders,,true,,applications/order/servicedef/services.xml,order-management,order-product-team,provisional-repository-inferred
updateShippingMethodAndCharges,groovy,component://order/src/main/groovy/org/apache/ofbiz/order/order/OrderServicesScript.groovy,updateShippingMethodAndCharges,,true,,applications/order/servicedef/services.xml,order-management,order-product-team,provisional-repository-inferred
setShippingInstructions,java,org.apache.ofbiz.order.order.OrderServices,setShippingInstructions,,true,,applications/order/servicedef/services.xml,order-management,order-product-team,provisional-repository-inferred
setGiftMessage,java,org.apache.ofbiz.order.order.OrderServices,setGiftMessage,,true,,applications/order/servicedef/services.xml,order-management,order-product-team,provisional-repository-inferred
createAlsoBoughtProductAssocs,java,org.apache.ofbiz.order.order.OrderServices,createAlsoBoughtProductAssocs,,true,,applications/order/servicedef/services.xml,order-management,order-product-team,provisional-repository-inferred
createAlsoBoughtProductAssocsForOrder,java,org.apache.ofbiz.order.order.OrderServices,createAlsoBoughtProductAssocsForOrder,,true,,applications/order/servicedef/services.xml,order-management,order-product-team,provisional-repository-inferred
productAvailabilityByFacility,groovy,component://order/src/main/groovy/org/apache/ofbiz/order/order/OrderServicesScript.groovy,productAvailabilityByFacility,,true,,applications/order/servicedef/services.xml,order-management,order-product-team,provisional-repository-inferred
addOrderItemShipGroup,java,org.apache.ofbiz.order.order.OrderServices,addOrderItemShipGroup,OrderItemShipGroup,true,,applications/order/servicedef/services.xml,order-management,order-product-team,provisional-repository-inferred
deleteOrderItemShipGroup,java,org.apache.ofbiz.order.order.OrderServices,deleteOrderItemShipGroup,OrderItemShipGroup,true,,applications/order/servicedef/services.xml,order-management,order-product-team,provisional-repository-inferred
addOrderItemShipGroupAssoc,java,org.apache.ofbiz.order.order.OrderServices,addOrderItemShipGroupAssoc,OrderItemShipGroupAssoc,true,,applications/order/servicedef/services.xml,order-management,order-product-team,provisional-repository-inferred
updateOrderItemShipGroupAssoc,java,org.apache.ofbiz.order.order.OrderServices,updateOrderItemShipGroupAssoc,OrderItemShipGroupAssoc,true,,applications/order/servicedef/services.xml,order-management,order-product-team,provisional-repository-inferred
deleteOrderItemShipGroupAssoc,entity-auto,,delete,OrderItemShipGroupAssoc,true,,applications/order/servicedef/services.xml,order-management,order-product-team,provisional-repository-inferred
createOrderPaymentApplication,groovy,component://order/src/main/groovy/org/apache/ofbiz/order/order/OrderServicesScript.groovy,createOrderPaymentApplication,,true,,applications/order/servicedef/services.xml,order-management,order-product-team,provisional-repository-inferred
createOrderItemAttribute,entity-auto,,create,OrderItemAttribute,true,,applications/order/servicedef/services.xml,order-management,order-product-team,provisional-repository-inferred
updateOrderItemAttribute,entity-auto,,update,OrderItemAttribute,true,,applications/order/servicedef/services.xml,order-management,order-product-team,provisional-repository-inferred
deleteOrderItemAttribute,entity-auto,,delete,OrderItemAttribute,true,,applications/order/servicedef/services.xml,order-management,order-product-team,provisional-repository-inferred
createOrderItemGroupOrder,entity-auto,,create,OrderItemGroupOrder,true,,applications/order/servicedef/services.xml,order-management,order-product-team,provisional-repository-inferred
countProductQuantityOrdered,java,org.apache.ofbiz.order.order.OrderServices,countProductQuantityOrdered,,true,,applications/order/servicedef/services.xml,order-management,order-product-team,provisional-repository-inferred
moveItemBetweenShipGroups,groovy,component://order/src/main/groovy/org/apache/ofbiz/order/order/OrderServicesScript.groovy,moveItemBetweenShipGroups,,,,applications/order/servicedef/services.xml,order-management,order-product-team,provisional-repository-inferred
updateShipGroupShipInfo,java,org.apache.ofbiz.order.order.OrderServices,updateShipGroupShipInfo,,true,,applications/order/servicedef/services.xml,order-management,order-product-team,provisional-repository-inferred
createOrderContent,entity-auto,,create,OrderContent,true,,applications/order/servicedef/services.xml,order-management,order-product-team,provisional-repository-inferred
expireOrderContent,entity-auto,,expire,OrderContent,true,,applications/order/servicedef/services.xml,order-management,order-product-team,provisional-repository-inferred
createOrderAdjustmentTypeAttr,entity-auto,,create,OrderAdjustmentTypeAttr,true,,applications/order/servicedef/services.xml,order-management,order-product-team,provisional-repository-inferred
updateOrderAdjustmentTypeAttr,entity-auto,,update,OrderAdjustmentTypeAttr,true,,applications/order/servicedef/services.xml,order-management,order-product-team,provisional-repository-inferred
deleteOrderAdjustmentTypeAttr,entity-auto,,delete,OrderAdjustmentTypeAttr,true,,applications/order/servicedef/services.xml,order-management,order-product-team,provisional-repository-inferred
createProductOrderItem,entity-auto,,create,ProductOrderItem,true,,applications/order/servicedef/services.xml,order-management,order-product-team,provisional-repository-inferred
updateProductOrderItem,entity-auto,,update,ProductOrderItem,true,,applications/order/servicedef/services.xml,order-management,order-product-team,provisional-repository-inferred
deleteProductOrderItem,entity-auto,,delete,ProductOrderItem,true,,applications/order/servicedef/services.xml,order-management,order-product-team,provisional-repository-inferred
createAllocationPlanHeader,entity-auto,,create,AllocationPlanHeader,true,,applications/order/servicedef/services.xml,order-management,order-product-team,provisional-repository-inferred
updateAllocationPlanHeader,entity-auto,,update,AllocationPlanHeader,true,,applications/order/servicedef/services.xml,order-management,order-product-team,provisional-repository-inferred
deleteAllocationPlanHeader,entity-auto,,delete,AllocationPlanHeader,true,,applications/order/servicedef/services.xml,order-management,order-product-team,provisional-repository-inferred
createAllocationPlanItem,entity-auto,,create,AllocationPlanItem,true,,applications/order/servicedef/services.xml,order-management,order-product-team,provisional-repository-inferred
updateAllocationPlanItem,entity-auto,,update,AllocationPlanItem,true,,applications/order/servicedef/services.xml,order-management,order-product-team,provisional-repository-inferred
deleteAllocationPlanItem,entity-auto,,delete,AllocationPlanItem,true,,applications/order/servicedef/services.xml,order-management,order-product-team,provisional-repository-inferred
associateOrderWithAllocationPlans,java,org.apache.ofbiz.order.order.OrderServices,associateOrderWithAllocationPlans,,true,,applications/order/servicedef/services.xml,order-management,order-product-team,provisional-repository-inferred
approveAllocationPlanItems,java,org.apache.ofbiz.order.order.OrderServices,approveAllocationPlanItems,,true,,applications/order/servicedef/services.xml,order-management,order-product-team,provisional-repository-inferred
cancelAllocationPlanItems,java,org.apache.ofbiz.order.order.OrderServices,cancelAllocationPlanItems,,true,,applications/order/servicedef/services.xml,order-management,order-product-team,provisional-repository-inferred
changeAllocationPlanStatus,java,org.apache.ofbiz.order.order.OrderServices,changeAllocationPlanStatus,,true,,applications/order/servicedef/services.xml,order-management,order-product-team,provisional-repository-inferred
changeAllocationPlanItemStatus,java,org.apache.ofbiz.order.order.OrderServices,changeAllocationPlanItemStatus,,true,,applications/order/servicedef/services.xml,order-management,order-product-team,provisional-repository-inferred
completeAllocationPlanItemByOrderItem,java,org.apache.ofbiz.order.order.OrderServices,completeAllocationPlanItemByOrderItem,,true,,applications/order/servicedef/services.xml,order-management,order-product-team,provisional-repository-inferred
cancelAllocationPlanItemByOrderItem,java,org.apache.ofbiz.order.order.OrderServices,cancelAllocationPlanItemByOrderItem,,true,,applications/order/servicedef/services.xml,order-management,order-product-team,provisional-repository-inferred
updateAllocatedQuantityOnOrderItemChange,java,org.apache.ofbiz.order.order.OrderServices,updateAllocatedQuantityOnOrderItemChange,,true,,applications/order/servicedef/services.xml,order-management,order-product-team,provisional-repository-inferred
createAllocationPlanAndItems,java,org.apache.ofbiz.order.order.OrderServices,createAllocationPlanAndItems,,true,,applications/order/servicedef/services.xml,order-management,order-product-team,provisional-repository-inferred
isInventoryAllocationRequired,java,org.apache.ofbiz.order.order.OrderServices,isInventoryAllocationRequired,,true,,applications/order/servicedef/services.xml,order-management,order-product-team,provisional-repository-inferred
updateAllocationPlanItems,java,org.apache.ofbiz.order.order.OrderServices,updateAllocationPlanItems,,true,,applications/order/servicedef/services.xml,order-management,order-product-team,provisional-repository-inferred
uploadOrderContentFile,group,,,,,,applications/order/servicedef/services.xml,order-management,order-product-team,provisional-repository-inferred
assignItemShipGroup,java,org.apache.ofbiz.order.shoppingcart.ShoppingCartServices,assignItemShipGroup,,false,,applications/order/servicedef/services_cart.xml,order-management,order-product-team,provisional-repository-inferred
setCartShippingOptions,java,org.apache.ofbiz.order.shoppingcart.ShoppingCartServices,setShippingOptions,,false,,applications/order/servicedef/services_cart.xml,order-management,order-product-team,provisional-repository-inferred
setCartShippingAddress,java,org.apache.ofbiz.order.shoppingcart.ShoppingCartServices,setShippingOptions,,false,,applications/order/servicedef/services_cart.xml,order-management,order-product-team,provisional-repository-inferred
setCartPaymentOptions,java,org.apache.ofbiz.order.shoppingcart.ShoppingCartServices,setPaymentOptions,,false,,applications/order/servicedef/services_cart.xml,order-management,order-product-team,provisional-repository-inferred
setCartOtherOptions,java,org.apache.ofbiz.order.shoppingcart.ShoppingCartServices,setOtherOptions,,false,,applications/order/servicedef/services_cart.xml,order-management,order-product-team,provisional-repository-inferred
loadCartFromOrder,java,org.apache.ofbiz.order.shoppingcart.ShoppingCartServices,loadCartFromOrder,,true,,applications/order/servicedef/services_cart.xml,order-management,order-product-team,provisional-repository-inferred
loadCartFromQuote,java,org.apache.ofbiz.order.shoppingcart.ShoppingCartServices,loadCartFromQuote,,true,,applications/order/servicedef/services_cart.xml,order-management,order-product-team,provisional-repository-inferred
loadCartFromShoppingList,java,org.apache.ofbiz.order.shoppingcart.ShoppingCartServices,loadCartFromShoppingList,,true,,applications/order/servicedef/services_cart.xml,order-management,order-product-team,provisional-repository-inferred
getShoppingCartData,java,org.apache.ofbiz.order.shoppingcart.ShoppingCartServices,getShoppingCartData,,false,,applications/order/servicedef/services_cart.xml,order-management,order-product-team,provisional-repository-inferred
getShoppingCartItemIndex,java,org.apache.ofbiz.order.shoppingcart.ShoppingCartServices,getShoppingCartItemIndex,,false,,applications/order/servicedef/services_cart.xml,order-management,order-product-team,provisional-repository-inferred
resetShipGroupItems,java,org.apache.ofbiz.order.shoppingcart.ShoppingCartServices,resetShipGroupItems,,false,,applications/order/servicedef/services_cart.xml,order-management,order-product-team,provisional-repository-inferred
prepareVendorShipGroups,java,org.apache.ofbiz.order.shoppingcart.ShoppingCartServices,prepareVendorShipGroups,,false,,applications/order/servicedef/services_cart.xml,order-management,order-product-team,provisional-repository-inferred
createCartAbandonedLine,entity-auto,,create,CartAbandonedLine,true,,applications/order/servicedef/services_cart.xml,order-management,order-product-team,provisional-repository-inferred
updateCartAbandonedLine,entity-auto,,update,CartAbandonedLine,true,,applications/order/servicedef/services_cart.xml,order-management,order-product-team,provisional-repository-inferred
deleteCartAbandonedLine,entity-auto,,delete,CartAbandonedLine,true,,applications/order/servicedef/services_cart.xml,order-management,order-product-team,provisional-repository-inferred
createUpdateCustomerAndShippingAddress,groovy,component://order/src/main/groovy/org/apache/ofbiz/order/order/CheckoutServices.groovy,createUpdateCustomerAndShippingAddress,,false,,applications/order/servicedef/services_checkout.xml,order-management,order-product-team,provisional-repository-inferred
createUpdateBillingAddressAndPaymentMethod,groovy,component://order/src/main/groovy/org/apache/ofbiz/order/order/CheckoutServices.groovy,createUpdateBillingAddressAndPaymentMethod,,false,,applications/order/servicedef/services_checkout.xml,order-management,order-product-team,provisional-repository-inferred
setAnonUserLogin,groovy,component://order/src/main/groovy/org/apache/ofbiz/order/order/CheckoutServices.groovy,setAnonUserLogin,,false,,applications/order/servicedef/services_checkout.xml,order-management,order-product-team,provisional-repository-inferred
createOrderAdjustmentAttribute,entity-auto,,create,OrderAdjustmentAttribute,true,,applications/order/servicedef/services_order.xml,order-management,order-product-team,provisional-repository-inferred
updateOrderAdjustmentAttribute,entity-auto,,update,OrderAdjustmentAttribute,true,,applications/order/servicedef/services_order.xml,order-management,order-product-team,provisional-repository-inferred
deleteOrderAdjustmentAttribute,entity-auto,,delete,OrderAdjustmentAttribute,true,,applications/order/servicedef/services_order.xml,order-management,order-product-team,provisional-repository-inferred
createOrderAdjustmentType,entity-auto,,create,OrderAdjustmentType,true,,applications/order/servicedef/services_order.xml,order-management,order-product-team,provisional-repository-inferred
updateOrderAdjustmentType,entity-auto,,update,OrderAdjustmentType,true,,applications/order/servicedef/services_order.xml,order-management,order-product-team,provisional-repository-inferred
deleteOrderAdjustmentType,entity-auto,,delete,OrderAdjustmentType,true,,applications/order/servicedef/services_order.xml,order-management,order-product-team,provisional-repository-inferred
createOrderAttribute,entity-auto,,create,OrderAttribute,true,,applications/order/servicedef/services_order.xml,order-management,order-product-team,provisional-repository-inferred
updateOrderAttribute,entity-auto,,update,OrderAttribute,true,,applications/order/servicedef/services_order.xml,order-management,order-product-team,provisional-repository-inferred
deleteOrderAttribute,entity-auto,,delete,OrderAttribute,true,,applications/order/servicedef/services_order.xml,order-management,order-product-team,provisional-repository-inferred
createOrderDenylist,entity-auto,,create,OrderDenylist,true,,applications/order/servicedef/services_order.xml,order-management,order-product-team,provisional-repository-inferred
deleteOrderDenylist,entity-auto,,delete,OrderDenylist,true,,applications/order/servicedef/services_order.xml,order-management,order-product-team,provisional-repository-inferred
createOrderDenylistType,entity-auto,,create,OrderDenylistType,true,,applications/order/servicedef/services_order.xml,order-management,order-product-team,provisional-repository-inferred
updateOrderDenylistType,entity-auto,,update,OrderDenylistType,true,,applications/order/servicedef/services_order.xml,order-management,order-product-team,provisional-repository-inferred
deleteOrderDenylistType,entity-auto,,delete,OrderDenylistType,true,,applications/order/servicedef/services_order.xml,order-management,order-product-team,provisional-repository-inferred
createOrderItemAssoc,entity-auto,,create,OrderItemAssoc,true,,applications/order/servicedef/services_order.xml,order-management,order-product-team,provisional-repository-inferred
updateOrderItemAssoc,entity-auto,,update,OrderItemAssoc,true,,applications/order/servicedef/services_order.xml,order-management,order-product-team,provisional-repository-inferred
deleteOrderItemAssoc,entity-auto,,delete,OrderItemAssoc,true,,applications/order/servicedef/services_order.xml,order-management,order-product-team,provisional-repository-inferred
createOrderItemAssocType,entity-auto,,create,OrderItemAssocType,true,,applications/order/servicedef/services_order.xml,order-management,order-product-team,provisional-repository-inferred
updateOrderItemAssocType,entity-auto,,update,OrderItemAssocType,true,,applications/order/servicedef/services_order.xml,order-management,order-product-team,provisional-repository-inferred
deleteOrderItemAssocType,entity-auto,,delete,OrderItemAssocType,true,,applications/order/servicedef/services_order.xml,order-management,order-product-team,provisional-repository-inferred
createOrderItemContactMech,entity-auto,,create,OrderItemContactMech,true,,applications/order/servicedef/services_order.xml,order-management,order-product-team,provisional-repository-inferred
updateOrderItemContactMech,entity-auto,,update,OrderItemContactMech,true,,applications/order/servicedef/services_order.xml,order-management,order-product-team,provisional-repository-inferred
deleteOrderItemContactMech,entity-auto,,delete,OrderItemContactMech,true,,applications/order/servicedef/services_order.xml,order-management,order-product-team,provisional-repository-inferred
createOrderItemGroup,entity-auto,,create,OrderItemGroup,true,,applications/order/servicedef/services_order.xml,order-management,order-product-team,provisional-repository-inferred
updateOrderItemGroup,entity-auto,,update,OrderItemGroup,true,,applications/order/servicedef/services_order.xml,order-management,order-product-team,provisional-repository-inferred
deleteOrderItemGroup,entity-auto,,delete,OrderItemGroup,true,,applications/order/servicedef/services_order.xml,order-management,order-product-team,provisional-repository-inferred
createOrderItemPriceInfo,entity-auto,,create,OrderItemPriceInfo,true,,applications/order/servicedef/services_order.xml,order-management,order-product-team,provisional-repository-inferred
updateOrderItemPriceInfo,entity-auto,,update,OrderItemPriceInfo,true,,applications/order/servicedef/services_order.xml,order-management,order-product-team,provisional-repository-inferred
deleteOrderItemPriceInfo,entity-auto,,delete,OrderItemPriceInfo,true,,applications/order/servicedef/services_order.xml,order-management,order-product-team,provisional-repository-inferred
createOrderItemRole,entity-auto,,create,OrderItemRole,true,,applications/order/servicedef/services_order.xml,order-management,order-product-team,provisional-repository-inferred
deleteOrderItemRole,entity-auto,,delete,OrderItemRole,true,,applications/order/servicedef/services_order.xml,order-management,order-product-team,provisional-repository-inferred
createOrderItemShipGrpInvRes,entity-auto,,create,OrderItemShipGrpInvRes,true,,applications/order/servicedef/services_order.xml,order-management,order-product-team,provisional-repository-inferred
updateOrderItemShipGrpInvRes,entity-auto,,update,OrderItemShipGrpInvRes,true,,applications/order/servicedef/services_order.xml,order-management,order-product-team,provisional-repository-inferred
deleteOrderItemShipGrpInvRes,entity-auto,,delete,OrderItemShipGrpInvRes,true,,applications/order/servicedef/services_order.xml,order-management,order-product-team,provisional-repository-inferred
createOrderItemType,entity-auto,,create,OrderItemType,true,,applications/order/servicedef/services_order.xml,order-management,order-product-team,provisional-repository-inferred
updateOrderItemType,entity-auto,,update,OrderItemType,true,,applications/order/servicedef/services_order.xml,order-management,order-product-team,provisional-repository-inferred
deleteOrderItemType,entity-auto,,delete,OrderItemType,true,,applications/order/servicedef/services_order.xml,order-management,order-product-team,provisional-repository-inferred
createOrderItemTypeAttr,entity-auto,,create,OrderItemTypeAttr,true,,applications/order/servicedef/services_order.xml,order-management,order-product-team,provisional-repository-inferred
updateOrderItemTypeAttr,entity-auto,,update,OrderItemTypeAttr,true,,applications/order/servicedef/services_order.xml,order-management,order-product-team,provisional-repository-inferred
deleteOrderItemTypeAttr,entity-auto,,delete,OrderItemTypeAttr,true,,applications/order/servicedef/services_order.xml,order-management,order-product-team,provisional-repository-inferred
updateOrderNotification,entity-auto,,update,OrderNotification,true,,applications/order/servicedef/services_order.xml,order-management,order-product-team,provisional-repository-inferred
deleteOrderNotification,entity-auto,,delete,OrderNotification,true,,applications/order/servicedef/services_order.xml,order-management,order-product-team,provisional-repository-inferred
createOrderProductPromoCode,entity-auto,,create,OrderProductPromoCode,true,,applications/order/servicedef/services_order.xml,order-management,order-product-team,provisional-repository-inferred
deleteOrderProductPromoCode,entity-auto,,delete,OrderProductPromoCode,true,,applications/order/servicedef/services_order.xml,order-management,order-product-team,provisional-repository-inferred
updateOrderRequirementCommitment,entity-auto,,update,OrderRequirementCommitment,true,,applications/order/servicedef/services_order.xml,order-management,order-product-team,provisional-repository-inferred
deleteOrderRequirementCommitment,entity-auto,,delete,OrderRequirementCommitment,true,,applications/order/servicedef/services_order.xml,order-management,order-product-team,provisional-repository-inferred
createOrderSummaryEntry,entity-auto,,create,OrderSummaryEntry,true,,applications/order/servicedef/services_order.xml,order-management,order-product-team,provisional-repository-inferred
updateOrderSummaryEntry,entity-auto,,update,OrderSummaryEntry,true,,applications/order/servicedef/services_order.xml,order-management,order-product-team,provisional-repository-inferred
deleteOrderSummaryEntry,entity-auto,,delete,OrderSummaryEntry,true,,applications/order/servicedef/services_order.xml,order-management,order-product-team,provisional-repository-inferred
createOrderTermAttribute,entity-auto,,create,OrderTermAttribute,true,,applications/order/servicedef/services_order.xml,order-management,order-product-team,provisional-repository-inferred
updateOrderTermAttribute,entity-auto,,update,OrderTermAttribute,true,,applications/order/servicedef/services_order.xml,order-management,order-product-team,provisional-repository-inferred
deleteOrderTermAttribute,entity-auto,,delete,OrderTermAttribute,true,,applications/order/servicedef/services_order.xml,order-management,order-product-team,provisional-repository-inferred
createOrderType,entity-auto,,create,OrderType,true,,applications/order/servicedef/services_order.xml,order-management,order-product-team,provisional-repository-inferred
updateOrderType,entity-auto,,update,OrderType,true,,applications/order/servicedef/services_order.xml,order-management,order-product-team,provisional-repository-inferred
deleteOrderType,entity-auto,,delete,OrderType,true,,applications/order/servicedef/services_order.xml,order-management,order-product-team,provisional-repository-inferred
createOrderTypeAttr,entity-auto,,create,OrderTypeAttr,true,,applications/order/servicedef/services_order.xml,order-management,order-product-team,provisional-repository-inferred
updateOrderTypeAttr,entity-auto,,update,OrderTypeAttr,true,,applications/order/servicedef/services_order.xml,order-management,order-product-team,provisional-repository-inferred
deleteOrderTypeAttr,entity-auto,,delete,OrderTypeAttr,true,,applications/order/servicedef/services_order.xml,order-management,order-product-team,provisional-repository-inferred
createOrderContentType,entity-auto,,create,OrderContentType,true,,applications/order/servicedef/services_order.xml,order-management,order-product-team,provisional-repository-inferred
updateOrderContentType,entity-auto,,update,OrderContentType,true,,applications/order/servicedef/services_order.xml,order-management,order-product-team,provisional-repository-inferred
deleteOrderContentType,entity-auto,,delete,OrderContentType,true,,applications/order/servicedef/services_order.xml,order-management,order-product-team,provisional-repository-inferred
returnPermissionCheck,simple,component://order/minilang/permission/PermissionServices.xml,returnPermissionCheck,,,,applications/order/servicedef/services_perm.xml,order-management,order-product-team,provisional-repository-inferred
getNextQuoteId,groovy,component://order/src/main/groovy/org/apache/ofbiz/order/quote/QuoteServicesScript.groovy,getNextQuoteId,,,,applications/order/servicedef/services_quote.xml,order-management,order-product-team,provisional-repository-inferred
quoteSequenceEnforced,groovy,component://order/src/main/groovy/org/apache/ofbiz/order/quote/QuoteServicesScript.groovy,quoteSequenceEnforced,,,,applications/order/servicedef/services_quote.xml,order-management,order-product-team,provisional-repository-inferred
createQuote,groovy,component://order/src/main/groovy/org/apache/ofbiz/order/quote/QuoteServicesScript.groovy,createQuote,Quote,true,,applications/order/servicedef/services_quote.xml,order-management,order-product-team,provisional-repository-inferred
updateQuote,groovy,component://order/src/main/groovy/org/apache/ofbiz/order/quote/QuoteServicesScript.groovy,updateQuote,Quote,true,,applications/order/servicedef/services_quote.xml,order-management,order-product-team,provisional-repository-inferred
copyQuote,groovy,component://order/src/main/groovy/org/apache/ofbiz/order/quote/QuoteServicesScript.groovy,copyQuote,Quote,true,,applications/order/servicedef/services_quote.xml,order-management,order-product-team,provisional-repository-inferred
checkUpdateQuoteStatus,groovy,component://order/src/main/groovy/org/apache/ofbiz/order/quote/QuoteServicesScript.groovy,checkUpdateQuoteStatus,Quote,true,,applications/order/servicedef/services_quote.xml,order-management,order-product-team,provisional-repository-inferred
createQuoteRole,entity-auto,,create,QuoteRole,true,,applications/order/servicedef/services_quote.xml,order-management,order-product-team,provisional-repository-inferred
updateQuoteRole,entity-auto,,update,QuoteRole,true,,applications/order/servicedef/services_quote.xml,order-management,order-product-team,provisional-repository-inferred
removeQuoteRole,entity-auto,,delete,QuoteRole,true,,applications/order/servicedef/services_quote.xml,order-management,order-product-team,provisional-repository-inferred
expireQuoteRole,entity-auto,,expire,QuoteRole,true,,applications/order/servicedef/services_quote.xml,order-management,order-product-team,provisional-repository-inferred
createQuoteItem,groovy,component://order/src/main/groovy/org/apache/ofbiz/order/quote/QuoteServicesScript.groovy,createQuoteItem,QuoteItem,true,,applications/order/servicedef/services_quote.xml,order-management,order-product-team,provisional-repository-inferred
updateQuoteItem,groovy,component://order/src/main/groovy/org/apache/ofbiz/order/quote/QuoteServicesScript.groovy,updateQuoteItem,QuoteItem,true,,applications/order/servicedef/services_quote.xml,order-management,order-product-team,provisional-repository-inferred
removeQuoteItem,groovy,component://order/src/main/groovy/org/apache/ofbiz/order/quote/QuoteServicesScript.groovy,removeQuoteItem,QuoteItem,true,,applications/order/servicedef/services_quote.xml,order-management,order-product-team,provisional-repository-inferred
copyQuoteItem,groovy,component://order/src/main/groovy/org/apache/ofbiz/order/quote/QuoteServicesScript.groovy,copyQuoteItem,QuoteItem,true,,applications/order/servicedef/services_quote.xml,order-management,order-product-team,provisional-repository-inferred
createQuoteAttribute,entity-auto,,create,QuoteAttribute,true,,applications/order/servicedef/services_quote.xml,order-management,order-product-team,provisional-repository-inferred
updateQuoteAttribute,entity-auto,,update,QuoteAttribute,true,,applications/order/servicedef/services_quote.xml,order-management,order-product-team,provisional-repository-inferred
removeQuoteAttribute,entity-auto,,delete,QuoteAttribute,true,,applications/order/servicedef/services_quote.xml,order-management,order-product-team,provisional-repository-inferred
createQuoteCoefficient,entity-auto,,create,QuoteCoefficient,true,,applications/order/servicedef/services_quote.xml,order-management,order-product-team,provisional-repository-inferred
updateQuoteCoefficient,entity-auto,,update,QuoteCoefficient,true,,applications/order/servicedef/services_quote.xml,order-management,order-product-team,provisional-repository-inferred
removeQuoteCoefficient,entity-auto,,delete,QuoteCoefficient,true,,applications/order/servicedef/services_quote.xml,order-management,order-product-team,provisional-repository-inferred
createQuoteTerm,entity-auto,,create,QuoteTerm,,,applications/order/servicedef/services_quote.xml,order-management,order-product-team,provisional-repository-inferred
updateQuoteTerm,entity-auto,,update,QuoteTerm,,,applications/order/servicedef/services_quote.xml,order-management,order-product-team,provisional-repository-inferred
deleteQuoteTerm,entity-auto,,delete,QuoteTerm,,,applications/order/servicedef/services_quote.xml,order-management,order-product-team,provisional-repository-inferred
createQuoteAndQuoteItemForRequest,groovy,component://order/src/main/groovy/org/apache/ofbiz/order/quote/QuoteServicesScript.groovy,createQuoteAndQuoteItemForRequest,QuoteItem,true,,applications/order/servicedef/services_quote.xml,order-management,order-product-team,provisional-repository-inferred
autoUpdateQuotePrice,groovy,component://order/src/main/groovy/org/apache/ofbiz/order/quote/QuoteServicesScript.groovy,autoUpdateQuotePrice,QuoteItem,true,,applications/order/servicedef/services_quote.xml,order-management,order-product-team,provisional-repository-inferred
autoCreateQuoteAdjustments,groovy,component://order/src/main/groovy/org/apache/ofbiz/order/quote/QuoteServicesScript.groovy,autoCreateQuoteAdjustments,,true,,applications/order/servicedef/services_quote.xml,order-management,order-product-team,provisional-repository-inferred
createQuoteAdjustment,groovy,component://order/src/main/groovy/org/apache/ofbiz/order/quote/QuoteServicesScript.groovy,createQuoteAdjustment,QuoteAdjustment,true,,applications/order/servicedef/services_quote.xml,order-management,order-product-team,provisional-repository-inferred
updateQuoteAdjustment,entity-auto,,update,QuoteAdjustment,true,,applications/order/servicedef/services_quote.xml,order-management,order-product-team,provisional-repository-inferred
removeQuoteAdjustment,entity-auto,,delete,QuoteAdjustment,true,,applications/order/servicedef/services_quote.xml,order-management,order-product-team,provisional-repository-inferred
createQuoteWorkEffort,entity-auto,,create,QuoteWorkEffort,true,,applications/order/servicedef/services_quote.xml,order-management,order-product-team,provisional-repository-inferred
deleteQuoteWorkEffort,entity-auto,,delete,QuoteWorkEffort,true,,applications/order/servicedef/services_quote.xml,order-management,order-product-team,provisional-repository-inferred
ensureWorkEffortAndCreateQuoteWorkEffort,groovy,component://order/src/main/groovy/org/apache/ofbiz/order/quote/QuoteServicesScript.groovy,ensureWorkEffortAndCreateQuoteWorkEffort,WorkEffort,true,,applications/order/servicedef/services_quote.xml,order-management,order-product-team,provisional-repository-inferred
createQuoteFromCart,groovy,component://order/src/main/groovy/org/apache/ofbiz/order/quote/QuoteServicesScript.groovy,createQuoteFromCart,,true,,applications/order/servicedef/services_quote.xml,order-management,order-product-team,provisional-repository-inferred
createQuoteFromShoppingList,groovy,component://order/src/main/groovy/org/apache/ofbiz/order/quote/QuoteServicesScript.groovy,createQuoteFromShoppingList,,true,,applications/order/servicedef/services_quote.xml,order-management,order-product-team,provisional-repository-inferred
createQuoteFromCustRequest,groovy,component://order/src/main/groovy/org/apache/ofbiz/order/quote/QuoteServicesScript.groovy,createQuoteFromCustRequest,,true,,applications/order/servicedef/services_quote.xml,order-management,order-product-team,provisional-repository-inferred
sendQuoteReportMail,java,org.apache.ofbiz.order.quote.QuoteServices,sendQuoteReportMail,,,,applications/order/servicedef/services_quote.xml,order-management,order-product-team,provisional-repository-inferred
storeQuote,java,org.apache.ofbiz.order.quote.QuoteServices,storeQuote,Quote,true,,applications/order/servicedef/services_quote.xml,order-management,order-product-team,provisional-repository-inferred
createQuoteNote,groovy,component://order/src/main/groovy/org/apache/ofbiz/order/quote/QuoteServicesScript.groovy,createQuoteNote,,true,,applications/order/servicedef/services_quote.xml,order-management,order-product-team,provisional-repository-inferred
createQuoteTermAttribute,entity-auto,,create,QuoteTermAttribute,true,,applications/order/servicedef/services_quote.xml,order-management,order-product-team,provisional-repository-inferred
updateQuoteTermAttribute,entity-auto,,update,QuoteTermAttribute,true,,applications/order/servicedef/services_quote.xml,order-management,order-product-team,provisional-repository-inferred
deleteQuoteTermAttribute,entity-auto,,delete,QuoteTermAttribute,true,,applications/order/servicedef/services_quote.xml,order-management,order-product-team,provisional-repository-inferred
createQuoteType,entity-auto,,create,QuoteType,true,,applications/order/servicedef/services_quote.xml,order-management,order-product-team,provisional-repository-inferred
updateQuoteType,entity-auto,,update,QuoteType,true,,applications/order/servicedef/services_quote.xml,order-management,order-product-team,provisional-repository-inferred
deleteQuoteType,entity-auto,,delete,QuoteType,true,,applications/order/servicedef/services_quote.xml,order-management,order-product-team,provisional-repository-inferred
createQuoteTypeAttr,entity-auto,,create,QuoteTypeAttr,true,,applications/order/servicedef/services_quote.xml,order-management,order-product-team,provisional-repository-inferred
updateQuoteTypeAttr,entity-auto,,update,QuoteTypeAttr,true,,applications/order/servicedef/services_quote.xml,order-management,order-product-team,provisional-repository-inferred
deleteQuoteTypeAttr,entity-auto,,delete,QuoteTypeAttr,true,,applications/order/servicedef/services_quote.xml,order-management,order-product-team,provisional-repository-inferred
custRequestPermissionCheck,simple,component://order/minilang/request/CustRequestServices.xml,custRequestPermissionCheck,,,,applications/order/servicedef/services_request.xml,order-management,order-product-team,provisional-repository-inferred
createCustRequest,simple,component://order/minilang/request/CustRequestServices.xml,createCustRequest,CustRequest,true,,applications/order/servicedef/services_request.xml,order-management,order-product-team,provisional-repository-inferred
updateCustRequest,simple,component://order/minilang/request/CustRequestServices.xml,updateCustRequest,CustRequest,true,,applications/order/servicedef/services_request.xml,order-management,order-product-team,provisional-repository-inferred
deleteCustRequest,simple,component://order/minilang/request/CustRequestServices.xml,deleteCustRequest,CustRequest,true,,applications/order/servicedef/services_request.xml,order-management,order-product-team,provisional-repository-inferred
createCustRequestAttribute,entity-auto,,create,CustRequestAttribute,true,,applications/order/servicedef/services_request.xml,order-management,order-product-team,provisional-repository-inferred
updateCustRequestAttribute,entity-auto,,update,CustRequestAttribute,true,,applications/order/servicedef/services_request.xml,order-management,order-product-team,provisional-repository-inferred
deleteCustRequestAttribute,entity-auto,,delete,CustRequestAttribute,true,,applications/order/servicedef/services_request.xml,order-management,order-product-team,provisional-repository-inferred
createCustRequestItem,entity-auto,,create,CustRequestItem,true,,applications/order/servicedef/services_request.xml,order-management,order-product-team,provisional-repository-inferred
updateCustRequestItem,entity-auto,,update,CustRequestItem,true,,applications/order/servicedef/services_request.xml,order-management,order-product-team,provisional-repository-inferred
copyCustRequestItem,simple,component://order/minilang/request/CustRequestServices.xml,copyCustRequestItem,CustRequestItem,true,,applications/order/servicedef/services_request.xml,order-management,order-product-team,provisional-repository-inferred
createCustRequestParty,entity-auto,,create,CustRequestParty,true,,applications/order/servicedef/services_request.xml,order-management,order-product-team,provisional-repository-inferred
updateCustRequestParty,entity-auto,,update,CustRequestParty,true,,applications/order/servicedef/services_request.xml,order-management,order-product-team,provisional-repository-inferred
deleteCustRequestParty,entity-auto,,delete,CustRequestParty,true,,applications/order/servicedef/services_request.xml,order-management,order-product-team,provisional-repository-inferred
expireCustRequestParty,entity-auto,,expire,CustRequestParty,true,,applications/order/servicedef/services_request.xml,order-management,order-product-team,provisional-repository-inferred
checkStatusCustRequest,simple,component://order/minilang/request/CustRequestServices.xml,checkStatusCustRequest,CustRequest,true,,applications/order/servicedef/services_request.xml,order-management,order-product-team,provisional-repository-inferred
updateCustRequestLastModifiedDate,simple,component://order/minilang/request/CustRequestServices.xml,updateCustRequestLastModifiedDate,CustRequest,true,,applications/order/servicedef/services_request.xml,order-management,order-product-team,provisional-repository-inferred
createCustRequestNote,simple,component://order/minilang/request/CustRequestServices.xml,createCustRequestNote,,true,,applications/order/servicedef/services_request.xml,order-management,order-product-team,provisional-repository-inferred
updateCustRequestNote,simple,component://order/minilang/request/CustRequestServices.xml,updateCustRequestNote,,true,,applications/order/servicedef/services_request.xml,order-management,order-product-team,provisional-repository-inferred
createCustRequestItemNote,simple,component://order/minilang/request/CustRequestServices.xml,createCustRequestItemNote,,true,,applications/order/servicedef/services_request.xml,order-management,order-product-team,provisional-repository-inferred
createCustRequestFromCart,simple,component://order/minilang/request/CustRequestServices.xml,createCustRequestFromCart,,true,,applications/order/servicedef/services_request.xml,order-management,order-product-team,provisional-repository-inferred
createCustRequestFromShoppingList,simple,component://order/minilang/request/CustRequestServices.xml,createCustRequestFromShoppingList,,true,,applications/order/servicedef/services_request.xml,order-management,order-product-team,provisional-repository-inferred
getCustRequestsByRole,simple,component://order/minilang/request/CustRequestServices.xml,getCustRequestsByRole,,true,,applications/order/servicedef/services_request.xml,order-management,order-product-team,provisional-repository-inferred
setCustRequestStatus,simple,component://order/minilang/request/CustRequestServices.xml,setCustRequestStatus,,true,,applications/order/servicedef/services_request.xml,order-management,order-product-team,provisional-repository-inferred
createCustRequestFromCommEvent,simple,component://order/minilang/request/CustRequestServices.xml,createCustRequestFromCommEvent,CommunicationEvent,true,,applications/order/servicedef/services_request.xml,order-management,order-product-team,provisional-repository-inferred
createCustRequestStatus,entity-auto,,create,CustRequestStatus,true,,applications/order/servicedef/services_request.xml,order-management,order-product-team,provisional-repository-inferred
createCustRequestContent,entity-auto,,create,CustRequestContent,true,,applications/order/servicedef/services_request.xml,order-management,order-product-team,provisional-repository-inferred
deleteCustRequestContent,entity-auto,,delete,CustRequestContent,true,,applications/order/servicedef/services_request.xml,order-management,order-product-team,provisional-repository-inferred
expireCustRequestContent,entity-auto,,expire,CustRequestContent,true,,applications/order/servicedef/services_request.xml,order-management,order-product-team,provisional-repository-inferred
createCustRequestCategory,entity-auto,,create,CustRequestCategory,true,,applications/order/servicedef/services_request.xml,order-management,order-product-team,provisional-repository-inferred
updateCustRequestCategory,entity-auto,,update,CustRequestCategory,true,,applications/order/servicedef/services_request.xml,order-management,order-product-team,provisional-repository-inferred
deleteCustRequestCategory,entity-auto,,delete,CustRequestCategory,true,,applications/order/servicedef/services_request.xml,order-management,order-product-team,provisional-repository-inferred
createCustRequestResolution,entity-auto,,create,CustRequestResolution,true,,applications/order/servicedef/services_request.xml,order-management,order-product-team,provisional-repository-inferred
updateCustRequestResolution,entity-auto,,update,CustRequestResolution,true,,applications/order/servicedef/services_request.xml,order-management,order-product-team,provisional-repository-inferred
deleteCustRequestResolution,entity-auto,,delete,CustRequestResolution,true,,applications/order/servicedef/services_request.xml,order-management,order-product-team,provisional-repository-inferred
createCustRequestType,entity-auto,,create,CustRequestType,true,,applications/order/servicedef/services_request.xml,order-management,order-product-team,provisional-repository-inferred
updateCustRequestType,entity-auto,,update,CustRequestType,true,,applications/order/servicedef/services_request.xml,order-management,order-product-team,provisional-repository-inferred
deleteCustRequestType,entity-auto,,delete,CustRequestType,true,,applications/order/servicedef/services_request.xml,order-management,order-product-team,provisional-repository-inferred
createCustRequestTypeAttr,entity-auto,,create,CustRequestTypeAttr,true,,applications/order/servicedef/services_request.xml,order-management,order-product-team,provisional-repository-inferred
updateCustRequestTypeAttr,entity-auto,,update,CustRequestTypeAttr,true,,applications/order/servicedef/services_request.xml,order-management,order-product-team,provisional-repository-inferred
deleteCustRequestTypeAttr,entity-auto,,delete,CustRequestTypeAttr,true,,applications/order/servicedef/services_request.xml,order-management,order-product-team,provisional-repository-inferred
createRespondingParty,entity-auto,,create,RespondingParty,true,,applications/order/servicedef/services_request.xml,order-management,order-product-team,provisional-repository-inferred
updateRespondingParty,entity-auto,,update,RespondingParty,true,,applications/order/servicedef/services_request.xml,order-management,order-product-team,provisional-repository-inferred
deleteRespondingParty,entity-auto,,delete,RespondingParty,true,,applications/order/servicedef/services_request.xml,order-management,order-product-team,provisional-repository-inferred
requirementInterface,interface,,,,,,applications/order/servicedef/services_requirement.xml,order-management,order-product-team,provisional-repository-inferred
createRequirement,simple,component://order/minilang/requirement/RequirementServices.xml,createRequirement,,,,applications/order/servicedef/services_requirement.xml,order-management,order-product-team,provisional-repository-inferred
updateRequirement,entity-auto,,update,Requirement,true,,applications/order/servicedef/services_requirement.xml,order-management,order-product-team,provisional-repository-inferred
deleteRequirementAndRelated,groovy,component://order/src/main/groovy/org/apache/ofbiz/order/requirement/RequirementServicesScript.groovy,deleteRequirementAndRelated,,,,applications/order/servicedef/services_requirement.xml,order-management,order-product-team,provisional-repository-inferred
createRequirementRole,entity-auto,,create,RequirementRole,true,,applications/order/servicedef/services_requirement.xml,order-management,order-product-team,provisional-repository-inferred
updateRequirementRole,entity-auto,,update,RequirementRole,true,,applications/order/servicedef/services_requirement.xml,order-management,order-product-team,provisional-repository-inferred
removeRequirementRole,entity-auto,,delete,RequirementRole,true,,applications/order/servicedef/services_requirement.xml,order-management,order-product-team,provisional-repository-inferred
createRequirementStatus,entity-auto,,create,RequirementStatus,true,,applications/order/servicedef/services_requirement.xml,order-management,order-product-team,provisional-repository-inferred
removeRequirementStatus,entity-auto,,delete,RequirementStatus,true,,applications/order/servicedef/services_requirement.xml,order-management,order-product-team,provisional-repository-inferred
addRequirementTask,entity-auto,,create,WorkRequirementFulfillment,,,applications/order/servicedef/services_requirement.xml,order-management,order-product-team,provisional-repository-inferred
getRequirementsForSupplier,java,org.apache.ofbiz.order.requirement.RequirementServices,getRequirementsForSupplier,,,,applications/order/servicedef/services_requirement.xml,order-management,order-product-team,provisional-repository-inferred
createOrderRequirementCommitment,entity-auto,,create,OrderRequirementCommitment,true,,applications/order/servicedef/services_requirement.xml,order-management,order-product-team,provisional-repository-inferred
checkCreateOrderRequirement,groovy,component://order/src/main/groovy/org/apache/ofbiz/order/order/OrderRequirementServicesScript.groovy,checkCreateOrderRequirement,,true,,applications/order/servicedef/services_requirement.xml,order-management,order-product-team,provisional-repository-inferred
checkCreateStockRequirementQoh,groovy,component://order/src/main/groovy/org/apache/ofbiz/order/order/OrderRequirementServicesScript.groovy,checkCreateStockRequirementQoh,ItemIssuance,true,,applications/order/servicedef/services_requirement.xml,order-management,order-product-team,provisional-repository-inferred
checkCreateStockRequirementAtp,groovy,component://order/src/main/groovy/org/apache/ofbiz/order/order/OrderRequirementServicesScript.groovy,checkCreateStockRequirementAtp,,true,,applications/order/servicedef/services_requirement.xml,order-management,order-product-team,provisional-repository-inferred
checkCreateProductRequirementForFacility,groovy,component://order/src/main/groovy/org/apache/ofbiz/order/order/OrderRequirementServicesScript.groovy,checkCreateProductRequirementForFacility,,true,,applications/order/servicedef/services_requirement.xml,order-management,order-product-team,provisional-repository-inferred
approveRequirement,java,org.apache.ofbiz.manufacturing.jobshopmgt.ProductionRunServices,approveRequirement,,true,,applications/order/servicedef/services_requirement.xml,order-management,order-product-team,provisional-repository-inferred
autoAssignRequirementToSupplier,groovy,component://order/src/main/groovy/org/apache/ofbiz/order/requirement/RequirementServicesScript.groovy,autoAssignRequirementToSupplier,,true,,applications/order/servicedef/services_requirement.xml,order-management,order-product-team,provisional-repository-inferred
createTransferFromRequirement,groovy,component://order/src/main/groovy/org/apache/ofbiz/order/requirement/RequirementServicesScript.groovy,createTransferFromRequirement,,true,,applications/order/servicedef/services_requirement.xml,order-management,order-product-team,provisional-repository-inferred
createAutoRequirementsForOrder,java,org.apache.ofbiz.order.requirement.RequirementServices,createAutoRequirementsForOrder,,true,,applications/order/servicedef/services_requirement.xml,order-management,order-product-team,provisional-repository-inferred
createATPRequirementsForOrder,java,org.apache.ofbiz.order.requirement.RequirementServices,createATPRequirementsForOrder,,true,,applications/order/servicedef/services_requirement.xml,order-management,order-product-team,provisional-repository-inferred
updateRequirementsToOrdered,java,org.apache.ofbiz.order.requirement.RequirementServices,updateRequirementsToOrdered,,true,,applications/order/servicedef/services_requirement.xml,order-management,order-product-team,provisional-repository-inferred
createDesiredFeature,entity-auto,,create,DesiredFeature,true,,applications/order/servicedef/services_requirement.xml,order-management,order-product-team,provisional-repository-inferred
updateDesiredFeature,entity-auto,,update,DesiredFeature,true,,applications/order/servicedef/services_requirement.xml,order-management,order-product-team,provisional-repository-inferred
deleteDesiredFeature,entity-auto,,delete,DesiredFeature,true,,applications/order/servicedef/services_requirement.xml,order-management,order-product-team,provisional-repository-inferred
createRequirementAttribute,entity-auto,,create,RequirementAttribute,true,,applications/order/servicedef/services_requirement.xml,order-management,order-product-team,provisional-repository-inferred
updateRequirementAttribute,entity-auto,,update,RequirementAttribute,true,,applications/order/servicedef/services_requirement.xml,order-management,order-product-team,provisional-repository-inferred
deleteRequirementAttribute,entity-auto,,delete,RequirementAttribute,true,,applications/order/servicedef/services_requirement.xml,order-management,order-product-team,provisional-repository-inferred
createRequirementBudgetAllocation,entity-auto,,create,RequirementBudgetAllocation,true,,applications/order/servicedef/services_requirement.xml,order-management,order-product-team,provisional-repository-inferred
updateRequirementBudgetAllocation,entity-auto,,update,RequirementBudgetAllocation,true,,applications/order/servicedef/services_requirement.xml,order-management,order-product-team,provisional-repository-inferred
deleteRequirementBudgetAllocation,entity-auto,,delete,RequirementBudgetAllocation,true,,applications/order/servicedef/services_requirement.xml,order-management,order-product-team,provisional-repository-inferred
createRequirementType,entity-auto,,create,RequirementType,true,,applications/order/servicedef/services_requirement.xml,order-management,order-product-team,provisional-repository-inferred
updateRequirementType,entity-auto,,update,RequirementType,true,,applications/order/servicedef/services_requirement.xml,order-management,order-product-team,provisional-repository-inferred
deleteRequirementType,entity-auto,,delete,RequirementType,true,,applications/order/servicedef/services_requirement.xml,order-management,order-product-team,provisional-repository-inferred
createRequirementTypeAttr,entity-auto,,create,RequirementTypeAttr,true,,applications/order/servicedef/services_requirement.xml,order-management,order-product-team,provisional-repository-inferred
updateRequirementTypeAttr,entity-auto,,update,RequirementTypeAttr,true,,applications/order/servicedef/services_requirement.xml,order-management,order-product-team,provisional-repository-inferred
deleteRequirementTypeAttr,entity-auto,,delete,RequirementTypeAttr,true,,applications/order/servicedef/services_requirement.xml,order-management,order-product-team,provisional-repository-inferred
createRequirementCustRequest,entity-auto,,create,RequirementCustRequest,true,,applications/order/servicedef/services_requirement.xml,order-management,order-product-team,provisional-repository-inferred
deleteRequirementCustRequest,entity-auto,,delete,RequirementCustRequest,true,,applications/order/servicedef/services_requirement.xml,order-management,order-product-team,provisional-repository-inferred
createWorkReqFulfType,entity-auto,,create,WorkReqFulfType,true,,applications/order/servicedef/services_requirement.xml,order-management,order-product-team,provisional-repository-inferred
updateWorkReqFulfType,entity-auto,,update,WorkReqFulfType,true,,applications/order/servicedef/services_requirement.xml,order-management,order-product-team,provisional-repository-inferred
deleteWorkReqFulfType,entity-auto,,delete,WorkReqFulfType,true,,applications/order/servicedef/services_requirement.xml,order-management,order-product-team,provisional-repository-inferred
createAccommodationSpot,entity-auto,,create,AccommodationSpot,true,,applications/order/servicedef/services_reservations.xml,order-management,order-product-team,provisional-repository-inferred
updateAccommodationSpot,entity-auto,,update,AccommodationSpot,true,,applications/order/servicedef/services_reservations.xml,order-management,order-product-team,provisional-repository-inferred
deleteAccommodationSpot,entity-auto,,delete,AccommodationSpot,true,,applications/order/servicedef/services_reservations.xml,order-management,order-product-team,provisional-repository-inferred
quickReturnOrder,groovy,component://order/src/main/groovy/org/apache/ofbiz/order/order/OrderReturnServicesScript.groovy,quickReturnFromOrder,,,,applications/order/servicedef/services_return.xml,order-management,order-product-team,provisional-repository-inferred
createReturnHeader,groovy,component://order/src/main/groovy/org/apache/ofbiz/order/order/OrderReturnServicesScript.groovy,createReturnHeader,ReturnHeader,,,applications/order/servicedef/services_return.xml,order-management,order-product-team,provisional-repository-inferred
updateReturnHeader,groovy,component://order/src/main/groovy/org/apache/ofbiz/order/order/OrderReturnServicesScript.groovy,updateReturnHeader,ReturnHeader,,,applications/order/servicedef/services_return.xml,order-management,order-product-team,provisional-repository-inferred
createReturnItemBilling,entity-auto,,create,ReturnItemBilling,,,applications/order/servicedef/services_return.xml,order-management,order-product-team,provisional-repository-inferred
createReturnItem,groovy,component://order/src/main/groovy/org/apache/ofbiz/order/order/OrderReturnServicesScript.groovy,createReturnItem,,,,applications/order/servicedef/services_return.xml,order-management,order-product-team,provisional-repository-inferred
updateReturnItem,groovy,component://order/src/main/groovy/org/apache/ofbiz/order/order/OrderReturnServicesScript.groovy,updateReturnItem,ReturnItem,,,applications/order/servicedef/services_return.xml,order-management,order-product-team,provisional-repository-inferred
updateReturnItemsStatus,groovy,component://order/src/main/groovy/org/apache/ofbiz/order/order/OrderReturnServicesScript.groovy,updateReturnItemsStatus,,,,applications/order/servicedef/services_return.xml,order-management,order-product-team,provisional-repository-inferred
removeReturnItem,groovy,component://order/src/main/groovy/org/apache/ofbiz/order/order/OrderReturnServicesScript.groovy,removeReturnItem,,,,applications/order/servicedef/services_return.xml,order-management,order-product-team,provisional-repository-inferred
createReturnItemResponse,entity-auto,,create,ReturnItemResponse,,,applications/order/servicedef/services_return.xml,order-management,order-product-team,provisional-repository-inferred
createPaymentApplicationsFromReturnItemResponse,java,org.apache.ofbiz.order.order.OrderReturnServices,createPaymentApplicationsFromReturnItemResponse,,,,applications/order/servicedef/services_return.xml,order-management,order-product-team,provisional-repository-inferred
cancelReturnItems,groovy,component://order/src/main/groovy/org/apache/ofbiz/order/order/OrderReturnServicesScript.groovy,cancelReturnItems,,,,applications/order/servicedef/services_return.xml,order-management,order-product-team,provisional-repository-inferred
cancelReplacementOrderItems,groovy,component://order/src/main/groovy/org/apache/ofbiz/order/order/OrderReturnServicesScript.groovy,cancelReplacementOrderItems,,,,applications/order/servicedef/services_return.xml,order-management,order-product-team,provisional-repository-inferred
returnAdjustmentInterface,interface,,,,,,applications/order/servicedef/services_return.xml,order-management,order-product-team,provisional-repository-inferred
createReturnAdjustment,java,org.apache.ofbiz.order.order.OrderReturnServices,createReturnAdjustment,,,,applications/order/servicedef/services_return.xml,order-management,order-product-team,provisional-repository-inferred
updateReturnAdjustment,java,org.apache.ofbiz.order.order.OrderReturnServices,updateReturnAdjustment,,,,applications/order/servicedef/services_return.xml,order-management,order-product-team,provisional-repository-inferred
removeReturnAdjustment,entity-auto,,delete,ReturnAdjustment,,,applications/order/servicedef/services_return.xml,order-management,order-product-team,provisional-repository-inferred
createReturnAndItemOrAdjustment,groovy,component://order/src/main/groovy/org/apache/ofbiz/order/order/OrderReturnServicesScript.groovy,createReturnAndItemOrAdjustment,,,,applications/order/servicedef/services_return.xml,order-management,order-product-team,provisional-repository-inferred
createReturnItemOrAdjustment,java,org.apache.ofbiz.order.order.OrderReturnServices,createReturnItemOrAdjustment,,,,applications/order/servicedef/services_return.xml,order-management,order-product-team,provisional-repository-inferred
updateReturnItemOrAdjustment,java,org.apache.ofbiz.order.order.OrderReturnServices,updateReturnItemOrAdjustment,,,,applications/order/servicedef/services_return.xml,order-management,order-product-team,provisional-repository-inferred
getReturnAmountByOrder,java,org.apache.ofbiz.order.order.OrderReturnServices,getReturnAmountByOrder,,,,applications/order/servicedef/services_return.xml,order-management,order-product-team,provisional-repository-inferred
checkPaymentAmountForRefund,java,org.apache.ofbiz.order.order.OrderReturnServices,checkPaymentAmountForRefund,,,,applications/order/servicedef/services_return.xml,order-management,order-product-team,provisional-repository-inferred
getReturnItemInitialCost,java,org.apache.ofbiz.order.order.OrderReturnServices,getReturnItemInitialCost,,,,applications/order/servicedef/services_return.xml,order-management,order-product-team,provisional-repository-inferred
checkReturnComplete,java,org.apache.ofbiz.order.order.OrderReturnServices,checkReturnComplete,,,,applications/order/servicedef/services_return.xml,order-management,order-product-team,provisional-repository-inferred
sendReturnAcceptNotification,java,org.apache.ofbiz.order.order.OrderReturnServices,sendReturnAcceptNotification,,,,applications/order/servicedef/services_return.xml,order-management,order-product-team,provisional-repository-inferred
sendReturnCompleteNotification,java,org.apache.ofbiz.order.order.OrderReturnServices,sendReturnCompleteNotification,,,,applications/order/servicedef/services_return.xml,order-management,order-product-team,provisional-repository-inferred
sendReturnCancelNotification,java,org.apache.ofbiz.order.order.OrderReturnServices,sendReturnCancelNotification,,,,applications/order/servicedef/services_return.xml,order-management,order-product-team,provisional-repository-inferred
autoCancelReplacementOrders,java,org.apache.ofbiz.order.order.OrderReturnServices,autoCancelReplacementOrders,,,,applications/order/servicedef/services_return.xml,order-management,order-product-team,provisional-repository-inferred
processCreditReturn,java,org.apache.ofbiz.order.order.OrderReturnServices,processCreditReturn,,true,,applications/order/servicedef/services_return.xml,order-management,order-product-team,provisional-repository-inferred
processRefundReturn,java,org.apache.ofbiz.order.order.OrderReturnServices,processRefundReturn,,true,,applications/order/servicedef/services_return.xml,order-management,order-product-team,provisional-repository-inferred
processReplacementReturn,java,org.apache.ofbiz.order.order.OrderReturnServices,processReplacementReturn,,true,,applications/order/servicedef/services_return.xml,order-management,order-product-team,provisional-repository-inferred
processWaitReplacementReturn,groovy,component://order/src/main/groovy/org/apache/ofbiz/order/order/OrderReturnServicesScript.groovy,processWaitReplacementReservedReturn,,true,,applications/order/servicedef/services_return.xml,order-management,order-product-team,provisional-repository-inferred
processWaitReplacementReservedReturn,groovy,component://order/src/main/groovy/org/apache/ofbiz/order/order/OrderReturnServicesScript.groovy,processWaitReplacementReservedReturn,,true,,applications/order/servicedef/services_return.xml,order-management,order-product-team,provisional-repository-inferred
processCrossShipReplacementReturn,groovy,component://order/src/main/groovy/org/apache/ofbiz/order/order/OrderReturnServicesScript.groovy,processCrossShipReplacementReturn,,true,,applications/order/servicedef/services_return.xml,order-management,order-product-team,provisional-repository-inferred
processRepairReplacementReturn,groovy,component://order/src/main/groovy/org/apache/ofbiz/order/order/OrderReturnServicesScript.groovy,processRepairReplacementReturn,,true,,applications/order/servicedef/services_return.xml,order-management,order-product-team,provisional-repository-inferred
processReplaceImmediatelyReturn,groovy,component://order/src/main/groovy/org/apache/ofbiz/order/order/OrderReturnServicesScript.groovy,processReplaceImmediatelyReturn,,true,,applications/order/servicedef/services_return.xml,order-management,order-product-team,provisional-repository-inferred
processRefundOnlyReturn,groovy,component://order/src/main/groovy/org/apache/ofbiz/order/order/OrderReturnServicesScript.groovy,processRefundOnlyReturn,,true,,applications/order/servicedef/services_return.xml,order-management,order-product-team,provisional-repository-inferred
processRefundImmediatelyReturn,groovy,component://order/src/main/groovy/org/apache/ofbiz/order/order/OrderReturnServicesScript.groovy,processRefundImmediatelyReturn,,true,,applications/order/servicedef/services_return.xml,order-management,order-product-team,provisional-repository-inferred
processSubscriptionReturn,java,org.apache.ofbiz.order.order.OrderReturnServices,processSubscriptionReturn,,true,,applications/order/servicedef/services_return.xml,order-management,order-product-team,provisional-repository-inferred
processRefundReturnForReplacement,java,org.apache.ofbiz.order.order.OrderReturnServices,processRefundReturnForReplacement,,true,,applications/order/servicedef/services_return.xml,order-management,order-product-team,provisional-repository-inferred
updateReturnStatusFromReceipt,groovy,component://order/src/main/groovy/org/apache/ofbiz/order/order/OrderReturnServicesScript.groovy,updateReturnStatusFromReceipt,,,,applications/order/servicedef/services_return.xml,order-management,order-product-team,provisional-repository-inferred
getReturnableQuantity,java,org.apache.ofbiz.order.order.OrderReturnServices,getReturnableQuantity,,,,applications/order/servicedef/services_return.xml,order-management,order-product-team,provisional-repository-inferred
getReturnableItems,java,org.apache.ofbiz.order.order.OrderReturnServices,getReturnableItems,,,,applications/order/servicedef/services_return.xml,order-management,order-product-team,provisional-repository-inferred
getOrderAvailableReturnedTotal,java,org.apache.ofbiz.order.order.OrderReturnServices,getOrderAvailableReturnedTotal,,,,applications/order/servicedef/services_return.xml,order-management,order-product-team,provisional-repository-inferred
refundBillingAccountPayment,java,org.apache.ofbiz.order.order.OrderReturnServices,refundBillingAccountPayment,,true,,applications/order/servicedef/services_return.xml,order-management,order-product-team,provisional-repository-inferred
createReturnItemShipment,entity-auto,,create,ReturnItemShipment,,,applications/order/servicedef/services_return.xml,order-management,order-product-team,provisional-repository-inferred
getStatusItemsForReturn,groovy,component://order/src/main/groovy/org/apache/ofbiz/order/order/OrderReturnServicesScript.groovy,getStatusItemsForReturn,,,,applications/order/servicedef/services_return.xml,order-management,order-product-team,provisional-repository-inferred
createExchangeOrderAssoc,groovy,component://order/src/main/groovy/org/apache/ofbiz/order/order/OrderReturnServicesScript.groovy,createExchangeOrderAssoc,,,,applications/order/servicedef/services_return.xml,order-management,order-product-team,provisional-repository-inferred
addProductsBackToCategory,groovy,component://order/src/main/groovy/org/apache/ofbiz/order/order/OrderReturnServicesScript.groovy,addProductsBackToCategory,,,,applications/order/servicedef/services_return.xml,order-management,order-product-team,provisional-repository-inferred
createReturnStatus,groovy,component://order/src/main/groovy/org/apache/ofbiz/order/order/OrderReturnServicesScript.groovy,createReturnStatus,,,,applications/order/servicedef/services_return.xml,order-management,order-product-team,provisional-repository-inferred
createReturnContactMech,entity-auto,,create,ReturnContactMech,true,,applications/order/servicedef/services_return.xml,order-management,order-product-team,provisional-repository-inferred
updateReturnContactMech,groovy,component://order/src/main/groovy/org/apache/ofbiz/order/order/OrderReturnServicesScript.groovy,updateReturnContactMech,ReturnContactMech,true,,applications/order/servicedef/services_return.xml,order-management,order-product-team,provisional-repository-inferred
deleteReturnContactMech,entity-auto,,delete,ReturnContactMech,true,,applications/order/servicedef/services_return.xml,order-management,order-product-team,provisional-repository-inferred
createReturnItemForRental,groovy,component://order/src/main/groovy/org/apache/ofbiz/order/order/OrderReturnServicesScript.groovy,createReturnItemForRental,,,,applications/order/servicedef/services_return.xml,order-management,order-product-team,provisional-repository-inferred
createReturnAdjustmentType,entity-auto,,create,ReturnAdjustmentType,true,,applications/order/servicedef/services_return.xml,order-management,order-product-team,provisional-repository-inferred
updateReturnAdjustmentType,entity-auto,,update,ReturnAdjustmentType,true,,applications/order/servicedef/services_return.xml,order-management,order-product-team,provisional-repository-inferred
deleteReturnAdjustmentType,entity-auto,,delete,ReturnAdjustmentType,true,,applications/order/servicedef/services_return.xml,order-management,order-product-team,provisional-repository-inferred
createReturnHeaderType,entity-auto,,create,ReturnHeaderType,true,,applications/order/servicedef/services_return.xml,order-management,order-product-team,provisional-repository-inferred
updateReturnHeaderType,entity-auto,,update,ReturnHeaderType,true,,applications/order/servicedef/services_return.xml,order-management,order-product-team,provisional-repository-inferred
deleteReturnHeaderType,entity-auto,,delete,ReturnHeaderType,true,,applications/order/servicedef/services_return.xml,order-management,order-product-team,provisional-repository-inferred
createReturnItemType,entity-auto,,create,ReturnItemType,true,,applications/order/servicedef/services_return.xml,order-management,order-product-team,provisional-repository-inferred
updateReturnItemType,entity-auto,,update,ReturnItemType,true,,applications/order/servicedef/services_return.xml,order-management,order-product-team,provisional-repository-inferred
deleteReturnItemType,entity-auto,,delete,ReturnItemType,true,,applications/order/servicedef/services_return.xml,order-management,order-product-team,provisional-repository-inferred
createReturnItemTypeMap,entity-auto,,create,ReturnItemTypeMap,true,,applications/order/servicedef/services_return.xml,order-management,order-product-team,provisional-repository-inferred
updateReturnItemTypeMap,entity-auto,,update,ReturnItemTypeMap,true,,applications/order/servicedef/services_return.xml,order-management,order-product-team,provisional-repository-inferred
deleteReturnItemTypeMap,entity-auto,,delete,ReturnItemTypeMap,true,,applications/order/servicedef/services_return.xml,order-management,order-product-team,provisional-repository-inferred
createReturnReason,entity-auto,,create,ReturnReason,true,,applications/order/servicedef/services_return.xml,order-management,order-product-team,provisional-repository-inferred
updateReturnReason,entity-auto,,update,ReturnReason,true,,applications/order/servicedef/services_return.xml,order-management,order-product-team,provisional-repository-inferred
deleteReturnReason,entity-auto,,delete,ReturnReason,true,,applications/order/servicedef/services_return.xml,order-management,order-product-team,provisional-repository-inferred
createReturnType,entity-auto,,create,ReturnType,true,,applications/order/servicedef/services_return.xml,order-management,order-product-team,provisional-repository-inferred
updateReturnType,entity-auto,,update,ReturnType,true,,applications/order/servicedef/services_return.xml,order-management,order-product-team,provisional-repository-inferred
deleteReturnType,entity-auto,,delete,ReturnType,true,,applications/order/servicedef/services_return.xml,order-management,order-product-team,provisional-repository-inferred
createCommunicationEventReturn,entity-auto,,create,CommunicationEventReturn,true,,applications/order/servicedef/services_return.xml,order-management,order-product-team,provisional-repository-inferred
removeCommunicationEventReturn,entity-auto,,delete,CommunicationEventReturn,true,,applications/order/servicedef/services_return.xml,order-management,order-product-team,provisional-repository-inferred
shoppingListInterface,interface,,,,,,applications/order/servicedef/services_shoppinglist.xml,order-management,order-product-team,provisional-repository-inferred
createShoppingList,groovy,component://order/src/main/groovy/org/apache/ofbiz/order/shoppinglist/ShoppingListServicesScript.groovy,createShoppingList,,false,,applications/order/servicedef/services_shoppinglist.xml,order-management,order-product-team,provisional-repository-inferred
updateShoppingList,groovy,component://order/src/main/groovy/org/apache/ofbiz/order/shoppinglist/ShoppingListServicesScript.groovy,updateShoppingList,,true,,applications/order/servicedef/services_shoppinglist.xml,order-management,order-product-team,provisional-repository-inferred
removeShoppingList,entity-auto,,delete,ShoppingList,true,,applications/order/servicedef/services_shoppinglist.xml,order-management,order-product-team,provisional-repository-inferred
checkShoppingListSecurity,groovy,component://order/src/main/groovy/org/apache/ofbiz/order/shoppinglist/ShoppingListServicesScript.groovy,checkShoppingListSecurity,,false,,applications/order/servicedef/services_shoppinglist.xml,order-management,order-product-team,provisional-repository-inferred
calculateShoppingListDeepTotalPrice,groovy,component://order/src/main/groovy/org/apache/ofbiz/order/shoppinglist/ShoppingListServicesScript.groovy,calculateShoppingListDeepTotalPrice,,true,,applications/order/servicedef/services_shoppinglist.xml,order-management,order-product-team,provisional-repository-inferred
runShoppingListAutoReorder,java,org.apache.ofbiz.order.shoppinglist.ShoppingListServices,createListReorders,,true,,applications/order/servicedef/services_shoppinglist.xml,order-management,order-product-team,provisional-repository-inferred
createShoppingListRecurrence,java,org.apache.ofbiz.order.shoppinglist.ShoppingListServices,setShoppingListRecurrence,,true,,applications/order/servicedef/services_shoppinglist.xml,order-management,order-product-team,provisional-repository-inferred
splitShipmentMethodString,java,org.apache.ofbiz.order.shoppinglist.ShoppingListServices,splitShipmentMethodString,,false,,applications/order/servicedef/services_shoppinglist.xml,order-management,order-product-team,provisional-repository-inferred
makeShoppingListFromOrder,java,org.apache.ofbiz.order.shoppinglist.ShoppingListServices,makeListFromOrder,,true,,applications/order/servicedef/services_shoppinglist.xml,order-management,order-product-team,provisional-repository-inferred
shoppingListItemInterface,interface,,,,,,applications/order/servicedef/services_shoppinglist.xml,order-management,order-product-team,provisional-repository-inferred
createShoppingListItem,groovy,component://order/src/main/groovy/org/apache/ofbiz/order/shoppinglist/ShoppingListServicesScript.groovy,createShoppingListItem,,false,,applications/order/servicedef/services_shoppinglist.xml,order-management,order-product-team,provisional-repository-inferred
updateShoppingListItem,groovy,component://order/src/main/groovy/org/apache/ofbiz/order/shoppinglist/ShoppingListServicesScript.groovy,updateShoppingListItem,,true,,applications/order/servicedef/services_shoppinglist.xml,order-management,order-product-team,provisional-repository-inferred
removeShoppingListItem,groovy,component://order/src/main/groovy/org/apache/ofbiz/order/shoppinglist/ShoppingListServicesScript.groovy,removeShoppingListItem,,true,,applications/order/servicedef/services_shoppinglist.xml,order-management,order-product-team,provisional-repository-inferred
checkShoppingListItemSecurity,groovy,component://order/src/main/groovy/org/apache/ofbiz/order/shoppinglist/ShoppingListServicesScript.groovy,checkShoppingListItemSecurity,,false,,applications/order/servicedef/services_shoppinglist.xml,order-management,order-product-team,provisional-repository-inferred
addSuggestionsToShoppingList,groovy,component://order/src/main/groovy/org/apache/ofbiz/order/shoppinglist/ShoppingListServicesScript.groovy,addSuggestionsToShoppingList,,true,,applications/order/servicedef/services_shoppinglist.xml,order-management,order-product-team,provisional-repository-inferred
addDistinctShoppingListItem,groovy,component://order/src/main/groovy/org/apache/ofbiz/order/shoppinglist/ShoppingListServicesScript.groovy,addDistinctShoppingListItem,,true,,applications/order/servicedef/services_shoppinglist.xml,order-management,order-product-team,provisional-repository-inferred
autoDeleteAutoSaveShoppingList,java,org.apache.ofbiz.order.shoppinglist.ShoppingListServices,autoDeleteAutoSaveShoppingList,,true,,applications/order/servicedef/services_shoppinglist.xml,order-management,order-product-team,provisional-repository-inferred
createShoppingListItemSurvey,entity-auto,,create,ShoppingListItemSurvey,true,,applications/order/servicedef/services_shoppinglist.xml,order-management,order-product-team,provisional-repository-inferred
deleteShoppingListItemSurvey,entity-auto,,delete,ShoppingListItemSurvey,true,,applications/order/servicedef/services_shoppinglist.xml,order-management,order-product-team,provisional-repository-inferred
createShoppingListType,entity-auto,,create,ShoppingListType,true,,applications/order/servicedef/services_shoppinglist.xml,order-management,order-product-team,provisional-repository-inferred
updateShoppingListType,entity-auto,,update,ShoppingListType,true,,applications/order/servicedef/services_shoppinglist.xml,order-management,order-product-team,provisional-repository-inferred
deleteShoppingListType,entity-auto,,delete,ShoppingListType,true,,applications/order/servicedef/services_shoppinglist.xml,order-management,order-product-team,provisional-repository-inferred
migrateOldOrderBlacklistAndOldOrderBlacklistType,groovy,component://order/src/main/groovy/org/apache/ofbiz/order/OrderBlacklistServices.groovy,migrateOldOrderBlacklistAndOldOrderBlacklistType,,true,,applications/order/servicedef/services_upgrade.xml,order-management,order-product-team,provisional-repository-inferred
createAddressMatchMap,groovy,component://party/src/main/groovy/org/apache/ofbiz/party/party/PartyServicesScript.groovy,createAddressMatchMap,AddressMatchMap,true,,applications/party/servicedef/services.xml,party-customer,customer-product-team,provisional-repository-inferred
importAddressMatchMapCsv,java,org.apache.ofbiz.party.party.PartyServices,importAddressMatchMapCsv,,true,,applications/party/servicedef/services.xml,party-customer,customer-product-team,provisional-repository-inferred
removeAddressMatchMap,entity-auto,,delete,AddressMatchMap,true,,applications/party/servicedef/services.xml,party-customer,customer-product-team,provisional-repository-inferred
clearAddressMatchMap,groovy,component://party/src/main/groovy/org/apache/ofbiz/party/party/PartyServicesScript.groovy,clearAddressMatchMap,AddressMatchMap,true,,applications/party/servicedef/services.xml,party-customer,customer-product-team,provisional-repository-inferred
setPartyStatus,java,org.apache.ofbiz.party.party.PartyServices,setPartyStatus,,true,,applications/party/servicedef/services.xml,party-customer,customer-product-team,provisional-repository-inferred
createPerson,java,org.apache.ofbiz.party.party.PartyServices,createPerson,Person,false,,applications/party/servicedef/services.xml,party-customer,customer-product-team,provisional-repository-inferred
createPersonAndUserLogin,simple,component://party/minilang/party/PartySimpleMethods.xml,createPersonAndUserLogin,,false,,applications/party/servicedef/services.xml,party-customer,customer-product-team,provisional-repository-inferred
createPartyGroupRoleAndContactMechs,groovy,component://party/src/main/groovy/org/apache/ofbiz/party/party/PartySimpleMethods.groovy,createPartyGroupRoleAndContactMechs,PartyGroupRoleAndContactMechs,,,applications/party/servicedef/services.xml,party-customer,customer-product-team,provisional-repository-inferred
createPartyContactMechs,simple,component://party/minilang/party/PartySimpleMethods.xml,createPartyContactMechs,createPartyContactMechs,,,applications/party/servicedef/services.xml,party-customer,customer-product-team,provisional-repository-inferred
createPersonRoleAndContactMechs,simple,component://party/minilang/party/PartySimpleMethods.xml,createPersonRoleAndContactMechs,,,,applications/party/servicedef/services.xml,party-customer,customer-product-team,provisional-repository-inferred
updatePerson,java,org.apache.ofbiz.party.party.PartyServices,updatePerson,Person,true,,applications/party/servicedef/services.xml,party-customer,customer-product-team,provisional-repository-inferred
createPartyGroup,java,org.apache.ofbiz.party.party.PartyServices,createPartyGroup,PartyGroup,false,,applications/party/servicedef/services.xml,party-customer,customer-product-team,provisional-repository-inferred
updatePartyGroup,java,org.apache.ofbiz.party.party.PartyServices,updatePartyGroup,PartyGroup,true,,applications/party/servicedef/services.xml,party-customer,customer-product-team,provisional-repository-inferred
savePartyNameChange,groovy,component://party/src/main/groovy/org/apache/ofbiz/party/party/PartyServicesScript.groovy,savePartyNameChange,,true,,applications/party/servicedef/services.xml,party-customer,customer-product-team,provisional-repository-inferred
getPartyNameForDate,groovy,component://party/src/main/groovy/org/apache/ofbiz/party/party/PartyServicesScript.groovy,getPartyNameForDate,,true,,applications/party/servicedef/services.xml,party-customer,customer-product-team,provisional-repository-inferred
createAffiliate,java,org.apache.ofbiz.party.party.PartyServices,createAffiliate,,false,,applications/party/servicedef/services.xml,party-customer,customer-product-team,provisional-repository-inferred
updateAffiliate,java,org.apache.ofbiz.party.party.PartyServices,updateAffiliate,,true,,applications/party/servicedef/services.xml,party-customer,customer-product-team,provisional-repository-inferred
createPartyNote,java,org.apache.ofbiz.party.party.PartyServices,createPartyNote,,true,,applications/party/servicedef/services.xml,party-customer,customer-product-team,provisional-repository-inferred
createRoleType,entity-auto,,create,RoleType,true,,applications/party/servicedef/services.xml,party-customer,customer-product-team,provisional-repository-inferred
setPartyProfileDefaults,groovy,component://party/src/main/groovy/org/apache/ofbiz/party/party/PartyServicesScript.groovy,setPartyProfileDefaults,,true,,applications/party/servicedef/services.xml,party-customer,customer-product-team,provisional-repository-inferred
createPartyAttribute,entity-auto,,create,PartyAttribute,true,,applications/party/servicedef/services.xml,party-customer,customer-product-team,provisional-repository-inferred
updatePartyAttribute,entity-auto,,update,PartyAttribute,true,,applications/party/servicedef/services.xml,party-customer,customer-product-team,provisional-repository-inferred
removePartyAttribute,entity-auto,,delete,PartyAttribute,true,,applications/party/servicedef/services.xml,party-customer,customer-product-team,provisional-repository-inferred
linkPartyRecord,java,org.apache.ofbiz.party.party.PartyServices,linkParty,,true,,applications/party/servicedef/services.xml,party-customer,customer-product-team,provisional-repository-inferred
lookupParty,groovy,component://party/src/main/groovy/org/apache/ofbiz/party/party/LookupServices.groovy,lookupParty,,true,,applications/party/servicedef/services.xml,party-customer,customer-product-team,provisional-repository-inferred
findPartiesById,java,org.apache.ofbiz.party.party.PartyServices,findPartyById,,true,,applications/party/servicedef/services.xml,party-customer,customer-product-team,provisional-repository-inferred
createPartyRole,entity-auto,,create,PartyRole,true,,applications/party/servicedef/services.xml,party-customer,customer-product-team,provisional-repository-inferred
deletePartyRole,entity-auto,,delete,PartyRole,true,,applications/party/servicedef/services.xml,party-customer,customer-product-team,provisional-repository-inferred
ensurePartyRole,simple,component://party/minilang/party/PartySimpleMethods.xml,ensureNaPartyRole,,false,,applications/party/servicedef/services.xml,party-customer,customer-product-team,provisional-repository-inferred
ensureNaPartyRole,simple,component://party/minilang/party/PartySimpleMethods.xml,ensureNaPartyRole,,false,,applications/party/servicedef/services.xml,party-customer,customer-product-team,provisional-repository-inferred
ensurePartyRoleFrom,simple,component://party/minilang/party/PartySimpleMethods.xml,ensureNaPartyRole,,true,,applications/party/servicedef/services.xml,party-customer,customer-product-team,provisional-repository-inferred
ensurePartyRoleTo,simple,component://party/minilang/party/PartySimpleMethods.xml,ensureNaPartyRole,,true,,applications/party/servicedef/services.xml,party-customer,customer-product-team,provisional-repository-inferred
createPartyRelationship,groovy,component://party/src/main/groovy/org/apache/ofbiz/party/party/PartyServicesScript.groovy,createPartyRelationship,PartyRelationship,true,,applications/party/servicedef/services.xml,party-customer,customer-product-team,provisional-repository-inferred
updatePartyRelationship,groovy,component://party/src/main/groovy/org/apache/ofbiz/party/party/PartyServicesScript.groovy,updatePartyRelationship,PartyRelationship,true,,applications/party/servicedef/services.xml,party-customer,customer-product-team,provisional-repository-inferred
deletePartyRelationship,groovy,component://party/src/main/groovy/org/apache/ofbiz/party/party/PartyServicesScript.groovy,deletePartyRelationship,PartyRelationship,true,,applications/party/servicedef/services.xml,party-customer,customer-product-team,provisional-repository-inferred
createPartyRelationshipAndRole,group,,,,true,,applications/party/servicedef/services.xml,party-customer,customer-product-team,provisional-repository-inferred
createPartyRelationshipType,entity-auto,,create,PartyRelationshipType,true,,applications/party/servicedef/services.xml,party-customer,customer-product-team,provisional-repository-inferred
createUpdatePartyRelationshipAndRoles,java,org.apache.ofbiz.party.party.PartyRelationshipServices,createUpdatePartyRelationshipAndRoles,PartyRelationship,true,,applications/party/servicedef/services.xml,party-customer,customer-product-team,provisional-repository-inferred
createPartyRelationshipContactAccount,groovy,component://party/src/main/groovy/org/apache/ofbiz/party/party/PartyServicesScript.groovy,createPartyRelationshipContactAccount,,true,,applications/party/servicedef/services.xml,party-customer,customer-product-team,provisional-repository-inferred
createPartyContactMech,simple,component://party/minilang/contact/PartyContactMechServices.xml,createPartyContactMech,,true,,applications/party/servicedef/services.xml,party-customer,customer-product-team,provisional-repository-inferred
updatePartyContactMech,simple,component://party/minilang/contact/PartyContactMechServices.xml,updatePartyContactMech,,true,,applications/party/servicedef/services.xml,party-customer,customer-product-team,provisional-repository-inferred
deletePartyContactMech,simple,component://party/minilang/contact/PartyContactMechServices.xml,deletePartyContactMech,,true,,applications/party/servicedef/services.xml,party-customer,customer-product-team,provisional-repository-inferred
findPartyFromEmailAddress,simple,component://party/minilang/contact/PartyContactMechServices.xml,findPartyFromEmailAddress,,true,,applications/party/servicedef/services.xml,party-customer,customer-product-team,provisional-repository-inferred
findPartyFromTelephone,simple,component://party/minilang/contact/PartyContactMechServices.xml,findPartyFromTelephone,,true,,applications/party/servicedef/services.xml,party-customer,customer-product-team,provisional-repository-inferred
findPartyFromTelephoneComplete,simple,component://party/minilang/contact/PartyContactMechServices.xml,findPartyFromTelephoneComplete,,true,,applications/party/servicedef/services.xml,party-customer,customer-product-team,provisional-repository-inferred
createPartyPostalAddress,simple,component://party/minilang/contact/PartyContactMechServices.xml,createPartyPostalAddress,,true,,applications/party/servicedef/services.xml,party-customer,customer-product-team,provisional-repository-inferred
updatePartyPostalAddress,simple,component://party/minilang/contact/PartyContactMechServices.xml,updatePartyPostalAddress,,true,,applications/party/servicedef/services.xml,party-customer,customer-product-team,provisional-repository-inferred
createPartyTelecomNumber,simple,component://party/minilang/contact/PartyContactMechServices.xml,createPartyTelecomNumber,,true,,applications/party/servicedef/services.xml,party-customer,customer-product-team,provisional-repository-inferred
updatePartyTelecomNumber,simple,component://party/minilang/contact/PartyContactMechServices.xml,updatePartyTelecomNumber,,true,,applications/party/servicedef/services.xml,party-customer,customer-product-team,provisional-repository-inferred
createPartyEmailAddress,simple,component://party/minilang/contact/PartyContactMechServices.xml,createPartyEmailAddress,,true,,applications/party/servicedef/services.xml,party-customer,customer-product-team,provisional-repository-inferred
updatePartyEmailAddress,simple,component://party/minilang/contact/PartyContactMechServices.xml,updatePartyEmailAddress,,true,,applications/party/servicedef/services.xml,party-customer,customer-product-team,provisional-repository-inferred
copyPartyContactMechs,java,org.apache.ofbiz.party.contact.ContactMechServices,copyPartyContactMechs,,true,,applications/party/servicedef/services.xml,party-customer,customer-product-team,provisional-repository-inferred
createPartyFtpAddress,groovy,component://party/src/main/groovy/org/apache/ofbiz/party/contact/ContactMechServicesScript.groovy,createPartyFtpAddress,,true,,applications/party/servicedef/services.xml,party-customer,customer-product-team,provisional-repository-inferred
updatePartyFtpAddress,groovy,component://party/src/main/groovy/org/apache/ofbiz/party/contact/ContactMechServicesScript.groovy,updatePartyFtpAddress,,true,,applications/party/servicedef/services.xml,party-customer,customer-product-team,provisional-repository-inferred
createContactMechAttribute,entity-auto,,create,ContactMechAttribute,true,,applications/party/servicedef/services.xml,party-customer,customer-product-team,provisional-repository-inferred
updateContactMechAttribute,entity-auto,,update,ContactMechAttribute,true,,applications/party/servicedef/services.xml,party-customer,customer-product-team,provisional-repository-inferred
removeContactMechAttribute,entity-auto,,delete,ContactMechAttribute,true,,applications/party/servicedef/services.xml,party-customer,customer-product-team,provisional-repository-inferred
createPartyContactMechPurpose,java,org.apache.ofbiz.party.contact.ContactMechServices,createPartyContactMechPurpose,,true,,applications/party/servicedef/services.xml,party-customer,customer-product-team,provisional-repository-inferred
deletePartyContactMechPurpose,entity-auto,,delete,PartyContactMechPurpose,,,applications/party/servicedef/services.xml,party-customer,customer-product-team,provisional-repository-inferred
expirePartyContactMechPurpose,entity-auto,,expire,PartyContactMechPurpose,,,applications/party/servicedef/services.xml,party-customer,customer-product-team,provisional-repository-inferred
createContactMechLink,entity-auto,,create,ContactMechLink,true,,applications/party/servicedef/services.xml,party-customer,customer-product-team,provisional-repository-inferred
deleteContactMechLink,entity-auto,,delete,ContactMechLink,true,,applications/party/servicedef/services.xml,party-customer,customer-product-team,provisional-repository-inferred
createPostalAddressBoundary,entity-auto,,create,PostalAddressBoundary,,,applications/party/servicedef/services.xml,party-customer,customer-product-team,provisional-repository-inferred
deletePostalAddressBoundary,entity-auto,,delete,PostalAddressBoundary,,,applications/party/servicedef/services.xml,party-customer,customer-product-team,provisional-repository-inferred
createPartyClassification,entity-auto,,create,PartyClassification,,,applications/party/servicedef/services.xml,party-customer,customer-product-team,provisional-repository-inferred
updatePartyClassification,entity-auto,,update,PartyClassification,,,applications/party/servicedef/services.xml,party-customer,customer-product-team,provisional-repository-inferred
deletePartyClassification,entity-auto,,delete,PartyClassification,,,applications/party/servicedef/services.xml,party-customer,customer-product-team,provisional-repository-inferred
createPartyClassificationGroup,entity-auto,,create,PartyClassificationGroup,,,applications/party/servicedef/services.xml,party-customer,customer-product-team,provisional-repository-inferred
updatePartyClassificationGroup,entity-auto,,update,PartyClassificationGroup,,,applications/party/servicedef/services.xml,party-customer,customer-product-team,provisional-repository-inferred
deletePartyClassificationGroup,entity-auto,,delete,PartyClassificationGroup,,,applications/party/servicedef/services.xml,party-customer,customer-product-team,provisional-repository-inferred
createPartyIdentification,entity-auto,,create,PartyIdentification,,,applications/party/servicedef/services.xml,party-customer,customer-product-team,provisional-repository-inferred
updatePartyIdentification,entity-auto,,update,PartyIdentification,,,applications/party/servicedef/services.xml,party-customer,customer-product-team,provisional-repository-inferred
deletePartyIdentification,entity-auto,,delete,PartyIdentification,,,applications/party/servicedef/services.xml,party-customer,customer-product-team,provisional-repository-inferred
createPartyIdentifications,groovy,component://party/src/main/groovy/org/apache/ofbiz/party/party/PartyServicesScript.groovy,createPartyIdentifications,PartyIdentification,,,applications/party/servicedef/services.xml,party-customer,customer-product-team,provisional-repository-inferred
createVendor,entity-auto,,create,Vendor,true,,applications/party/servicedef/services.xml,party-customer,customer-product-team,provisional-repository-inferred
updateVendor,entity-auto,,update,Vendor,true,,applications/party/servicedef/services.xml,party-customer,customer-product-team,provisional-repository-inferred
deleteVendor,entity-auto,,delete,Vendor,true,,applications/party/servicedef/services.xml,party-customer,customer-product-team,provisional-repository-inferred
createPartyDataSource,entity-auto,,create,PartyDataSource,true,,applications/party/servicedef/services.xml,party-customer,customer-product-team,provisional-repository-inferred
setCommunicationEventStatus,groovy,component://party/src/main/groovy/org/apache/ofbiz/party/communication/CommunicationEventServicesScript.groovy,setCommunicationEventStatus,CommunicationEvent,true,,applications/party/servicedef/services.xml,party-customer,customer-product-team,provisional-repository-inferred
setCommunicationEventRoleStatus,groovy,component://party/src/main/groovy/org/apache/ofbiz/party/communication/CommunicationEventServicesScript.groovy,setCommunicationEventRoleStatus,CommunicationEventRole,true,,applications/party/servicedef/services.xml,party-customer,customer-product-team,provisional-repository-inferred
createCommunicationEventInterface,interface,,,,,,applications/party/servicedef/services.xml,party-customer,customer-product-team,provisional-repository-inferred
createCommunicationEvent,groovy,component://party/src/main/groovy/org/apache/ofbiz/party/communication/CommunicationEventServicesScript.groovy,createCommunicationEvent,,true,,applications/party/servicedef/services.xml,party-customer,customer-product-team,provisional-repository-inferred
createCommunicationEventWithoutPermission,groovy,component://party/src/main/groovy/org/apache/ofbiz/party/communication/CommunicationEventServicesScript.groovy,createCommunicationEventWithoutPermission,,false,,applications/party/servicedef/services.xml,party-customer,customer-product-team,provisional-repository-inferred
updateCommunicationEvent,groovy,component://party/src/main/groovy/org/apache/ofbiz/party/communication/CommunicationEventServicesScript.groovy,updateCommunicationEvent,,true,,applications/party/servicedef/services.xml,party-customer,customer-product-team,provisional-repository-inferred
deleteCommunicationEvent,groovy,component://party/src/main/groovy/org/apache/ofbiz/party/communication/CommunicationEventServicesScript.groovy,deleteCommunicationEvent,,true,,applications/party/servicedef/services.xml,party-customer,customer-product-team,provisional-repository-inferred
deleteCommunicationEventWorkEffort,groovy,component://party/src/main/groovy/org/apache/ofbiz/party/communication/CommunicationEventServicesScript.groovy,deleteCommunicationEventWorkEffort,,true,,applications/party/servicedef/services.xml,party-customer,customer-product-team,provisional-repository-inferred
createCommunicationEventPurpose,entity-auto,,create,CommunicationEventPurpose,true,,applications/party/servicedef/services.xml,party-customer,customer-product-team,provisional-repository-inferred
updateCommunicationEventPurpose,entity-auto,,update,CommunicationEventPurpose,true,,applications/party/servicedef/services.xml,party-customer,customer-product-team,provisional-repository-inferred
removeCommunicationEventPurpose,entity-auto,,delete,CommunicationEventPurpose,true,,applications/party/servicedef/services.xml,party-customer,customer-product-team,provisional-repository-inferred
createCustRequestCommEvent,entity-auto,,create,CustRequestCommEvent,true,,applications/party/servicedef/services.xml,party-customer,customer-product-team,provisional-repository-inferred
deleteCustRequestCommEvent,entity-auto,,delete,CustRequestCommEvent,true,,applications/party/servicedef/services.xml,party-customer,customer-product-team,provisional-repository-inferred
createCommunicationEventRoleInterface,interface,,,,,,applications/party/servicedef/services.xml,party-customer,customer-product-team,provisional-repository-inferred
createCommunicationEventRole,groovy,component://party/src/main/groovy/org/apache/ofbiz/party/communication/CommunicationEventServicesScript.groovy,createCommunicationEventRole,,true,,applications/party/servicedef/services.xml,party-customer,customer-product-team,provisional-repository-inferred
createCommunicationEventRoleWithoutPermission,groovy,component://party/src/main/groovy/org/apache/ofbiz/party/communication/CommunicationEventServicesScript.groovy,createCommunicationEventRole,,true,,applications/party/servicedef/services.xml,party-customer,customer-product-team,provisional-repository-inferred
updateCommunicationEventRole,entity-auto,,update,CommunicationEventRole,true,,applications/party/servicedef/services.xml,party-customer,customer-product-team,provisional-repository-inferred
removeCommunicationEventRole,groovy,component://party/src/main/groovy/org/apache/ofbiz/party/communication/CommunicationEventServicesScript.groovy,removeCommunicationEventRole,,true,,applications/party/servicedef/services.xml,party-customer,customer-product-team,provisional-repository-inferred
createCommEventWorkEffort,simple,component://workeffort/minilang/workeffort/WorkEffortSimpleServices.xml,makeCommunicationEventWorkEffort,,true,,applications/party/servicedef/services.xml,party-customer,customer-product-team,provisional-repository-inferred
setCommEventRoleToRead,groovy,component://party/src/main/groovy/org/apache/ofbiz/party/communication/CommunicationEventServicesScript.groovy,setCommEventRoleToRead,CommunicationEventRole,false,,applications/party/servicedef/services.xml,party-customer,customer-product-team,provisional-repository-inferred
sendCommEventAsEmail,java,org.apache.ofbiz.party.communication.CommunicationEventServices,sendCommEventAsEmail,,true,,applications/party/servicedef/services.xml,party-customer,customer-product-team,provisional-repository-inferred
sendCommEventAsFtp,java,org.apache.ofbiz.party.communication.CommunicationEventServices,sendCommEventAsFtp,,true,,applications/party/servicedef/services.xml,party-customer,customer-product-team,provisional-repository-inferred
createCommEventFromFtpTransfer,java,org.apache.ofbiz.party.communication.CommunicationEventServices,createCommEventFromFtpTransfer,,true,,applications/party/servicedef/services.xml,party-customer,customer-product-team,provisional-repository-inferred
createCommEventFromEmail,java,org.apache.ofbiz.party.communication.CommunicationEventServices,createCommEventFromEmail,,true,,applications/party/servicedef/services.xml,party-customer,customer-product-team,provisional-repository-inferred
updateCommEventAfterEmail,java,org.apache.ofbiz.party.communication.CommunicationEventServices,updateCommEventAfterEmail,,true,,applications/party/servicedef/services.xml,party-customer,customer-product-team,provisional-repository-inferred
storeIncomingEmail,java,org.apache.ofbiz.party.communication.CommunicationEventServices,storeIncomingEmail,,true,,applications/party/servicedef/services.xml,party-customer,customer-product-team,provisional-repository-inferred
sendEmailToContactList,java,org.apache.ofbiz.party.communication.CommunicationEventServices,sendEmailToContactList,,true,,applications/party/servicedef/services.xml,party-customer,customer-product-team,provisional-repository-inferred
setCommEventComplete,java,org.apache.ofbiz.party.communication.CommunicationEventServices,setCommEventComplete,,true,,applications/party/servicedef/services.xml,party-customer,customer-product-team,provisional-repository-inferred
sendEmailDated,groovy,component://party/src/main/groovy/org/apache/ofbiz/party/communication/CommunicationEventServicesScript.groovy,sendEmailDated,,true,,applications/party/servicedef/services.xml,party-customer,customer-product-team,provisional-repository-inferred
createPartyContent,entity-auto,,create,PartyContent,true,,applications/party/servicedef/services.xml,party-customer,customer-product-team,provisional-repository-inferred
updatePartyContent,entity-auto,,update,PartyContent,true,,applications/party/servicedef/services.xml,party-customer,customer-product-team,provisional-repository-inferred
removePartyContent,entity-auto,,delete,PartyContent,true,,applications/party/servicedef/services.xml,party-customer,customer-product-team,provisional-repository-inferred
createPartyTextContent,group,,,,true,,applications/party/servicedef/services.xml,party-customer,customer-product-team,provisional-repository-inferred
uploadPartyContentFile,group,,,,,,applications/party/servicedef/services.xml,party-customer,customer-product-team,provisional-repository-inferred
getPartyEmail,groovy,component://party/src/main/groovy/org/apache/ofbiz/party/party/PartyServicesScript.groovy,getPartyEmail,,false,,applications/party/servicedef/services.xml,party-customer,customer-product-team,provisional-repository-inferred
getPartyTelephone,groovy,component://party/src/main/groovy/org/apache/ofbiz/party/party/PartyServicesScript.groovy,getPartyTelephone,,false,,applications/party/servicedef/services.xml,party-customer,customer-product-team,provisional-repository-inferred
getPartyPostalAddress,groovy,component://party/src/main/groovy/org/apache/ofbiz/party/party/PartyServicesScript.groovy,getPartyPostalAddress,,false,,applications/party/servicedef/services.xml,party-customer,customer-product-team,provisional-repository-inferred
createPartyCarrierAccount,entity-auto,,create,PartyCarrierAccount,true,,applications/party/servicedef/services.xml,party-customer,customer-product-team,provisional-repository-inferred
updatePartyCarrierAccount,entity-auto,,update,PartyCarrierAccount,true,,applications/party/servicedef/services.xml,party-customer,customer-product-team,provisional-repository-inferred
sendUpdatePersonalInfoEmailNotification,groovy,component://party/src/main/groovy/org/apache/ofbiz/party/party/PartyServicesScript.groovy,sendUpdatePersonalInfoEmailNotification,,false,,applications/party/servicedef/services.xml,party-customer,customer-product-team,provisional-repository-inferred
sendCreatePartyEmailNotification,groovy,component://party/src/main/groovy/org/apache/ofbiz/party/party/PartyServicesScript.groovy,sendCreatePartyEmailNotification,,false,,applications/party/servicedef/services.xml,party-customer,customer-product-team,provisional-repository-inferred
createEmailAddressVerification,java,org.apache.ofbiz.party.contact.ContactMechServices,createEmailAddressVerification,EmailAddressVerification,,,applications/party/servicedef/services.xml,party-customer,customer-product-team,provisional-repository-inferred
sendVerifyEmailAddressNotification,groovy,component://party/src/main/groovy/org/apache/ofbiz/party/contact/ContactMechServicesScript.groovy,sendVerifyEmailAddressNotification,,,,applications/party/servicedef/services.xml,party-customer,customer-product-team,provisional-repository-inferred
verifyEmailAddress,groovy,component://party/src/main/groovy/org/apache/ofbiz/party/contact/ContactMechServicesScript.groovy,verifyEmailAddress,,,,applications/party/servicedef/services.xml,party-customer,customer-product-team,provisional-repository-inferred
createPartyInvitation,groovy,component://party/src/main/groovy/org/apache/ofbiz/party/party/PartyInvitationServices.groovy,createPartyInvitation,PartyInvitation,,,applications/party/servicedef/services.xml,party-customer,customer-product-team,provisional-repository-inferred
updatePartyInvitation,groovy,component://party/src/main/groovy/org/apache/ofbiz/party/party/PartyInvitationServices.groovy,updatePartyInvitation,PartyInvitation,,,applications/party/servicedef/services.xml,party-customer,customer-product-team,provisional-repository-inferred
deletePartyInvitation,entity-auto,,delete,PartyInvitation,,,applications/party/servicedef/services.xml,party-customer,customer-product-team,provisional-repository-inferred
createPartyInvitationGroupAssoc,entity-auto,,create,PartyInvitationGroupAssoc,,,applications/party/servicedef/services.xml,party-customer,customer-product-team,provisional-repository-inferred
deletePartyInvitationGroupAssoc,entity-auto,,delete,PartyInvitationGroupAssoc,,,applications/party/servicedef/services.xml,party-customer,customer-product-team,provisional-repository-inferred
createPartyInvitationRoleAssoc,entity-auto,,create,PartyInvitationRoleAssoc,,,applications/party/servicedef/services.xml,party-customer,customer-product-team,provisional-repository-inferred
deletePartyInvitationRoleAssoc,entity-auto,,delete,PartyInvitationRoleAssoc,,,applications/party/servicedef/services.xml,party-customer,customer-product-team,provisional-repository-inferred
acceptPartyInvitation,groovy,component://party/src/main/groovy/org/apache/ofbiz/party/party/PartyInvitationServices.groovy,acceptPartyInvitation,,,,applications/party/servicedef/services.xml,party-customer,customer-product-team,provisional-repository-inferred
declinePartyInvitation,groovy,component://party/src/main/groovy/org/apache/ofbiz/party/party/PartyInvitationServices.groovy,updatePartyInvitation,,,,applications/party/servicedef/services.xml,party-customer,customer-product-team,provisional-repository-inferred
cancelPartyInvitation,groovy,component://party/src/main/groovy/org/apache/ofbiz/party/party/PartyInvitationServices.groovy,updatePartyInvitation,,,,applications/party/servicedef/services.xml,party-customer,customer-product-team,provisional-repository-inferred
partyBasePermissionCheck,groovy,component://party/src/main/groovy/org/apache/ofbiz/party/party/PartyPermissionServices.groovy,basePermissionCheck,,,,applications/party/servicedef/services.xml,party-customer,customer-product-team,provisional-repository-inferred
basePermissionCheck,groovy,component://party/src/main/groovy/org/apache/ofbiz/party/party/PartyPermissionServices.groovy,basePermissionCheck,,,,applications/party/servicedef/services.xml,party-customer,customer-product-team,provisional-repository-inferred
partyIdPermissionCheck,groovy,component://party/src/main/groovy/org/apache/ofbiz/party/party/PartyPermissionServices.groovy,basePlusPartyIdPermissionCheck,,,,applications/party/servicedef/services.xml,party-customer,customer-product-team,provisional-repository-inferred
partyStatusPermissionCheck,groovy,component://party/src/main/groovy/org/apache/ofbiz/party/party/PartyPermissionServices.groovy,partyStatusPermissionCheck,,,,applications/party/servicedef/services.xml,party-customer,customer-product-team,provisional-repository-inferred
partyGroupPermissionCheck,groovy,component://party/src/main/groovy/org/apache/ofbiz/party/party/PartyPermissionServices.groovy,partyGroupPermissionCheck,,,,applications/party/servicedef/services.xml,party-customer,customer-product-team,provisional-repository-inferred
partyDatasourcePermissionCheck,groovy,component://party/src/main/groovy/org/apache/ofbiz/party/party/PartyPermissionServices.groovy,partyDatasourcePermissionCheck,,,,applications/party/servicedef/services.xml,party-customer,customer-product-team,provisional-repository-inferred
partyRolePermissionCheck,groovy,component://party/src/main/groovy/org/apache/ofbiz/party/party/PartyPermissionServices.groovy,partyRolePermissionCheck,,,,applications/party/servicedef/services.xml,party-customer,customer-product-team,provisional-repository-inferred
partyRelationshipPermissionCheck,groovy,component://party/src/main/groovy/org/apache/ofbiz/party/party/PartyPermissionServices.groovy,partyRelationshipPermissionCheck,,,,applications/party/servicedef/services.xml,party-customer,customer-product-team,provisional-repository-inferred
partyContactMechPermissionCheck,groovy,component://party/src/main/groovy/org/apache/ofbiz/party/party/PartyPermissionServices.groovy,partyContactMechPermissionCheck,,,,applications/party/servicedef/services.xml,party-customer,customer-product-team,provisional-repository-inferred
accAndDecPartyInvitationPermissionCheck,groovy,component://party/src/main/groovy/org/apache/ofbiz/party/party/PartyPermissionServices.groovy,accAndDecPartyInvitationPermissionCheck,,,,applications/party/servicedef/services.xml,party-customer,customer-product-team,provisional-repository-inferred
cancelPartyInvitationPermissionCheck,groovy,component://party/src/main/groovy/org/apache/ofbiz/party/party/PartyPermissionServices.groovy,cancelPartyInvitationPermissionCheck,,,,applications/party/servicedef/services.xml,party-customer,customer-product-team,provisional-repository-inferred
partyCommunicationEventPermissionCheck,groovy,component://party/src/main/groovy/org/apache/ofbiz/party/party/PartyPermissionServices.groovy,partyCommunicationEventPermissionCheck,,,,applications/party/servicedef/services.xml,party-customer,customer-product-team,provisional-repository-inferred
createPostalAddressAndPurposes,simple,component://party/minilang/contact/PartyContactMechServices.xml,createPostalAddressAndPurposes,,,,applications/party/servicedef/services.xml,party-customer,customer-product-team,provisional-repository-inferred
updatePostalAddressAndPurposes,simple,component://party/minilang/contact/PartyContactMechServices.xml,updatePostalAddressAndPurposes,,,,applications/party/servicedef/services.xml,party-customer,customer-product-team,provisional-repository-inferred
updateContactMechAndPurposes,simple,component://party/minilang/contact/PartyContactMechServices.xml,updateContactMechAndPurposes,,,,applications/party/servicedef/services.xml,party-customer,customer-product-team,provisional-repository-inferred
createUpdatePerson,groovy,component://party/src/main/groovy/org/apache/ofbiz/party/party/PartyServicesScript.groovy,createUpdatePerson,Person,false,,applications/party/servicedef/services.xml,party-customer,customer-product-team,provisional-repository-inferred
createUpdatePartyTelecomNumber,simple,component://party/minilang/contact/PartyContactMechServices.xml,createUpdatePartyTelecomNumber,,false,,applications/party/servicedef/services.xml,party-customer,customer-product-team,provisional-repository-inferred
createUpdatePartyEmailAddress,simple,component://party/minilang/contact/PartyContactMechServices.xml,createUpdatePartyEmailAddress,,false,,applications/party/servicedef/services.xml,party-customer,customer-product-team,provisional-repository-inferred
createUpdatePartyPostalAddress,simple,component://party/minilang/contact/PartyContactMechServices.xml,createUpdatePartyPostalAddress,,false,,applications/party/servicedef/services.xml,party-customer,customer-product-team,provisional-repository-inferred
processBouncedMessage,java,org.apache.ofbiz.party.communication.CommunicationEventServices,processBouncedMessage,,,,applications/party/servicedef/services.xml,party-customer,customer-product-team,provisional-repository-inferred
logIncomingMessage,java,org.apache.ofbiz.party.communication.CommunicationEventServices,logIncomingMessage,,,,applications/party/servicedef/services.xml,party-customer,customer-product-team,provisional-repository-inferred
quickCreateCustomer,groovy,component://party/src/main/groovy/org/apache/ofbiz/party/party/PartyServicesScript.groovy,quickCreateCustomer,,,,applications/party/servicedef/services.xml,party-customer,customer-product-team,provisional-repository-inferred
getPartyMainRole,groovy,component://party/src/main/groovy/org/apache/ofbiz/party/party/PartyServicesScript.groovy,getPartyMainRole,,,,applications/party/servicedef/services.xml,party-customer,customer-product-team,provisional-repository-inferred
sendContactUsEmailToCompany,groovy,component://party/src/main/groovy/org/apache/ofbiz/party/communication/CommunicationEventServicesScript.groovy,sendContactUsEmailToCompany,,false,,applications/party/servicedef/services.xml,party-customer,customer-product-team,provisional-repository-inferred
sendAccountActivatedEmailNotification,groovy,component://party/src/main/groovy/org/apache/ofbiz/party/party/PartyServicesScript.groovy,sendAccountActivatedEmailNotification,,false,,applications/party/servicedef/services.xml,party-customer,customer-product-team,provisional-repository-inferred
createAgreementAttribute,entity-auto,,create,AgreementAttribute,true,,applications/party/servicedef/services.xml,party-customer,customer-product-team,provisional-repository-inferred
updateAgreementAttribute,entity-auto,,update,AgreementAttribute,true,,applications/party/servicedef/services.xml,party-customer,customer-product-team,provisional-repository-inferred
deleteAgreementAttribute,entity-auto,,delete,AgreementAttribute,true,,applications/party/servicedef/services.xml,party-customer,customer-product-team,provisional-repository-inferred
importParty,java,org.apache.ofbiz.party.party.PartyServices,importParty,,true,,applications/party/servicedef/services.xml,party-customer,customer-product-team,provisional-repository-inferred
createAgreementItemTypeAttr,entity-auto,,create,AgreementItemTypeAttr,true,,applications/party/servicedef/services.xml,party-customer,customer-product-team,provisional-repository-inferred
updateAgreementItemTypeAttr,entity-auto,,update,AgreementItemTypeAttr,true,,applications/party/servicedef/services.xml,party-customer,customer-product-team,provisional-repository-inferred
deleteAgreementItemTypeAttr,entity-auto,,delete,AgreementItemTypeAttr,true,,applications/party/servicedef/services.xml,party-customer,customer-product-team,provisional-repository-inferred
updateRoleType,entity-auto,,update,RoleType,true,,applications/party/servicedef/services.xml,party-customer,customer-product-team,provisional-repository-inferred
deleteRoleType,entity-auto,,delete,RoleType,true,,applications/party/servicedef/services.xml,party-customer,customer-product-team,provisional-repository-inferred
createRoleTypeAttr,entity-auto,,create,RoleTypeAttr,true,,applications/party/servicedef/services.xml,party-customer,customer-product-team,provisional-repository-inferred
updateRoleTypeAttr,entity-auto,,update,RoleTypeAttr,true,,applications/party/servicedef/services.xml,party-customer,customer-product-team,provisional-repository-inferred
deleteRoleTypeAttr,entity-auto,,delete,RoleTypeAttr,true,,applications/party/servicedef/services.xml,party-customer,customer-product-team,provisional-repository-inferred
createNeedType,entity-auto,,create,NeedType,true,,applications/party/servicedef/services.xml,party-customer,customer-product-team,provisional-repository-inferred
updateNeedType,entity-auto,,update,NeedType,true,,applications/party/servicedef/services.xml,party-customer,customer-product-team,provisional-repository-inferred
deleteNeedType,entity-auto,,delete,NeedType,true,,applications/party/servicedef/services.xml,party-customer,customer-product-team,provisional-repository-inferred
createCommunicationEventPrpTyp,entity-auto,,create,CommunicationEventPrpTyp,true,,applications/party/servicedef/services.xml,party-customer,customer-product-team,provisional-repository-inferred
updateCommunicationEventPrpTyp,entity-auto,,update,CommunicationEventPrpTyp,true,,applications/party/servicedef/services.xml,party-customer,customer-product-team,provisional-repository-inferred
deleteCommunicationEventPrpTyp,entity-auto,,delete,CommunicationEventPrpTyp,true,,applications/party/servicedef/services.xml,party-customer,customer-product-team,provisional-repository-inferred
createMaritalStatus,entity-auto,,create,MaritalStatus,true,,applications/party/servicedef/services.xml,party-customer,customer-product-team,provisional-repository-inferred
updateMaritalStatus,entity-auto,,update,MaritalStatus,true,,applications/party/servicedef/services.xml,party-customer,customer-product-team,provisional-repository-inferred
expireMaritalStatus,entity-auto,,expire,MaritalStatus,true,,applications/party/servicedef/services.xml,party-customer,customer-product-team,provisional-repository-inferred
deleteMaritalStatus,entity-auto,,delete,MaritalStatus,true,,applications/party/servicedef/services.xml,party-customer,customer-product-team,provisional-repository-inferred
saveMaritalStatusChange,groovy,component://party/src/main/groovy/org/apache/ofbiz/party/party/PartyServicesScript.groovy,saveMaritalStatusChange,,true,,applications/party/servicedef/services.xml,party-customer,customer-product-team,provisional-repository-inferred
migratePersonMaritalStatusType,groovy,component://party/src/main/groovy/org/apache/ofbiz/party/party/PartyServicesScript.groovy,migratePersonMaritalStatusType,,true,,applications/party/servicedef/services.xml,party-customer,customer-product-team,provisional-repository-inferred
createMaritalStatusType,entity-auto,,create,MaritalStatusType,,,applications/party/servicedef/services.xml,party-customer,customer-product-team,provisional-repository-inferred
updateMaritalStatusType,entity-auto,,update,MaritalStatusType,,,applications/party/servicedef/services.xml,party-customer,customer-product-team,provisional-repository-inferred
deleteMaritalStatusType,entity-auto,,delete,MaritalStatusType,,,applications/party/servicedef/services.xml,party-customer,customer-product-team,provisional-repository-inferred
createAgreementTermAttribute,entity-auto,,create,AgreementTermAttribute,true,,applications/party/servicedef/services_agreement.xml,party-customer,customer-product-team,provisional-repository-inferred
updateAgreementTermAttribute,entity-auto,,update,AgreementTermAttribute,true,,applications/party/servicedef/services_agreement.xml,party-customer,customer-product-team,provisional-repository-inferred
deleteAgreementTermAttribute,entity-auto,,delete,AgreementTermAttribute,true,,applications/party/servicedef/services_agreement.xml,party-customer,customer-product-team,provisional-repository-inferred
createAgreementItemType,entity-auto,,create,AgreementItemType,true,,applications/party/servicedef/services_agreement.xml,party-customer,customer-product-team,provisional-repository-inferred
updateAgreementItemType,entity-auto,,update,AgreementItemType,true,,applications/party/servicedef/services_agreement.xml,party-customer,customer-product-team,provisional-repository-inferred
deleteAgreementItemType,entity-auto,,delete,AgreementItemType,true,,applications/party/servicedef/services_agreement.xml,party-customer,customer-product-team,provisional-repository-inferred
createTermType,entity-auto,,create,TermType,true,,applications/party/servicedef/services_agreement.xml,party-customer,customer-product-team,provisional-repository-inferred
updateTermType,entity-auto,,update,TermType,true,,applications/party/servicedef/services_agreement.xml,party-customer,customer-product-team,provisional-repository-inferred
deleteTermType,entity-auto,,delete,TermType,true,,applications/party/servicedef/services_agreement.xml,party-customer,customer-product-team,provisional-repository-inferred
createTermTypeAttr,entity-auto,,create,TermTypeAttr,true,,applications/party/servicedef/services_agreement.xml,party-customer,customer-product-team,provisional-repository-inferred
updateTermTypeAttr,entity-auto,,update,TermTypeAttr,true,,applications/party/servicedef/services_agreement.xml,party-customer,customer-product-team,provisional-repository-inferred
deleteTermTypeAttr,entity-auto,,delete,TermTypeAttr,true,,applications/party/servicedef/services_agreement.xml,party-customer,customer-product-team,provisional-repository-inferred
createAddendum,entity-auto,,create,Addendum,true,,applications/party/servicedef/services_agreement.xml,party-customer,customer-product-team,provisional-repository-inferred
updateAddendum,entity-auto,,update,Addendum,true,,applications/party/servicedef/services_agreement.xml,party-customer,customer-product-team,provisional-repository-inferred
deleteAddendum,entity-auto,,delete,Addendum,true,,applications/party/servicedef/services_agreement.xml,party-customer,customer-product-team,provisional-repository-inferred
createAgreementContentType,entity-auto,,create,AgreementContentType,true,,applications/party/servicedef/services_agreement.xml,party-customer,customer-product-team,provisional-repository-inferred
updateAgreementContentType,entity-auto,,update,AgreementContentType,true,,applications/party/servicedef/services_agreement.xml,party-customer,customer-product-team,provisional-repository-inferred
deleteAgreementContentType,entity-auto,,delete,AgreementContentType,true,,applications/party/servicedef/services_agreement.xml,party-customer,customer-product-team,provisional-repository-inferred
createCommunicationEventType,entity-auto,,create,CommunicationEventType,true,,applications/party/servicedef/services_communication.xml,party-customer,customer-product-team,provisional-repository-inferred
updateCommunicationEventType,entity-auto,,update,CommunicationEventType,true,,applications/party/servicedef/services_communication.xml,party-customer,customer-product-team,provisional-repository-inferred
deleteCommunicationEventType,entity-auto,,delete,CommunicationEventType,true,,applications/party/servicedef/services_communication.xml,party-customer,customer-product-team,provisional-repository-inferred
createContactMech,entity-auto,,create,ContactMech,true,,applications/party/servicedef/services_contact.xml,party-customer,customer-product-team,provisional-repository-inferred
updateContactMech,groovy,component://party/src/main/groovy/org/apache/ofbiz/party/contact/ContactMechServicesScript.groovy,updateContactMech,ContactMech,true,,applications/party/servicedef/services_contact.xml,party-customer,customer-product-team,provisional-repository-inferred
createPostalAddress,groovy,component://party/src/main/groovy/org/apache/ofbiz/party/contact/ContactMechServicesScript.groovy,createPostalAddress,,true,,applications/party/servicedef/services_contact.xml,party-customer,customer-product-team,provisional-repository-inferred
updatePostalAddress,groovy,component://party/src/main/groovy/org/apache/ofbiz/party/contact/ContactMechServicesScript.groovy,updatePostalAddress,,true,,applications/party/servicedef/services_contact.xml,party-customer,customer-product-team,provisional-repository-inferred
createTelecomNumber,groovy,component://party/src/main/groovy/org/apache/ofbiz/party/contact/ContactMechServicesScript.groovy,createTelecomNumber,,true,,applications/party/servicedef/services_contact.xml,party-customer,customer-product-team,provisional-repository-inferred
updateTelecomNumber,groovy,component://party/src/main/groovy/org/apache/ofbiz/party/contact/ContactMechServicesScript.groovy,updateTelecomNumber,,true,,applications/party/servicedef/services_contact.xml,party-customer,customer-product-team,provisional-repository-inferred
createEmailAddress,groovy,component://party/src/main/groovy/org/apache/ofbiz/party/contact/ContactMechServicesScript.groovy,createEmailAddress,,true,,applications/party/servicedef/services_contact.xml,party-customer,customer-product-team,provisional-repository-inferred
updateEmailAddress,groovy,component://party/src/main/groovy/org/apache/ofbiz/party/contact/ContactMechServicesScript.groovy,updateEmailAddress,,true,,applications/party/servicedef/services_contact.xml,party-customer,customer-product-team,provisional-repository-inferred
createFtpAddress,groovy,component://party/src/main/groovy/org/apache/ofbiz/party/contact/ContactMechServicesScript.groovy,createFtpAddress,FtpAddress,,,applications/party/servicedef/services_contact.xml,party-customer,customer-product-team,provisional-repository-inferred
updateFtpAddressWithHistory,groovy,component://party/src/main/groovy/org/apache/ofbiz/party/contact/ContactMechServicesScript.groovy,updateFtpAddressWithHistory,FtpAddress,,,applications/party/servicedef/services_contact.xml,party-customer,customer-product-team,provisional-repository-inferred
createContactMechType,entity-auto,,create,ContactMechType,true,,applications/party/servicedef/services_contact.xml,party-customer,customer-product-team,provisional-repository-inferred
updateContactMechType,entity-auto,,update,ContactMechType,true,,applications/party/servicedef/services_contact.xml,party-customer,customer-product-team,provisional-repository-inferred
deleteContactMechType,entity-auto,,delete,ContactMechType,true,,applications/party/servicedef/services_contact.xml,party-customer,customer-product-team,provisional-repository-inferred
createContactMechPurposeType,entity-auto,,create,ContactMechPurposeType,true,,applications/party/servicedef/services_contact.xml,party-customer,customer-product-team,provisional-repository-inferred
updateContactMechPurposeType,entity-auto,,update,ContactMechPurposeType,true,,applications/party/servicedef/services_contact.xml,party-customer,customer-product-team,provisional-repository-inferred
deleteContactMechPurposeType,entity-auto,,delete,ContactMechPurposeType,true,,applications/party/servicedef/services_contact.xml,party-customer,customer-product-team,provisional-repository-inferred
createContactMechTypeAttr,entity-auto,,create,ContactMechTypeAttr,true,,applications/party/servicedef/services_contact.xml,party-customer,customer-product-team,provisional-repository-inferred
updateContactMechTypeAttr,entity-auto,,update,ContactMechTypeAttr,true,,applications/party/servicedef/services_contact.xml,party-customer,customer-product-team,provisional-repository-inferred
deleteContactMechTypeAttr,entity-auto,,delete,ContactMechTypeAttr,true,,applications/party/servicedef/services_contact.xml,party-customer,customer-product-team,provisional-repository-inferred
createContactMechTypePurpose,entity-auto,,create,ContactMechTypePurpose,true,,applications/party/servicedef/services_contact.xml,party-customer,customer-product-team,provisional-repository-inferred
updateContactMechTypePurpose,entity-auto,,update,ContactMechTypePurpose,true,,applications/party/servicedef/services_contact.xml,party-customer,customer-product-team,provisional-repository-inferred
deleteContactMechTypePurpose,entity-auto,,delete,ContactMechTypePurpose,true,,applications/party/servicedef/services_contact.xml,party-customer,customer-product-team,provisional-repository-inferred
createPartyClassificationType,entity-auto,,create,PartyClassificationType,true,,applications/party/servicedef/services_party.xml,party-customer,customer-product-team,provisional-repository-inferred
updatePartyClassificationType,entity-auto,,update,PartyClassificationType,true,,applications/party/servicedef/services_party.xml,party-customer,customer-product-team,provisional-repository-inferred
deletePartyClassificationType,entity-auto,,delete,PartyClassificationType,true,,applications/party/servicedef/services_party.xml,party-customer,customer-product-team,provisional-repository-inferred
createPartyContentType,entity-auto,,create,PartyContentType,true,,applications/party/servicedef/services_party.xml,party-customer,customer-product-team,provisional-repository-inferred
updatePartyContentType,entity-auto,,update,PartyContentType,true,,applications/party/servicedef/services_party.xml,party-customer,customer-product-team,provisional-repository-inferred
deletePartyContentType,entity-auto,,delete,PartyContentType,true,,applications/party/servicedef/services_party.xml,party-customer,customer-product-team,provisional-repository-inferred
createPartyGeoPoint,entity-auto,,create,PartyGeoPoint,true,,applications/party/servicedef/services_party.xml,party-customer,customer-product-team,provisional-repository-inferred
updatePartyGeoPoint,entity-auto,,update,PartyGeoPoint,true,,applications/party/servicedef/services_party.xml,party-customer,customer-product-team,provisional-repository-inferred
expirePartyGeoPoint,entity-auto,,expire,PartyGeoPoint,true,,applications/party/servicedef/services_party.xml,party-customer,customer-product-team,provisional-repository-inferred
createPartyIcsAvsOverride,entity-auto,,create,PartyIcsAvsOverride,true,,applications/party/servicedef/services_party.xml,party-customer,customer-product-team,provisional-repository-inferred
updatePartyIcsAvsOverride,entity-auto,,update,PartyIcsAvsOverride,true,,applications/party/servicedef/services_party.xml,party-customer,customer-product-team,provisional-repository-inferred
deletePartyIcsAvsOverride,entity-auto,,delete,PartyIcsAvsOverride,true,,applications/party/servicedef/services_party.xml,party-customer,customer-product-team,provisional-repository-inferred
createPartyIdentificationType,entity-auto,,create,PartyIdentificationType,true,,applications/party/servicedef/services_party.xml,party-customer,customer-product-team,provisional-repository-inferred
updatePartyIdentificationType,entity-auto,,update,PartyIdentificationType,true,,applications/party/servicedef/services_party.xml,party-customer,customer-product-team,provisional-repository-inferred
deletePartyIdentificationType,entity-auto,,delete,PartyIdentificationType,true,,applications/party/servicedef/services_party.xml,party-customer,customer-product-team,provisional-repository-inferred
createPartyType,entity-auto,,create,PartyType,true,,applications/party/servicedef/services_party.xml,party-customer,customer-product-team,provisional-repository-inferred
updatePartyType,entity-auto,,update,PartyType,true,,applications/party/servicedef/services_party.xml,party-customer,customer-product-team,provisional-repository-inferred
deletePartyType,entity-auto,,delete,PartyType,true,,applications/party/servicedef/services_party.xml,party-customer,customer-product-team,provisional-repository-inferred
createPartyTypeAttr,entity-auto,,create,PartyTypeAttr,true,,applications/party/servicedef/services_party.xml,party-customer,customer-product-team,provisional-repository-inferred
updatePartyTypeAttr,entity-auto,,update,PartyTypeAttr,true,,applications/party/servicedef/services_party.xml,party-customer,customer-product-team,provisional-repository-inferred
deletePartyTypeAttr,entity-auto,,delete,PartyTypeAttr,true,,applications/party/servicedef/services_party.xml,party-customer,customer-product-team,provisional-repository-inferred
createPriorityType,entity-auto,,create,PriorityType,true,,applications/party/servicedef/services_party.xml,party-customer,customer-product-team,provisional-repository-inferred
updatePriorityType,entity-auto,,update,PriorityType,true,,applications/party/servicedef/services_party.xml,party-customer,customer-product-team,provisional-repository-inferred
deletePriorityType,entity-auto,,delete,PriorityType,true,,applications/party/servicedef/services_party.xml,party-customer,customer-product-team,provisional-repository-inferred
findParty,java,org.apache.ofbiz.party.party.PartyServices,findParty,,,,applications/party/servicedef/services_view.xml,party-customer,customer-product-team,provisional-repository-inferred
performFindParty,java,org.apache.ofbiz.party.party.PartyServices,performFindParty,,,,applications/party/servicedef/services_view.xml,party-customer,customer-product-team,provisional-repository-inferred
getPartyContactMechValueMaps,java,org.apache.ofbiz.party.contact.ContactMechServices,getPartyContactMechValueMaps,,true,,applications/party/servicedef/services_view.xml,party-customer,customer-product-team,provisional-repository-inferred
getPerson,java,org.apache.ofbiz.party.party.PartyServices,getPerson,,,,applications/party/servicedef/services_view.xml,party-customer,customer-product-team,provisional-repository-inferred
getPartiesFromExactEmail,java,org.apache.ofbiz.party.party.PartyServices,getPartiesFromExactEmail,,,,applications/party/servicedef/services_view.xml,party-customer,customer-product-team,provisional-repository-inferred
getPartiesFromPartOfEmail,java,org.apache.ofbiz.party.party.PartyServices,getPartiesFromPartOfEmail,,,,applications/party/servicedef/services_view.xml,party-customer,customer-product-team,provisional-repository-inferred
getPartiesFromPartOfUserloginId,java,org.apache.ofbiz.party.party.PartyServices,getPartiesFromPartOfUserloginId,,,,applications/party/servicedef/services_view.xml,party-customer,customer-product-team,provisional-repository-inferred
getPartiesFromName,java,org.apache.ofbiz.party.party.PartyServices,getPartiesFromPerson,,,,applications/party/servicedef/services_view.xml,party-customer,customer-product-team,provisional-repository-inferred
getPartiesFromGroupName,java,org.apache.ofbiz.party.party.PartyServices,getPartiesFromPartyGroup,,,,applications/party/servicedef/services_view.xml,party-customer,customer-product-team,provisional-repository-inferred
getPartiesFromExternalId,java,org.apache.ofbiz.party.party.PartyServices,getPartiesFromExternalId,,,,applications/party/servicedef/services_view.xml,party-customer,customer-product-team,provisional-repository-inferred
getPartiesByRelationship,groovy,component://party/src/main/groovy/org/apache/ofbiz/party/party/PartyServicesScript.groovy,getPartiesByRelationship,,,,applications/party/servicedef/services_view.xml,party-customer,customer-product-team,provisional-repository-inferred
getParentOrganizations,groovy,component://party/src/main/groovy/org/apache/ofbiz/party/party/PartyServicesScript.groovy,getParentOrganizations,,,,applications/party/servicedef/services_view.xml,party-customer,customer-product-team,provisional-repository-inferred
getChildRoleTypes,groovy,component://party/src/main/groovy/org/apache/ofbiz/party/party/PartyServicesScript.groovy,getChildRoleTypes,,,,applications/party/servicedef/services_view.xml,party-customer,customer-product-team,provisional-repository-inferred
getPostalAddressBoundary,groovy,component://party/src/main/groovy/org/apache/ofbiz/party/party/PartyServicesScript.groovy,getPostalAddressBoundary,,,,applications/party/servicedef/services_view.xml,party-customer,customer-product-team,provisional-repository-inferred
getRelatedParties,groovy,component://party/src/main/groovy/org/apache/ofbiz/party/party/PartyServicesScript.groovy,getRelatedParties,,,,applications/party/servicedef/services_view.xml,party-customer,customer-product-team,provisional-repository-inferred
interfaceProduct,interface,,,Product,,,applications/product/servicedef/services.xml,product-catalog,catalog-product-team,provisional-repository-inferred
createProduct,groovy,component://product/src/main/groovy/org/apache/ofbiz/product/product/product/ProductServicesScript.groovy,createProduct,Product,true,,applications/product/servicedef/services.xml,product-catalog,catalog-product-team,provisional-repository-inferred
updateProduct,groovy,component://product/src/main/groovy/org/apache/ofbiz/product/product/product/ProductServicesScript.groovy,updateProduct,Product,true,,applications/product/servicedef/services.xml,product-catalog,catalog-product-team,provisional-repository-inferred
updateProductQuickAdminName,groovy,component://product/src/main/groovy/org/apache/ofbiz/product/product/product/ProductServicesScript.groovy,updateProductQuickAdminName,Product,true,,applications/product/servicedef/services.xml,product-catalog,catalog-product-team,provisional-repository-inferred
updateProductQuickAdminShipping,java,org.apache.ofbiz.product.product.ProductServices,updateProductQuickAdminShipping,Product,true,,applications/product/servicedef/services.xml,product-catalog,catalog-product-team,provisional-repository-inferred
duplicateProduct,groovy,component://product/src/main/groovy/org/apache/ofbiz/product/product/product/ProductServicesScript.groovy,duplicateProduct,,true,,applications/product/servicedef/services.xml,product-catalog,catalog-product-team,provisional-repository-inferred
copyToProductVariants,groovy,component://product/src/main/groovy/org/apache/ofbiz/product/product/product/ProductServicesScript.groovy,copyToProductVariants,,true,,applications/product/servicedef/services.xml,product-catalog,catalog-product-team,provisional-repository-inferred
quickAddVariant,java,org.apache.ofbiz.product.product.ProductServices,quickAddVariant,,,,applications/product/servicedef/services.xml,product-catalog,catalog-product-team,provisional-repository-inferred
createSalesAgreement,group,createSalesAgreement,,,true,,applications/product/servicedef/services.xml,product-catalog,catalog-product-team,provisional-repository-inferred
quickCreateVirtualWithVariants,java,org.apache.ofbiz.product.product.ProductServices,quickCreateVirtualWithVariants,,,,applications/product/servicedef/services.xml,product-catalog,catalog-product-team,provisional-repository-inferred
createProductKeyword,entity-auto,,create,ProductKeyword,true,,applications/product/servicedef/services.xml,product-catalog,catalog-product-team,provisional-repository-inferred
updateProductKeyword,entity-auto,,update,ProductKeyword,true,,applications/product/servicedef/services.xml,product-catalog,catalog-product-team,provisional-repository-inferred
deleteProductKeyword,entity-auto,,delete,ProductKeyword,true,,applications/product/servicedef/services.xml,product-catalog,catalog-product-team,provisional-repository-inferred
deleteProductKeywords,groovy,component://product/src/main/groovy/org/apache/ofbiz/product/product/product/ProductServicesScript.groovy,deleteProductKeywords,,true,,applications/product/servicedef/services.xml,product-catalog,catalog-product-team,provisional-repository-inferred
indexProductKeywords,groovy,component://product/src/main/groovy/org/apache/ofbiz/product/product/product/ProductServicesScript.groovy,indexProductKeywords,,false,,applications/product/servicedef/services.xml,product-catalog,catalog-product-team,provisional-repository-inferred
forceIndexProductKeywords,groovy,component://product/src/main/groovy/org/apache/ofbiz/product/product/product/ProductServicesScript.groovy,forceIndexProductKeywords,,true,,applications/product/servicedef/services.xml,product-catalog,catalog-product-team,provisional-repository-inferred
discontinueProductSales,groovy,component://product/src/main/groovy/org/apache/ofbiz/product/product/product/ProductServicesScript.groovy,discontinueProductSales,,false,,applications/product/servicedef/services.xml,product-catalog,catalog-product-team,provisional-repository-inferred
countProductView,groovy,component://product/src/main/groovy/org/apache/ofbiz/product/product/product/ProductServicesScript.groovy,countProductView,,false,,applications/product/servicedef/services.xml,product-catalog,catalog-product-team,provisional-repository-inferred
createProductReview,groovy,component://product/src/main/groovy/org/apache/ofbiz/product/product/product/ProductServicesScript.groovy,createProductReview,,true,,applications/product/servicedef/services.xml,product-catalog,catalog-product-team,provisional-repository-inferred
updateProductReview,groovy,component://product/src/main/groovy/org/apache/ofbiz/product/product/product/ProductServicesScript.groovy,updateProductReview,ProductReview,true,,applications/product/servicedef/services.xml,product-catalog,catalog-product-team,provisional-repository-inferred
setProductReviewStatus,groovy,component://product/src/main/groovy/org/apache/ofbiz/product/product/product/ProductServicesScript.groovy,setProductReviewStatus,,true,,applications/product/servicedef/services.xml,product-catalog,catalog-product-team,provisional-repository-inferred
findProductById,java,org.apache.ofbiz.product.product.ProductServices,findProductById,,true,true,applications/product/servicedef/services.xml,product-catalog,catalog-product-team,provisional-repository-inferred
createProductAssoc,entity-auto,,create,ProductAssoc,true,,applications/product/servicedef/services.xml,product-catalog,catalog-product-team,provisional-repository-inferred
updateProductAssoc,entity-auto,,update,ProductAssoc,true,,applications/product/servicedef/services.xml,product-catalog,catalog-product-team,provisional-repository-inferred
deleteProductAssoc,entity-auto,,delete,ProductAssoc,true,,applications/product/servicedef/services.xml,product-catalog,catalog-product-team,provisional-repository-inferred
createProductPrice,groovy,component://product/src/main/groovy/org/apache/ofbiz/product/product/price/PriceServicesScript.groovy,createProductPrice,ProductPrice,true,,applications/product/servicedef/services.xml,product-catalog,catalog-product-team,provisional-repository-inferred
updateProductPrice,groovy,component://product/src/main/groovy/org/apache/ofbiz/product/product/price/PriceServicesScript.groovy,updateProductPrice,ProductPrice,true,,applications/product/servicedef/services.xml,product-catalog,catalog-product-team,provisional-repository-inferred
deleteProductPrice,groovy,component://product/src/main/groovy/org/apache/ofbiz/product/product/price/PriceServicesScript.groovy,deleteProductPrice,ProductPrice,true,,applications/product/servicedef/services.xml,product-catalog,catalog-product-team,provisional-repository-inferred
saveProductPriceChange,entity-auto,,create,ProductPriceChange,true,,applications/product/servicedef/services.xml,product-catalog,catalog-product-team,provisional-repository-inferred
createProductPaymentMethodType,entity-auto,,create,ProductPaymentMethodType,true,,applications/product/servicedef/services.xml,product-catalog,catalog-product-team,provisional-repository-inferred
updateProductPaymentMethodType,entity-auto,,update,ProductPaymentMethodType,true,,applications/product/servicedef/services.xml,product-catalog,catalog-product-team,provisional-repository-inferred
deleteProductPaymentMethodType,entity-auto,,delete,ProductPaymentMethodType,true,,applications/product/servicedef/services.xml,product-catalog,catalog-product-team,provisional-repository-inferred
createGoodIdentification,entity-auto,,create,GoodIdentification,true,,applications/product/servicedef/services.xml,product-catalog,catalog-product-team,provisional-repository-inferred
updateGoodIdentification,entity-auto,,update,GoodIdentification,true,,applications/product/servicedef/services.xml,product-catalog,catalog-product-team,provisional-repository-inferred
deleteGoodIdentification,entity-auto,,delete,GoodIdentification,true,,applications/product/servicedef/services.xml,product-catalog,catalog-product-team,provisional-repository-inferred
createProductGlAccount,entity-auto,,create,ProductGlAccount,true,,applications/product/servicedef/services.xml,product-catalog,catalog-product-team,provisional-repository-inferred
updateProductGlAccount,entity-auto,,update,ProductGlAccount,true,,applications/product/servicedef/services.xml,product-catalog,catalog-product-team,provisional-repository-inferred
deleteProductGlAccount,entity-auto,,delete,ProductGlAccount,true,,applications/product/servicedef/services.xml,product-catalog,catalog-product-team,provisional-repository-inferred
createProductContent,groovy,component://product/src/main/groovy/org/apache/ofbiz/product/product/product/ProductContentServicesScript.groovy,createProductContent,ProductContent,true,,applications/product/servicedef/services.xml,product-catalog,catalog-product-team,provisional-repository-inferred
updateProductContent,groovy,component://product/src/main/groovy/org/apache/ofbiz/product/product/product/ProductContentServicesScript.groovy,updateProductContent,ProductContent,true,,applications/product/servicedef/services.xml,product-catalog,catalog-product-team,provisional-repository-inferred
removeProductContent,entity-auto,,delete,ProductContent,true,,applications/product/servicedef/services.xml,product-catalog,catalog-product-team,provisional-repository-inferred
createEmailContentForProduct,groovy,component://product/src/main/groovy/org/apache/ofbiz/product/product/product/ProductContentServicesScript.groovy,createEmailContentForProduct,ProductContent,true,,applications/product/servicedef/services.xml,product-catalog,catalog-product-team,provisional-repository-inferred
updateEmailContentForProduct,group,,,ProductContent,true,,applications/product/servicedef/services.xml,product-catalog,catalog-product-team,provisional-repository-inferred
createDownloadContentForProduct,groovy,component://product/src/main/groovy/org/apache/ofbiz/product/product/product/ProductContentServicesScript.groovy,createDownloadContentForProduct,ProductContent,true,,applications/product/servicedef/services.xml,product-catalog,catalog-product-team,provisional-repository-inferred
updateDownloadContentForProduct,group,,,ProductContent,true,,applications/product/servicedef/services.xml,product-catalog,catalog-product-team,provisional-repository-inferred
createSimpleTextContentForProduct,groovy,component://product/src/main/groovy/org/apache/ofbiz/product/product/product/ProductContentServicesScript.groovy,createSimpleTextContentForProduct,ProductContent,true,,applications/product/servicedef/services.xml,product-catalog,catalog-product-team,provisional-repository-inferred
updateSimpleTextContentForProduct,group,,,ProductContent,true,,applications/product/servicedef/services.xml,product-catalog,catalog-product-team,provisional-repository-inferred
createSimpleTextContentForAlternateLocale,groovy,component://product/src/main/groovy/org/apache/ofbiz/product/product/product/ProductContentServicesScript.groovy,createSimpleTextContentForAlternateLocale,,,,applications/product/servicedef/services.xml,product-catalog,catalog-product-team,provisional-repository-inferred
addAdditionalViewForProduct,java,org.apache.ofbiz.product.product.ProductServices,addAdditionalViewForProduct,ProductContent,true,,applications/product/servicedef/services.xml,product-catalog,catalog-product-team,provisional-repository-inferred
uploadProductAdditionalViewImages,groovy,component://product/src/main/groovy/org/apache/ofbiz/product/product/product/ProductContentServicesScript.groovy,uploadProductAdditionalViewImages,,true,,applications/product/servicedef/services.xml,product-catalog,catalog-product-team,provisional-repository-inferred
updateContentSEOForProduct,groovy,component://product/src/main/groovy/org/apache/ofbiz/product/product/product/ProductContentServicesScript.groovy,updateContentSEOForProduct,,true,,applications/product/servicedef/services.xml,product-catalog,catalog-product-team,provisional-repository-inferred
createSupplierProduct,entity-auto,,create,SupplierProduct,true,,applications/product/servicedef/services.xml,product-catalog,catalog-product-team,provisional-repository-inferred
updateSupplierProduct,entity-auto,,update,SupplierProduct,true,,applications/product/servicedef/services.xml,product-catalog,catalog-product-team,provisional-repository-inferred
removeSupplierProduct,entity-auto,,delete,SupplierProduct,true,,applications/product/servicedef/services.xml,product-catalog,catalog-product-team,provisional-repository-inferred
createSupplierProductFeature,entity-auto,,create,SupplierProductFeature,true,,applications/product/servicedef/services.xml,product-catalog,catalog-product-team,provisional-repository-inferred
updateSupplierProductFeature,entity-auto,,update,SupplierProductFeature,true,,applications/product/servicedef/services.xml,product-catalog,catalog-product-team,provisional-repository-inferred
removeSupplierProductFeature,entity-auto,,delete,SupplierProductFeature,true,,applications/product/servicedef/services.xml,product-catalog,catalog-product-team,provisional-repository-inferred
getSupplierProductFeatures,groovy,component://product/src/main/groovy/org/apache/ofbiz/product/product/supplier/SupplierProductServicesScript.groovy,getSupplierProductFeatures,,,,applications/product/servicedef/services.xml,product-catalog,catalog-product-team,provisional-repository-inferred
createProductMaint,entity-auto,,create,ProductMaint,true,,applications/product/servicedef/services.xml,product-catalog,catalog-product-team,provisional-repository-inferred
updateProductMaint,entity-auto,,update,ProductMaint,true,,applications/product/servicedef/services.xml,product-catalog,catalog-product-team,provisional-repository-inferred
deleteProductMaint,entity-auto,,delete,ProductMaint,true,,applications/product/servicedef/services.xml,product-catalog,catalog-product-team,provisional-repository-inferred
createProductMeter,entity-auto,,create,ProductMeter,true,,applications/product/servicedef/services.xml,product-catalog,catalog-product-team,provisional-repository-inferred
updateProductMeter,entity-auto,,update,ProductMeter,true,,applications/product/servicedef/services.xml,product-catalog,catalog-product-team,provisional-repository-inferred
deleteProductMeter,entity-auto,,delete,ProductMeter,true,,applications/product/servicedef/services.xml,product-catalog,catalog-product-team,provisional-repository-inferred
createProductGeo,entity-auto,,create,ProductGeo,true,,applications/product/servicedef/services.xml,product-catalog,catalog-product-team,provisional-repository-inferred
updateProductGeo,entity-auto,,update,ProductGeo,true,,applications/product/servicedef/services.xml,product-catalog,catalog-product-team,provisional-repository-inferred
deleteProductGeo,entity-auto,,delete,ProductGeo,true,,applications/product/servicedef/services.xml,product-catalog,catalog-product-team,provisional-repository-inferred
createCommunicationEventProduct,entity-auto,,create,CommunicationEventProduct,true,,applications/product/servicedef/services.xml,product-catalog,catalog-product-team,provisional-repository-inferred
removeCommunicationEventProduct,entity-auto,,delete,CommunicationEventProduct,true,,applications/product/servicedef/services.xml,product-catalog,catalog-product-team,provisional-repository-inferred
createProdCatalog,entity-auto,,create,ProdCatalog,true,,applications/product/servicedef/services.xml,product-catalog,catalog-product-team,provisional-repository-inferred
updateProdCatalog,entity-auto,,update,ProdCatalog,true,,applications/product/servicedef/services.xml,product-catalog,catalog-product-team,provisional-repository-inferred
deleteProdCatalog,entity-auto,,delete,ProdCatalog,true,,applications/product/servicedef/services.xml,product-catalog,catalog-product-team,provisional-repository-inferred
addProductCategoryToProdCatalog,entity-auto,,create,ProdCatalogCategory,true,,applications/product/servicedef/services.xml,product-catalog,catalog-product-team,provisional-repository-inferred
updateProductCategoryToProdCatalog,entity-auto,,update,ProdCatalogCategory,true,,applications/product/servicedef/services.xml,product-catalog,catalog-product-team,provisional-repository-inferred
removeProductCategoryFromProdCatalog,entity-auto,,delete,ProdCatalogCategory,true,,applications/product/servicedef/services.xml,product-catalog,catalog-product-team,provisional-repository-inferred
addProdCatalogToParty,entity-auto,,create,ProdCatalogRole,true,,applications/product/servicedef/services.xml,product-catalog,catalog-product-team,provisional-repository-inferred
updateProdCatalogToParty,entity-auto,,update,ProdCatalogRole,true,,applications/product/servicedef/services.xml,product-catalog,catalog-product-team,provisional-repository-inferred
removeProdCatalogFromParty,entity-auto,,delete,ProdCatalogRole,true,,applications/product/servicedef/services.xml,product-catalog,catalog-product-team,provisional-repository-inferred
createProductCategory,groovy,component://product/src/main/groovy/org/apache/ofbiz/product/product/category/CategoryServicesScript.groovy,createProductCategory,ProductCategory,true,,applications/product/servicedef/services.xml,product-catalog,catalog-product-team,provisional-repository-inferred
updateProductCategory,groovy,component://product/src/main/groovy/org/apache/ofbiz/product/product/category/CategoryServicesScript.groovy,updateProductCategory,ProductCategory,true,,applications/product/servicedef/services.xml,product-catalog,catalog-product-team,provisional-repository-inferred
duplicateProductCategory,groovy,component://product/src/main/groovy/org/apache/ofbiz/product/product/category/CategoryServicesScript.groovy,duplicateProductCategory,,true,,applications/product/servicedef/services.xml,product-catalog,catalog-product-team,provisional-repository-inferred
safeAddProductToCategory,entity-auto,,create,ProductCategoryMember,true,,applications/product/servicedef/services.xml,product-catalog,catalog-product-team,provisional-repository-inferred
addProductToCategories,groovy,component://product/src/main/groovy/org/apache/ofbiz/product/product/category/CategoryServicesScript.groovy,addProductToCategories,ProductCategoryMember,true,,applications/product/servicedef/services.xml,product-catalog,catalog-product-team,provisional-repository-inferred
addProductToCategory,entity-auto,,create,ProductCategoryMember,true,,applications/product/servicedef/services.xml,product-catalog,catalog-product-team,provisional-repository-inferred
updateProductToCategory,entity-auto,,update,ProductCategoryMember,true,,applications/product/servicedef/services.xml,product-catalog,catalog-product-team,provisional-repository-inferred
removeProductFromCategory,groovy,component://product/src/main/groovy/org/apache/ofbiz/product/product/category/CategoryServicesScript.groovy,removeProductFromCategory,ProductCategoryMember,true,,applications/product/servicedef/services.xml,product-catalog,catalog-product-team,provisional-repository-inferred
createProductInCategory,groovy,component://product/src/main/groovy/org/apache/ofbiz/product/product/category/CategoryServicesScript.groovy,createProductInCategory,,true,,applications/product/servicedef/services.xml,product-catalog,catalog-product-team,provisional-repository-inferred
addPartyToCategory,groovy,component://product/src/main/groovy/org/apache/ofbiz/product/product/category/CategoryServicesScript.groovy,addPartyToCategory,,true,,applications/product/servicedef/services.xml,product-catalog,catalog-product-team,provisional-repository-inferred
updatePartyToCategory,groovy,component://product/src/main/groovy/org/apache/ofbiz/product/product/category/CategoryServicesScript.groovy,updatePartyToCategory,,true,,applications/product/servicedef/services.xml,product-catalog,catalog-product-team,provisional-repository-inferred
removePartyFromCategory,groovy,component://product/src/main/groovy/org/apache/ofbiz/product/product/category/CategoryServicesScript.groovy,removePartyFromCategory,,true,,applications/product/servicedef/services.xml,product-catalog,catalog-product-team,provisional-repository-inferred
addPartyToProduct,groovy,component://product/src/main/groovy/org/apache/ofbiz/product/product/product/ProductServicesScript.groovy,addPartyToProduct,,true,,applications/product/servicedef/services.xml,product-catalog,catalog-product-team,provisional-repository-inferred
updatePartyToProduct,groovy,component://product/src/main/groovy/org/apache/ofbiz/product/product/product/ProductServicesScript.groovy,updatePartyToProduct,,true,,applications/product/servicedef/services.xml,product-catalog,catalog-product-team,provisional-repository-inferred
removePartyFromProduct,groovy,component://product/src/main/groovy/org/apache/ofbiz/product/product/product/ProductServicesScript.groovy,removePartyFromProduct,,true,,applications/product/servicedef/services.xml,product-catalog,catalog-product-team,provisional-repository-inferred
safeAddProductCategoryToCategory,groovy,component://product/src/main/groovy/org/apache/ofbiz/product/product/category/CategoryServicesScript.groovy,addProductCategoryToCategory,,true,,applications/product/servicedef/services.xml,product-catalog,catalog-product-team,provisional-repository-inferred
addProductCategoryToCategory,groovy,component://product/src/main/groovy/org/apache/ofbiz/product/product/category/CategoryServicesScript.groovy,addProductCategoryToCategory,,true,,applications/product/servicedef/services.xml,product-catalog,catalog-product-team,provisional-repository-inferred
addProductCategoryToCategories,groovy,component://product/src/main/groovy/org/apache/ofbiz/product/product/category/CategoryServicesScript.groovy,addProductCategoryToCategories,,true,,applications/product/servicedef/services.xml,product-catalog,catalog-product-team,provisional-repository-inferred
updateProductCategoryToCategory,groovy,component://product/src/main/groovy/org/apache/ofbiz/product/product/category/CategoryServicesScript.groovy,updateProductCategoryToCategory,,true,,applications/product/servicedef/services.xml,product-catalog,catalog-product-team,provisional-repository-inferred
removeProductCategoryFromCategory,groovy,component://product/src/main/groovy/org/apache/ofbiz/product/product/category/CategoryServicesScript.groovy,removeProductCategoryFromCategory,,true,,applications/product/servicedef/services.xml,product-catalog,catalog-product-team,provisional-repository-inferred
createProductCategoryAttribute,groovy,component://product/src/main/groovy/org/apache/ofbiz/product/product/category/CategoryServicesScript.groovy,createProductCategoryAttribute,ProductCategoryAttribute,true,,applications/product/servicedef/services.xml,product-catalog,catalog-product-team,provisional-repository-inferred
updateProductCategoryAttribute,groovy,component://product/src/main/groovy/org/apache/ofbiz/product/product/category/CategoryServicesScript.groovy,updateProductCategoryAttribute,ProductCategoryAttribute,true,,applications/product/servicedef/services.xml,product-catalog,catalog-product-team,provisional-repository-inferred
deleteProductCategoryAttribute,groovy,component://product/src/main/groovy/org/apache/ofbiz/product/product/category/CategoryServicesScript.groovy,deleteProductCategoryAttribute,ProductCategoryAttribute,true,,applications/product/servicedef/services.xml,product-catalog,catalog-product-team,provisional-repository-inferred
createProductCategoryLink,groovy,component://product/src/main/groovy/org/apache/ofbiz/product/product/category/CategoryServicesScript.groovy,createProductCategoryLink,ProductCategoryLink,true,,applications/product/servicedef/services.xml,product-catalog,catalog-product-team,provisional-repository-inferred
updateProductCategoryLink,entity-auto,,update,ProductCategoryLink,true,,applications/product/servicedef/services.xml,product-catalog,catalog-product-team,provisional-repository-inferred
deleteProductCategoryLink,entity-auto,,delete,ProductCategoryLink,true,,applications/product/servicedef/services.xml,product-catalog,catalog-product-team,provisional-repository-inferred
duplicateCategoryEntities,groovy,component://product/src/main/groovy/org/apache/ofbiz/product/product/category/CategoryServicesScript.groovy,duplicateCategoryEntities,,true,,applications/product/servicedef/services.xml,product-catalog,catalog-product-team,provisional-repository-inferred
createCategoryContent,groovy,component://product/src/main/groovy/org/apache/ofbiz/product/product/category/CategoryContentServicesScript.groovy,createCategoryContent,ProductCategoryContent,true,,applications/product/servicedef/services.xml,product-catalog,catalog-product-team,provisional-repository-inferred
updateCategoryContent,groovy,component://product/src/main/groovy/org/apache/ofbiz/product/product/category/CategoryContentServicesScript.groovy,updateCategoryContent,ProductCategoryContent,true,,applications/product/servicedef/services.xml,product-catalog,catalog-product-team,provisional-repository-inferred
removeCategoryContent,entity-auto,,delete,ProductCategoryContent,true,,applications/product/servicedef/services.xml,product-catalog,catalog-product-team,provisional-repository-inferred
createSimpleTextContentForCategory,groovy,component://product/src/main/groovy/org/apache/ofbiz/product/product/category/CategoryContentServicesScript.groovy,createSimpleTextContentForCategory,ProductCategoryContent,true,,applications/product/servicedef/services.xml,product-catalog,catalog-product-team,provisional-repository-inferred
updateSimpleTextContentForCategory,group,,,,true,,applications/product/servicedef/services.xml,product-catalog,catalog-product-team,provisional-repository-inferred
updateContentSEOForCategory,groovy,component://product/src/main/groovy/org/apache/ofbiz/product/product/category/CategoryContentServicesScript.groovy,updateContentSEOForCategory,,true,,applications/product/servicedef/services.xml,product-catalog,catalog-product-team,provisional-repository-inferred
createRelatedUrlContentForCategory,groovy,component://product/src/main/groovy/org/apache/ofbiz/product/product/category/CategoryContentServicesScript.groovy,createRelatedUrlContentForCategory,ProductCategoryContent,true,,applications/product/servicedef/services.xml,product-catalog,catalog-product-team,provisional-repository-inferred
updateRelatedUrlContentForCategory,groovy,component://product/src/main/groovy/org/apache/ofbiz/product/product/category/CategoryContentServicesScript.groovy,updateRelatedUrlContentForCategory,ProductCategoryContent,true,,applications/product/servicedef/services.xml,product-catalog,catalog-product-team,provisional-repository-inferred
createDownloadContentForCategory,groovy,component://product/src/main/groovy/org/apache/ofbiz/product/product/category/CategoryContentServicesScript.groovy,createDownloadContentForCategory,ProductCategoryContent,true,,applications/product/servicedef/services.xml,product-catalog,catalog-product-team,provisional-repository-inferred
updateDownloadContentForCategory,groovy,component://product/src/main/groovy/org/apache/ofbiz/product/product/category/CategoryContentServicesScript.groovy,updateDownloadContentForCategory,ProductCategoryContent,true,,applications/product/servicedef/services.xml,product-catalog,catalog-product-team,provisional-repository-inferred
createProductFeatureDataResource,entity-auto,,create,ProductFeatureDataResource,true,,applications/product/servicedef/services.xml,product-catalog,catalog-product-team,provisional-repository-inferred
removeProductFeatureDataResource,entity-auto,,delete,ProductFeatureDataResource,true,,applications/product/servicedef/services.xml,product-catalog,catalog-product-team,provisional-repository-inferred
createCustomerDigitalDownloadProduct,simple,component://product/minilang/product/product/CustomerDigitalDownloadServices.xml,createCustomerDigitalDownloadProduct,,true,,applications/product/servicedef/services.xml,product-catalog,catalog-product-team,provisional-repository-inferred
updateCustomerDigitalDownloadProduct,simple,component://product/minilang/product/product/CustomerDigitalDownloadServices.xml,updateCustomerDigitalDownloadProduct,,true,,applications/product/servicedef/services.xml,product-catalog,catalog-product-team,provisional-repository-inferred
deleteCustomerDigitalDownloadProduct,simple,component://product/minilang/product/product/CustomerDigitalDownloadServices.xml,deleteCustomerDigitalDownloadProduct,,true,,applications/product/servicedef/services.xml,product-catalog,catalog-product-team,provisional-repository-inferred
addCustomerDigitalDownloadProductFile,simple,component://product/minilang/product/product/CustomerDigitalDownloadServices.xml,addCustomerDigitalDownloadProductFile,,true,,applications/product/servicedef/services.xml,product-catalog,catalog-product-team,provisional-repository-inferred
removeCustomerDigitalDownloadProductFile,simple,component://product/minilang/product/product/CustomerDigitalDownloadServices.xml,removeCustomerDigitalDownloadProductFile,,true,,applications/product/servicedef/services.xml,product-catalog,catalog-product-team,provisional-repository-inferred
createProductConfig,entity-auto,,create,ProductConfig,true,,applications/product/servicedef/services.xml,product-catalog,catalog-product-team,provisional-repository-inferred
updateProductConfig,entity-auto,,update,ProductConfig,true,,applications/product/servicedef/services.xml,product-catalog,catalog-product-team,provisional-repository-inferred
deleteProductConfig,entity-auto,,delete,ProductConfig,true,,applications/product/servicedef/services.xml,product-catalog,catalog-product-team,provisional-repository-inferred
createProductConfigItem,entity-auto,,create,ProductConfigItem,true,,applications/product/servicedef/services.xml,product-catalog,catalog-product-team,provisional-repository-inferred
updateProductConfigItem,entity-auto,,update,ProductConfigItem,true,,applications/product/servicedef/services.xml,product-catalog,catalog-product-team,provisional-repository-inferred
deleteProductConfigItem,entity-auto,,delete,ProductConfigItem,true,,applications/product/servicedef/services.xml,product-catalog,catalog-product-team,provisional-repository-inferred
createProductConfigOption,entity-auto,,create,ProductConfigOption,true,,applications/product/servicedef/services.xml,product-catalog,catalog-product-team,provisional-repository-inferred
updateProductConfigOption,entity-auto,,update,ProductConfigOption,true,,applications/product/servicedef/services.xml,product-catalog,catalog-product-team,provisional-repository-inferred
deleteProductConfigOption,entity-auto,,delete,ProductConfigOption,true,,applications/product/servicedef/services.xml,product-catalog,catalog-product-team,provisional-repository-inferred
createProductConfigProduct,entity-auto,,create,ProductConfigProduct,true,,applications/product/servicedef/services.xml,product-catalog,catalog-product-team,provisional-repository-inferred
updateProductConfigProduct,entity-auto,,update,ProductConfigProduct,true,,applications/product/servicedef/services.xml,product-catalog,catalog-product-team,provisional-repository-inferred
deleteProductConfigProduct,entity-auto,,delete,ProductConfigProduct,true,,applications/product/servicedef/services.xml,product-catalog,catalog-product-team,provisional-repository-inferred
createProductConfigItemContent,groovy,component://product/src/main/groovy/org/apache/ofbiz/product/product/config/ProductConfigItemContentServicesScript.groovy,createProductConfigItemContent,ProdConfItemContent,true,,applications/product/servicedef/services.xml,product-catalog,catalog-product-team,provisional-repository-inferred
updateProductConfigItemContent,groovy,component://product/src/main/groovy/org/apache/ofbiz/product/product/config/ProductConfigItemContentServicesScript.groovy,updateProductConfigItemContent,ProdConfItemContent,true,,applications/product/servicedef/services.xml,product-catalog,catalog-product-team,provisional-repository-inferred
removeProductConfigItemContent,entity-auto,,delete,ProdConfItemContent,true,,applications/product/servicedef/services.xml,product-catalog,catalog-product-team,provisional-repository-inferred
createSimpleTextContentForProductConfigItem,groovy,component://product/src/main/groovy/org/apache/ofbiz/product/product/config/ProductConfigItemContentServicesScript.groovy,createSimpleTextContentForProductConfigItem,ProdConfItemContent,true,,applications/product/servicedef/services.xml,product-catalog,catalog-product-team,provisional-repository-inferred
updateSimpleTextContentForProductConfigItem,group,,,ProdConfItemContent,true,,applications/product/servicedef/services.xml,product-catalog,catalog-product-team,provisional-repository-inferred
getProductFeaturesByType,java,org.apache.ofbiz.product.feature.ProductFeatureServices,getProductFeaturesByType,,,,applications/product/servicedef/services.xml,product-catalog,catalog-product-team,provisional-repository-inferred
getAllExistingVariants,java,org.apache.ofbiz.product.feature.ProductFeatureServices,getAllExistingVariants,,,,applications/product/servicedef/services.xml,product-catalog,catalog-product-team,provisional-repository-inferred
getVariantCombinations,java,org.apache.ofbiz.product.feature.ProductFeatureServices,getVariantCombinations,,,,applications/product/servicedef/services.xml,product-catalog,catalog-product-team,provisional-repository-inferred
getCategoryVariantProducts,java,org.apache.ofbiz.product.feature.ProductFeatureServices,getCategoryVariantProducts,,false,,applications/product/servicedef/services.xml,product-catalog,catalog-product-team,provisional-repository-inferred
updateProductIfAvailableFromShipment,java,org.apache.ofbiz.product.product.ProductServices,updateProductIfAvailableFromShipment,,,,applications/product/servicedef/services.xml,product-catalog,catalog-product-team,provisional-repository-inferred
productGenericPermission,groovy,component://product/src/main/groovy/org/apache/ofbiz/product/product/product/ProductServicesScript.groovy,productGenericPermission,,,,applications/product/servicedef/services.xml,product-catalog,catalog-product-team,provisional-repository-inferred
productCategoryGenericPermission,groovy,component://product/src/main/groovy/org/apache/ofbiz/product/product/category/CategoryServicesScript.groovy,productCategoryGenericPermission,,,,applications/product/servicedef/services.xml,product-catalog,catalog-product-team,provisional-repository-inferred
productPriceGenericPermission,groovy,component://product/src/main/groovy/org/apache/ofbiz/product/product/product/ProductServicesScript.groovy,productPriceGenericPermission,,,,applications/product/servicedef/services.xml,product-catalog,catalog-product-team,provisional-repository-inferred
checkCategoryPermissionWithViewPurchaseAllow,groovy,component://product/src/main/groovy/org/apache/ofbiz/product/product/category/CategoryServicesScript.groovy,checkCategoryPermissionWithViewPurchaseAllow,,,,applications/product/servicedef/services.xml,product-catalog,catalog-product-team,provisional-repository-inferred
createProductAttribute,entity-auto,,create,ProductAttribute,true,,applications/product/servicedef/services.xml,product-catalog,catalog-product-team,provisional-repository-inferred
updateProductAttribute,entity-auto,,update,ProductAttribute,true,,applications/product/servicedef/services.xml,product-catalog,catalog-product-team,provisional-repository-inferred
deleteProductAttribute,entity-auto,,delete,ProductAttribute,true,,applications/product/servicedef/services.xml,product-catalog,catalog-product-team,provisional-repository-inferred
createVendorProduct,entity-auto,,create,VendorProduct,true,,applications/product/servicedef/services.xml,product-catalog,catalog-product-team,provisional-repository-inferred
deleteVendorProduct,entity-auto,,delete,VendorProduct,true,,applications/product/servicedef/services.xml,product-catalog,catalog-product-team,provisional-repository-inferred
createProductCategoryGlAccount,groovy,component://product/src/main/groovy/org/apache/ofbiz/product/product/product/ProductServicesScript.groovy,createProductCategoryGlAccount,ProductCategoryGlAccount,true,,applications/product/servicedef/services.xml,product-catalog,catalog-product-team,provisional-repository-inferred
updateProductCategoryGlAccount,groovy,component://product/src/main/groovy/org/apache/ofbiz/product/product/product/ProductServicesScript.groovy,updateProductCategoryGlAccount,ProductCategoryGlAccount,true,,applications/product/servicedef/services.xml,product-catalog,catalog-product-team,provisional-repository-inferred
deleteProductCategoryGlAccount,groovy,component://product/src/main/groovy/org/apache/ofbiz/product/product/product/ProductServicesScript.groovy,deleteProductCategoryGlAccount,ProductCategoryGlAccount,true,,applications/product/servicedef/services.xml,product-catalog,catalog-product-team,provisional-repository-inferred
catalogPermissionCheck,groovy,component://product/src/main/groovy/org/apache/ofbiz/product/product/catalog/CatalogServices.groovy,catalogPermissionCheck,,true,,applications/product/servicedef/services.xml,product-catalog,catalog-product-team,provisional-repository-inferred
prodCatalogToPartyPermissionCheck,groovy,component://product/src/main/groovy/org/apache/ofbiz/product/product/catalog/CatalogServices.groovy,prodCatalogToPartyPermissionCheck,,,,applications/product/servicedef/services.xml,product-catalog,catalog-product-team,provisional-repository-inferred
productImportFromSpreadsheet,java,org.apache.ofbiz.product.spreadsheetimport.ImportProductServices,productImportFromSpreadsheet,,true,,applications/product/servicedef/services.xml,product-catalog,catalog-product-team,provisional-repository-inferred
createWebAnalyticsConfig,entity-auto,,create,WebAnalyticsConfig,true,,applications/product/servicedef/services.xml,product-catalog,catalog-product-team,provisional-repository-inferred
updateWebAnalyticsConfig,entity-auto,,update,WebAnalyticsConfig,true,,applications/product/servicedef/services.xml,product-catalog,catalog-product-team,provisional-repository-inferred
deleteWebAnalyticsConfig,entity-auto,,delete,WebAnalyticsConfig,true,,applications/product/servicedef/services.xml,product-catalog,catalog-product-team,provisional-repository-inferred
createWebAnalyticsType,entity-auto,,create,WebAnalyticsType,true,,applications/product/servicedef/services.xml,product-catalog,catalog-product-team,provisional-repository-inferred
updateWebAnalyticsType,entity-auto,,update,WebAnalyticsType,true,,applications/product/servicedef/services.xml,product-catalog,catalog-product-team,provisional-repository-inferred
deleteWebAnalyticsType,entity-auto,,delete,WebAnalyticsType,true,,applications/product/servicedef/services.xml,product-catalog,catalog-product-team,provisional-repository-inferred
createProductPromoContent,entity-auto,,create,ProductPromoContent,true,,applications/product/servicedef/services.xml,product-catalog,catalog-product-team,provisional-repository-inferred
updateProductPromoContent,entity-auto,,update,ProductPromoContent,true,,applications/product/servicedef/services.xml,product-catalog,catalog-product-team,provisional-repository-inferred
removeProductPromoContent,entity-auto,,expire,ProductPromoContent,true,,applications/product/servicedef/services.xml,product-catalog,catalog-product-team,provisional-repository-inferred
addImageForProductPromo,java,org.apache.ofbiz.product.product.ProductServices,addImageForProductPromo,ProductPromoContent,true,,applications/product/servicedef/services.xml,product-catalog,catalog-product-team,provisional-repository-inferred
addMultipleuploadForProduct,java,org.apache.ofbiz.product.imagemanagement.ImageManagementServices,addMultipleuploadForProduct,ProductContent,true,,applications/product/servicedef/services.xml,product-catalog,catalog-product-team,provisional-repository-inferred
multipleUploadProductImages,groovy,component://product/src/main/groovy/org/apache/ofbiz/product/product/imagemanagement/ImageManagementServicesScript.groovy,uploadProductImages,,true,,applications/product/servicedef/services.xml,product-catalog,catalog-product-team,provisional-repository-inferred
removeProductContentAndImageFile,groovy,component://product/src/main/groovy/org/apache/ofbiz/product/product/imagemanagement/ImageManagementServicesScript.groovy,removeProductContentAndImageFile,ProductContent,true,,applications/product/servicedef/services.xml,product-catalog,catalog-product-team,provisional-repository-inferred
removeProductContentForImageManagement,groovy,component://product/src/main/groovy/org/apache/ofbiz/product/product/imagemanagement/ImageManagementServicesScript.groovy,removeProductContentForImageManagement,,true,,applications/product/servicedef/services.xml,product-catalog,catalog-product-team,provisional-repository-inferred
removeImageFileForImageManagement,java,org.apache.ofbiz.product.imagemanagement.ImageManagementServices,removeImageFileForImageManagement,,true,,applications/product/servicedef/services.xml,product-catalog,catalog-product-team,provisional-repository-inferred
addImageFrame,java,org.apache.ofbiz.product.imagemanagement.FrameImage,addImageFrame,,true,,applications/product/servicedef/services.xml,product-catalog,catalog-product-team,provisional-repository-inferred
uploadFrame,java,org.apache.ofbiz.product.imagemanagement.FrameImage,uploadFrame,,true,,applications/product/servicedef/services.xml,product-catalog,catalog-product-team,provisional-repository-inferred
imageCrop,java,org.apache.ofbiz.product.imagemanagement.CropImage,imageCrop,,true,,applications/product/servicedef/services.xml,product-catalog,catalog-product-team,provisional-repository-inferred
imageRotate,java,org.apache.ofbiz.product.imagemanagement.RotateImage,imageRotate,,true,,applications/product/servicedef/services.xml,product-catalog,catalog-product-team,provisional-repository-inferred
setImageDetail,groovy,component://product/src/main/groovy/org/apache/ofbiz/product/product/imagemanagement/ImageManagementServicesScript.groovy,setImageDetail,ProductContent,true,,applications/product/servicedef/services.xml,product-catalog,catalog-product-team,provisional-repository-inferred
updateStatusImageManagement,groovy,component://product/src/main/groovy/org/apache/ofbiz/product/product/imagemanagement/ImageManagementServicesScript.groovy,updateStatusImageManagement,,true,,applications/product/servicedef/services.xml,product-catalog,catalog-product-team,provisional-repository-inferred
addRejectedReasonImageManagement,groovy,component://product/src/main/groovy/org/apache/ofbiz/product/product/imagemanagement/ImageManagementServicesScript.groovy,addRejectedReasonImageManagement,,true,,applications/product/servicedef/services.xml,product-catalog,catalog-product-team,provisional-repository-inferred
createImageContentApproval,groovy,component://product/src/main/groovy/org/apache/ofbiz/product/product/imagemanagement/ImageManagementServicesScript.groovy,createImageContentApproval,,true,,applications/product/servicedef/services.xml,product-catalog,catalog-product-team,provisional-repository-inferred
removeImageContentApproval,groovy,component://product/src/main/groovy/org/apache/ofbiz/product/product/imagemanagement/ImageManagementServicesScript.groovy,removeImageContentApproval,,true,,applications/product/servicedef/services.xml,product-catalog,catalog-product-team,provisional-repository-inferred
resizeImages,groovy,component://product/src/main/groovy/org/apache/ofbiz/product/product/imagemanagement/ImageManagementServicesScript.groovy,resizeImages,,true,,applications/product/servicedef/services.xml,product-catalog,catalog-product-team,provisional-repository-inferred
resizeImageOfProduct,java,org.apache.ofbiz.product.imagemanagement.ImageManagementServices,resizeImageOfProduct,,true,,applications/product/servicedef/services.xml,product-catalog,catalog-product-team,provisional-repository-inferred
createNewImageThumbnail,java,org.apache.ofbiz.product.imagemanagement.ImageManagementServices,createNewImageThumbnail,,true,,applications/product/servicedef/services.xml,product-catalog,catalog-product-team,provisional-repository-inferred
removeImageBySize,groovy,component://product/src/main/groovy/org/apache/ofbiz/product/product/imagemanagement/ImageManagementServicesScript.groovy,removeImageBySize,,true,,applications/product/servicedef/services.xml,product-catalog,catalog-product-team,provisional-repository-inferred
replaceImageToExistImage,java,org.apache.ofbiz.product.imagemanagement.ReplaceImage,replaceImageToExistImage,,true,,applications/product/servicedef/services.xml,product-catalog,catalog-product-team,provisional-repository-inferred
renameImage,java,org.apache.ofbiz.product.imagemanagement.ImageManagementServices,renameImage,,true,,applications/product/servicedef/services.xml,product-catalog,catalog-product-team,provisional-repository-inferred
createMissingCategoryAndProductAltUrls,groovy,component://product/src/main/groovy/org/apache/ofbiz/product/product/catalog/CatalogServices.groovy,createMissingCategoryAndProductAltUrls,,true,,applications/product/servicedef/services.xml,product-catalog,catalog-product-team,provisional-repository-inferred
createMarketInterest,entity-auto,,create,MarketInterest,true,,applications/product/servicedef/services.xml,product-catalog,catalog-product-team,provisional-repository-inferred
updateMarketInterest,entity-auto,,update,MarketInterest,true,,applications/product/servicedef/services.xml,product-catalog,catalog-product-team,provisional-repository-inferred
deleteMarketInterest,entity-auto,,delete,MarketInterest,true,,applications/product/servicedef/services.xml,product-catalog,catalog-product-team,provisional-repository-inferred
createProductGroupOrder,groovy,component://product/src/main/groovy/org/apache/ofbiz/product/product/product/ProductServicesScript.groovy,createProductGroupOrder,ProductGroupOrder,true,,applications/product/servicedef/services.xml,product-catalog,catalog-product-team,provisional-repository-inferred
updateProductGroupOrder,groovy,component://product/src/main/groovy/org/apache/ofbiz/product/product/product/ProductServicesScript.groovy,updateProductGroupOrder,ProductGroupOrder,true,,applications/product/servicedef/services.xml,product-catalog,catalog-product-team,provisional-repository-inferred
deleteProductGroupOrder,groovy,component://product/src/main/groovy/org/apache/ofbiz/product/product/product/ProductServicesScript.groovy,deleteProductGroupOrder,ProductGroupOrder,true,,applications/product/servicedef/services.xml,product-catalog,catalog-product-team,provisional-repository-inferred
createJobForProductGroupOrder,groovy,component://product/src/main/groovy/org/apache/ofbiz/product/product/product/ProductServicesScript.groovy,createJobForProductGroupOrder,ProductGroupOrder,true,,applications/product/servicedef/services.xml,product-catalog,catalog-product-team,provisional-repository-inferred
checkOrderItemForProductGroupOrder,groovy,component://product/src/main/groovy/org/apache/ofbiz/product/product/product/ProductServicesScript.groovy,checkOrderItemForProductGroupOrder,,true,,applications/product/servicedef/services.xml,product-catalog,catalog-product-team,provisional-repository-inferred
cancleOrderItemGroupOrder,groovy,component://product/src/main/groovy/org/apache/ofbiz/product/product/product/ProductServicesScript.groovy,cancleOrderItemGroupOrder,,true,,applications/product/servicedef/services.xml,product-catalog,catalog-product-team,provisional-repository-inferred
checkProductGroupOrderExpired,groovy,component://product/src/main/groovy/org/apache/ofbiz/product/product/product/ProductServicesScript.groovy,checkProductGroupOrderExpired,,true,,applications/product/servicedef/services.xml,product-catalog,catalog-product-team,provisional-repository-inferred
createGoodIdentificationType,entity-auto,,create,GoodIdentificationType,true,,applications/product/servicedef/services.xml,product-catalog,catalog-product-team,provisional-repository-inferred
updateGoodIdentificationType,entity-auto,,update,GoodIdentificationType,true,,applications/product/servicedef/services.xml,product-catalog,catalog-product-team,provisional-repository-inferred
deleteGoodIdentificationType,entity-auto,,delete,GoodIdentificationType,true,,applications/product/servicedef/services.xml,product-catalog,catalog-product-team,provisional-repository-inferred
createProdCatalogCategoryType,entity-auto,,create,ProdCatalogCategoryType,true,,applications/product/servicedef/services.xml,product-catalog,catalog-product-team,provisional-repository-inferred
updateProdCatalogCategoryType,entity-auto,,update,ProdCatalogCategoryType,true,,applications/product/servicedef/services.xml,product-catalog,catalog-product-team,provisional-repository-inferred
deleteProdCatalogCategoryType,entity-auto,,delete,ProdCatalogCategoryType,true,,applications/product/servicedef/services.xml,product-catalog,catalog-product-team,provisional-repository-inferred
createProductAssocType,entity-auto,,create,ProductAssocType,true,,applications/product/servicedef/services.xml,product-catalog,catalog-product-team,provisional-repository-inferred
updateProductAssocType,entity-auto,,update,ProductAssocType,true,,applications/product/servicedef/services.xml,product-catalog,catalog-product-team,provisional-repository-inferred
deleteProductAssocType,entity-auto,,delete,ProductAssocType,true,,applications/product/servicedef/services.xml,product-catalog,catalog-product-team,provisional-repository-inferred
createProductCategoryContentType,entity-auto,,create,ProductCategoryContentType,true,,applications/product/servicedef/services.xml,product-catalog,catalog-product-team,provisional-repository-inferred
updateProductCategoryContentType,entity-auto,,update,ProductCategoryContentType,true,,applications/product/servicedef/services.xml,product-catalog,catalog-product-team,provisional-repository-inferred
deleteProductCategoryContentType,entity-auto,,delete,ProductCategoryContentType,true,,applications/product/servicedef/services.xml,product-catalog,catalog-product-team,provisional-repository-inferred
createProductCategoryType,entity-auto,,create,ProductCategoryType,true,,applications/product/servicedef/services.xml,product-catalog,catalog-product-team,provisional-repository-inferred
updateProductCategoryType,entity-auto,,update,ProductCategoryType,true,,applications/product/servicedef/services.xml,product-catalog,catalog-product-team,provisional-repository-inferred
deleteProductCategoryType,entity-auto,,delete,ProductCategoryType,true,,applications/product/servicedef/services.xml,product-catalog,catalog-product-team,provisional-repository-inferred
createProductCategoryTypeAttr,entity-auto,,create,ProductCategoryTypeAttr,true,,applications/product/servicedef/services.xml,product-catalog,catalog-product-team,provisional-repository-inferred
updateProductCategoryTypeAttr,entity-auto,,update,ProductCategoryTypeAttr,true,,applications/product/servicedef/services.xml,product-catalog,catalog-product-team,provisional-repository-inferred
deleteProductCategoryTypeAttr,entity-auto,,delete,ProductCategoryTypeAttr,true,,applications/product/servicedef/services.xml,product-catalog,catalog-product-team,provisional-repository-inferred
createProductContentType,entity-auto,,create,ProductContentType,true,,applications/product/servicedef/services.xml,product-catalog,catalog-product-team,provisional-repository-inferred
updateProductContentType,entity-auto,,update,ProductContentType,true,,applications/product/servicedef/services.xml,product-catalog,catalog-product-team,provisional-repository-inferred
deleteProductContentType,entity-auto,,delete,ProductContentType,true,,applications/product/servicedef/services.xml,product-catalog,catalog-product-team,provisional-repository-inferred
createProductMaintType,entity-auto,,create,ProductMaintType,true,,applications/product/servicedef/services.xml,product-catalog,catalog-product-team,provisional-repository-inferred
updateProductMaintType,entity-auto,,update,ProductMaintType,true,,applications/product/servicedef/services.xml,product-catalog,catalog-product-team,provisional-repository-inferred
deleteProductMaintType,entity-auto,,delete,ProductMaintType,true,,applications/product/servicedef/services.xml,product-catalog,catalog-product-team,provisional-repository-inferred
createProductMeterType,entity-auto,,create,ProductMeterType,true,,applications/product/servicedef/services.xml,product-catalog,catalog-product-team,provisional-repository-inferred
updateProductMeterType,entity-auto,,update,ProductMeterType,true,,applications/product/servicedef/services.xml,product-catalog,catalog-product-team,provisional-repository-inferred
deleteProductMeterType,entity-auto,,delete,ProductMeterType,true,,applications/product/servicedef/services.xml,product-catalog,catalog-product-team,provisional-repository-inferred
createProductType,entity-auto,,create,ProductType,true,,applications/product/servicedef/services.xml,product-catalog,catalog-product-team,provisional-repository-inferred
updateProductType,entity-auto,,update,ProductType,true,,applications/product/servicedef/services.xml,product-catalog,catalog-product-team,provisional-repository-inferred
deleteProductType,entity-auto,,delete,ProductType,true,,applications/product/servicedef/services.xml,product-catalog,catalog-product-team,provisional-repository-inferred
createProductTypeAttr,entity-auto,,create,ProductTypeAttr,true,,applications/product/servicedef/services.xml,product-catalog,catalog-product-team,provisional-repository-inferred
updateProductTypeAttr,entity-auto,,update,ProductTypeAttr,true,,applications/product/servicedef/services.xml,product-catalog,catalog-product-team,provisional-repository-inferred
deleteProductTypeAttr,entity-auto,,delete,ProductTypeAttr,true,,applications/product/servicedef/services.xml,product-catalog,catalog-product-team,provisional-repository-inferred
createProdCatalogInvFacility,entity-auto,,create,ProdCatalogInvFacility,true,,applications/product/servicedef/services.xml,product-catalog,catalog-product-team,provisional-repository-inferred
updateProdCatalogInvFacility,entity-auto,,update,ProdCatalogInvFacility,true,,applications/product/servicedef/services.xml,product-catalog,catalog-product-team,provisional-repository-inferred
expireProdCatalogInvFacility,entity-auto,,expire,ProdCatalogInvFacility,true,,applications/product/servicedef/services.xml,product-catalog,catalog-product-team,provisional-repository-inferred
checkProductRelatedPermission,groovy,component://product/src/main/groovy/org/apache/ofbiz/product/product/product/ProductServicesScript.groovy,checkProductRelatedPermissionService,,,,applications/product/servicedef/services.xml,product-catalog,catalog-product-team,provisional-repository-inferred
createConfigOptionProductOption,entity-auto,,create,ConfigOptionProductOption,true,,applications/product/servicedef/services_config.xml,product-catalog,catalog-product-team,provisional-repository-inferred
updateConfigOptionProductOption,entity-auto,,update,ConfigOptionProductOption,true,,applications/product/servicedef/services_config.xml,product-catalog,catalog-product-team,provisional-repository-inferred
deleteConfigOptionProductOption,entity-auto,,delete,ConfigOptionProductOption,true,,applications/product/servicedef/services_config.xml,product-catalog,catalog-product-team,provisional-repository-inferred
createProdConfItemContentType,entity-auto,,create,ProdConfItemContentType,true,,applications/product/servicedef/services_config.xml,product-catalog,catalog-product-team,provisional-repository-inferred
updateProdConfItemContentType,entity-auto,,update,ProdConfItemContentType,true,,applications/product/servicedef/services_config.xml,product-catalog,catalog-product-team,provisional-repository-inferred
deleteProdConfItemContentType,entity-auto,,delete,ProdConfItemContentType,true,,applications/product/servicedef/services_config.xml,product-catalog,catalog-product-team,provisional-repository-inferred
createCostComponent,entity-auto,,create,CostComponent,true,,applications/product/servicedef/services_cost.xml,product-catalog,catalog-product-team,provisional-repository-inferred
updateCostComponent,entity-auto,,update,CostComponent,true,,applications/product/servicedef/services_cost.xml,product-catalog,catalog-product-team,provisional-repository-inferred
deleteCostComponent,entity-auto,,delete,CostComponent,true,,applications/product/servicedef/services_cost.xml,product-catalog,catalog-product-team,provisional-repository-inferred
recreateCostComponent,groovy,component://product/src/main/groovy/org/apache/ofbiz/product/product/cost/CostServices.groovy,recreateCostComponent,CostComponent,true,,applications/product/servicedef/services_cost.xml,product-catalog,catalog-product-team,provisional-repository-inferred
cancelCostComponents,groovy,component://product/src/main/groovy/org/apache/ofbiz/product/product/cost/CostServices.groovy,cancelCostComponents,,true,,applications/product/servicedef/services_cost.xml,product-catalog,catalog-product-team,provisional-repository-inferred
createProductCostComponentCalc,entity-auto,,create,ProductCostComponentCalc,true,,applications/product/servicedef/services_cost.xml,product-catalog,catalog-product-team,provisional-repository-inferred
updateProductCostComponentCalc,entity-auto,,update,ProductCostComponentCalc,true,,applications/product/servicedef/services_cost.xml,product-catalog,catalog-product-team,provisional-repository-inferred
deleteProductCostComponentCalc,entity-auto,,delete,ProductCostComponentCalc,true,,applications/product/servicedef/services_cost.xml,product-catalog,catalog-product-team,provisional-repository-inferred
getProductCost,groovy,component://product/src/main/groovy/org/apache/ofbiz/product/product/cost/CostServices.groovy,getProductCost,,true,,applications/product/servicedef/services_cost.xml,product-catalog,catalog-product-team,provisional-repository-inferred
getTaskCost,groovy,component://product/src/main/groovy/org/apache/ofbiz/product/product/cost/CostServices.groovy,getTaskCost,,true,,applications/product/servicedef/services_cost.xml,product-catalog,catalog-product-team,provisional-repository-inferred
calculateProductCosts,groovy,component://product/src/main/groovy/org/apache/ofbiz/product/product/cost/CostServices.groovy,calculateProductCosts,,true,,applications/product/servicedef/services_cost.xml,product-catalog,catalog-product-team,provisional-repository-inferred
calculateAllProductsCosts,groovy,component://product/src/main/groovy/org/apache/ofbiz/product/product/cost/CostServices.groovy,calculateAllProductsCosts,,true,,applications/product/servicedef/services_cost.xml,product-catalog,catalog-product-team,provisional-repository-inferred
calculateProductAverageCost,groovy,component://product/src/main/groovy/org/apache/ofbiz/product/product/cost/CostServices.groovy,calculateProductAverageCost,,true,,applications/product/servicedef/services_cost.xml,product-catalog,catalog-product-team,provisional-repository-inferred
productCostCalcInterface,interface,,,,,,applications/product/servicedef/services_cost.xml,product-catalog,catalog-product-team,provisional-repository-inferred
productCostPercentageFormula,groovy,component://product/src/main/groovy/org/apache/ofbiz/product/product/cost/CostServices.groovy,productCostPercentageFormula,,true,,applications/product/servicedef/services_cost.xml,product-catalog,catalog-product-team,provisional-repository-inferred
createCostComponentAttribute,entity-auto,,create,CostComponentAttribute,true,,applications/product/servicedef/services_cost.xml,product-catalog,catalog-product-team,provisional-repository-inferred
updateCostComponentAttribute,entity-auto,,update,CostComponentAttribute,true,,applications/product/servicedef/services_cost.xml,product-catalog,catalog-product-team,provisional-repository-inferred
deleteCostComponentAttribute,entity-auto,,delete,CostComponentAttribute,true,,applications/product/servicedef/services_cost.xml,product-catalog,catalog-product-team,provisional-repository-inferred
createCostComponentType,entity-auto,,create,CostComponentType,true,,applications/product/servicedef/services_cost.xml,product-catalog,catalog-product-team,provisional-repository-inferred
updateCostComponentType,entity-auto,,update,CostComponentType,true,,applications/product/servicedef/services_cost.xml,product-catalog,catalog-product-team,provisional-repository-inferred
deleteCostComponentType,entity-auto,,delete,CostComponentType,true,,applications/product/servicedef/services_cost.xml,product-catalog,catalog-product-team,provisional-repository-inferred
createCostComponentTypeAttr,entity-auto,,create,CostComponentTypeAttr,true,,applications/product/servicedef/services_cost.xml,product-catalog,catalog-product-team,provisional-repository-inferred
updateCostComponentTypeAttr,entity-auto,,update,CostComponentTypeAttr,true,,applications/product/servicedef/services_cost.xml,product-catalog,catalog-product-team,provisional-repository-inferred
deleteCostComponentTypeAttr,entity-auto,,delete,CostComponentTypeAttr,true,,applications/product/servicedef/services_cost.xml,product-catalog,catalog-product-team,provisional-repository-inferred
facilityGenericPermission,groovy,component://product/src/main/groovy/org/apache/ofbiz/product/product/inventory/InventoryServicesScript.groovy,facilityGenericPermission,,,,applications/product/servicedef/services_facility.xml,inventory-facility,inventory-product-team,provisional-repository-inferred
checkProductFacilityRelatedPermission,groovy,component://product/src/main/groovy/org/apache/ofbiz/product/product/inventory/InventoryServicesScript.groovy,checkProductFacilityRelatedPermission,,,,applications/product/servicedef/services_facility.xml,inventory-facility,inventory-product-team,provisional-repository-inferred
createInventoryItem,groovy,component://product/src/main/groovy/org/apache/ofbiz/product/product/inventory/InventoryServicesScript.groovy,createInventoryItem,InventoryItem,true,,applications/product/servicedef/services_facility.xml,inventory-facility,inventory-product-team,provisional-repository-inferred
createInventoryItemCheckSetAtpQoh,simple,component://product/minilang/product/inventory/InventoryServices.xml,createInventoryItemCheckSetAtpQoh,,false,,applications/product/servicedef/services_facility.xml,inventory-facility,inventory-product-team,provisional-repository-inferred
updateInventoryItem,simple,component://product/minilang/product/inventory/InventoryServices.xml,updateInventoryItem,InventoryItem,true,,applications/product/servicedef/services_facility.xml,inventory-facility,inventory-product-team,provisional-repository-inferred
changeOwnerUponIssuance,simple,component://product/minilang/product/inventory/InventoryServices.xml,changeOwnerUponIssuance,,true,,applications/product/servicedef/services_facility.xml,inventory-facility,inventory-product-team,provisional-repository-inferred
createInventoryItemStatus,simple,component://product/minilang/product/inventory/InventoryServices.xml,createInventoryItemStatus,InventoryItemStatus,,,applications/product/servicedef/services_facility.xml,inventory-facility,inventory-product-team,provisional-repository-inferred
checkProductInventoryDiscontinuation,simple,component://product/minilang/product/inventory/InventoryServices.xml,checkProductInventoryDiscontinuation,,false,,applications/product/servicedef/services_facility.xml,inventory-facility,inventory-product-team,provisional-repository-inferred
createInventoryItemDetail,simple,component://product/minilang/product/inventory/InventoryServices.xml,createInventoryItemDetail,InventoryItemDetail,true,,applications/product/servicedef/services_facility.xml,inventory-facility,inventory-product-team,provisional-repository-inferred
updateInventoryItemFromDetail,simple,component://product/minilang/product/inventory/InventoryServices.xml,updateInventoryItemFromDetail,InventoryItemDetail,false,,applications/product/servicedef/services_facility.xml,inventory-facility,inventory-product-team,provisional-repository-inferred
updateSerializedInventoryTotals,simple,component://product/minilang/product/inventory/InventoryServices.xml,updateSerializedInventoryTotals,InventoryItem,false,,applications/product/servicedef/services_facility.xml,inventory-facility,inventory-product-team,provisional-repository-inferred
createInventoryItemVariance,simple,component://product/minilang/product/inventory/InventoryServices.xml,createInventoryItemVariance,InventoryItemVariance,true,,applications/product/servicedef/services_facility.xml,inventory-facility,inventory-product-team,provisional-repository-inferred
createPhysicalInventory,entity-auto,,create,PhysicalInventory,true,,applications/product/servicedef/services_facility.xml,inventory-facility,inventory-product-team,provisional-repository-inferred
createPhysicalInventoryAndVariance,simple,component://product/minilang/product/inventory/InventoryServices.xml,createPhysicalInventoryAndVariance,,true,,applications/product/servicedef/services_facility.xml,inventory-facility,inventory-product-team,provisional-repository-inferred
getMktgPackagesAvailable,simple,component://product/minilang/product/inventory/InventoryServices.xml,getMktgPackagesAvailable,,false,,applications/product/servicedef/services_facility.xml,inventory-facility,inventory-product-team,provisional-repository-inferred
getProductInventoryAvailable,simple,component://product/minilang/product/inventory/InventoryServices.xml,getProductInventoryAvailable,,false,,applications/product/servicedef/services_facility.xml,inventory-facility,inventory-product-team,provisional-repository-inferred
getInventoryAvailableByFacility,simple,component://product/minilang/product/inventory/InventoryServices.xml,getProductInventoryAvailable,,false,,applications/product/servicedef/services_facility.xml,inventory-facility,inventory-product-team,provisional-repository-inferred
getInventoryAvailableByLocation,simple,component://product/minilang/product/inventory/InventoryServices.xml,getProductInventoryAvailable,,false,,applications/product/servicedef/services_facility.xml,inventory-facility,inventory-product-team,provisional-repository-inferred
getInventoryAvailableByContainer,simple,component://product/minilang/product/inventory/InventoryServices.xml,getProductInventoryAvailable,,false,,applications/product/servicedef/services_facility.xml,inventory-facility,inventory-product-team,provisional-repository-inferred
getInventoryAvailableByItem,simple,component://product/minilang/product/inventory/InventoryServices.xml,getProductInventoryAvailable,,false,,applications/product/servicedef/services_facility.xml,inventory-facility,inventory-product-team,provisional-repository-inferred
getProductInventoryAvailableFromAssocProducts,java,org.apache.ofbiz.product.inventory.InventoryServices,getProductInventoryAvailableFromAssocProducts,,false,,applications/product/servicedef/services_facility.xml,inventory-facility,inventory-product-team,provisional-repository-inferred
getProductInventoryAvailableBySupplier,simple,component://product/minilang/product/inventory/InventoryServices.xml,getProductInventoryAvailable,,false,,applications/product/servicedef/services_facility.xml,inventory-facility,inventory-product-team,provisional-repository-inferred
countProductInventoryOnHand,simple,component://product/minilang/product/inventory/InventoryServices.xml,countProductInventoryOnHand,,true,,applications/product/servicedef/services_facility.xml,inventory-facility,inventory-product-team,provisional-repository-inferred
countProductInventoryShippedForSales,simple,component://product/minilang/product/inventory/InventoryServices.xml,countProductInventoryShippedForSales,,true,,applications/product/servicedef/services_facility.xml,inventory-facility,inventory-product-team,provisional-repository-inferred
getProductInventorySummaryForItems,java,org.apache.ofbiz.product.inventory.InventoryServices,getProductInventorySummaryForItems,,false,,applications/product/servicedef/services_facility.xml,inventory-facility,inventory-product-team,provisional-repository-inferred
getProductInventoryAndFacilitySummary,java,org.apache.ofbiz.product.inventory.InventoryServices,getProductInventoryAndFacilitySummary,,false,,applications/product/servicedef/services_facility.xml,inventory-facility,inventory-product-team,provisional-repository-inferred
checkInventoryAvailability,java,org.apache.ofbiz.product.inventory.InventoryServices,checkInventoryAvailability,,,,applications/product/servicedef/services_facility.xml,inventory-facility,inventory-product-team,provisional-repository-inferred
balanceInventoryItems,simple,component://product/minilang/product/inventory/InventoryServices.xml,balanceInventoryItems,,true,,applications/product/servicedef/services_facility.xml,inventory-facility,inventory-product-team,provisional-repository-inferred
reassignInventoryReservations,simple,component://product/minilang/product/inventory/InventoryServices.xml,reassignInventoryReservations,,true,,applications/product/servicedef/services_facility.xml,inventory-facility,inventory-product-team,provisional-repository-inferred
reassignInventoryReservationsByAllocationPlan,simple,component://product/minilang/product/inventory/InventoryServices.xml,reassignInventoryReservationsByAllocationPlan,,true,,applications/product/servicedef/services_facility.xml,inventory-facility,inventory-product-team,provisional-repository-inferred
balanceOrderItemsWithNegativeReservations,simple,component://product/minilang/product/inventory/InventoryServices.xml,balanceOrderItemsWithNegativeReservations,,,,applications/product/servicedef/services_facility.xml,inventory-facility,inventory-product-team,provisional-repository-inferred
reserveAnInventoryItem,simple,component://product/minilang/product/inventory/InventoryReserveServices.xml,reserveAnInventoryItem,,true,,applications/product/servicedef/services_facility.xml,inventory-facility,inventory-product-team,provisional-repository-inferred
reserveProductInventory,simple,component://product/minilang/product/inventory/InventoryReserveServices.xml,reserveProductInventory,,true,,applications/product/servicedef/services_facility.xml,inventory-facility,inventory-product-team,provisional-repository-inferred
reserveProductInventoryByFacility,simple,component://product/minilang/product/inventory/InventoryReserveServices.xml,reserveProductInventory,,true,,applications/product/servicedef/services_facility.xml,inventory-facility,inventory-product-team,provisional-repository-inferred
reserveProductInventoryByContainer,simple,component://product/minilang/product/inventory/InventoryReserveServices.xml,reserveProductInventory,,true,,applications/product/servicedef/services_facility.xml,inventory-facility,inventory-product-team,provisional-repository-inferred
reserveOrderItemInventory,simple,component://product/minilang/product/inventory/InventoryReserveServices.xml,reserveOrderItemInventory,,true,,applications/product/servicedef/services_facility.xml,inventory-facility,inventory-product-team,provisional-repository-inferred
cancelOrderInventoryReservation,simple,component://product/minilang/product/inventory/InventoryReserveServices.xml,cancelOrderInventoryReservation,,true,,applications/product/servicedef/services_facility.xml,inventory-facility,inventory-product-team,provisional-repository-inferred
cancelOrderItemInvResQty,simple,component://product/minilang/product/inventory/InventoryReserveServices.xml,cancelOrderItemInvResQty,,true,,applications/product/servicedef/services_facility.xml,inventory-facility,inventory-product-team,provisional-repository-inferred
cancelOrderItemShipGrpInvRes,simple,component://product/minilang/product/inventory/InventoryReserveServices.xml,cancelOrderItemShipGrpInvRes,,true,,applications/product/servicedef/services_facility.xml,inventory-facility,inventory-product-team,provisional-repository-inferred
interfaceInventoryTransfer,interface,,,,,,applications/product/servicedef/services_facility.xml,inventory-facility,inventory-product-team,provisional-repository-inferred
createInventoryTransfer,simple,component://product/minilang/product/inventory/InventoryServices.xml,createInventoryTransfer,,true,,applications/product/servicedef/services_facility.xml,inventory-facility,inventory-product-team,provisional-repository-inferred
updateInventoryTransfer,simple,component://product/minilang/product/inventory/InventoryServices.xml,updateInventoryTransfer,,true,,applications/product/servicedef/services_facility.xml,inventory-facility,inventory-product-team,provisional-repository-inferred
prepareInventoryTransfer,java,org.apache.ofbiz.product.inventory.InventoryServices,prepareInventoryTransfer,,,,applications/product/servicedef/services_facility.xml,inventory-facility,inventory-product-team,provisional-repository-inferred
completeInventoryTransfer,java,org.apache.ofbiz.product.inventory.InventoryServices,completeInventoryTransfer,,,,applications/product/servicedef/services_facility.xml,inventory-facility,inventory-product-team,provisional-repository-inferred
cancelInventoryTransfer,java,org.apache.ofbiz.product.inventory.InventoryServices,cancelInventoryTransfer,,,,applications/product/servicedef/services_facility.xml,inventory-facility,inventory-product-team,provisional-repository-inferred
createInventoryTransfersForProduct,simple,component://product/minilang/product/inventory/InventoryServices.xml,createInventoryTransfersForProduct,,true,,applications/product/servicedef/services_facility.xml,inventory-facility,inventory-product-team,provisional-repository-inferred
issueImmediatelyFulfilledOrder,groovy,component://product/src/main/groovy/org/apache/ofbiz/product/product/inventory/InventoryIssueServices.groovy,issueImmediatelyFulfilledOrder,,false,,applications/product/servicedef/services_facility.xml,inventory-facility,inventory-product-team,provisional-repository-inferred
issueImmediatelyFulfilledOrderItem,groovy,component://product/src/main/groovy/org/apache/ofbiz/product/product/inventory/InventoryIssueServices.groovy,issueImmediatelyFulfilledOrderItem,,false,,applications/product/servicedef/services_facility.xml,inventory-facility,inventory-product-team,provisional-repository-inferred
createProductFacility,entity-auto,,create,ProductFacility,true,,applications/product/servicedef/services_facility.xml,inventory-facility,inventory-product-team,provisional-repository-inferred
updateProductFacility,entity-auto,,update,ProductFacility,true,,applications/product/servicedef/services_facility.xml,inventory-facility,inventory-product-team,provisional-repository-inferred
deleteProductFacility,entity-auto,,delete,ProductFacility,true,,applications/product/servicedef/services_facility.xml,inventory-facility,inventory-product-team,provisional-repository-inferred
createProductFacilityLocation,entity-auto,,create,ProductFacilityLocation,true,,applications/product/servicedef/services_facility.xml,inventory-facility,inventory-product-team,provisional-repository-inferred
updateProductFacilityLocation,entity-auto,,update,ProductFacilityLocation,true,,applications/product/servicedef/services_facility.xml,inventory-facility,inventory-product-team,provisional-repository-inferred
deleteProductFacilityLocation,entity-auto,,delete,ProductFacilityLocation,true,,applications/product/servicedef/services_facility.xml,inventory-facility,inventory-product-team,provisional-repository-inferred
createFacility,entity-auto,,create,Facility,true,,applications/product/servicedef/services_facility.xml,inventory-facility,inventory-product-team,provisional-repository-inferred
updateFacility,entity-auto,,update,Facility,true,,applications/product/servicedef/services_facility.xml,inventory-facility,inventory-product-team,provisional-repository-inferred
deleteFacility,entity-auto,,delete,Facility,true,,applications/product/servicedef/services_facility.xml,inventory-facility,inventory-product-team,provisional-repository-inferred
createFacilityAttribute,entity-auto,,create,FacilityAttribute,true,,applications/product/servicedef/services_facility.xml,inventory-facility,inventory-product-team,provisional-repository-inferred
updateFacilityAttribute,entity-auto,,update,FacilityAttribute,true,,applications/product/servicedef/services_facility.xml,inventory-facility,inventory-product-team,provisional-repository-inferred
deleteFacilityAttribute,entity-auto,,delete,FacilityAttribute,true,,applications/product/servicedef/services_facility.xml,inventory-facility,inventory-product-team,provisional-repository-inferred
createFacilityLocation,groovy,component://product/src/main/groovy/org/apache/ofbiz/product/facility/storage/StorageServices.groovy,createFacilityLocation,FacilityLocation,true,,applications/product/servicedef/services_facility.xml,inventory-facility,inventory-product-team,provisional-repository-inferred
updateFacilityLocation,entity-auto,,update,FacilityLocation,true,,applications/product/servicedef/services_facility.xml,inventory-facility,inventory-product-team,provisional-repository-inferred
deleteFacilityLocation,entity-auto,,delete,FacilityLocation,true,,applications/product/servicedef/services_facility.xml,inventory-facility,inventory-product-team,provisional-repository-inferred
createFacilityGroup,entity-auto,,create,FacilityGroup,true,,applications/product/servicedef/services_facility.xml,inventory-facility,inventory-product-team,provisional-repository-inferred
updateFacilityGroup,entity-auto,,update,FacilityGroup,true,,applications/product/servicedef/services_facility.xml,inventory-facility,inventory-product-team,provisional-repository-inferred
deleteFacilityGroup,entity-auto,,delete,FacilityGroup,true,,applications/product/servicedef/services_facility.xml,inventory-facility,inventory-product-team,provisional-repository-inferred
createFacilityContactMech,simple,component://product/minilang/product/storage/FacilityContactMechServices.xml,createFacilityContactMech,,true,,applications/product/servicedef/services_facility.xml,inventory-facility,inventory-product-team,provisional-repository-inferred
updateFacilityContactMech,simple,component://product/minilang/product/storage/FacilityContactMechServices.xml,updateFacilityContactMech,,true,,applications/product/servicedef/services_facility.xml,inventory-facility,inventory-product-team,provisional-repository-inferred
deleteFacilityContactMech,simple,component://product/minilang/product/storage/FacilityContactMechServices.xml,deleteFacilityContactMech,,true,,applications/product/servicedef/services_facility.xml,inventory-facility,inventory-product-team,provisional-repository-inferred
createFacilityPostalAddress,simple,component://product/minilang/product/storage/FacilityContactMechServices.xml,createFacilityPostalAddress,,true,,applications/product/servicedef/services_facility.xml,inventory-facility,inventory-product-team,provisional-repository-inferred
updateFacilityPostalAddress,simple,component://product/minilang/product/storage/FacilityContactMechServices.xml,updateFacilityPostalAddress,,true,,applications/product/servicedef/services_facility.xml,inventory-facility,inventory-product-team,provisional-repository-inferred
createFacilityTelecomNumber,simple,component://product/minilang/product/storage/FacilityContactMechServices.xml,createFacilityTelecomNumber,,true,,applications/product/servicedef/services_facility.xml,inventory-facility,inventory-product-team,provisional-repository-inferred
updateFacilityTelecomNumber,simple,component://product/minilang/product/storage/FacilityContactMechServices.xml,updateFacilityTelecomNumber,,true,,applications/product/servicedef/services_facility.xml,inventory-facility,inventory-product-team,provisional-repository-inferred
createFacilityEmailAddress,simple,component://product/minilang/product/storage/FacilityContactMechServices.xml,createFacilityEmailAddress,,true,,applications/product/servicedef/services_facility.xml,inventory-facility,inventory-product-team,provisional-repository-inferred
updateFacilityEmailAddress,simple,component://product/minilang/product/storage/FacilityContactMechServices.xml,updateFacilityEmailAddress,,true,,applications/product/servicedef/services_facility.xml,inventory-facility,inventory-product-team,provisional-repository-inferred
createFacilityContactMechPurpose,simple,component://product/minilang/product/storage/FacilityContactMechServices.xml,createFacilityContactMechPurpose,,,,applications/product/servicedef/services_facility.xml,inventory-facility,inventory-product-team,provisional-repository-inferred
deleteFacilityContactMechPurpose,simple,component://product/minilang/product/storage/FacilityContactMechServices.xml,deleteFacilityContactMechPurpose,,,,applications/product/servicedef/services_facility.xml,inventory-facility,inventory-product-team,provisional-repository-inferred
addContactMechToFacility,entity-auto,,create,FacilityContactMech,true,,applications/product/servicedef/services_facility.xml,inventory-facility,inventory-product-team,provisional-repository-inferred
removeContactMechFromFacility,entity-auto,,delete,FacilityContactMech,true,,applications/product/servicedef/services_facility.xml,inventory-facility,inventory-product-team,provisional-repository-inferred
addFacilityToGroup,entity-auto,,create,FacilityGroupMember,true,,applications/product/servicedef/services_facility.xml,inventory-facility,inventory-product-team,provisional-repository-inferred
updateFacilityToGroup,entity-auto,,update,FacilityGroupMember,true,,applications/product/servicedef/services_facility.xml,inventory-facility,inventory-product-team,provisional-repository-inferred
removeFacilityFromGroup,entity-auto,,delete,FacilityGroupMember,true,,applications/product/servicedef/services_facility.xml,inventory-facility,inventory-product-team,provisional-repository-inferred
addFacilityGroupToGroup,entity-auto,,create,FacilityGroupRollup,true,,applications/product/servicedef/services_facility.xml,inventory-facility,inventory-product-team,provisional-repository-inferred
updateFacilityGroupToGroup,entity-auto,,update,FacilityGroupRollup,true,,applications/product/servicedef/services_facility.xml,inventory-facility,inventory-product-team,provisional-repository-inferred
removeFacilityGroupFromGroup,entity-auto,,delete,FacilityGroupRollup,true,,applications/product/servicedef/services_facility.xml,inventory-facility,inventory-product-team,provisional-repository-inferred
addPartyToFacility,entity-auto,,create,FacilityParty,true,,applications/product/servicedef/services_facility.xml,inventory-facility,inventory-product-team,provisional-repository-inferred
updateFacilityParty,entity-auto,,update,FacilityParty,true,,applications/product/servicedef/services_facility.xml,inventory-facility,inventory-product-team,provisional-repository-inferred
removePartyFromFacility,entity-auto,,expire,FacilityParty,true,,applications/product/servicedef/services_facility.xml,inventory-facility,inventory-product-team,provisional-repository-inferred
addPartyToFacilityGroup,entity-auto,,create,FacilityGroupRole,true,,applications/product/servicedef/services_facility.xml,inventory-facility,inventory-product-team,provisional-repository-inferred
removePartyFromFacilityGroup,entity-auto,,delete,FacilityGroupRole,true,,applications/product/servicedef/services_facility.xml,inventory-facility,inventory-product-team,provisional-repository-inferred
createFacilityContent,entity-auto,,create,FacilityContent,true,,applications/product/servicedef/services_facility.xml,inventory-facility,inventory-product-team,provisional-repository-inferred
deleteFacilityContent,entity-auto,,expire,FacilityContent,true,,applications/product/servicedef/services_facility.xml,inventory-facility,inventory-product-team,provisional-repository-inferred
findStockMovesNeeded,simple,component://product/minilang/product/inventory/StockMoveServices.xml,findStockMovesNeeded,,,,applications/product/servicedef/services_facility.xml,inventory-facility,inventory-product-team,provisional-repository-inferred
findStockMovesRecommended,simple,component://product/minilang/product/inventory/StockMoveServices.xml,findStockMovesRecommended,,,,applications/product/servicedef/services_facility.xml,inventory-facility,inventory-product-team,provisional-repository-inferred
processPhysicalStockMove,simple,component://product/minilang/product/inventory/StockMoveServices.xml,processPhysicalStockMove,,,,applications/product/servicedef/services_facility.xml,inventory-facility,inventory-product-team,provisional-repository-inferred
createInventoryItemLabelType,entity-auto,,create,InventoryItemLabelType,true,,applications/product/servicedef/services_facility.xml,inventory-facility,inventory-product-team,provisional-repository-inferred
updateInventoryItemLabelType,entity-auto,,update,InventoryItemLabelType,true,,applications/product/servicedef/services_facility.xml,inventory-facility,inventory-product-team,provisional-repository-inferred
deleteInventoryItemLabelType,entity-auto,,delete,InventoryItemLabelType,true,,applications/product/servicedef/services_facility.xml,inventory-facility,inventory-product-team,provisional-repository-inferred
createInventoryItemLabel,entity-auto,,create,InventoryItemLabel,true,,applications/product/servicedef/services_facility.xml,inventory-facility,inventory-product-team,provisional-repository-inferred
updateInventoryItemLabel,entity-auto,,update,InventoryItemLabel,true,,applications/product/servicedef/services_facility.xml,inventory-facility,inventory-product-team,provisional-repository-inferred
deleteInventoryItemLabel,entity-auto,,delete,InventoryItemLabel,true,,applications/product/servicedef/services_facility.xml,inventory-facility,inventory-product-team,provisional-repository-inferred
createInventoryItemLabelAppl,simple,component://product/minilang/product/inventory/InventoryServices.xml,createInventoryItemLabelAppl,InventoryItemLabelAppl,true,,applications/product/servicedef/services_facility.xml,inventory-facility,inventory-product-team,provisional-repository-inferred
updateInventoryItemLabelAppl,entity-auto,,update,InventoryItemLabelAppl,true,,applications/product/servicedef/services_facility.xml,inventory-facility,inventory-product-team,provisional-repository-inferred
deleteInventoryItemLabelAppl,entity-auto,,delete,InventoryItemLabelAppl,true,,applications/product/servicedef/services_facility.xml,inventory-facility,inventory-product-team,provisional-repository-inferred
setOrderReservationPriority,simple,component://product/minilang/product/inventory/InventoryServices.xml,setOrderReservationPriority,,true,,applications/product/servicedef/services_facility.xml,inventory-facility,inventory-product-team,provisional-repository-inferred
findProductInventorylocations,simple,component://product/minilang/product/inventory/StockMoveServices.xml,findProductInventorylocations,,,,applications/product/servicedef/services_facility.xml,inventory-facility,inventory-product-team,provisional-repository-inferred
setLastInventoryCount,simple,component://product/minilang/product/inventory/InventoryServices.xml,setLastInventoryCount,,,,applications/product/servicedef/services_facility.xml,inventory-facility,inventory-product-team,provisional-repository-inferred
createUpdateFacilityGeoPoint,groovy,component://product/src/main/groovy/org/apache/ofbiz/product/facility/facility/FacilityGeoServices.groovy,createUpdateFacilityGeoPoint,GeoPoint,,,applications/product/servicedef/services_facility.xml,inventory-facility,inventory-product-team,provisional-repository-inferred
createContainer,entity-auto,,create,Container,true,,applications/product/servicedef/services_facility.xml,inventory-facility,inventory-product-team,provisional-repository-inferred
updateContainer,entity-auto,,update,Container,true,,applications/product/servicedef/services_facility.xml,inventory-facility,inventory-product-team,provisional-repository-inferred
deleteContainer,entity-auto,,delete,Container,true,,applications/product/servicedef/services_facility.xml,inventory-facility,inventory-product-team,provisional-repository-inferred
createContainerType,entity-auto,,create,ContainerType,true,,applications/product/servicedef/services_facility.xml,inventory-facility,inventory-product-team,provisional-repository-inferred
updateContainerType,entity-auto,,update,ContainerType,true,,applications/product/servicedef/services_facility.xml,inventory-facility,inventory-product-team,provisional-repository-inferred
deleteContainerType,entity-auto,,delete,ContainerType,true,,applications/product/servicedef/services_facility.xml,inventory-facility,inventory-product-team,provisional-repository-inferred
createFacilityGroupType,entity-auto,,create,FacilityGroupType,true,,applications/product/servicedef/services_facility.xml,inventory-facility,inventory-product-team,provisional-repository-inferred
updateFacilityGroupType,entity-auto,,update,FacilityGroupType,true,,applications/product/servicedef/services_facility.xml,inventory-facility,inventory-product-team,provisional-repository-inferred
deleteFacilityGroupType,entity-auto,,delete,FacilityGroupType,true,,applications/product/servicedef/services_facility.xml,inventory-facility,inventory-product-team,provisional-repository-inferred
createFacilityTypeAttr,entity-auto,,create,FacilityTypeAttr,true,,applications/product/servicedef/services_facility.xml,inventory-facility,inventory-product-team,provisional-repository-inferred
updateFacilityTypeAttr,entity-auto,,update,FacilityTypeAttr,true,,applications/product/servicedef/services_facility.xml,inventory-facility,inventory-product-team,provisional-repository-inferred
removeFacilityTypeAttr,entity-auto,,delete,FacilityTypeAttr,true,,applications/product/servicedef/services_facility.xml,inventory-facility,inventory-product-team,provisional-repository-inferred
createFacilityType,entity-auto,,create,FacilityType,true,,applications/product/servicedef/services_facility.xml,inventory-facility,inventory-product-team,provisional-repository-inferred
updateFacilityType,entity-auto,,update,FacilityType,true,,applications/product/servicedef/services_facility.xml,inventory-facility,inventory-product-team,provisional-repository-inferred
deleteFacilityType,entity-auto,,delete,FacilityType,true,,applications/product/servicedef/services_facility.xml,inventory-facility,inventory-product-team,provisional-repository-inferred
createFacilityCarrierShipment,entity-auto,,create,FacilityCarrierShipment,true,,applications/product/servicedef/services_facility.xml,inventory-facility,inventory-product-team,provisional-repository-inferred
deleteFacilityCarrierShipment,entity-auto,,delete,FacilityCarrierShipment,true,,applications/product/servicedef/services_facility.xml,inventory-facility,inventory-product-team,provisional-repository-inferred
createFacilityLocationGeoPoint,entity-auto,,create,FacilityLocationGeoPoint,true,,applications/product/servicedef/services_facility.xml,inventory-facility,inventory-product-team,provisional-repository-inferred
updateFacilityLocationGeoPoint,entity-auto,,update,FacilityLocationGeoPoint,true,,applications/product/servicedef/services_facility.xml,inventory-facility,inventory-product-team,provisional-repository-inferred
expireFacilityLocationGeoPoint,entity-auto,,expire,FacilityLocationGeoPoint,true,,applications/product/servicedef/services_facility.xml,inventory-facility,inventory-product-team,provisional-repository-inferred
deleteFacilityLocationGeoPoint,entity-auto,,delete,FacilityLocationGeoPoint,true,,applications/product/servicedef/services_facility.xml,inventory-facility,inventory-product-team,provisional-repository-inferred
createInventoryItemType,entity-auto,,create,InventoryItemType,true,,applications/product/servicedef/services_facility.xml,inventory-facility,inventory-product-team,provisional-repository-inferred
updateInventoryItemType,entity-auto,,update,InventoryItemType,true,,applications/product/servicedef/services_facility.xml,inventory-facility,inventory-product-team,provisional-repository-inferred
deleteInventoryItemType,entity-auto,,delete,InventoryItemType,true,,applications/product/servicedef/services_facility.xml,inventory-facility,inventory-product-team,provisional-repository-inferred
createProductFeatureCategory,entity-auto,,create,ProductFeatureCategory,true,,applications/product/servicedef/services_feature.xml,product-catalog,catalog-product-team,provisional-repository-inferred
updateProductFeatureCategory,entity-auto,,update,ProductFeatureCategory,true,,applications/product/servicedef/services_feature.xml,product-catalog,catalog-product-team,provisional-repository-inferred
createProductFeature,entity-auto,,create,ProductFeature,true,,applications/product/servicedef/services_feature.xml,product-catalog,catalog-product-team,provisional-repository-inferred
updateProductFeature,entity-auto,,update,ProductFeature,true,,applications/product/servicedef/services_feature.xml,product-catalog,catalog-product-team,provisional-repository-inferred
applyFeatureToProduct,entity-auto,,create,ProductFeatureAppl,true,,applications/product/servicedef/services_feature.xml,product-catalog,catalog-product-team,provisional-repository-inferred
updateFeatureToProductApplication,entity-auto,,update,ProductFeatureAppl,true,,applications/product/servicedef/services_feature.xml,product-catalog,catalog-product-team,provisional-repository-inferred
removeFeatureFromProduct,entity-auto,,delete,ProductFeatureAppl,true,,applications/product/servicedef/services_feature.xml,product-catalog,catalog-product-team,provisional-repository-inferred
applyFeatureToProductFromTypeAndCode,groovy,component://product/src/main/groovy/org/apache/ofbiz/product/product/feature/ProductFeatureServicesScript.groovy,applyFeatureToProductFromTypeAndCode,,true,,applications/product/servicedef/services_feature.xml,product-catalog,catalog-product-team,provisional-repository-inferred
createProductFeatureCategoryAppl,entity-auto,,create,ProductFeatureCategoryAppl,true,,applications/product/servicedef/services_feature.xml,product-catalog,catalog-product-team,provisional-repository-inferred
updateProductFeatureCategoryAppl,entity-auto,,update,ProductFeatureCategoryAppl,true,,applications/product/servicedef/services_feature.xml,product-catalog,catalog-product-team,provisional-repository-inferred
removeProductFeatureCategoryAppl,entity-auto,,delete,ProductFeatureCategoryAppl,true,,applications/product/servicedef/services_feature.xml,product-catalog,catalog-product-team,provisional-repository-inferred
createProductFeatureCatGrpAppl,entity-auto,,create,ProductFeatureCatGrpAppl,true,,applications/product/servicedef/services_feature.xml,product-catalog,catalog-product-team,provisional-repository-inferred
updateProductFeatureCatGrpAppl,entity-auto,,update,ProductFeatureCatGrpAppl,true,,applications/product/servicedef/services_feature.xml,product-catalog,catalog-product-team,provisional-repository-inferred
removeProductFeatureCatGrpAppl,entity-auto,,delete,ProductFeatureCatGrpAppl,true,,applications/product/servicedef/services_feature.xml,product-catalog,catalog-product-team,provisional-repository-inferred
createProductFeatureGroup,entity-auto,,create,ProductFeatureGroup,true,,applications/product/servicedef/services_feature.xml,product-catalog,catalog-product-team,provisional-repository-inferred
updateProductFeatureGroup,entity-auto,,update,ProductFeatureGroup,true,,applications/product/servicedef/services_feature.xml,product-catalog,catalog-product-team,provisional-repository-inferred
createProductFeatureGroupAppl,entity-auto,,create,ProductFeatureGroupAppl,true,,applications/product/servicedef/services_feature.xml,product-catalog,catalog-product-team,provisional-repository-inferred
updateProductFeatureGroupAppl,entity-auto,,update,ProductFeatureGroupAppl,true,,applications/product/servicedef/services_feature.xml,product-catalog,catalog-product-team,provisional-repository-inferred
removeProductFeatureGroupAppl,entity-auto,,delete,ProductFeatureGroupAppl,true,,applications/product/servicedef/services_feature.xml,product-catalog,catalog-product-team,provisional-repository-inferred
createProductFeatureIactn,entity-auto,,create,ProductFeatureIactn,true,,applications/product/servicedef/services_feature.xml,product-catalog,catalog-product-team,provisional-repository-inferred
removeProductFeatureIactn,entity-auto,,delete,ProductFeatureIactn,true,,applications/product/servicedef/services_feature.xml,product-catalog,catalog-product-team,provisional-repository-inferred
createProductFeatureType,groovy,component://product/src/main/groovy/org/apache/ofbiz/product/product/feature/ProductFeatureServicesScript.groovy,createProductFeatureType,ProductFeatureType,true,,applications/product/servicedef/services_feature.xml,product-catalog,catalog-product-team,provisional-repository-inferred
updateProductFeatureType,entity-auto,,update,ProductFeatureType,true,,applications/product/servicedef/services_feature.xml,product-catalog,catalog-product-team,provisional-repository-inferred
removeProductFeatureType,entity-auto,,delete,ProductFeatureType,true,,applications/product/servicedef/services_feature.xml,product-catalog,catalog-product-team,provisional-repository-inferred
createProductFeatureApplAttr,groovy,component://product/src/main/groovy/org/apache/ofbiz/product/product/feature/ProductFeatureServicesScript.groovy,createProductFeatureApplAttr,ProductFeatureApplAttr,true,,applications/product/servicedef/services_feature.xml,product-catalog,catalog-product-team,provisional-repository-inferred
updateProductFeatureApplAttr,entity-auto,,update,ProductFeatureApplAttr,true,,applications/product/servicedef/services_feature.xml,product-catalog,catalog-product-team,provisional-repository-inferred
removeProductFeatureApplAttr,entity-auto,,delete,ProductFeatureApplAttr,true,,applications/product/servicedef/services_feature.xml,product-catalog,catalog-product-team,provisional-repository-inferred
createFeaturePrice,entity-auto,,create,ProductFeaturePrice,true,,applications/product/servicedef/services_feature.xml,product-catalog,catalog-product-team,provisional-repository-inferred
updateFeaturePrice,entity-auto,,update,ProductFeaturePrice,true,,applications/product/servicedef/services_feature.xml,product-catalog,catalog-product-team,provisional-repository-inferred
deleteFeaturePrice,entity-auto,,delete,ProductFeaturePrice,true,,applications/product/servicedef/services_feature.xml,product-catalog,catalog-product-team,provisional-repository-inferred
createProductFeatureApplType,entity-auto,,create,ProductFeatureApplType,true,,applications/product/servicedef/services_feature.xml,product-catalog,catalog-product-team,provisional-repository-inferred
updateProductFeatureApplType,entity-auto,,update,ProductFeatureApplType,true,,applications/product/servicedef/services_feature.xml,product-catalog,catalog-product-team,provisional-repository-inferred
deleteProductFeatureApplType,entity-auto,,delete,ProductFeatureApplType,true,,applications/product/servicedef/services_feature.xml,product-catalog,catalog-product-team,provisional-repository-inferred
createProductFeatureIactnType,entity-auto,,create,ProductFeatureIactnType,true,,applications/product/servicedef/services_feature.xml,product-catalog,catalog-product-team,provisional-repository-inferred
updateProductFeatureIactnType,entity-auto,,update,ProductFeatureIactnType,true,,applications/product/servicedef/services_feature.xml,product-catalog,catalog-product-team,provisional-repository-inferred
deleteProductFeatureIactnType,entity-auto,,delete,ProductFeatureIactnType,true,,applications/product/servicedef/services_feature.xml,product-catalog,catalog-product-team,provisional-repository-inferred
createInventoryItemTempRes,entity-auto,,create,InventoryItemTempRes,true,,applications/product/servicedef/services_inventory.xml,inventory-facility,inventory-product-team,provisional-repository-inferred
updateInventoryItemTempRes,entity-auto,,update,InventoryItemTempRes,true,,applications/product/servicedef/services_inventory.xml,inventory-facility,inventory-product-team,provisional-repository-inferred
deleteInventoryItemTempRes,entity-auto,,delete,InventoryItemTempRes,true,,applications/product/servicedef/services_inventory.xml,inventory-facility,inventory-product-team,provisional-repository-inferred
createInventoryItemAttribute,entity-auto,,create,InventoryItemAttribute,true,,applications/product/servicedef/services_inventory.xml,inventory-facility,inventory-product-team,provisional-repository-inferred
updateInventoryItemAttribute,entity-auto,,update,InventoryItemAttribute,true,,applications/product/servicedef/services_inventory.xml,inventory-facility,inventory-product-team,provisional-repository-inferred
deleteInventoryItemAttribute,entity-auto,,delete,InventoryItemAttribute,true,,applications/product/servicedef/services_inventory.xml,inventory-facility,inventory-product-team,provisional-repository-inferred
createInventoryItemTypeAttr,entity-auto,,create,InventoryItemTypeAttr,true,,applications/product/servicedef/services_inventory.xml,inventory-facility,inventory-product-team,provisional-repository-inferred
updateInventoryItemTypeAttr,entity-auto,,update,InventoryItemTypeAttr,true,,applications/product/servicedef/services_inventory.xml,inventory-facility,inventory-product-team,provisional-repository-inferred
deleteInventoryItemTypeAttr,entity-auto,,delete,InventoryItemTypeAttr,true,,applications/product/servicedef/services_inventory.xml,inventory-facility,inventory-product-team,provisional-repository-inferred
createLot,entity-auto,,create,Lot,true,,applications/product/servicedef/services_inventory.xml,inventory-facility,inventory-product-team,provisional-repository-inferred
updateLot,entity-auto,,update,Lot,true,,applications/product/servicedef/services_inventory.xml,inventory-facility,inventory-product-team,provisional-repository-inferred
deleteLot,entity-auto,,delete,Lot,true,,applications/product/servicedef/services_inventory.xml,inventory-facility,inventory-product-team,provisional-repository-inferred
copyCategoryProductMembers,groovy,component://product/src/main/groovy/org/apache/ofbiz/product/product/category/CategoryServicesScript.groovy,copyCategoryProductMembers,,true,,applications/product/servicedef/services_maint.xml,product-catalog,catalog-product-team,provisional-repository-inferred
expireAllCategoryProductMembers,groovy,component://product/src/main/groovy/org/apache/ofbiz/product/product/category/CategoryServicesScript.groovy,expireAllCategoryProductMembers,,true,,applications/product/servicedef/services_maint.xml,product-catalog,catalog-product-team,provisional-repository-inferred
removeExpiredCategoryProductMembers,groovy,component://product/src/main/groovy/org/apache/ofbiz/product/product/category/CategoryServicesScript.groovy,removeExpiredCategoryProductMembers,,true,,applications/product/servicedef/services_maint.xml,product-catalog,catalog-product-team,provisional-repository-inferred
discVirtualsWithDiscVariants,java,org.apache.ofbiz.product.product.ProductUtilServices,discVirtualsWithDiscVariants,,true,,applications/product/servicedef/services_maint.xml,product-catalog,catalog-product-team,provisional-repository-inferred
removeCategoryMembersOfDiscProducts,java,org.apache.ofbiz.product.product.ProductUtilServices,removeCategoryMembersOfDiscProducts,,true,,applications/product/servicedef/services_maint.xml,product-catalog,catalog-product-team,provisional-repository-inferred
removeDuplicateOpenEndedCategoryMembers,java,org.apache.ofbiz.product.product.ProductUtilServices,removeDuplicateOpenEndedCategoryMembers,,true,,applications/product/servicedef/services_maint.xml,product-catalog,catalog-product-team,provisional-repository-inferred
makeStandAloneFromSingleVariantVirtuals,java,org.apache.ofbiz.product.product.ProductUtilServices,makeStandAloneFromSingleVariantVirtuals,,true,,applications/product/servicedef/services_maint.xml,product-catalog,catalog-product-team,provisional-repository-inferred
mergeVirtualWithSingleVariant,java,org.apache.ofbiz.product.product.ProductUtilServices,mergeVirtualWithSingleVariant,,true,,applications/product/servicedef/services_maint.xml,product-catalog,catalog-product-team,provisional-repository-inferred
setAllProductImageNames,java,org.apache.ofbiz.product.product.ProductUtilServices,setAllProductImageNames,,true,,applications/product/servicedef/services_maint.xml,product-catalog,catalog-product-team,provisional-repository-inferred
clearAllVirtualProductImageNames,java,org.apache.ofbiz.product.product.ProductUtilServices,clearAllVirtualProductImageNames,,true,,applications/product/servicedef/services_maint.xml,product-catalog,catalog-product-team,provisional-repository-inferred
attachProductFeaturesToCategory,java,org.apache.ofbiz.product.product.ProductUtilServices,attachProductFeaturesToCategory,,true,,applications/product/servicedef/services_maint.xml,product-catalog,catalog-product-team,provisional-repository-inferred
checkImageUrlForAllCategories,groovy,component://product/src/main/groovy/org/apache/ofbiz/product/product/catalog/CatalogServices.groovy,checkImageUrlForAllCategories,,,,applications/product/servicedef/services_maint.xml,product-catalog,catalog-product-team,provisional-repository-inferred
getAllCategories,groovy,component://product/src/main/groovy/org/apache/ofbiz/product/product/catalog/CatalogServices.groovy,getAllCategories,,,,applications/product/servicedef/services_maint.xml,product-catalog,catalog-product-team,provisional-repository-inferred
getRelatedCategories,groovy,component://product/src/main/groovy/org/apache/ofbiz/product/product/catalog/CatalogServices.groovy,getRelatedCategories,,,,applications/product/servicedef/services_maint.xml,product-catalog,catalog-product-team,provisional-repository-inferred
getCategoryTrail,java,org.apache.ofbiz.product.category.CategoryWorker,getCategoryTrail,,,,applications/product/servicedef/services_maint.xml,product-catalog,catalog-product-team,provisional-repository-inferred
checkImageUrlForCategoryAndProduct,groovy,component://product/src/main/groovy/org/apache/ofbiz/product/product/catalog/CatalogServices.groovy,checkImageUrlForCategoryAndProduct,,,,applications/product/servicedef/services_maint.xml,product-catalog,catalog-product-team,provisional-repository-inferred
checkImageUrlForCategory,groovy,component://product/src/main/groovy/org/apache/ofbiz/product/product/catalog/CatalogServices.groovy,checkImageUrlForCategory,,,,applications/product/servicedef/services_maint.xml,product-catalog,catalog-product-team,provisional-repository-inferred
checkImageUrlForProduct,groovy,component://product/src/main/groovy/org/apache/ofbiz/product/product/catalog/CatalogServices.groovy,checkImageUrlForProduct,,,,applications/product/servicedef/services_maint.xml,product-catalog,catalog-product-team,provisional-repository-inferred
checkImageUrl,groovy,component://product/src/main/groovy/org/apache/ofbiz/product/product/catalog/CatalogServices.groovy,checkImageUrl,,,,applications/product/servicedef/services_maint.xml,product-catalog,catalog-product-team,provisional-repository-inferred
purgeOldStoreAutoPromos,java,org.apache.ofbiz.product.promo.PromoServices,purgeOldStoreAutoPromos,,true,,applications/product/servicedef/services_maint.xml,product-catalog,catalog-product-team,provisional-repository-inferred
migrateProductPromoCodeEmail,java,org.apache.ofbiz.product.migrate.MigrationServices,migrateProductPromoCodeEmail,,true,,applications/product/servicedef/services_migration.xml,product-catalog,catalog-product-team,provisional-repository-inferred
facilityPermissionCheck,simple,component://product/minilang/permission/PermissionServices.xml,facilityPermissionCheck,,,,applications/product/servicedef/services_perm.xml,product-catalog,catalog-product-team,provisional-repository-inferred
convertPickOrderIdListToHeaders,java,org.apache.ofbiz.shipment.picklist.PickListServices,convertOrderIdListToHeaders,,,,applications/product/servicedef/services_picklist.xml,product-catalog,catalog-product-team,provisional-repository-inferred
findOrdersToPickMove,simple,component://product/minilang/shipment/picklist/PicklistServices.xml,findOrdersToPickMove,,,,applications/product/servicedef/services_picklist.xml,product-catalog,catalog-product-team,provisional-repository-inferred
createPicklistFromOrders,simple,component://product/minilang/shipment/picklist/PicklistServices.xml,createPicklistFromOrders,,,,applications/product/servicedef/services_picklist.xml,product-catalog,catalog-product-team,provisional-repository-inferred
printPickSheets,simple,component://product/minilang/shipment/picklist/PicklistServices.xml,printPickSheets,,,,applications/product/servicedef/services_picklist.xml,product-catalog,catalog-product-team,provisional-repository-inferred
getPicklistDisplayInfo,simple,component://product/minilang/shipment/picklist/PicklistServices.xml,getPicklistDisplayInfo,,,,applications/product/servicedef/services_picklist.xml,product-catalog,catalog-product-team,provisional-repository-inferred
getPickAndPackReportInfo,simple,component://product/minilang/shipment/picklist/PicklistServices.xml,getPickAndPackReportInfo,,,,applications/product/servicedef/services_picklist.xml,product-catalog,catalog-product-team,provisional-repository-inferred
createPicklist,entity-auto,,create,Picklist,true,,applications/product/servicedef/services_picklist.xml,product-catalog,catalog-product-team,provisional-repository-inferred
updatePicklist,entity-auto,,update,Picklist,true,,applications/product/servicedef/services_picklist.xml,product-catalog,catalog-product-team,provisional-repository-inferred
deletePicklist,entity-auto,,delete,Picklist,true,,applications/product/servicedef/services_picklist.xml,product-catalog,catalog-product-team,provisional-repository-inferred
createPicklistStatus,entity-auto,,create,PicklistStatus,true,,applications/product/servicedef/services_picklist.xml,product-catalog,catalog-product-team,provisional-repository-inferred
createPicklistBin,entity-auto,,create,PicklistBin,true,,applications/product/servicedef/services_picklist.xml,product-catalog,catalog-product-team,provisional-repository-inferred
updatePicklistBin,entity-auto,,update,PicklistBin,true,,applications/product/servicedef/services_picklist.xml,product-catalog,catalog-product-team,provisional-repository-inferred
deletePicklistBin,entity-auto,,delete,PicklistBin,true,,applications/product/servicedef/services_picklist.xml,product-catalog,catalog-product-team,provisional-repository-inferred
checkPicklistBinItemStatuses,simple,component://product/minilang/shipment/picklist/PicklistServices.xml,checkPicklistBinItemStatuses,PicklistBin,true,,applications/product/servicedef/services_picklist.xml,product-catalog,catalog-product-team,provisional-repository-inferred
createPicklistItem,entity-auto,,create,PicklistItem,true,,applications/product/servicedef/services_picklist.xml,product-catalog,catalog-product-team,provisional-repository-inferred
updatePicklistItem,entity-auto,,update,PicklistItem,true,,applications/product/servicedef/services_picklist.xml,product-catalog,catalog-product-team,provisional-repository-inferred
deletePicklistItem,entity-auto,,delete,PicklistItem,true,,applications/product/servicedef/services_picklist.xml,product-catalog,catalog-product-team,provisional-repository-inferred
editPicklistItem,simple,component://product/minilang/shipment/picklist/PicklistServices.xml,editPicklistItem,PicklistItem,true,,applications/product/servicedef/services_picklist.xml,product-catalog,catalog-product-team,provisional-repository-inferred
setPicklistItemToComplete,simple,component://product/minilang/shipment/picklist/PicklistServices.xml,setPicklistItemToComplete,PicklistItem,true,,applications/product/servicedef/services_picklist.xml,product-catalog,catalog-product-team,provisional-repository-inferred
cancelPicklistAndItems,simple,component://product/minilang/shipment/picklist/PicklistServices.xml,cancelPicklistAndItems,,true,,applications/product/servicedef/services_picklist.xml,product-catalog,catalog-product-team,provisional-repository-inferred
createPicklistRole,entity-auto,,create,PicklistRole,true,,applications/product/servicedef/services_picklist.xml,product-catalog,catalog-product-team,provisional-repository-inferred
updatePicklistRole,entity-auto,,update,PicklistRole,true,,applications/product/servicedef/services_picklist.xml,product-catalog,catalog-product-team,provisional-repository-inferred
deletePicklistRole,entity-auto,,delete,PicklistRole,true,,applications/product/servicedef/services_picklist.xml,product-catalog,catalog-product-team,provisional-repository-inferred
createQuantityBreakType,entity-auto,,create,QuantityBreakType,true,,applications/product/servicedef/services_price.xml,pricing-promotions,pricing-product-team,provisional-repository-inferred
updateQuantityBreakType,entity-auto,,update,QuantityBreakType,true,,applications/product/servicedef/services_price.xml,pricing-promotions,pricing-product-team,provisional-repository-inferred
deleteQuantityBreakType,entity-auto,,delete,QuantityBreakType,true,,applications/product/servicedef/services_price.xml,pricing-promotions,pricing-product-team,provisional-repository-inferred
createSaleType,entity-auto,,create,SaleType,true,,applications/product/servicedef/services_price.xml,pricing-promotions,pricing-product-team,provisional-repository-inferred
updateSaleType,entity-auto,,update,SaleType,true,,applications/product/servicedef/services_price.xml,pricing-promotions,pricing-product-team,provisional-repository-inferred
deleteSaleType,entity-auto,,delete,SaleType,true,,applications/product/servicedef/services_price.xml,pricing-promotions,pricing-product-team,provisional-repository-inferred
createProductPricePurpose,entity-auto,,create,ProductPricePurpose,true,,applications/product/servicedef/services_price.xml,pricing-promotions,pricing-product-team,provisional-repository-inferred
updateProductPricePurpose,entity-auto,,update,ProductPricePurpose,true,,applications/product/servicedef/services_price.xml,pricing-promotions,pricing-product-team,provisional-repository-inferred
deleteProductPricePurpose,entity-auto,,delete,ProductPricePurpose,true,,applications/product/servicedef/services_price.xml,pricing-promotions,pricing-product-team,provisional-repository-inferred
createProductPriceType,entity-auto,,create,ProductPriceType,true,,applications/product/servicedef/services_price.xml,pricing-promotions,pricing-product-team,provisional-repository-inferred
updateProductPriceType,entity-auto,,update,ProductPriceType,true,,applications/product/servicedef/services_price.xml,pricing-promotions,pricing-product-team,provisional-repository-inferred
deleteProductPriceType,entity-auto,,delete,ProductPriceType,true,,applications/product/servicedef/services_price.xml,pricing-promotions,pricing-product-team,provisional-repository-inferred
calculateProductPrice,java,org.apache.ofbiz.product.price.PriceServices,calculateProductPrice,,false,,applications/product/servicedef/services_pricepromo.xml,pricing-promotions,pricing-product-team,provisional-repository-inferred
createProductPriceRule,entity-auto,,create,ProductPriceRule,true,,applications/product/servicedef/services_pricepromo.xml,pricing-promotions,pricing-product-team,provisional-repository-inferred
updateProductPriceRule,entity-auto,,update,ProductPriceRule,true,,applications/product/servicedef/services_pricepromo.xml,pricing-promotions,pricing-product-team,provisional-repository-inferred
deleteProductPriceRule,entity-auto,,delete,ProductPriceRule,true,,applications/product/servicedef/services_pricepromo.xml,pricing-promotions,pricing-product-team,provisional-repository-inferred
createProductPriceCond,groovy,component://product/src/main/groovy/org/apache/ofbiz/product/product/price/PriceServicesScript.groovy,createProductPriceCond,ProductPriceCond,true,,applications/product/servicedef/services_pricepromo.xml,pricing-promotions,pricing-product-team,provisional-repository-inferred
updateProductPriceCond,groovy,component://product/src/main/groovy/org/apache/ofbiz/product/product/price/PriceServicesScript.groovy,updateProductPriceCond,ProductPriceCond,true,,applications/product/servicedef/services_pricepromo.xml,pricing-promotions,pricing-product-team,provisional-repository-inferred
deleteProductPriceCond,entity-auto,,delete,ProductPriceCond,true,,applications/product/servicedef/services_pricepromo.xml,pricing-promotions,pricing-product-team,provisional-repository-inferred
createProductPriceAction,entity-auto,,create,ProductPriceAction,true,,applications/product/servicedef/services_pricepromo.xml,pricing-promotions,pricing-product-team,provisional-repository-inferred
updateProductPriceAction,entity-auto,,update,ProductPriceAction,true,,applications/product/servicedef/services_pricepromo.xml,pricing-promotions,pricing-product-team,provisional-repository-inferred
deleteProductPriceAction,entity-auto,,delete,ProductPriceAction,true,,applications/product/servicedef/services_pricepromo.xml,pricing-promotions,pricing-product-team,provisional-repository-inferred
createProductPromo,entity-auto,,create,ProductPromo,true,,applications/product/servicedef/services_pricepromo.xml,pricing-promotions,pricing-product-team,provisional-repository-inferred
updateProductPromo,entity-auto,,update,ProductPromo,true,,applications/product/servicedef/services_pricepromo.xml,pricing-promotions,pricing-product-team,provisional-repository-inferred
deleteProductPromo,entity-auto,,delete,ProductPromo,true,,applications/product/servicedef/services_pricepromo.xml,pricing-promotions,pricing-product-team,provisional-repository-inferred
createProductPromoAction,entity-auto,,create,ProductPromoAction,true,,applications/product/servicedef/services_pricepromo.xml,pricing-promotions,pricing-product-team,provisional-repository-inferred
updateProductPromoAction,entity-auto,,update,ProductPromoAction,true,,applications/product/servicedef/services_pricepromo.xml,pricing-promotions,pricing-product-team,provisional-repository-inferred
deleteProductPromoAction,entity-auto,,delete,ProductPromoAction,true,,applications/product/servicedef/services_pricepromo.xml,pricing-promotions,pricing-product-team,provisional-repository-inferred
createProductPromoCategory,entity-auto,,create,ProductPromoCategory,true,,applications/product/servicedef/services_pricepromo.xml,pricing-promotions,pricing-product-team,provisional-repository-inferred
updateProductPromoCategory,entity-auto,,update,ProductPromoCategory,true,,applications/product/servicedef/services_pricepromo.xml,pricing-promotions,pricing-product-team,provisional-repository-inferred
deleteProductPromoCategory,entity-auto,,delete,ProductPromoCategory,true,,applications/product/servicedef/services_pricepromo.xml,pricing-promotions,pricing-product-team,provisional-repository-inferred
createProductPromoCode,entity-auto,,create,ProductPromoCode,true,,applications/product/servicedef/services_pricepromo.xml,pricing-promotions,pricing-product-team,provisional-repository-inferred
updateProductPromoCode,entity-auto,,update,ProductPromoCode,true,,applications/product/servicedef/services_pricepromo.xml,pricing-promotions,pricing-product-team,provisional-repository-inferred
deleteProductPromoCode,entity-auto,,delete,ProductPromoCode,true,,applications/product/servicedef/services_pricepromo.xml,pricing-promotions,pricing-product-team,provisional-repository-inferred
createBulkProductPromoCode,java,org.apache.ofbiz.product.promo.PromoServices,importPromoCodesFromFile,,true,,applications/product/servicedef/services_pricepromo.xml,pricing-promotions,pricing-product-team,provisional-repository-inferred
createProductPromoCodeContactMech,entity-auto,,create,ProdPromoCodeContactMech,true,,applications/product/servicedef/services_pricepromo.xml,pricing-promotions,pricing-product-team,provisional-repository-inferred
deleteProductPromoCodeContactMech,entity-auto,,delete,ProdPromoCodeContactMech,true,,applications/product/servicedef/services_pricepromo.xml,pricing-promotions,pricing-product-team,provisional-repository-inferred
createBulkProductPromoCodeEmail,java,org.apache.ofbiz.product.promo.PromoServices,importPromoCodeEmailsFromFile,,true,,applications/product/servicedef/services_pricepromo.xml,pricing-promotions,pricing-product-team,provisional-repository-inferred
createProductPromoCodeParty,entity-auto,,create,ProductPromoCodeParty,true,,applications/product/servicedef/services_pricepromo.xml,pricing-promotions,pricing-product-team,provisional-repository-inferred
deleteProductPromoCodeParty,entity-auto,,delete,ProductPromoCodeParty,true,,applications/product/servicedef/services_pricepromo.xml,pricing-promotions,pricing-product-team,provisional-repository-inferred
createProductPromoCodeSet,java,org.apache.ofbiz.product.promo.PromoServices,createProductPromoCodeSet,ProductPromoCode,true,,applications/product/servicedef/services_pricepromo.xml,pricing-promotions,pricing-product-team,provisional-repository-inferred
createProductPromoCond,groovy,component://product/src/main/groovy/org/apache/ofbiz/product/product/promo/PromoServicesScript.groovy,createProductPromoCond,ProductPromoCond,true,,applications/product/servicedef/services_pricepromo.xml,pricing-promotions,pricing-product-team,provisional-repository-inferred
updateProductPromoCond,groovy,component://product/src/main/groovy/org/apache/ofbiz/product/product/promo/PromoServicesScript.groovy,updateProductPromoCond,ProductPromoCond,true,,applications/product/servicedef/services_pricepromo.xml,pricing-promotions,pricing-product-team,provisional-repository-inferred
deleteProductPromoCond,entity-auto,,delete,ProductPromoCond,true,,applications/product/servicedef/services_pricepromo.xml,pricing-promotions,pricing-product-team,provisional-repository-inferred
createProductPromoProduct,entity-auto,,create,ProductPromoProduct,true,,applications/product/servicedef/services_pricepromo.xml,pricing-promotions,pricing-product-team,provisional-repository-inferred
updateProductPromoProduct,entity-auto,,update,ProductPromoProduct,true,,applications/product/servicedef/services_pricepromo.xml,pricing-promotions,pricing-product-team,provisional-repository-inferred
deleteProductPromoProduct,entity-auto,,delete,ProductPromoProduct,true,,applications/product/servicedef/services_pricepromo.xml,pricing-promotions,pricing-product-team,provisional-repository-inferred
createProductPromoRule,entity-auto,,create,ProductPromoRule,true,,applications/product/servicedef/services_pricepromo.xml,pricing-promotions,pricing-product-team,provisional-repository-inferred
updateProductPromoRule,entity-auto,,update,ProductPromoRule,true,,applications/product/servicedef/services_pricepromo.xml,pricing-promotions,pricing-product-team,provisional-repository-inferred
deleteProductPromoRule,entity-auto,,delete,ProductPromoRule,true,,applications/product/servicedef/services_pricepromo.xml,pricing-promotions,pricing-product-team,provisional-repository-inferred
calculatePurchasePrice,java,org.apache.ofbiz.product.price.PriceServices,calculatePurchasePrice,,false,,applications/product/servicedef/services_pricepromo.xml,pricing-promotions,pricing-product-team,provisional-repository-inferred
getAssociatedPriceRulesConds,groovy,component://product/src/main/groovy/org/apache/ofbiz/product/product/price/PriceServicesScript.groovy,getAssociatedPriceRulesConds,,false,,applications/product/servicedef/services_pricepromo.xml,pricing-promotions,pricing-product-team,provisional-repository-inferred
createProductPriceActionType,entity-auto,,create,ProductPriceActionType,true,,applications/product/servicedef/services_pricepromo.xml,pricing-promotions,pricing-product-team,provisional-repository-inferred
updateProductPriceActionType,entity-auto,,update,ProductPriceActionType,true,,applications/product/servicedef/services_pricepromo.xml,pricing-promotions,pricing-product-team,provisional-repository-inferred
deleteProductPriceActionType,entity-auto,,delete,ProductPriceActionType,true,,applications/product/servicedef/services_pricepromo.xml,pricing-promotions,pricing-product-team,provisional-repository-inferred
createProductPriceAutoNotice,entity-auto,,create,ProductPriceAutoNotice,true,,applications/product/servicedef/services_pricepromo.xml,pricing-promotions,pricing-product-team,provisional-repository-inferred
updateProductPriceAutoNotice,entity-auto,,update,ProductPriceAutoNotice,true,,applications/product/servicedef/services_pricepromo.xml,pricing-promotions,pricing-product-team,provisional-repository-inferred
deleteProductPriceAutoNotice,entity-auto,,delete,ProductPriceAutoNotice,true,,applications/product/servicedef/services_pricepromo.xml,pricing-promotions,pricing-product-team,provisional-repository-inferred
interfaceProductPromoCond,interface,,,,,,applications/product/servicedef/services_pricepromo.xml,pricing-promotions,pricing-product-team,provisional-repository-inferred
productPromoCondProductAmount,groovy,component://product/src/main/groovy/org/apache/ofbiz/product/product/promo/ProductPromoCondServices.groovy,productAmount,,false,,applications/product/servicedef/services_pricepromo.xml,pricing-promotions,pricing-product-team,provisional-repository-inferred
productPromoCondProductTotal,groovy,component://product/src/main/groovy/org/apache/ofbiz/product/product/promo/ProductPromoCondServices.groovy,productTotal,,false,,applications/product/servicedef/services_pricepromo.xml,pricing-promotions,pricing-product-team,provisional-repository-inferred
productPromoCondProductQuant,groovy,component://product/src/main/groovy/org/apache/ofbiz/product/product/promo/ProductPromoCondServices.groovy,productQuant,,false,,applications/product/servicedef/services_pricepromo.xml,pricing-promotions,pricing-product-team,provisional-repository-inferred
productPromoCondNewACCT,groovy,component://product/src/main/groovy/org/apache/ofbiz/product/product/promo/ProductPromoCondServices.groovy,productNewACCT,,false,,applications/product/servicedef/services_pricepromo.xml,pricing-promotions,pricing-product-team,provisional-repository-inferred
productPromoCondPartyID,groovy,component://product/src/main/groovy/org/apache/ofbiz/product/product/promo/ProductPromoCondServices.groovy,productPartyID,,false,,applications/product/servicedef/services_pricepromo.xml,pricing-promotions,pricing-product-team,provisional-repository-inferred
productPromoCondPartyGM,groovy,component://product/src/main/groovy/org/apache/ofbiz/product/product/promo/ProductPromoCondServices.groovy,productPartyGM,,false,,applications/product/servicedef/services_pricepromo.xml,pricing-promotions,pricing-product-team,provisional-repository-inferred
productPromoCondPartyClass,groovy,component://product/src/main/groovy/org/apache/ofbiz/product/product/promo/ProductPromoCondServices.groovy,productPartyClass,,false,,applications/product/servicedef/services_pricepromo.xml,pricing-promotions,pricing-product-team,provisional-repository-inferred
productPromoCondRoleType,groovy,component://product/src/main/groovy/org/apache/ofbiz/product/product/promo/ProductPromoCondServices.groovy,productRoleType,,false,,applications/product/servicedef/services_pricepromo.xml,pricing-promotions,pricing-product-team,provisional-repository-inferred
productPromoCondGeoID,groovy,component://product/src/main/groovy/org/apache/ofbiz/product/product/promo/ProductPromoCondServices.groovy,productGeoID,,false,,applications/product/servicedef/services_pricepromo.xml,pricing-promotions,pricing-product-team,provisional-repository-inferred
productPromoCondOrderTotal,groovy,component://product/src/main/groovy/org/apache/ofbiz/product/product/promo/ProductPromoCondServices.groovy,productOrderTotal,,false,,applications/product/servicedef/services_pricepromo.xml,pricing-promotions,pricing-product-team,provisional-repository-inferred
productPromoCondOrderHist,groovy,component://product/src/main/groovy/org/apache/ofbiz/product/product/promo/ProductPromoCondServices.groovy,productOrderHist,,false,,applications/product/servicedef/services_pricepromo.xml,pricing-promotions,pricing-product-team,provisional-repository-inferred
productPromoCondOrderYear,groovy,component://product/src/main/groovy/org/apache/ofbiz/product/product/promo/ProductPromoCondServices.groovy,productOrderYear,,false,,applications/product/servicedef/services_pricepromo.xml,pricing-promotions,pricing-product-team,provisional-repository-inferred
productPromoCondOrderLastYear,groovy,component://product/src/main/groovy/org/apache/ofbiz/product/product/promo/ProductPromoCondServices.groovy,productOrderLastYear,,false,,applications/product/servicedef/services_pricepromo.xml,pricing-promotions,pricing-product-team,provisional-repository-inferred
productPromoCondPromoRecurrence,groovy,component://product/src/main/groovy/org/apache/ofbiz/product/product/promo/ProductPromoCondServices.groovy,productPromoRecurrence,,false,,applications/product/servicedef/services_pricepromo.xml,pricing-promotions,pricing-product-team,provisional-repository-inferred
productPromoCondOrderShipTotal,groovy,component://product/src/main/groovy/org/apache/ofbiz/product/product/promo/ProductPromoCondServices.groovy,productShipTotal,,false,,applications/product/servicedef/services_pricepromo.xml,pricing-promotions,pricing-product-team,provisional-repository-inferred
productPromoCondListPriceMinAmount,groovy,component://product/src/main/groovy/org/apache/ofbiz/product/product/promo/ProductPromoCondServices.groovy,productListPriceMinAmount,,false,,applications/product/servicedef/services_pricepromo.xml,pricing-promotions,pricing-product-team,provisional-repository-inferred
productPromoCondListPriceMinPercent,groovy,component://product/src/main/groovy/org/apache/ofbiz/product/product/promo/ProductPromoCondServices.groovy,productListPriceMinPercent,,false,,applications/product/servicedef/services_pricepromo.xml,pricing-promotions,pricing-product-team,provisional-repository-inferred
interfaceProductPromoAction,interface,,,,,,applications/product/servicedef/services_pricepromo.xml,pricing-promotions,pricing-product-team,provisional-repository-inferred
productPromoActGiftGWP,groovy,component://product/src/main/groovy/org/apache/ofbiz/product/product/promo/ProductPromoActionServices.groovy,productGWP,,false,,applications/product/servicedef/services_pricepromo.xml,pricing-promotions,pricing-product-team,provisional-repository-inferred
productPromoActFreeShip,groovy,component://product/src/main/groovy/org/apache/ofbiz/product/product/promo/ProductPromoActionServices.groovy,productActFreeShip,,false,,applications/product/servicedef/services_pricepromo.xml,pricing-promotions,pricing-product-team,provisional-repository-inferred
productPromoActProdDISC,groovy,component://product/src/main/groovy/org/apache/ofbiz/product/product/promo/ProductPromoActionServices.groovy,productDISC,,false,,applications/product/servicedef/services_pricepromo.xml,pricing-promotions,pricing-product-team,provisional-repository-inferred
productPromoActProdAMDISC,groovy,component://product/src/main/groovy/org/apache/ofbiz/product/product/promo/ProductPromoActionServices.groovy,productAMDISC,,false,,applications/product/servicedef/services_pricepromo.xml,pricing-promotions,pricing-product-team,provisional-repository-inferred
productPromoActProdPrice,groovy,component://product/src/main/groovy/org/apache/ofbiz/product/product/promo/ProductPromoActionServices.groovy,productPrice,,false,,applications/product/servicedef/services_pricepromo.xml,pricing-promotions,pricing-product-team,provisional-repository-inferred
productPromoActOrderPercent,groovy,component://product/src/main/groovy/org/apache/ofbiz/product/product/promo/ProductPromoActionServices.groovy,productOrderPercent,,false,,applications/product/servicedef/services_pricepromo.xml,pricing-promotions,pricing-product-team,provisional-repository-inferred
productPromoActOrderAmount,groovy,component://product/src/main/groovy/org/apache/ofbiz/product/product/promo/ProductPromoActionServices.groovy,productOrderAmount,,false,,applications/product/servicedef/services_pricepromo.xml,pricing-promotions,pricing-product-team,provisional-repository-inferred
productPromoActProdSpecialPrice,groovy,component://product/src/main/groovy/org/apache/ofbiz/product/product/promo/ProductPromoActionServices.groovy,productSpecialPrice,,false,,applications/product/servicedef/services_pricepromo.xml,pricing-promotions,pricing-product-team,provisional-repository-inferred
productPromoActTaxPercent,groovy,component://product/src/main/groovy/org/apache/ofbiz/product/product/promo/ProductPromoActionServices.groovy,productTaxPercent,,false,,applications/product/servicedef/services_pricepromo.xml,pricing-promotions,pricing-product-team,provisional-repository-inferred
productPromoActShipCharge,groovy,component://product/src/main/groovy/org/apache/ofbiz/product/product/promo/ProductPromoActionServices.groovy,productShipCharge,,false,,applications/product/servicedef/services_pricepromo.xml,pricing-promotions,pricing-product-team,provisional-repository-inferred
createFixedAssetAndLinkToProduct,simple,component://product/minilang/product/rental/RentalServices.xml,createFixedAssetAndLinkToProduct,FixedAsset,true,,applications/product/servicedef/services_rental.xml,product-catalog,catalog-product-team,provisional-repository-inferred
getProductFirstRelatedFixedAsset,simple,component://product/minilang/product/rental/RentalServices.xml,getProductFirstRelatedFixedAsset,,true,,applications/product/servicedef/services_rental.xml,product-catalog,catalog-product-team,provisional-repository-inferred
createCarrierShipmentMethod,entity-auto,,create,CarrierShipmentMethod,true,,applications/product/servicedef/services_shipment.xml,shipping-fulfillment,fulfillment-product-team,provisional-repository-inferred
updateCarrierShipmentMethod,entity-auto,,update,CarrierShipmentMethod,true,,applications/product/servicedef/services_shipment.xml,shipping-fulfillment,fulfillment-product-team,provisional-repository-inferred
deleteCarrierShipmentMethod,entity-auto,,delete,CarrierShipmentMethod,true,,applications/product/servicedef/services_shipment.xml,shipping-fulfillment,fulfillment-product-team,provisional-repository-inferred
createShipmentMethodType,entity-auto,,create,ShipmentMethodType,true,,applications/product/servicedef/services_shipment.xml,shipping-fulfillment,fulfillment-product-team,provisional-repository-inferred
updateShipmentMethodType,entity-auto,,update,ShipmentMethodType,true,,applications/product/servicedef/services_shipment.xml,shipping-fulfillment,fulfillment-product-team,provisional-repository-inferred
deleteShipmentMethodType,entity-auto,,delete,ShipmentMethodType,true,,applications/product/servicedef/services_shipment.xml,shipping-fulfillment,fulfillment-product-team,provisional-repository-inferred
createOrderShipmentPlan,groovy,component://product/src/main/groovy/org/apache/ofbiz/product/shipment/ShipmentServices.groovy,createOrderShipmentPlan,,true,,applications/product/servicedef/services_shipment.xml,shipping-fulfillment,fulfillment-product-team,provisional-repository-inferred
quickShipEntireOrder,groovy,component://product/src/main/groovy/org/apache/ofbiz/product/shipment/ShipmentServices.groovy,quickShipEntireOrder,,true,,applications/product/servicedef/services_shipment.xml,shipping-fulfillment,fulfillment-product-team,provisional-repository-inferred
quickShipOrderByItem,groovy,component://product/src/main/groovy/org/apache/ofbiz/product/shipment/ShipmentServices.groovy,quickShipOrderByItem,,true,,applications/product/servicedef/services_shipment.xml,shipping-fulfillment,fulfillment-product-team,provisional-repository-inferred
quickReceivePurchaseOrder,groovy,component://product/src/main/groovy/org/apache/ofbiz/product/shipment/ShipmentServices.groovy,quickReceivePurchaseOrder,,true,,applications/product/servicedef/services_shipment.xml,shipping-fulfillment,fulfillment-product-team,provisional-repository-inferred
createShipmentForReturn,groovy,component://product/src/main/groovy/org/apache/ofbiz/product/shipment/ShipmentServices.groovy,createShipmentForReturn,ReturnHeader,,,applications/product/servicedef/services_shipment.xml,shipping-fulfillment,fulfillment-product-team,provisional-repository-inferred
createShipmentAndItemsForReturn,groovy,component://product/src/main/groovy/org/apache/ofbiz/product/shipment/ShipmentServices.groovy,createShipmentAndItemsForReturn,ReturnHeader,,,applications/product/servicedef/services_shipment.xml,shipping-fulfillment,fulfillment-product-team,provisional-repository-inferred
createShipmentAndItemsForVendorReturn,groovy,component://product/src/main/groovy/org/apache/ofbiz/product/shipment/ShipmentServices.groovy,createShipmentAndItemsForVendorReturn,Shipment,,,applications/product/servicedef/services_shipment.xml,shipping-fulfillment,fulfillment-product-team,provisional-repository-inferred
createShipment,entity-auto,,create,Shipment,true,,applications/product/servicedef/services_shipment.xml,shipping-fulfillment,fulfillment-product-team,provisional-repository-inferred
updateShipment,groovy,component://product/src/main/groovy/org/apache/ofbiz/product/shipment/ShipmentServices.groovy,updateShipment,Shipment,true,,applications/product/servicedef/services_shipment.xml,shipping-fulfillment,fulfillment-product-team,provisional-repository-inferred
deleteShipment,entity-auto,,delete,Shipment,true,,applications/product/servicedef/services_shipment.xml,shipping-fulfillment,fulfillment-product-team,provisional-repository-inferred
createShipmentStatus,entity-auto,,create,ShipmentStatus,true,,applications/product/servicedef/services_shipment.xml,shipping-fulfillment,fulfillment-product-team,provisional-repository-inferred
setShipmentSettingsFromPrimaryOrder,groovy,component://product/src/main/groovy/org/apache/ofbiz/product/shipment/ShipmentServices.groovy,setShipmentSettingsFromPrimaryOrder,,true,,applications/product/servicedef/services_shipment.xml,shipping-fulfillment,fulfillment-product-team,provisional-repository-inferred
setShipmentSettingsFromFacilities,groovy,component://product/src/main/groovy/org/apache/ofbiz/product/shipment/ShipmentServices.groovy,setShipmentSettingsFromFacilities,,true,,applications/product/servicedef/services_shipment.xml,shipping-fulfillment,fulfillment-product-team,provisional-repository-inferred
sendShipmentScheduledNotification,groovy,component://product/src/main/groovy/org/apache/ofbiz/product/shipment/ShipmentServices.groovy,sendShipmentScheduledNotification,,true,,applications/product/servicedef/services_shipment.xml,shipping-fulfillment,fulfillment-product-team,provisional-repository-inferred
balanceItemIssuancesForShipment,groovy,component://product/src/main/groovy/org/apache/ofbiz/product/shipment/ShipmentServices.groovy,balanceItemIssuancesForShipment,,true,,applications/product/servicedef/services_shipment.xml,shipping-fulfillment,fulfillment-product-team,provisional-repository-inferred
checkCancelItemIssuanceAndOrderShipmentFromShipment,groovy,component://product/src/main/groovy/org/apache/ofbiz/product/shipment/ShipmentServices.groovy,checkCancelItemIssuanceAndOrderShipmentFromShipment,,true,,applications/product/servicedef/services_shipment.xml,shipping-fulfillment,fulfillment-product-team,provisional-repository-inferred
quickDropShipOrder,groovy,component://product/src/main/groovy/org/apache/ofbiz/product/shipment/ShipmentServices.groovy,quickDropShipOrder,,true,,applications/product/servicedef/services_shipment.xml,shipping-fulfillment,fulfillment-product-team,provisional-repository-inferred
createShipmentItem,entity-auto,,create,ShipmentItem,true,,applications/product/servicedef/services_shipment.xml,shipping-fulfillment,fulfillment-product-team,provisional-repository-inferred
updateShipmentItem,entity-auto,,update,ShipmentItem,true,,applications/product/servicedef/services_shipment.xml,shipping-fulfillment,fulfillment-product-team,provisional-repository-inferred
deleteShipmentItem,entity-auto,,delete,ShipmentItem,true,,applications/product/servicedef/services_shipment.xml,shipping-fulfillment,fulfillment-product-team,provisional-repository-inferred
splitShipmentItemByQuantity,groovy,component://product/src/main/groovy/org/apache/ofbiz/product/shipment/ShipmentServices.groovy,splitShipmentItemByQuantity,,,,applications/product/servicedef/services_shipment.xml,shipping-fulfillment,fulfillment-product-team,provisional-repository-inferred
createShipmentPackage,groovy,component://product/src/main/groovy/org/apache/ofbiz/product/shipment/ShipmentServices.groovy,createShipmentPackage,ShipmentPackage,true,,applications/product/servicedef/services_shipment.xml,shipping-fulfillment,fulfillment-product-team,provisional-repository-inferred
updateShipmentPackage,groovy,component://product/src/main/groovy/org/apache/ofbiz/product/shipment/ShipmentServices.groovy,updateShipmentPackage,ShipmentPackage,true,,applications/product/servicedef/services_shipment.xml,shipping-fulfillment,fulfillment-product-team,provisional-repository-inferred
deleteShipmentPackage,groovy,component://product/src/main/groovy/org/apache/ofbiz/product/shipment/ShipmentServices.groovy,deleteShipmentPackage,ShipmentPackage,true,,applications/product/servicedef/services_shipment.xml,shipping-fulfillment,fulfillment-product-team,provisional-repository-inferred
createShipmentPackageContent,entity-auto,,create,ShipmentPackageContent,true,,applications/product/servicedef/services_shipment.xml,shipping-fulfillment,fulfillment-product-team,provisional-repository-inferred
updateShipmentPackageContent,entity-auto,,update,ShipmentPackageContent,true,,applications/product/servicedef/services_shipment.xml,shipping-fulfillment,fulfillment-product-team,provisional-repository-inferred
deleteShipmentPackageContent,entity-auto,,delete,ShipmentPackageContent,true,,applications/product/servicedef/services_shipment.xml,shipping-fulfillment,fulfillment-product-team,provisional-repository-inferred
addShipmentContentToPackage,groovy,component://product/src/main/groovy/org/apache/ofbiz/product/shipment/ShipmentServices.groovy,addShipmentContentToPackage,ShipmentPackageContent,true,,applications/product/servicedef/services_shipment.xml,shipping-fulfillment,fulfillment-product-team,provisional-repository-inferred
createShipmentPackageRouteSeg,entity-auto,,create,ShipmentPackageRouteSeg,true,,applications/product/servicedef/services_shipment.xml,shipping-fulfillment,fulfillment-product-team,provisional-repository-inferred
updateShipmentPackageRouteSeg,entity-auto,,update,ShipmentPackageRouteSeg,true,,applications/product/servicedef/services_shipment.xml,shipping-fulfillment,fulfillment-product-team,provisional-repository-inferred
deleteShipmentPackageRouteSeg,entity-auto,,delete,ShipmentPackageRouteSeg,true,,applications/product/servicedef/services_shipment.xml,shipping-fulfillment,fulfillment-product-team,provisional-repository-inferred
createShipmentContactMech,entity-auto,,create,ShipmentContactMech,true,,applications/product/servicedef/services_shipment.xml,shipping-fulfillment,fulfillment-product-team,provisional-repository-inferred
updateShipmentContactMech,entity-auto,,update,ShipmentContactMech,true,,applications/product/servicedef/services_shipment.xml,shipping-fulfillment,fulfillment-product-team,provisional-repository-inferred
deleteShipmentContactMech,entity-auto,,delete,ShipmentContactMech,true,,applications/product/servicedef/services_shipment.xml,shipping-fulfillment,fulfillment-product-team,provisional-repository-inferred
createShipmentRouteSegment,entity-auto,,create,ShipmentRouteSegment,true,,applications/product/servicedef/services_shipment.xml,shipping-fulfillment,fulfillment-product-team,provisional-repository-inferred
updateShipmentRouteSegment,entity-auto,,update,ShipmentRouteSegment,true,,applications/product/servicedef/services_shipment.xml,shipping-fulfillment,fulfillment-product-team,provisional-repository-inferred
deleteShipmentRouteSegment,entity-auto,,delete,ShipmentRouteSegment,true,,applications/product/servicedef/services_shipment.xml,shipping-fulfillment,fulfillment-product-team,provisional-repository-inferred
duplicateShipmentRouteSegment,java,org.apache.ofbiz.shipment.shipment.ShipmentServices,duplicateShipmentRouteSegment,ShipmentRouteSegment,true,,applications/product/servicedef/services_shipment.xml,shipping-fulfillment,fulfillment-product-team,provisional-repository-inferred
ensureRouteSegPackage,groovy,component://product/src/main/groovy/org/apache/ofbiz/product/shipment/ShipmentServices.groovy,ensureRouteSegPackage,ShipmentRouteSegment,true,,applications/product/servicedef/services_shipment.xml,shipping-fulfillment,fulfillment-product-team,provisional-repository-inferred
createItemIssuance,simple,component://product/minilang/shipment/issuance/IssuanceServices.xml,createItemIssuance,ItemIssuance,true,,applications/product/servicedef/services_shipment.xml,shipping-fulfillment,fulfillment-product-team,provisional-repository-inferred
updateItemIssuance,entity-auto,,update,ItemIssuance,true,,applications/product/servicedef/services_shipment.xml,shipping-fulfillment,fulfillment-product-team,provisional-repository-inferred
deleteItemIssuance,entity-auto,,delete,ItemIssuance,true,,applications/product/servicedef/services_shipment.xml,shipping-fulfillment,fulfillment-product-team,provisional-repository-inferred
createItemIssuanceRole,entity-auto,,create,ItemIssuanceRole,true,,applications/product/servicedef/services_shipment.xml,shipping-fulfillment,fulfillment-product-team,provisional-repository-inferred
deleteItemIssuanceRole,entity-auto,,delete,ItemIssuanceRole,true,,applications/product/servicedef/services_shipment.xml,shipping-fulfillment,fulfillment-product-team,provisional-repository-inferred
issueOrderItemToShipment,simple,component://product/minilang/shipment/issuance/IssuanceServices.xml,issueOrderItemToShipment,,true,,applications/product/servicedef/services_shipment.xml,shipping-fulfillment,fulfillment-product-team,provisional-repository-inferred
issueOrderItemShipGrpInvResToShipment,simple,component://product/minilang/shipment/issuance/IssuanceServices.xml,issueOrderItemShipGrpInvResToShipment,,true,,applications/product/servicedef/services_shipment.xml,shipping-fulfillment,fulfillment-product-team,provisional-repository-inferred
issueInventoryItemToFixedAssetMaint,simple,component://product/minilang/shipment/issuance/IssuanceServices.xml,issueInventoryItemToFixedAssetMaint,,true,,applications/product/servicedef/services_shipment.xml,shipping-fulfillment,fulfillment-product-team,provisional-repository-inferred
returnInventoryItemIssuedToFixedAssetMaint,simple,component://product/minilang/shipment/issuance/IssuanceServices.xml,returnInventoryItemIssuedToFixedAssetMaint,,true,,applications/product/servicedef/services_shipment.xml,shipping-fulfillment,fulfillment-product-team,provisional-repository-inferred
cancelOrderItemIssuanceFromSalesShipment,simple,component://product/minilang/shipment/issuance/IssuanceServices.xml,cancelOrderItemIssuanceFromSalesShipment,,true,,applications/product/servicedef/services_shipment.xml,shipping-fulfillment,fulfillment-product-team,provisional-repository-inferred
issueInventoryItemToShipment,simple,component://product/minilang/shipment/issuance/IssuanceServices.xml,issueInventoryItemToShipment,,true,,applications/product/servicedef/services_shipment.xml,shipping-fulfillment,fulfillment-product-team,provisional-repository-inferred
getTotalIssuedQuantityForOrderItem,groovy,component://product/src/main/groovy/org/apache/ofbiz/product/shipment/IssuanceServices.groovy,getTotalIssuedQuantityForOrderItem,,true,,applications/product/servicedef/services_shipment.xml,shipping-fulfillment,fulfillment-product-team,provisional-repository-inferred
verifySingleItem,java,org.apache.ofbiz.shipment.verify.VerifyPickServices,verifySingleItem,,true,,applications/product/servicedef/services_shipment.xml,shipping-fulfillment,fulfillment-product-team,provisional-repository-inferred
verifyBulkItem,java,org.apache.ofbiz.shipment.verify.VerifyPickServices,verifyBulkItem,,true,,applications/product/servicedef/services_shipment.xml,shipping-fulfillment,fulfillment-product-team,provisional-repository-inferred
cancelAllRows,java,org.apache.ofbiz.shipment.verify.VerifyPickServices,cancelAllRows,,true,,applications/product/servicedef/services_shipment.xml,shipping-fulfillment,fulfillment-product-team,provisional-repository-inferred
completeVerifiedPick,java,org.apache.ofbiz.shipment.verify.VerifyPickServices,completeVerifiedPick,,true,,applications/product/servicedef/services_shipment.xml,shipping-fulfillment,fulfillment-product-team,provisional-repository-inferred
setPackageInfo,java,org.apache.ofbiz.shipment.weightPackage.WeightPackageServices,setPackageInfo,,true,,applications/product/servicedef/services_shipment.xml,shipping-fulfillment,fulfillment-product-team,provisional-repository-inferred
updatePackedLine,java,org.apache.ofbiz.shipment.weightPackage.WeightPackageServices,updatePackedLine,,true,,applications/product/servicedef/services_shipment.xml,shipping-fulfillment,fulfillment-product-team,provisional-repository-inferred
deletePackedLine,java,org.apache.ofbiz.shipment.weightPackage.WeightPackageServices,deletePackedLine,,true,,applications/product/servicedef/services_shipment.xml,shipping-fulfillment,fulfillment-product-team,provisional-repository-inferred
completePackage,java,org.apache.ofbiz.shipment.weightPackage.WeightPackageServices,completePackage,,true,,applications/product/servicedef/services_shipment.xml,shipping-fulfillment,fulfillment-product-team,provisional-repository-inferred
completeShipment,java,org.apache.ofbiz.shipment.weightPackage.WeightPackageServices,completeShipment,,true,,applications/product/servicedef/services_shipment.xml,shipping-fulfillment,fulfillment-product-team,provisional-repository-inferred
savePackagesInfo,java,org.apache.ofbiz.shipment.weightPackage.WeightPackageServices,savePackagesInfo,,true,,applications/product/servicedef/services_shipment.xml,shipping-fulfillment,fulfillment-product-team,provisional-repository-inferred
packSingleItem,java,org.apache.ofbiz.shipment.packing.PackingServices,addPackLine,,true,,applications/product/servicedef/services_shipment.xml,shipping-fulfillment,fulfillment-product-team,provisional-repository-inferred
packBulkItems,java,org.apache.ofbiz.shipment.packing.PackingServices,packBulk,,true,,applications/product/servicedef/services_shipment.xml,shipping-fulfillment,fulfillment-product-team,provisional-repository-inferred
setNextPackageSeq,java,org.apache.ofbiz.shipment.packing.PackingServices,incrementPackageSeq,,true,,applications/product/servicedef/services_shipment.xml,shipping-fulfillment,fulfillment-product-team,provisional-repository-inferred
calcPackSessionAdditionalShippingCharge,java,org.apache.ofbiz.shipment.packing.PackingServices,calcPackSessionAdditionalShippingCharge,,true,,applications/product/servicedef/services_shipment.xml,shipping-fulfillment,fulfillment-product-team,provisional-repository-inferred
clearPackAll,java,org.apache.ofbiz.shipment.packing.PackingServices,clearPackAll,,true,,applications/product/servicedef/services_shipment.xml,shipping-fulfillment,fulfillment-product-team,provisional-repository-inferred
clearLastPackage,java,org.apache.ofbiz.shipment.packing.PackingServices,clearLastPackage,,true,,applications/product/servicedef/services_shipment.xml,shipping-fulfillment,fulfillment-product-team,provisional-repository-inferred
clearPackLine,java,org.apache.ofbiz.shipment.packing.PackingServices,clearPackLine,,true,,applications/product/servicedef/services_shipment.xml,shipping-fulfillment,fulfillment-product-team,provisional-repository-inferred
completePack,java,org.apache.ofbiz.shipment.packing.PackingServices,completePack,,true,,applications/product/servicedef/services_shipment.xml,shipping-fulfillment,fulfillment-product-team,provisional-repository-inferred
addOrderShipmentToShipment,groovy,component://product/src/main/groovy/org/apache/ofbiz/product/shipment/ShipmentServices.groovy,addOrderShipmentToShipment,OrderShipment,true,,applications/product/servicedef/services_shipment.xml,shipping-fulfillment,fulfillment-product-team,provisional-repository-inferred
removeOrderShipmentFromShipment,groovy,component://product/src/main/groovy/org/apache/ofbiz/product/shipment/ShipmentServices.groovy,removeOrderShipmentFromShipment,,true,,applications/product/servicedef/services_shipment.xml,shipping-fulfillment,fulfillment-product-team,provisional-repository-inferred
getQuantityForShipment,groovy,component://product/src/main/groovy/org/apache/ofbiz/product/shipment/ShipmentServices.groovy,getQuantityForShipment,OrderItem,true,,applications/product/servicedef/services_shipment.xml,shipping-fulfillment,fulfillment-product-team,provisional-repository-inferred
interfaceShipmentReceipt,interface,,,,,,applications/product/servicedef/services_shipment.xml,shipping-fulfillment,fulfillment-product-team,provisional-repository-inferred
createShipmentReceipt,groovy,component://product/src/main/groovy/org/apache/ofbiz/product/shipment/ShipmentReceiptServices.groovy,createShipmentReceipt,,true,,applications/product/servicedef/services_shipment.xml,shipping-fulfillment,fulfillment-product-team,provisional-repository-inferred
updatePurchaseShipmentFromReceipt,java,org.apache.ofbiz.shipment.shipment.ShipmentServices,updatePurchaseShipmentFromReceipt,,true,,applications/product/servicedef/services_shipment.xml,shipping-fulfillment,fulfillment-product-team,provisional-repository-inferred
receiveInventoryProduct,groovy,component://product/src/main/groovy/org/apache/ofbiz/product/shipment/ShipmentReceiptServices.groovy,receiveInventoryProduct,,true,,applications/product/servicedef/services_shipment.xml,shipping-fulfillment,fulfillment-product-team,provisional-repository-inferred
quickReceiveReturn,groovy,component://product/src/main/groovy/org/apache/ofbiz/product/shipment/ShipmentReceiptServices.groovy,quickReceiveReturn,,true,,applications/product/servicedef/services_shipment.xml,shipping-fulfillment,fulfillment-product-team,provisional-repository-inferred
interfaceShipmentReceiptRole,interface,,,,,,applications/product/servicedef/services_shipment.xml,shipping-fulfillment,fulfillment-product-team,provisional-repository-inferred
createShipmentReceiptRole,entity-auto,,create,ShipmentReceiptRole,true,,applications/product/servicedef/services_shipment.xml,shipping-fulfillment,fulfillment-product-team,provisional-repository-inferred
removeShipmentReceiptRole,entity-auto,,delete,ShipmentReceiptRole,true,,applications/product/servicedef/services_shipment.xml,shipping-fulfillment,fulfillment-product-team,provisional-repository-inferred
createShipmentEstimate,java,org.apache.ofbiz.shipment.shipment.ShipmentServices,createShipmentEstimate,,true,,applications/product/servicedef/services_shipment.xml,shipping-fulfillment,fulfillment-product-team,provisional-repository-inferred
removeShipmentEstimate,java,org.apache.ofbiz.shipment.shipment.ShipmentServices,removeShipmentEstimate,,true,,applications/product/servicedef/services_shipment.xml,shipping-fulfillment,fulfillment-product-team,provisional-repository-inferred
calcShipmentEstimateInterface,interface,,,,,,applications/product/servicedef/services_shipment.xml,shipping-fulfillment,fulfillment-product-team,provisional-repository-inferred
calcShipmentCostEstimate,java,org.apache.ofbiz.shipment.shipment.ShipmentServices,calcShipmentCostEstimate,,false,,applications/product/servicedef/services_shipment.xml,shipping-fulfillment,fulfillment-product-team,provisional-repository-inferred
cancelReceivedItems,groovy,component://product/src/main/groovy/org/apache/ofbiz/product/shipment/ShipmentReceiptServices.groovy,cancelReceivedItems,,true,,applications/product/servicedef/services_shipment.xml,shipping-fulfillment,fulfillment-product-team,provisional-repository-inferred
createQuantityBreak,entity-auto,,create,QuantityBreak,true,,applications/product/servicedef/services_shipment.xml,shipping-fulfillment,fulfillment-product-team,provisional-repository-inferred
updateQuantityBreak,entity-auto,,update,QuantityBreak,true,,applications/product/servicedef/services_shipment.xml,shipping-fulfillment,fulfillment-product-team,provisional-repository-inferred
deleteQuantityBreak,entity-auto,,delete,QuantityBreak,true,,applications/product/servicedef/services_shipment.xml,shipping-fulfillment,fulfillment-product-team,provisional-repository-inferred
getShipmentPackageValueFromOrders,java,org.apache.ofbiz.shipment.shipment.ShipmentServices,getShipmentPackageValueFromOrders,,true,,applications/product/servicedef/services_shipment.xml,shipping-fulfillment,fulfillment-product-team,provisional-repository-inferred
issueSerializedInvToShipmentPackageAndSetTracking,groovy,component://product/src/main/groovy/org/apache/ofbiz/product/shipment/ShipmentServices.groovy,issueSerializedInvToShipmentPackageAndSetTracking,,true,,applications/product/servicedef/services_shipment.xml,shipping-fulfillment,fulfillment-product-team,provisional-repository-inferred
setShipmentStatusPackedAndShipped,groovy,component://product/src/main/groovy/org/apache/ofbiz/product/shipment/ShipmentServices.groovy,setShipmentStatusPackedAndShipped,,true,,applications/product/servicedef/services_shipment.xml,shipping-fulfillment,fulfillment-product-team,provisional-repository-inferred
sendShipmentCompleteNotification,java,org.apache.ofbiz.shipment.shipment.ShipmentServices,sendShipmentCompleteNotification,,true,,applications/product/servicedef/services_shipment.xml,shipping-fulfillment,fulfillment-product-team,provisional-repository-inferred
updateIssuanceShipmentAndPoOnReceiveInventory,groovy,component://product/src/main/groovy/org/apache/ofbiz/product/shipment/ShipmentReceiptServices.groovy,updateIssuanceShipmentAndPoOnReceiveInventory,,,,applications/product/servicedef/services_shipment.xml,shipping-fulfillment,fulfillment-product-team,provisional-repository-inferred
createCarrierShipmentBoxType,entity-auto,,create,CarrierShipmentBoxType,true,,applications/product/servicedef/services_shipment.xml,shipping-fulfillment,fulfillment-product-team,provisional-repository-inferred
updateCarrierShipmentBoxType,entity-auto,,update,CarrierShipmentBoxType,true,,applications/product/servicedef/services_shipment.xml,shipping-fulfillment,fulfillment-product-team,provisional-repository-inferred
deleteCarrierShipmentBoxType,entity-auto,,delete,CarrierShipmentBoxType,true,,applications/product/servicedef/services_shipment.xml,shipping-fulfillment,fulfillment-product-team,provisional-repository-inferred
createDelivery,entity-auto,,create,Delivery,true,,applications/product/servicedef/services_shipment.xml,shipping-fulfillment,fulfillment-product-team,provisional-repository-inferred
updateDelivery,entity-auto,,update,Delivery,true,,applications/product/servicedef/services_shipment.xml,shipping-fulfillment,fulfillment-product-team,provisional-repository-inferred
deleteDelivery,entity-auto,,delete,Delivery,true,,applications/product/servicedef/services_shipment.xml,shipping-fulfillment,fulfillment-product-team,provisional-repository-inferred
createRejectionReason,entity-auto,,create,RejectionReason,true,,applications/product/servicedef/services_shipment.xml,shipping-fulfillment,fulfillment-product-team,provisional-repository-inferred
updateRejectionReason,entity-auto,,update,RejectionReason,true,,applications/product/servicedef/services_shipment.xml,shipping-fulfillment,fulfillment-product-team,provisional-repository-inferred
deleteRejectionReason,entity-auto,,delete,RejectionReason,true,,applications/product/servicedef/services_shipment.xml,shipping-fulfillment,fulfillment-product-team,provisional-repository-inferred
createShipmentItemFeature,entity-auto,,create,ShipmentItemFeature,true,,applications/product/servicedef/services_shipment.xml,shipping-fulfillment,fulfillment-product-team,provisional-repository-inferred
deleteShipmentItemFeature,entity-auto,,delete,ShipmentItemFeature,true,,applications/product/servicedef/services_shipment.xml,shipping-fulfillment,fulfillment-product-team,provisional-repository-inferred
createShipmentAttribute,entity-auto,,create,ShipmentAttribute,true,,applications/product/servicedef/services_shipment.xml,shipping-fulfillment,fulfillment-product-team,provisional-repository-inferred
updateShipmentAttribute,entity-auto,,update,ShipmentAttribute,true,,applications/product/servicedef/services_shipment.xml,shipping-fulfillment,fulfillment-product-team,provisional-repository-inferred
deleteShipmentAttribute,entity-auto,,delete,ShipmentAttribute,true,,applications/product/servicedef/services_shipment.xml,shipping-fulfillment,fulfillment-product-team,provisional-repository-inferred
createShipmentBoxType,entity-auto,,create,ShipmentBoxType,true,,applications/product/servicedef/services_shipment.xml,shipping-fulfillment,fulfillment-product-team,provisional-repository-inferred
updateShipmentBoxType,entity-auto,,update,ShipmentBoxType,true,,applications/product/servicedef/services_shipment.xml,shipping-fulfillment,fulfillment-product-team,provisional-repository-inferred
deleteShipmentBoxType,entity-auto,,delete,ShipmentBoxType,true,,applications/product/servicedef/services_shipment.xml,shipping-fulfillment,fulfillment-product-team,provisional-repository-inferred
createShipmentContactMechType,entity-auto,,create,ShipmentContactMechType,true,,applications/product/servicedef/services_shipment.xml,shipping-fulfillment,fulfillment-product-team,provisional-repository-inferred
updateShipmentContactMechType,entity-auto,,update,ShipmentContactMechType,true,,applications/product/servicedef/services_shipment.xml,shipping-fulfillment,fulfillment-product-team,provisional-repository-inferred
deleteShipmentContactMechType,entity-auto,,delete,ShipmentContactMechType,true,,applications/product/servicedef/services_shipment.xml,shipping-fulfillment,fulfillment-product-team,provisional-repository-inferred
createShipmentCostEstimate,entity-auto,,create,ShipmentCostEstimate,true,,applications/product/servicedef/services_shipment.xml,shipping-fulfillment,fulfillment-product-team,provisional-repository-inferred
updateShipmentCostEstimate,entity-auto,,update,ShipmentCostEstimate,true,,applications/product/servicedef/services_shipment.xml,shipping-fulfillment,fulfillment-product-team,provisional-repository-inferred
deleteShipmentCostEstimate,entity-auto,,delete,ShipmentCostEstimate,true,,applications/product/servicedef/services_shipment.xml,shipping-fulfillment,fulfillment-product-team,provisional-repository-inferred
createShipmentTimeEstimate,entity-auto,,create,ShipmentTimeEstimate,true,,applications/product/servicedef/services_shipment.xml,shipping-fulfillment,fulfillment-product-team,provisional-repository-inferred
updateShipmentTimeEstimate,entity-auto,,update,ShipmentTimeEstimate,true,,applications/product/servicedef/services_shipment.xml,shipping-fulfillment,fulfillment-product-team,provisional-repository-inferred
removeShipmentTimeEstimate,entity-auto,,delete,ShipmentTimeEstimate,true,,applications/product/servicedef/services_shipment.xml,shipping-fulfillment,fulfillment-product-team,provisional-repository-inferred
expireShipmentTimeEstimate,entity-auto,,expire,ShipmentTimeEstimate,true,,applications/product/servicedef/services_shipment.xml,shipping-fulfillment,fulfillment-product-team,provisional-repository-inferred
updateShipmentReceipt,entity-auto,,update,ShipmentReceipt,true,,applications/product/servicedef/services_shipment.xml,shipping-fulfillment,fulfillment-product-team,provisional-repository-inferred
deleteShipmentReceipt,entity-auto,,delete,ShipmentReceipt,true,,applications/product/servicedef/services_shipment.xml,shipping-fulfillment,fulfillment-product-team,provisional-repository-inferred
createShipmentTypeAttr,entity-auto,,create,ShipmentTypeAttr,true,,applications/product/servicedef/services_shipment.xml,shipping-fulfillment,fulfillment-product-team,provisional-repository-inferred
updateShipmentTypeAttr,entity-auto,,update,ShipmentTypeAttr,true,,applications/product/servicedef/services_shipment.xml,shipping-fulfillment,fulfillment-product-team,provisional-repository-inferred
deleteShipmentTypeAttr,entity-auto,,delete,ShipmentTypeAttr,true,,applications/product/servicedef/services_shipment.xml,shipping-fulfillment,fulfillment-product-team,provisional-repository-inferred
createShippingDocument,entity-auto,,create,ShippingDocument,true,,applications/product/servicedef/services_shipment.xml,shipping-fulfillment,fulfillment-product-team,provisional-repository-inferred
updateShippingDocument,entity-auto,,update,ShippingDocument,true,,applications/product/servicedef/services_shipment.xml,shipping-fulfillment,fulfillment-product-team,provisional-repository-inferred
deleteShippingDocument,entity-auto,,delete,ShippingDocument,true,,applications/product/servicedef/services_shipment.xml,shipping-fulfillment,fulfillment-product-team,provisional-repository-inferred
createShipmentItemBilling,entity-auto,,create,ShipmentItemBilling,true,,applications/product/servicedef/services_shipment.xml,shipping-fulfillment,fulfillment-product-team,provisional-repository-inferred
updateShipmentItemBilling,entity-auto,,update,ShipmentItemBilling,true,,applications/product/servicedef/services_shipment.xml,shipping-fulfillment,fulfillment-product-team,provisional-repository-inferred
deleteShipmentItemBilling,entity-auto,,delete,ShipmentItemBilling,true,,applications/product/servicedef/services_shipment.xml,shipping-fulfillment,fulfillment-product-team,provisional-repository-inferred
checkCanChangeShipmentStatusPacked,groovy,component://product/src/main/groovy/org/apache/ofbiz/product/shipment/ShipmentServices.groovy,checkCanChangeShipmentStatusPacked,,,,applications/product/servicedef/services_shipment.xml,shipping-fulfillment,fulfillment-product-team,provisional-repository-inferred
checkCanChangeShipmentStatusShipped,groovy,component://product/src/main/groovy/org/apache/ofbiz/product/shipment/ShipmentServices.groovy,checkCanChangeShipmentStatusShipped,,,,applications/product/servicedef/services_shipment.xml,shipping-fulfillment,fulfillment-product-team,provisional-repository-inferred
checkCanChangeShipmentStatusDelivered,groovy,component://product/src/main/groovy/org/apache/ofbiz/product/shipment/ShipmentServices.groovy,checkCanChangeShipmentStatusDelivered,,,,applications/product/servicedef/services_shipment.xml,shipping-fulfillment,fulfillment-product-team,provisional-repository-inferred
createShipmentGatewayConfig,entity-auto,,create,ShipmentGatewayConfig,true,,applications/product/servicedef/services_shipmentgateway.xml,shipping-fulfillment,fulfillment-product-team,provisional-repository-inferred
updateShipmentGatewayConfig,entity-auto,,update,ShipmentGatewayConfig,true,,applications/product/servicedef/services_shipmentgateway.xml,shipping-fulfillment,fulfillment-product-team,provisional-repository-inferred
deleteShipmentGatewayConfig,entity-auto,,delete,ShipmentGatewayConfig,true,,applications/product/servicedef/services_shipmentgateway.xml,shipping-fulfillment,fulfillment-product-team,provisional-repository-inferred
createShipmentGatewayConfigType,entity-auto,,create,ShipmentGatewayConfigType,true,,applications/product/servicedef/services_shipmentgateway.xml,shipping-fulfillment,fulfillment-product-team,provisional-repository-inferred
updateShipmentGatewayConfigType,entity-auto,,update,ShipmentGatewayConfigType,true,,applications/product/servicedef/services_shipmentgateway.xml,shipping-fulfillment,fulfillment-product-team,provisional-repository-inferred
deleteShipmentGatewayConfigType,entity-auto,,delete,ShipmentGatewayConfigType,true,,applications/product/servicedef/services_shipmentgateway.xml,shipping-fulfillment,fulfillment-product-team,provisional-repository-inferred
createShipmentType,entity-auto,,create,ShipmentType,true,,applications/product/servicedef/services_shipmentgateway.xml,shipping-fulfillment,fulfillment-product-team,provisional-repository-inferred
updateShipmentType,entity-auto,,update,ShipmentType,true,,applications/product/servicedef/services_shipmentgateway.xml,shipping-fulfillment,fulfillment-product-team,provisional-repository-inferred
deleteShipmentType,entity-auto,,delete,ShipmentType,true,,applications/product/servicedef/services_shipmentgateway.xml,shipping-fulfillment,fulfillment-product-team,provisional-repository-inferred
createProductStore,groovy,component://product/src/main/groovy/org/apache/ofbiz/product/product/store/ProductStoreServices.groovy,createProductStore,ProductStore,,,applications/product/servicedef/services_store.xml,product-catalog,catalog-product-team,provisional-repository-inferred
updateProductStore,groovy,component://product/src/main/groovy/org/apache/ofbiz/product/product/store/ProductStoreServices.groovy,updateProductStore,ProductStore,,,applications/product/servicedef/services_store.xml,product-catalog,catalog-product-team,provisional-repository-inferred
reserveStoreInventory,groovy,component://product/src/main/groovy/org/apache/ofbiz/product/product/store/ProductStoreServices.groovy,reserveStoreInventory,,,,applications/product/servicedef/services_store.xml,product-catalog,catalog-product-team,provisional-repository-inferred
isStoreInventoryRequired,groovy,component://product/src/main/groovy/org/apache/ofbiz/product/product/store/ProductStoreServices.groovy,isStoreInventoryRequired,,false,,applications/product/servicedef/services_store.xml,product-catalog,catalog-product-team,provisional-repository-inferred
isStoreInventoryAvailable,groovy,component://product/src/main/groovy/org/apache/ofbiz/product/product/store/ProductStoreServices.groovy,isStoreInventoryAvailable,,false,,applications/product/servicedef/services_store.xml,product-catalog,catalog-product-team,provisional-repository-inferred
isStoreInventoryAvailableOrNotRequired,groovy,component://product/src/main/groovy/org/apache/ofbiz/product/product/store/ProductStoreServices.groovy,isStoreInventoryAvailableOrNotRequired,,false,,applications/product/servicedef/services_store.xml,product-catalog,catalog-product-team,provisional-repository-inferred
createProductStoreRole,entity-auto,,create,ProductStoreRole,true,,applications/product/servicedef/services_store.xml,product-catalog,catalog-product-team,provisional-repository-inferred
updateProductStoreRole,entity-auto,,update,ProductStoreRole,true,,applications/product/servicedef/services_store.xml,product-catalog,catalog-product-team,provisional-repository-inferred
removeProductStoreRole,entity-auto,,delete,ProductStoreRole,true,,applications/product/servicedef/services_store.xml,product-catalog,catalog-product-team,provisional-repository-inferred
createProductStoreCatalog,entity-auto,,create,ProductStoreCatalog,true,,applications/product/servicedef/services_store.xml,product-catalog,catalog-product-team,provisional-repository-inferred
updateProductStoreCatalog,entity-auto,,update,ProductStoreCatalog,true,,applications/product/servicedef/services_store.xml,product-catalog,catalog-product-team,provisional-repository-inferred
deleteProductStoreCatalog,entity-auto,,delete,ProductStoreCatalog,true,,applications/product/servicedef/services_store.xml,product-catalog,catalog-product-team,provisional-repository-inferred
createProductStorePaymentSetting,entity-auto,,create,ProductStorePaymentSetting,true,,applications/product/servicedef/services_store.xml,product-catalog,catalog-product-team,provisional-repository-inferred
updateProductStorePaymentSetting,entity-auto,,update,ProductStorePaymentSetting,true,,applications/product/servicedef/services_store.xml,product-catalog,catalog-product-team,provisional-repository-inferred
deleteProductStorePaymentSetting,entity-auto,,delete,ProductStorePaymentSetting,true,,applications/product/servicedef/services_store.xml,product-catalog,catalog-product-team,provisional-repository-inferred
createProductStoreEmailSetting,entity-auto,,create,ProductStoreEmailSetting,true,,applications/product/servicedef/services_store.xml,product-catalog,catalog-product-team,provisional-repository-inferred
updateProductStoreEmailSetting,entity-auto,,update,ProductStoreEmailSetting,true,,applications/product/servicedef/services_store.xml,product-catalog,catalog-product-team,provisional-repository-inferred
removeProductStoreEmailSetting,entity-auto,,delete,ProductStoreEmailSetting,true,,applications/product/servicedef/services_store.xml,product-catalog,catalog-product-team,provisional-repository-inferred
createProductStoreShipMeth,entity-auto,,create,ProductStoreShipmentMeth,true,,applications/product/servicedef/services_store.xml,product-catalog,catalog-product-team,provisional-repository-inferred
updateProductStoreShipMeth,entity-auto,,update,ProductStoreShipmentMeth,true,,applications/product/servicedef/services_store.xml,product-catalog,catalog-product-team,provisional-repository-inferred
removeProductStoreShipMeth,entity-auto,,delete,ProductStoreShipmentMeth,true,,applications/product/servicedef/services_store.xml,product-catalog,catalog-product-team,provisional-repository-inferred
createProductStoreKeywordOvrd,entity-auto,,create,ProductStoreKeywordOvrd,true,,applications/product/servicedef/services_store.xml,product-catalog,catalog-product-team,provisional-repository-inferred
updateProductStoreKeywordOvrd,entity-auto,,update,ProductStoreKeywordOvrd,true,,applications/product/servicedef/services_store.xml,product-catalog,catalog-product-team,provisional-repository-inferred
deleteProductStoreKeywordOvrd,entity-auto,,delete,ProductStoreKeywordOvrd,true,,applications/product/servicedef/services_store.xml,product-catalog,catalog-product-team,provisional-repository-inferred
createProductStoreSurveyAppl,entity-auto,,create,ProductStoreSurveyAppl,true,,applications/product/servicedef/services_store.xml,product-catalog,catalog-product-team,provisional-repository-inferred
deleteProductStoreSurveyAppl,entity-auto,,delete,ProductStoreSurveyAppl,true,,applications/product/servicedef/services_store.xml,product-catalog,catalog-product-team,provisional-repository-inferred
createProductStorePromoAppl,entity-auto,,create,ProductStorePromoAppl,true,,applications/product/servicedef/services_store.xml,product-catalog,catalog-product-team,provisional-repository-inferred
updateProductStorePromoAppl,entity-auto,,update,ProductStorePromoAppl,true,,applications/product/servicedef/services_store.xml,product-catalog,catalog-product-team,provisional-repository-inferred
deleteProductStorePromoAppl,entity-auto,,delete,ProductStorePromoAppl,true,,applications/product/servicedef/services_store.xml,product-catalog,catalog-product-team,provisional-repository-inferred
createProductStoreFinActSetting,entity-auto,,create,ProductStoreFinActSetting,true,,applications/product/servicedef/services_store.xml,product-catalog,catalog-product-team,provisional-repository-inferred
updateProductStoreFinActSetting,entity-auto,,update,ProductStoreFinActSetting,true,,applications/product/servicedef/services_store.xml,product-catalog,catalog-product-team,provisional-repository-inferred
removeProductStoreFinActSetting,entity-auto,,delete,ProductStoreFinActSetting,true,,applications/product/servicedef/services_store.xml,product-catalog,catalog-product-team,provisional-repository-inferred
createProductStoreVendorPayment,entity-auto,,create,ProductStoreVendorPayment,true,,applications/product/servicedef/services_store.xml,product-catalog,catalog-product-team,provisional-repository-inferred
deleteProductStoreVendorPayment,entity-auto,,delete,ProductStoreVendorPayment,true,,applications/product/servicedef/services_store.xml,product-catalog,catalog-product-team,provisional-repository-inferred
createProductStoreVendorShipment,entity-auto,,create,ProductStoreVendorShipment,true,,applications/product/servicedef/services_store.xml,product-catalog,catalog-product-team,provisional-repository-inferred
deleteProductStoreVendorShipment,entity-auto,,delete,ProductStoreVendorShipment,true,,applications/product/servicedef/services_store.xml,product-catalog,catalog-product-team,provisional-repository-inferred
createProductStoreFacility,entity-auto,,create,ProductStoreFacility,true,,applications/product/servicedef/services_store.xml,product-catalog,catalog-product-team,provisional-repository-inferred
updateProductStoreFacility,entity-auto,,update,ProductStoreFacility,true,,applications/product/servicedef/services_store.xml,product-catalog,catalog-product-team,provisional-repository-inferred
deleteProductStoreFacility,entity-auto,,delete,ProductStoreFacility,true,,applications/product/servicedef/services_store.xml,product-catalog,catalog-product-team,provisional-repository-inferred
createProductStoreGroup,entity-auto,,create,ProductStoreGroup,true,,applications/product/servicedef/services_store.xml,product-catalog,catalog-product-team,provisional-repository-inferred
updateProductStoreGroup,entity-auto,,update,ProductStoreGroup,true,,applications/product/servicedef/services_store.xml,product-catalog,catalog-product-team,provisional-repository-inferred
deleteProductStoreGroup,entity-auto,,delete,ProductStoreGroup,true,,applications/product/servicedef/services_store.xml,product-catalog,catalog-product-team,provisional-repository-inferred
createProductStoreGroupMember,entity-auto,,create,ProductStoreGroupMember,true,,applications/product/servicedef/services_store.xml,product-catalog,catalog-product-team,provisional-repository-inferred
updateProductStoreGroupMember,entity-auto,,update,ProductStoreGroupMember,true,,applications/product/servicedef/services_store.xml,product-catalog,catalog-product-team,provisional-repository-inferred
createProductStoreGroupRollup,entity-auto,,create,ProductStoreGroupRollup,true,,applications/product/servicedef/services_store.xml,product-catalog,catalog-product-team,provisional-repository-inferred
updateProductStoreGroupRollup,entity-auto,,update,ProductStoreGroupRollup,true,,applications/product/servicedef/services_store.xml,product-catalog,catalog-product-team,provisional-repository-inferred
deleteProductStoreGroupRollup,entity-auto,,delete,ProductStoreGroupRollup,true,,applications/product/servicedef/services_store.xml,product-catalog,catalog-product-team,provisional-repository-inferred
checkProductStoreGroupRollup,groovy,component://product/src/main/groovy/org/apache/ofbiz/product/product/store/ProductStoreServices.groovy,checkProductStoreGroupRollup,,true,,applications/product/servicedef/services_store.xml,product-catalog,catalog-product-team,provisional-repository-inferred
productStoreGenericPermission,groovy,component://product/src/main/groovy/org/apache/ofbiz/product/product/store/ProductStoreServices.groovy,productStoreGenericPermission,,,,applications/product/servicedef/services_store.xml,product-catalog,catalog-product-team,provisional-repository-inferred
createProductStoreGroupRole,entity-auto,,create,ProductStoreGroupRole,true,,applications/product/servicedef/services_store.xml,product-catalog,catalog-product-team,provisional-repository-inferred
deleteProductStoreGroupRole,entity-auto,,delete,ProductStoreGroupRole,true,,applications/product/servicedef/services_store.xml,product-catalog,catalog-product-team,provisional-repository-inferred
createProductStoreGroupType,entity-auto,,create,ProductStoreGroupType,true,,applications/product/servicedef/services_store.xml,product-catalog,catalog-product-team,provisional-repository-inferred
updateProductStoreGroupType,entity-auto,,update,ProductStoreGroupType,true,,applications/product/servicedef/services_store.xml,product-catalog,catalog-product-team,provisional-repository-inferred
deleteProductStoreGroupType,entity-auto,,delete,ProductStoreGroupType,true,,applications/product/servicedef/services_store.xml,product-catalog,catalog-product-team,provisional-repository-inferred
createSubscription,groovy,component://product/src/main/groovy/org/apache/ofbiz/product/product/subscription/SubscriptionServicesScript.groovy,createSubscription,Subscription,true,,applications/product/servicedef/services_subscription.xml,product-catalog,catalog-product-team,provisional-repository-inferred
updateSubscription,entity-auto,,update,Subscription,true,,applications/product/servicedef/services_subscription.xml,product-catalog,catalog-product-team,provisional-repository-inferred
isSubscribed,groovy,component://product/src/main/groovy/org/apache/ofbiz/product/product/subscription/SubscriptionServicesScript.groovy,isSubscribed,Subscription,true,,applications/product/servicedef/services_subscription.xml,product-catalog,catalog-product-team,provisional-repository-inferred
getSubscriptionEnt,groovy,component://product/src/main/groovy/org/apache/ofbiz/product/product/subscription/SubscriptionServicesScript.groovy,getSubscription,Subscription,true,,applications/product/servicedef/services_subscription.xml,product-catalog,catalog-product-team,provisional-repository-inferred
createSubscriptionResource,entity-auto,,create,SubscriptionResource,true,,applications/product/servicedef/services_subscription.xml,product-catalog,catalog-product-team,provisional-repository-inferred
updateSubscriptionResource,entity-auto,,update,SubscriptionResource,true,,applications/product/servicedef/services_subscription.xml,product-catalog,catalog-product-team,provisional-repository-inferred
createProductSubscriptionResource,entity-auto,,create,ProductSubscriptionResource,true,,applications/product/servicedef/services_subscription.xml,product-catalog,catalog-product-team,provisional-repository-inferred
updateProductSubscriptionResource,entity-auto,,update,ProductSubscriptionResource,true,,applications/product/servicedef/services_subscription.xml,product-catalog,catalog-product-team,provisional-repository-inferred
deleteProductSubscriptionResource,entity-auto,,delete,ProductSubscriptionResource,true,,applications/product/servicedef/services_subscription.xml,product-catalog,catalog-product-team,provisional-repository-inferred
processExtendSubscription,java,org.apache.ofbiz.product.subscription.SubscriptionServices,processExtendSubscription,,true,,applications/product/servicedef/services_subscription.xml,product-catalog,catalog-product-team,provisional-repository-inferred
processExtendSubscriptionByProduct,java,org.apache.ofbiz.product.subscription.SubscriptionServices,processExtendSubscriptionByProduct,,true,,applications/product/servicedef/services_subscription.xml,product-catalog,catalog-product-team,provisional-repository-inferred
processExtendSubscriptionByOrder,java,org.apache.ofbiz.product.subscription.SubscriptionServices,processExtendSubscriptionByOrder,,true,,applications/product/servicedef/services_subscription.xml,product-catalog,catalog-product-team,provisional-repository-inferred
createSubscriptionAttribute,entity-auto,,create,SubscriptionAttribute,true,,applications/product/servicedef/services_subscription.xml,product-catalog,catalog-product-team,provisional-repository-inferred
updateSubscriptionAttribute,groovy,component://product/src/main/groovy/org/apache/ofbiz/product/product/subscription/SubscriptionServicesScript.groovy,updateSubscriptionAttribute,SubscriptionAttribute,true,,applications/product/servicedef/services_subscription.xml,product-catalog,catalog-product-team,provisional-repository-inferred
deleteSubscriptionAttribute,entity-auto,,delete,SubscriptionAttribute,true,,applications/product/servicedef/services_subscription.xml,product-catalog,catalog-product-team,provisional-repository-inferred
createSubscriptionCommEvent,entity-auto,,create,SubscriptionCommEvent,true,,applications/product/servicedef/services_subscription.xml,product-catalog,catalog-product-team,provisional-repository-inferred
removeSubscriptionCommEvent,entity-auto,,delete,SubscriptionCommEvent,true,,applications/product/servicedef/services_subscription.xml,product-catalog,catalog-product-team,provisional-repository-inferred
subscriptionPermissionCheck,groovy,component://product/src/main/groovy/org/apache/ofbiz/product/product/subscription/SubscriptionServicesScript.groovy,subscriptionPermissionCheck,,true,,applications/product/servicedef/services_subscription.xml,product-catalog,catalog-product-team,provisional-repository-inferred
runServiceOnSubscriptionExpiry,java,org.apache.ofbiz.product.subscription.SubscriptionServices,runServiceOnSubscriptionExpiry,,true,,applications/product/servicedef/services_subscription.xml,product-catalog,catalog-product-team,provisional-repository-inferred
runSubscriptionExpired,java,org.apache.ofbiz.product.subscription.SubscriptionServices,runSubscriptionExpired,,true,,applications/product/servicedef/services_subscription.xml,product-catalog,catalog-product-team,provisional-repository-inferred
createSubscriptionActivity,entity-auto,,create,SubscriptionActivity,true,,applications/product/servicedef/services_subscription.xml,product-catalog,catalog-product-team,provisional-repository-inferred
updateSubscriptionActivity,entity-auto,,update,SubscriptionActivity,true,,applications/product/servicedef/services_subscription.xml,product-catalog,catalog-product-team,provisional-repository-inferred
deleteSubscriptionActivity,entity-auto,,delete,SubscriptionActivity,true,,applications/product/servicedef/services_subscription.xml,product-catalog,catalog-product-team,provisional-repository-inferred
createSubscriptionType,entity-auto,,create,SubscriptionType,true,,applications/product/servicedef/services_subscription.xml,product-catalog,catalog-product-team,provisional-repository-inferred
updateSubscriptionType,entity-auto,,update,SubscriptionType,true,,applications/product/servicedef/services_subscription.xml,product-catalog,catalog-product-team,provisional-repository-inferred
deleteSubscriptionType,entity-auto,,delete,SubscriptionType,true,,applications/product/servicedef/services_subscription.xml,product-catalog,catalog-product-team,provisional-repository-inferred
createSubscriptionTypeAttr,entity-auto,,create,SubscriptionTypeAttr,true,,applications/product/servicedef/services_subscription.xml,product-catalog,catalog-product-team,provisional-repository-inferred
updateSubscriptionTypeAttr,entity-auto,,update,SubscriptionTypeAttr,true,,applications/product/servicedef/services_subscription.xml,product-catalog,catalog-product-team,provisional-repository-inferred
deleteSubscriptionTypeAttr,entity-auto,,delete,SubscriptionTypeAttr,true,,applications/product/servicedef/services_subscription.xml,product-catalog,catalog-product-team,provisional-repository-inferred
createReorderGuideline,entity-auto,,create,ReorderGuideline,true,,applications/product/servicedef/services_supplier.xml,product-catalog,catalog-product-team,provisional-repository-inferred
updateReorderGuideline,entity-auto,,update,ReorderGuideline,true,,applications/product/servicedef/services_supplier.xml,product-catalog,catalog-product-team,provisional-repository-inferred
deleteReorderGuideline,entity-auto,,delete,ReorderGuideline,true,,applications/product/servicedef/services_supplier.xml,product-catalog,catalog-product-team,provisional-repository-inferred
createSupplierRatingType,entity-auto,,create,SupplierRatingType,true,,applications/product/servicedef/services_supplier.xml,product-catalog,catalog-product-team,provisional-repository-inferred
updateSupplierRatingType,entity-auto,,update,SupplierRatingType,true,,applications/product/servicedef/services_supplier.xml,product-catalog,catalog-product-team,provisional-repository-inferred
deleteSupplierRatingType,entity-auto,,delete,SupplierRatingType,true,,applications/product/servicedef/services_supplier.xml,product-catalog,catalog-product-team,provisional-repository-inferred
interfaceUomFormula,interface,,,,,,applications/product/servicedef/services_uom.xml,product-catalog,catalog-product-team,provisional-repository-inferred
convertUomProduct,simple,component://product/minilang/product/product/ProductUomFormulas.xml,convertUomProduct,,false,,applications/product/servicedef/services_uom.xml,product-catalog,catalog-product-team,provisional-repository-inferred
migrateOldPicklistStatusHistoryToPickListStatus,groovy,component://product/src/main/groovy/org/apache/ofbiz/product/shipment/PicklistServices.groovy,migrateOldPicklistStatusHistoryToPickListStatus,,true,,applications/product/servicedef/services_upgrade.xml,product-catalog,catalog-product-team,provisional-repository-inferred
getProduct,java,org.apache.ofbiz.product.product.ProductServices,prodFindProduct,,,,applications/product/servicedef/services_view.xml,product-catalog,catalog-product-team,provisional-repository-inferred
getProductVariant,java,org.apache.ofbiz.product.product.ProductServices,prodFindSelectedVariant,,,,applications/product/servicedef/services_view.xml,product-catalog,catalog-product-team,provisional-repository-inferred
getProductFeatureSet,java,org.apache.ofbiz.product.product.ProductServices,prodFindFeatureTypes,,,,applications/product/servicedef/services_view.xml,product-catalog,catalog-product-team,provisional-repository-inferred
getProductVariantTree,java,org.apache.ofbiz.product.product.ProductServices,prodMakeFeatureTree,,,,applications/product/servicedef/services_view.xml,product-catalog,catalog-product-team,provisional-repository-inferred
getAllProductVariants,java,org.apache.ofbiz.product.product.ProductServices,prodFindAllVariants,,,,applications/product/servicedef/services_view.xml,product-catalog,catalog-product-team,provisional-repository-inferred
getAssociatedProducts,java,org.apache.ofbiz.product.product.ProductServices,prodFindAssociatedByType,,,,applications/product/servicedef/services_view.xml,product-catalog,catalog-product-team,provisional-repository-inferred
getProductFeatures,java,org.apache.ofbiz.product.product.ProductServices,prodGetFeatures,,,,applications/product/servicedef/services_view.xml,product-catalog,catalog-product-team,provisional-repository-inferred
getSuppliersForProduct,java,org.apache.ofbiz.product.supplier.SupplierProductServices,getSuppliersForProduct,,,,applications/product/servicedef/services_view.xml,product-catalog,catalog-product-team,provisional-repository-inferred
convertFeaturesForSupplier,java,org.apache.ofbiz.product.supplier.SupplierProductServices,convertFeaturesForSupplier,,,,applications/product/servicedef/services_view.xml,product-catalog,catalog-product-team,provisional-repository-inferred
getProductCategoryMembers,java,org.apache.ofbiz.product.category.CategoryServices,getCategoryMembers,,,,applications/product/servicedef/services_view.xml,product-catalog,catalog-product-team,provisional-repository-inferred
getAssociatedProductsList,groovy,component://product/src/main/groovy/org/apache/ofbiz/product/product/category/CategoryServicesScript.groovy,getAssociatedProductsList,,false,,applications/product/servicedef/services_view.xml,product-catalog,catalog-product-team,provisional-repository-inferred
getPreviousNextProducts,java,org.apache.ofbiz.product.category.CategoryServices,getPreviousNextProducts,,,,applications/product/servicedef/services_view.xml,product-catalog,catalog-product-team,provisional-repository-inferred
getProductCategoryAndLimitedMembers,java,org.apache.ofbiz.product.category.CategoryServices,getProductCategoryAndLimitedMembers,,,,applications/product/servicedef/services_view.xml,product-catalog,catalog-product-team,provisional-repository-inferred
importIssuerProvision,java,org.apache.ofbiz.securityext.cert.CertificateServices,importIssuerCertificate,,true,,applications/securityext/servicedef/services.xml,identity-access,identity-platform-team,provisional-repository-inferred
migrateUserLoginUserFullName,java,org.apache.ofbiz.securityext.migrate.MigrationServices,migrateUserLoginUserFullName,,true,,applications/securityext/servicedef/services.xml,identity-access,identity-platform-team,provisional-repository-inferred
interfaceWorkEffort,interface,,,WorkEffort,,,applications/workeffort/servicedef/services.xml,work-management,work-product-team,provisional-repository-inferred
createWorkEffort,groovy,component://workeffort/src/main/groovy/org/apache/ofbiz/workeffort/workeffort/workeffort/WorkEffortServicesScript.groovy,createWorkEffort,WorkEffort,,,applications/workeffort/servicedef/services.xml,work-management,work-product-team,provisional-repository-inferred
createWorkEffortAndPartyAssign,groovy,component://workeffort/src/main/groovy/org/apache/ofbiz/workeffort/workeffort/workeffort/WorkEffortServicesScript.groovy,createWorkEffortAndPartyAssign,WorkEffort,,,applications/workeffort/servicedef/services.xml,work-management,work-product-team,provisional-repository-inferred
updateWorkEffort,groovy,component://workeffort/src/main/groovy/org/apache/ofbiz/workeffort/workeffort/workeffort/WorkEffortServicesScript.groovy,updateWorkEffort,WorkEffort,,,applications/workeffort/servicedef/services.xml,work-management,work-product-team,provisional-repository-inferred
deleteWorkEffort,groovy,component://workeffort/src/main/groovy/org/apache/ofbiz/workeffort/workeffort/workeffort/WorkEffortServicesScript.groovy,deleteWorkEffort,WorkEffort,,,applications/workeffort/servicedef/services.xml,work-management,work-product-team,provisional-repository-inferred
createWorkEffortStatus,entity-auto,,create,WorkEffortStatus,true,,applications/workeffort/servicedef/services.xml,work-management,work-product-team,provisional-repository-inferred
copyWorkEffort,groovy,component://workeffort/src/main/groovy/org/apache/ofbiz/workeffort/workeffort/workeffort/WorkEffortServicesScript.groovy,copyWorkEffort,,true,,applications/workeffort/servicedef/services.xml,work-management,work-product-team,provisional-repository-inferred
duplicateWorkEffort,groovy,component://workeffort/src/main/groovy/org/apache/ofbiz/workeffort/workeffort/workeffort/WorkEffortServicesScript.groovy,duplicateWorkEffort,,true,,applications/workeffort/servicedef/services.xml,work-management,work-product-team,provisional-repository-inferred
makeCommunicationEventWorkEffort,simple,component://workeffort/minilang/workeffort/WorkEffortSimpleServices.xml,makeCommunicationEventWorkEffort,WorkEffort,true,,applications/workeffort/servicedef/services.xml,work-management,work-product-team,provisional-repository-inferred
createWorkEffortPartyAssignment,entity-auto,,create,WorkEffortPartyAssignment,true,,applications/workeffort/servicedef/services.xml,work-management,work-product-team,provisional-repository-inferred
updateWorkEffortPartyAssignment,entity-auto,,update,WorkEffortPartyAssignment,true,,applications/workeffort/servicedef/services.xml,work-management,work-product-team,provisional-repository-inferred
expireWorkEffortPartyAssignment,entity-auto,,expire,WorkEffortPartyAssignment,true,,applications/workeffort/servicedef/services.xml,work-management,work-product-team,provisional-repository-inferred
assignPartyToWorkEffort,groovy,component://workeffort/src/main/groovy/org/apache/ofbiz/workeffort/workeffort/workeffort/WorkEffortServicesScript.groovy,assignPartyToWorkEffort,WorkEffortPartyAssignment,,,applications/workeffort/servicedef/services.xml,work-management,work-product-team,provisional-repository-inferred
updatePartyToWorkEffortAssignment,groovy,component://workeffort/src/main/groovy/org/apache/ofbiz/workeffort/workeffort/workeffort/WorkEffortServicesScript.groovy,updatePartyToWorkEffortAssignment,WorkEffortPartyAssignment,,,applications/workeffort/servicedef/services.xml,work-management,work-product-team,provisional-repository-inferred
deletePartyToWorkEffortAssignment,entity-auto,,expire,WorkEffortPartyAssignment,,,applications/workeffort/servicedef/services.xml,work-management,work-product-team,provisional-repository-inferred
unassignPartyFromWorkEffort,entity-auto,,delete,WorkEffortPartyAssignment,,,applications/workeffort/servicedef/services.xml,work-management,work-product-team,provisional-repository-inferred
quickAssignPartyToWorkEffort,groovy,component://workeffort/src/main/groovy/org/apache/ofbiz/workeffort/workeffort/workeffort/WorkEffortServicesScript.groovy,quickAssignPartyToWorkEffort,,,,applications/workeffort/servicedef/services.xml,work-management,work-product-team,provisional-repository-inferred
quickAssignPartyToWorkEffortWithRole,groovy,component://workeffort/src/main/groovy/org/apache/ofbiz/workeffort/workeffort/workeffort/WorkEffortServicesScript.groovy,quickAssignPartyToWorkEffort,,,,applications/workeffort/servicedef/services.xml,work-management,work-product-team,provisional-repository-inferred
createWorkEffortNote,simple,component://workeffort/minilang/workeffort/WorkEffortSimpleServices.xml,createWorkEffortNote,,true,,applications/workeffort/servicedef/services.xml,work-management,work-product-team,provisional-repository-inferred
updateWorkEffortNote,simple,component://workeffort/minilang/workeffort/WorkEffortSimpleServices.xml,updateWorkEffortNote,,true,,applications/workeffort/servicedef/services.xml,work-management,work-product-team,provisional-repository-inferred
getWorkEffortAssignedEventsForRole,java,org.apache.ofbiz.workeffort.workeffort.WorkEffortServices,getWorkEffortAssignedEventsForRole,,,,applications/workeffort/servicedef/services.xml,work-management,work-product-team,provisional-repository-inferred
getWorkEffortAssignedEventsForRoleOfAllParties,java,org.apache.ofbiz.workeffort.workeffort.WorkEffortServices,getWorkEffortAssignedEventsForRoleOfAllParties,,,,applications/workeffort/servicedef/services.xml,work-management,work-product-team,provisional-repository-inferred
getWorkEffortAssignedTasks,java,org.apache.ofbiz.workeffort.workeffort.WorkEffortServices,getWorkEffortAssignedTasks,,,,applications/workeffort/servicedef/services.xml,work-management,work-product-team,provisional-repository-inferred
getWorkEffortAssignedActivities,java,org.apache.ofbiz.workeffort.workeffort.WorkEffortServices,getWorkEffortAssignedActivities,,,,applications/workeffort/servicedef/services.xml,work-management,work-product-team,provisional-repository-inferred
getWorkEffortAssignedActivitiesByRole,java,org.apache.ofbiz.workeffort.workeffort.WorkEffortServices,getWorkEffortAssignedActivitiesByRole,,,,applications/workeffort/servicedef/services.xml,work-management,work-product-team,provisional-repository-inferred
getWorkEffortAssignedActivitiesByGroup,java,org.apache.ofbiz.workeffort.workeffort.WorkEffortServices,getWorkEffortAssignedActivitiesByGroup,,,,applications/workeffort/servicedef/services.xml,work-management,work-product-team,provisional-repository-inferred
getWorkEffort,java,org.apache.ofbiz.workeffort.workeffort.WorkEffortServices,getWorkEffort,,,,applications/workeffort/servicedef/services.xml,work-management,work-product-team,provisional-repository-inferred
getWorkEffortEventsByPeriod,java,org.apache.ofbiz.workeffort.workeffort.WorkEffortServices,getWorkEffortEventsByPeriod,,true,,applications/workeffort/servicedef/services.xml,work-management,work-product-team,provisional-repository-inferred
removeDuplicateWorkEfforts,java,org.apache.ofbiz.workeffort.workeffort.WorkEffortServices,removeDuplicateWorkEfforts,,true,,applications/workeffort/servicedef/services.xml,work-management,work-product-team,provisional-repository-inferred
checkAndCreateWorkEffort,groovy,component://workeffort/src/main/groovy/org/apache/ofbiz/workeffort/workeffort/workeffort/WorkEffortServicesScript.groovy,checkAndCreateWorkEffort,Shipment,true,,applications/workeffort/servicedef/services.xml,work-management,work-product-team,provisional-repository-inferred
checkAndUpdateWorkEffort,groovy,component://workeffort/src/main/groovy/org/apache/ofbiz/workeffort/workeffort/workeffort/WorkEffortServicesScript.groovy,checkAndUpdateWorkEffort,Shipment,true,,applications/workeffort/servicedef/services.xml,work-management,work-product-team,provisional-repository-inferred
getProductManufacturingSummaryByFacility,java,org.apache.ofbiz.workeffort.workeffort.WorkEffortServices,getProductManufacturingSummaryByFacility,,,,applications/workeffort/servicedef/services.xml,work-management,work-product-team,provisional-repository-inferred
createWorkEffortAssoc,simple,component://workeffort/minilang/workeffort/WorkEffortSimpleServices.xml,createWorkEffortAssoc,WorkEffortAssoc,,,applications/workeffort/servicedef/services.xml,work-management,work-product-team,provisional-repository-inferred
updateWorkEffortAssoc,entity-auto,,update,WorkEffortAssoc,,,applications/workeffort/servicedef/services.xml,work-management,work-product-team,provisional-repository-inferred
removeWorkEffortAssoc,entity-auto,,delete,WorkEffortAssoc,,,applications/workeffort/servicedef/services.xml,work-management,work-product-team,provisional-repository-inferred
copyWorkEffortAssocs,simple,component://workeffort/minilang/workeffort/WorkEffortSimpleServices.xml,copyWorkEffortAssocs,,true,,applications/workeffort/servicedef/services.xml,work-management,work-product-team,provisional-repository-inferred
createWorkEffortAndAssoc,simple,component://workeffort/minilang/workeffort/WorkEffortSimpleServices.xml,createWorkEffortAndAssoc,,true,,applications/workeffort/servicedef/services.xml,work-management,work-product-team,provisional-repository-inferred
updateWorkEffortAndAssoc,group,updateWorkEffortAndAssoc,,,true,,applications/workeffort/servicedef/services.xml,work-management,work-product-team,provisional-repository-inferred
createWorkEffortGoodStandard,entity-auto,,create,WorkEffortGoodStandard,,,applications/workeffort/servicedef/services.xml,work-management,work-product-team,provisional-repository-inferred
updateWorkEffortGoodStandard,entity-auto,,update,WorkEffortGoodStandard,,,applications/workeffort/servicedef/services.xml,work-management,work-product-team,provisional-repository-inferred
removeWorkEffortGoodStandard,entity-auto,,delete,WorkEffortGoodStandard,,,applications/workeffort/servicedef/services.xml,work-management,work-product-team,provisional-repository-inferred
assignInventoryToWorkEffort,simple,component://workeffort/minilang/workeffort/WorkEffortSimpleServices.xml,assignInventoryToWorkEffort,WorkEffortInventoryAssign,true,,applications/workeffort/servicedef/services.xml,work-management,work-product-team,provisional-repository-inferred
createCommunicationEventWorkEff,simple,component://workeffort/minilang/workeffort/WorkEffortSimpleServices.xml,makeCommunicationEventWorkEffort,,true,,applications/workeffort/servicedef/services.xml,work-management,work-product-team,provisional-repository-inferred
updateCommunicationEventWorkEff,simple,component://workeffort/minilang/workeffort/WorkEffortSimpleServices.xml,updateCommunicationEventWorkEff,,true,,applications/workeffort/servicedef/services.xml,work-management,work-product-team,provisional-repository-inferred
deleteCommunicationEventWorkEff,simple,component://workeffort/minilang/workeffort/WorkEffortSimpleServices.xml,deleteCommunicationEventWorkEff,,true,,applications/workeffort/servicedef/services.xml,work-management,work-product-team,provisional-repository-inferred
createWorkEffortRequest,entity-auto,,create,CustRequestWorkEffort,true,,applications/workeffort/servicedef/services.xml,work-management,work-product-team,provisional-repository-inferred
deleteWorkEffortRequest,entity-auto,,delete,CustRequestWorkEffort,true,,applications/workeffort/servicedef/services.xml,work-management,work-product-team,provisional-repository-inferred
createWorkEffortRequestItemAndRequestItem,group,createWorkEffortRequestItemAndRequestItem,,,true,,applications/workeffort/servicedef/services.xml,work-management,work-product-team,provisional-repository-inferred
createWorkEffortRequestItem,entity-auto,,create,CustRequestItemWorkEffort,true,,applications/workeffort/servicedef/services.xml,work-management,work-product-team,provisional-repository-inferred
deleteWorkEffortRequestItem,entity-auto,,delete,CustRequestItemWorkEffort,true,,applications/workeffort/servicedef/services.xml,work-management,work-product-team,provisional-repository-inferred
checkCustRequestItemExists,simple,component://workeffort/minilang/workeffort/WorkEffortSimpleServices.xml,checkCustRequestItemExists,,true,,applications/workeffort/servicedef/services.xml,work-management,work-product-team,provisional-repository-inferred
assocAcceptedCustRequestToWorkEffort,groovy,component://workeffort/src/main/groovy/org/apache/ofbiz/workeffort/workeffort/workeffort/WorkEffortServicesScript.groovy,assocAcceptedCustRequestToWorkEffort,CustRequestWorkEffort,true,,applications/workeffort/servicedef/services.xml,work-management,work-product-team,provisional-repository-inferred
createWorkEffortQuote,entity-auto,,create,QuoteWorkEffort,true,,applications/workeffort/servicedef/services.xml,work-management,work-product-team,provisional-repository-inferred
deleteWorkEffortQuote,entity-auto,,delete,QuoteWorkEffort,true,,applications/workeffort/servicedef/services.xml,work-management,work-product-team,provisional-repository-inferred
createWorkRequirementFulfillment,entity-auto,,create,WorkRequirementFulfillment,true,,applications/workeffort/servicedef/services.xml,work-management,work-product-team,provisional-repository-inferred
deleteWorkRequirementFulfillment,entity-auto,,delete,WorkRequirementFulfillment,true,,applications/workeffort/servicedef/services.xml,work-management,work-product-team,provisional-repository-inferred
createShoppingListWorkEffort,entity-auto,,create,ShoppingListWorkEffort,true,,applications/workeffort/servicedef/services.xml,work-management,work-product-team,provisional-repository-inferred
deleteShoppingListWorkEffort,entity-auto,,delete,ShoppingListWorkEffort,true,,applications/workeffort/servicedef/services.xml,work-management,work-product-team,provisional-repository-inferred
createOrderHeaderWorkEffort,entity-auto,,create,OrderHeaderWorkEffort,true,,applications/workeffort/servicedef/services.xml,work-management,work-product-team,provisional-repository-inferred
deleteOrderHeaderWorkEffort,entity-auto,,delete,OrderHeaderWorkEffort,true,,applications/workeffort/servicedef/services.xml,work-management,work-product-team,provisional-repository-inferred
setWorkEffortFixedAssetAssign,simple,component://workeffort/minilang/workeffort/WorkEffortSimpleServices.xml,setWorkEffortFixedAssetAssign,,true,,applications/workeffort/servicedef/services.xml,work-management,work-product-team,provisional-repository-inferred
createWorkEffortFixedAssetStd,entity-auto,,create,WorkEffortFixedAssetStd,true,,applications/workeffort/servicedef/services.xml,work-management,work-product-team,provisional-repository-inferred
updateWorkEffortFixedAssetStd,entity-auto,,update,WorkEffortFixedAssetStd,true,,applications/workeffort/servicedef/services.xml,work-management,work-product-team,provisional-repository-inferred
removeWorkEffortFixedAssetStd,entity-auto,,delete,WorkEffortFixedAssetStd,true,,applications/workeffort/servicedef/services.xml,work-management,work-product-team,provisional-repository-inferred
createWorkEffortFixedAssetAssign,simple,component://workeffort/minilang/workeffort/WorkEffortSimpleServices.xml,createWorkEffortFixedAssetAssign,WorkEffortFixedAssetAssign,true,,applications/workeffort/servicedef/services.xml,work-management,work-product-team,provisional-repository-inferred
updateWorkEffortFixedAssetAssign,entity-auto,,update,WorkEffortFixedAssetAssign,true,,applications/workeffort/servicedef/services.xml,work-management,work-product-team,provisional-repository-inferred
removeWorkEffortFixedAssetAssign,entity-auto,,delete,WorkEffortFixedAssetAssign,true,,applications/workeffort/servicedef/services.xml,work-management,work-product-team,provisional-repository-inferred
createWorkEffortContent,entity-auto,,create,WorkEffortContent,true,,applications/workeffort/servicedef/services.xml,work-management,work-product-team,provisional-repository-inferred
updateWorkEffortContent,entity-auto,,update,WorkEffortContent,true,,applications/workeffort/servicedef/services.xml,work-management,work-product-team,provisional-repository-inferred
deleteWorkEffortContent,entity-auto,,delete,WorkEffortContent,true,,applications/workeffort/servicedef/services.xml,work-management,work-product-team,provisional-repository-inferred
createWorkEffortTextContent,group,,,,true,,applications/workeffort/servicedef/services.xml,work-management,work-product-team,provisional-repository-inferred
updateWorkEffortTextContent,group,,,,true,,applications/workeffort/servicedef/services.xml,work-management,work-product-team,provisional-repository-inferred
uploadWorkEffortContentFile,group,,,,,,applications/workeffort/servicedef/services.xml,work-management,work-product-team,provisional-repository-inferred
createWorkEffortReview,simple,component://workeffort/minilang/workeffort/WorkEffortSimpleServices.xml,createWorkEffortReview,WorkEffortReview,true,,applications/workeffort/servicedef/services.xml,work-management,work-product-team,provisional-repository-inferred
updateWorkEffortReview,entity-auto,,update,WorkEffortReview,true,,applications/workeffort/servicedef/services.xml,work-management,work-product-team,provisional-repository-inferred
deleteWorkEffortReview,entity-auto,,delete,WorkEffortReview,true,,applications/workeffort/servicedef/services.xml,work-management,work-product-team,provisional-repository-inferred
indexWorkEffortKeywords,simple,component://workeffort/minilang/workeffort/WorkEffortSimpleServices.xml,indexWorkEffortKeywords,,,,applications/workeffort/servicedef/services.xml,work-management,work-product-team,provisional-repository-inferred
createWorkEffortKeyword,simple,component://workeffort/minilang/workeffort/WorkEffortSimpleServices.xml,createWorkEffortKeyword,WorkEffortKeyword,true,,applications/workeffort/servicedef/services.xml,work-management,work-product-team,provisional-repository-inferred
deleteWorkEffortKeyword,entity-auto,,delete,WorkEffortKeyword,true,,applications/workeffort/servicedef/services.xml,work-management,work-product-team,provisional-repository-inferred
createWorkEffortKeywords,simple,component://workeffort/minilang/workeffort/WorkEffortSimpleServices.xml,createWorkEffortKeywords,WorkEffortKeyword,true,,applications/workeffort/servicedef/services.xml,work-management,work-product-team,provisional-repository-inferred
deleteWorkEffortKeywords,simple,component://workeffort/minilang/workeffort/WorkEffortSimpleServices.xml,deleteWorkEffortKeywords,,true,,applications/workeffort/servicedef/services.xml,work-management,work-product-team,provisional-repository-inferred
workEffortManagerPermission,simple,component://workeffort/minilang/permission/WorkEffortPermissionServices.xml,workEffortManagerPermission,,,,applications/workeffort/servicedef/services.xml,work-management,work-product-team,provisional-repository-inferred
workEffortGenericPermission,simple,component://workeffort/minilang/permission/WorkEffortPermissionServices.xml,workEffortGenericPermission,,,,applications/workeffort/servicedef/services.xml,work-management,work-product-team,provisional-repository-inferred
timesheetUpdatePermission,simple,component://workeffort/minilang/permission/WorkEffortPermissionServices.xml,timesheetUpdatePermission,,,,applications/workeffort/servicedef/services.xml,work-management,work-product-team,provisional-repository-inferred
createWorkEffortSkillStandard,entity-auto,,create,WorkEffortSkillStandard,true,,applications/workeffort/servicedef/services.xml,work-management,work-product-team,provisional-repository-inferred
updateWorkEffortSkillStandard,entity-auto,,update,WorkEffortSkillStandard,true,,applications/workeffort/servicedef/services.xml,work-management,work-product-team,provisional-repository-inferred
deleteWorkEffortSkillStandard,entity-auto,,delete,WorkEffortSkillStandard,true,,applications/workeffort/servicedef/services.xml,work-management,work-product-team,provisional-repository-inferred
createWorkEffortAttribute,entity-auto,,create,WorkEffortAttribute,true,,applications/workeffort/servicedef/services.xml,work-management,work-product-team,provisional-repository-inferred
updateWorkEffortAttribute,entity-auto,,update,WorkEffortAttribute,true,,applications/workeffort/servicedef/services.xml,work-management,work-product-team,provisional-repository-inferred
deleteWorkEffortAttribute,entity-auto,,delete,WorkEffortAttribute,true,,applications/workeffort/servicedef/services.xml,work-management,work-product-team,provisional-repository-inferred
createWorkEffortContactMech,groovy,component://workeffort/src/main/groovy/org/apache/ofbiz/workeffort/workeffort/workeffort/WorkEffortServicesScript.groovy,createWorkEffortContactMech,,true,,applications/workeffort/servicedef/services.xml,work-management,work-product-team,provisional-repository-inferred
updateWorkEffortContactMech,groovy,component://workeffort/src/main/groovy/org/apache/ofbiz/workeffort/workeffort/workeffort/WorkEffortServicesScript.groovy,updateWorkEffortContactMech,,true,,applications/workeffort/servicedef/services.xml,work-management,work-product-team,provisional-repository-inferred
deleteWorkEffortContactMech,entity-auto,,delete,WorkEffortContactMech,true,,applications/workeffort/servicedef/services.xml,work-management,work-product-team,provisional-repository-inferred
createWorkEffortPostalAddress,groovy,component://workeffort/src/main/groovy/org/apache/ofbiz/workeffort/workeffort/workeffort/WorkEffortServicesScript.groovy,createWorkEffortContactMech,,true,,applications/workeffort/servicedef/services.xml,work-management,work-product-team,provisional-repository-inferred
updateWorkEffortPostalAddress,groovy,component://workeffort/src/main/groovy/org/apache/ofbiz/workeffort/workeffort/workeffort/WorkEffortServicesScript.groovy,updateWorkEffortContactMech,,true,,applications/workeffort/servicedef/services.xml,work-management,work-product-team,provisional-repository-inferred
createWorkEffortTelecomNumber,groovy,component://workeffort/src/main/groovy/org/apache/ofbiz/workeffort/workeffort/workeffort/WorkEffortServicesScript.groovy,createWorkEffortContactMech,,true,,applications/workeffort/servicedef/services.xml,work-management,work-product-team,provisional-repository-inferred
updateWorkEffortTelecomNumber,groovy,component://workeffort/src/main/groovy/org/apache/ofbiz/workeffort/workeffort/workeffort/WorkEffortServicesScript.groovy,updateWorkEffortContactMech,,true,,applications/workeffort/servicedef/services.xml,work-management,work-product-team,provisional-repository-inferred
createWorkEffortEmailAddress,groovy,component://workeffort/src/main/groovy/org/apache/ofbiz/workeffort/workeffort/workeffort/WorkEffortServicesScript.groovy,createWorkEffortContactMech,,true,,applications/workeffort/servicedef/services.xml,work-management,work-product-team,provisional-repository-inferred
updateWorkEffortEmailAddress,groovy,component://workeffort/src/main/groovy/org/apache/ofbiz/workeffort/workeffort/workeffort/WorkEffortServicesScript.groovy,updateWorkEffortContactMech,,true,,applications/workeffort/servicedef/services.xml,work-management,work-product-team,provisional-repository-inferred
createWorkEffortInventoryProduced,entity-auto,,create,WorkEffortInventoryProduced,true,,applications/workeffort/servicedef/services.xml,work-management,work-product-team,provisional-repository-inferred
deleteWorkEffortInventoryProduced,entity-auto,,delete,WorkEffortInventoryProduced,true,,applications/workeffort/servicedef/services.xml,work-management,work-product-team,provisional-repository-inferred
createWorkEffortICalData,entity-auto,,create,WorkEffortIcalData,true,,applications/workeffort/servicedef/services.xml,work-management,work-product-team,provisional-repository-inferred
updateWorkEffortICalData,entity-auto,,update,WorkEffortIcalData,true,,applications/workeffort/servicedef/services.xml,work-management,work-product-team,provisional-repository-inferred
deleteWorkEffortICalData,entity-auto,,delete,WorkEffortIcalData,true,,applications/workeffort/servicedef/services.xml,work-management,work-product-team,provisional-repository-inferred
workEffortICalendarPermission,simple,component://workeffort/minilang/permission/WorkEffortPermissionServices.xml,workEffortICalendarPermission,,,,applications/workeffort/servicedef/services.xml,work-management,work-product-team,provisional-repository-inferred
getICalWorkEfforts,simple,component://workeffort/minilang/workeffort/WorkEffortSimpleServices.xml,getICalWorkEfforts,,false,,applications/workeffort/servicedef/services.xml,work-management,work-product-team,provisional-repository-inferred
getPartyICalUrl,simple,component://workeffort/minilang/workeffort/WorkEffortSimpleServices.xml,getPartyICalUrl,,false,,applications/workeffort/servicedef/services.xml,work-management,work-product-team,provisional-repository-inferred
createWorkEffortEventReminder,entity-auto,,create,WorkEffortEventReminder,true,,applications/workeffort/servicedef/services.xml,work-management,work-product-team,provisional-repository-inferred
updateWorkEffortEventReminder,entity-auto,,update,WorkEffortEventReminder,true,,applications/workeffort/servicedef/services.xml,work-management,work-product-team,provisional-repository-inferred
deleteWorkEffortEventReminder,entity-auto,,delete,WorkEffortEventReminder,true,,applications/workeffort/servicedef/services.xml,work-management,work-product-team,provisional-repository-inferred
processWorkEffortEventReminders,java,org.apache.ofbiz.workeffort.workeffort.WorkEffortServices,processWorkEffortEventReminders,,true,,applications/workeffort/servicedef/services.xml,work-management,work-product-team,provisional-repository-inferred
processWorkEffortEventReminder,java,org.apache.ofbiz.workeffort.workeffort.WorkEffortServices,processWorkEffortEventReminder,,true,,applications/workeffort/servicedef/services.xml,work-management,work-product-team,provisional-repository-inferred
createWorkEffortSurveyAppl,entity-auto,,create,WorkEffortSurveyAppl,true,,applications/workeffort/servicedef/services.xml,work-management,work-product-team,provisional-repository-inferred
updateWorkEffortSurveyAppl,entity-auto,,update,WorkEffortSurveyAppl,true,,applications/workeffort/servicedef/services.xml,work-management,work-product-team,provisional-repository-inferred
deleteWorkEffortSurveyAppl,entity-auto,,expire,WorkEffortSurveyAppl,true,,applications/workeffort/servicedef/services.xml,work-management,work-product-team,provisional-repository-inferred
createTimesheet,entity-auto,,create,Timesheet,true,,applications/workeffort/servicedef/services_timesheet.xml,work-management,work-product-team,provisional-repository-inferred
updateTimesheet,entity-auto,,update,Timesheet,true,,applications/workeffort/servicedef/services_timesheet.xml,work-management,work-product-team,provisional-repository-inferred
deleteTimesheet,entity-auto,,delete,Timesheet,true,,applications/workeffort/servicedef/services_timesheet.xml,work-management,work-product-team,provisional-repository-inferred
createTimesheets,simple,component://workeffort/minilang/timesheet/TimesheetServices.xml,createTimesheets,,true,,applications/workeffort/servicedef/services_timesheet.xml,work-management,work-product-team,provisional-repository-inferred
createTimesheetForThisWeek,simple,component://workeffort/minilang/timesheet/TimesheetServices.xml,createTimesheetForThisWeek,Timesheet,true,,applications/workeffort/servicedef/services_timesheet.xml,work-management,work-product-team,provisional-repository-inferred
addTimesheetToInvoice,simple,component://workeffort/minilang/timesheet/TimesheetServices.xml,addTimesheetToInvoice,Timesheet,true,,applications/workeffort/servicedef/services_timesheet.xml,work-management,work-product-team,provisional-repository-inferred
addTimesheetToNewInvoice,simple,component://workeffort/minilang/timesheet/TimesheetServices.xml,addTimesheetToInvoice,Timesheet,true,,applications/workeffort/servicedef/services_timesheet.xml,work-management,work-product-team,provisional-repository-inferred
addWorkEffortTimeToInvoice,simple,component://workeffort/minilang/timesheet/TimesheetServices.xml,addWorkEffortTimeToInvoice,Timesheet,true,,applications/workeffort/servicedef/services_timesheet.xml,work-management,work-product-team,provisional-repository-inferred
addWorkEffortTimeToNewInvoice,simple,component://workeffort/minilang/timesheet/TimesheetServices.xml,addWorkEffortTimeToInvoice,Timesheet,true,,applications/workeffort/servicedef/services_timesheet.xml,work-management,work-product-team,provisional-repository-inferred
createTimesheetRole,entity-auto,,create,TimesheetRole,true,,applications/workeffort/servicedef/services_timesheet.xml,work-management,work-product-team,provisional-repository-inferred
deleteTimesheetRole,entity-auto,,delete,TimesheetRole,true,,applications/workeffort/servicedef/services_timesheet.xml,work-management,work-product-team,provisional-repository-inferred
checkTimesheetStatus,simple,component://workeffort/minilang/timesheet/TimesheetServices.xml,checkTimesheetStatus,TimeEntry,true,,applications/workeffort/servicedef/services_timesheet.xml,work-management,work-product-team,provisional-repository-inferred
createTimeEntry,entity-auto,,create,TimeEntry,true,,applications/workeffort/servicedef/services_timesheet.xml,work-management,work-product-team,provisional-repository-inferred
updateTimeEntry,simple,component://workeffort/minilang/timesheet/TimesheetServices.xml,updateTimeEntry,TimeEntry,true,,applications/workeffort/servicedef/services_timesheet.xml,work-management,work-product-team,provisional-repository-inferred
deleteTimeEntry,entity-auto,,delete,TimeEntry,true,,applications/workeffort/servicedef/services_timesheet.xml,work-management,work-product-team,provisional-repository-inferred
getTimeEntryRate,simple,component://workeffort/minilang/timesheet/TimesheetServices.xml,getTimeEntryRate,TimeEntry,true,,applications/workeffort/servicedef/services_timesheet.xml,work-management,work-product-team,provisional-repository-inferred
createDeliverable,entity-auto,,create,Deliverable,true,,applications/workeffort/servicedef/services_workeffort.xml,work-management,work-product-team,provisional-repository-inferred
updateDeliverable,entity-auto,,update,Deliverable,true,,applications/workeffort/servicedef/services_workeffort.xml,work-management,work-product-team,provisional-repository-inferred
deleteDeliverable,entity-auto,,delete,Deliverable,true,,applications/workeffort/servicedef/services_workeffort.xml,work-management,work-product-team,provisional-repository-inferred
createDeliverableType,entity-auto,,create,DeliverableType,true,,applications/workeffort/servicedef/services_workeffort.xml,work-management,work-product-team,provisional-repository-inferred
updateDeliverableType,entity-auto,,update,DeliverableType,true,,applications/workeffort/servicedef/services_workeffort.xml,work-management,work-product-team,provisional-repository-inferred
deleteDeliverableType,entity-auto,,delete,DeliverableType,true,,applications/workeffort/servicedef/services_workeffort.xml,work-management,work-product-team,provisional-repository-inferred
createWorkEffortAssocAttribute,entity-auto,,create,WorkEffortAssocAttribute,true,,applications/workeffort/servicedef/services_workeffort.xml,work-management,work-product-team,provisional-repository-inferred
updateWorkEffortAssocAttribute,entity-auto,,update,WorkEffortAssocAttribute,true,,applications/workeffort/servicedef/services_workeffort.xml,work-management,work-product-team,provisional-repository-inferred
deleteWorkEffortAssocAttribute,entity-auto,,delete,WorkEffortAssocAttribute,true,,applications/workeffort/servicedef/services_workeffort.xml,work-management,work-product-team,provisional-repository-inferred
createWorkEffortAssocType,entity-auto,,create,WorkEffortAssocType,true,,applications/workeffort/servicedef/services_workeffort.xml,work-management,work-product-team,provisional-repository-inferred
updateWorkEffortAssocType,entity-auto,,update,WorkEffortAssocType,true,,applications/workeffort/servicedef/services_workeffort.xml,work-management,work-product-team,provisional-repository-inferred
deleteWorkEffortAssocType,entity-auto,,delete,WorkEffortAssocType,true,,applications/workeffort/servicedef/services_workeffort.xml,work-management,work-product-team,provisional-repository-inferred
createWorkEffortAssocTypeAttr,entity-auto,,create,WorkEffortAssocTypeAttr,true,,applications/workeffort/servicedef/services_workeffort.xml,work-management,work-product-team,provisional-repository-inferred
updateWorkEffortAssocTypeAttr,entity-auto,,update,WorkEffortAssocTypeAttr,true,,applications/workeffort/servicedef/services_workeffort.xml,work-management,work-product-team,provisional-repository-inferred
deleteWorkEffortAssocTypeAttr,entity-auto,,delete,WorkEffortAssocTypeAttr,true,,applications/workeffort/servicedef/services_workeffort.xml,work-management,work-product-team,provisional-repository-inferred
createWorkEffortBilling,entity-auto,,create,WorkEffortBilling,true,,applications/workeffort/servicedef/services_workeffort.xml,work-management,work-product-team,provisional-repository-inferred
updateWorkEffortBilling,entity-auto,,update,WorkEffortBilling,true,,applications/workeffort/servicedef/services_workeffort.xml,work-management,work-product-team,provisional-repository-inferred
deleteWorkEffortBilling,entity-auto,,delete,WorkEffortBilling,true,,applications/workeffort/servicedef/services_workeffort.xml,work-management,work-product-team,provisional-repository-inferred
createWorkEffortContentType,entity-auto,,create,WorkEffortContentType,true,,applications/workeffort/servicedef/services_workeffort.xml,work-management,work-product-team,provisional-repository-inferred
updateWorkEffortContentType,entity-auto,,update,WorkEffortContentType,true,,applications/workeffort/servicedef/services_workeffort.xml,work-management,work-product-team,provisional-repository-inferred
deleteWorkEffortContentType,entity-auto,,delete,WorkEffortContentType,true,,applications/workeffort/servicedef/services_workeffort.xml,work-management,work-product-team,provisional-repository-inferred
createWorkEffortGoodStandardType,entity-auto,,create,WorkEffortGoodStandardType,true,,applications/workeffort/servicedef/services_workeffort.xml,work-management,work-product-team,provisional-repository-inferred
updateWorkEffortGoodStandardType,entity-auto,,update,WorkEffortGoodStandardType,true,,applications/workeffort/servicedef/services_workeffort.xml,work-management,work-product-team,provisional-repository-inferred
deleteWorkEffortGoodStandardType,entity-auto,,delete,WorkEffortGoodStandardType,true,,applications/workeffort/servicedef/services_workeffort.xml,work-management,work-product-team,provisional-repository-inferred
createWorkEffortPurposeType,entity-auto,,create,WorkEffortPurposeType,true,,applications/workeffort/servicedef/services_workeffort.xml,work-management,work-product-team,provisional-repository-inferred
updateWorkEffortPurposeType,entity-auto,,update,WorkEffortPurposeType,true,,applications/workeffort/servicedef/services_workeffort.xml,work-management,work-product-team,provisional-repository-inferred
deleteWorkEffortPurposeType,entity-auto,,delete,WorkEffortPurposeType,true,,applications/workeffort/servicedef/services_workeffort.xml,work-management,work-product-team,provisional-repository-inferred
createWorkEffortType,entity-auto,,create,WorkEffortType,true,,applications/workeffort/servicedef/services_workeffort.xml,work-management,work-product-team,provisional-repository-inferred
updateWorkEffortType,entity-auto,,update,WorkEffortType,true,,applications/workeffort/servicedef/services_workeffort.xml,work-management,work-product-team,provisional-repository-inferred
deleteWorkEffortType,entity-auto,,delete,WorkEffortType,true,,applications/workeffort/servicedef/services_workeffort.xml,work-management,work-product-team,provisional-repository-inferred
createWorkEffortTypeAttr,entity-auto,,create,WorkEffortTypeAttr,true,,applications/workeffort/servicedef/services_workeffort.xml,work-management,work-product-team,provisional-repository-inferred
updateWorkEffortTypeAttr,entity-auto,,update,WorkEffortTypeAttr,true,,applications/workeffort/servicedef/services_workeffort.xml,work-management,work-product-team,provisional-repository-inferred
deleteWorkEffortTypeAttr,entity-auto,,delete,WorkEffortTypeAttr,true,,applications/workeffort/servicedef/services_workeffort.xml,work-management,work-product-team,provisional-repository-inferred
createApplicationSandbox,entity-auto,,create,ApplicationSandbox,true,,applications/workeffort/servicedef/services_workeffort.xml,work-management,work-product-team,provisional-repository-inferred
updateApplicationSandbox,entity-auto,,update,ApplicationSandbox,true,,applications/workeffort/servicedef/services_workeffort.xml,work-management,work-product-team,provisional-repository-inferred
deleteApplicationSandbox,entity-auto,,delete,ApplicationSandbox,true,,applications/workeffort/servicedef/services_workeffort.xml,work-management,work-product-team,provisional-repository-inferred
commonGenericPermission,groovy,component://common/src/main/groovy/org/apache/ofbiz/common/CommonServicesScript.groovy,commonGenericPermission,,,,framework/common/servicedef/services.xml,legacy-platform,legacy-platform-team,provisional-repository-inferred
commonGetAllCrudPermissions,groovy,component://common/src/main/groovy/org/apache/ofbiz/common/permission/CommonPermissionServices.groovy,getAllCrudPermissions,,false,,framework/common/servicedef/services.xml,legacy-platform,legacy-platform-team,provisional-repository-inferred
echoService,java,org.apache.ofbiz.common.CommonServices,echoService,,,,framework/common/servicedef/services.xml,legacy-platform,legacy-platform-team,provisional-repository-inferred
echoClojureService,clojure,org.apache.ofbiz.common.clojure-test,echo-service,,,,framework/common/servicedef/services.xml,legacy-platform,legacy-platform-team,provisional-repository-inferred
returnErrorService,java,org.apache.ofbiz.common.CommonServices,returnErrorService,,,,framework/common/servicedef/services.xml,legacy-platform,legacy-platform-team,provisional-repository-inferred
forceGarbageCollection,java,org.apache.ofbiz.common.CommonServices,forceGc,,,,framework/common/servicedef/services.xml,legacy-platform,legacy-platform-team,provisional-repository-inferred
createNote,java,org.apache.ofbiz.common.CommonServices,createNote,,,,framework/common/servicedef/services.xml,legacy-platform,legacy-platform-team,provisional-repository-inferred
updateNote,entity-auto,,update,NoteData,,,framework/common/servicedef/services.xml,legacy-platform,legacy-platform-team,provisional-repository-inferred
adjustDebugLevels,java,org.apache.ofbiz.common.CommonServices,adjustDebugLevels,,true,,framework/common/servicedef/services.xml,legacy-platform,legacy-platform-team,provisional-repository-inferred
displayXaDebugInfo,java,org.apache.ofbiz.common.CommonServices,displayXaDebugInfo,,true,,framework/common/servicedef/services.xml,legacy-platform,legacy-platform-team,provisional-repository-inferred
createEnumeration,entity-auto,,create,Enumeration,true,,framework/common/servicedef/services.xml,legacy-platform,legacy-platform-team,provisional-repository-inferred
updateEnumeration,entity-auto,,update,Enumeration,true,,framework/common/servicedef/services.xml,legacy-platform,legacy-platform-team,provisional-repository-inferred
deleteEnumeration,entity-auto,,delete,Enumeration,true,,framework/common/servicedef/services.xml,legacy-platform,legacy-platform-team,provisional-repository-inferred
interfaceDataSource,interface,,,,,,framework/common/servicedef/services.xml,legacy-platform,legacy-platform-team,provisional-repository-inferred
createDataSource,entity-auto,,create,DataSource,true,,framework/common/servicedef/services.xml,legacy-platform,legacy-platform-team,provisional-repository-inferred
updateDataSource,entity-auto,,update,DataSource,true,,framework/common/servicedef/services.xml,legacy-platform,legacy-platform-team,provisional-repository-inferred
deleteDataSource,entity-auto,,delete,DataSource,true,,framework/common/servicedef/services.xml,legacy-platform,legacy-platform-team,provisional-repository-inferred
interfaceDataSourceType,interface,,,,,,framework/common/servicedef/services.xml,legacy-platform,legacy-platform-team,provisional-repository-inferred
createDataSourceType,entity-auto,,create,DataSourceType,true,,framework/common/servicedef/services.xml,legacy-platform,legacy-platform-team,provisional-repository-inferred
updateDataSourceType,entity-auto,,update,DataSourceType,true,,framework/common/servicedef/services.xml,legacy-platform,legacy-platform-team,provisional-repository-inferred
deleteDataSourceType,entity-auto,,delete,DataSourceType,true,,framework/common/servicedef/services.xml,legacy-platform,legacy-platform-team,provisional-repository-inferred
createCustomTimePeriod,entity-auto,,create,CustomTimePeriod,true,,framework/common/servicedef/services.xml,legacy-platform,legacy-platform-team,provisional-repository-inferred
updateCustomTimePeriod,entity-auto,,update,CustomTimePeriod,true,,framework/common/servicedef/services.xml,legacy-platform,legacy-platform-team,provisional-repository-inferred
deleteCustomTimePeriod,entity-auto,,delete,CustomTimePeriod,true,,framework/common/servicedef/services.xml,legacy-platform,legacy-platform-team,provisional-repository-inferred
getStatusItems,java,org.apache.ofbiz.common.status.StatusServices,getStatusItems,,false,,framework/common/servicedef/services.xml,legacy-platform,legacy-platform-team,provisional-repository-inferred
getStatusValidChangeToDetails,java,org.apache.ofbiz.common.status.StatusServices,getStatusValidChangeToDetails,,false,,framework/common/servicedef/services.xml,legacy-platform,legacy-platform-team,provisional-repository-inferred
prepareFind,java,org.apache.ofbiz.common.FindServices,prepareFind,,false,,framework/common/servicedef/services.xml,legacy-platform,legacy-platform-team,provisional-repository-inferred
executeFind,java,org.apache.ofbiz.common.FindServices,executeFind,,false,,framework/common/servicedef/services.xml,legacy-platform,legacy-platform-team,provisional-repository-inferred
performFind,java,org.apache.ofbiz.common.FindServices,performFind,,false,,framework/common/servicedef/services.xml,legacy-platform,legacy-platform-team,provisional-repository-inferred
performFindList,java,org.apache.ofbiz.common.FindServices,performFindList,,false,,framework/common/servicedef/services.xml,legacy-platform,legacy-platform-team,provisional-repository-inferred
performFindItem,java,org.apache.ofbiz.common.FindServices,performFindItem,,false,,framework/common/servicedef/services.xml,legacy-platform,legacy-platform-team,provisional-repository-inferred
createKeywordThesaurus,groovy,component://common/src/main/groovy/org/apache/ofbiz/common/CommonServicesScript.groovy,createKeywordThesaurus,KeywordThesaurus,true,,framework/common/servicedef/services.xml,legacy-platform,legacy-platform-team,provisional-repository-inferred
updateKeywordThesaurus,entity-auto,,update,KeywordThesaurus,true,,framework/common/servicedef/services.xml,legacy-platform,legacy-platform-team,provisional-repository-inferred
deleteKeywordThesaurus,groovy,component://common/src/main/groovy/org/apache/ofbiz/common/CommonServicesScript.groovy,deleteKeywordThesaurus,KeywordThesaurus,true,,framework/common/servicedef/services.xml,legacy-platform,legacy-platform-team,provisional-repository-inferred
createUomConversionDated,entity-auto,,create,UomConversionDated,true,,framework/common/servicedef/services.xml,legacy-platform,legacy-platform-team,provisional-repository-inferred
convertUom,groovy,component://common/src/main/groovy/org/apache/ofbiz/common/CommonServicesScript.groovy,convertUom,UomConversion,false,,framework/common/servicedef/services.xml,legacy-platform,legacy-platform-team,provisional-repository-inferred
convertUomCustom,groovy,component://common/src/main/groovy/org/apache/ofbiz/common/CommonServicesScript.groovy,convertUomCustom,UomConversion,false,,framework/common/servicedef/services.xml,legacy-platform,legacy-platform-team,provisional-repository-inferred
checkUomConversion,groovy,component://common/src/main/groovy/org/apache/ofbiz/common/CommonServicesScript.groovy,checkUomConversion,UomConversion,,,framework/common/servicedef/services.xml,legacy-platform,legacy-platform-team,provisional-repository-inferred
checkUomConversionDated,groovy,component://common/src/main/groovy/org/apache/ofbiz/common/CommonServicesScript.groovy,checkUomConversionDated,UomConversionDated,,,framework/common/servicedef/services.xml,legacy-platform,legacy-platform-team,provisional-repository-inferred
getFileUploadProgressStatus,groovy,component://common/src/main/groovy/org/apache/ofbiz/common/CommonServicesScript.groovy,getFileUploadProgressStatus,,false,,framework/common/servicedef/services.xml,legacy-platform,legacy-platform-team,provisional-repository-inferred
ftpInterface,interface,,,,,,framework/common/servicedef/services.xml,legacy-platform,legacy-platform-team,provisional-repository-inferred
ftpPutFile,java,org.apache.ofbiz.common.FtpServices,putFile,,,,framework/common/servicedef/services.xml,legacy-platform,legacy-platform-team,provisional-repository-inferred
ftpGetFile,java,org.apache.ofbiz.common.FtpServices,getFile,,,,framework/common/servicedef/services.xml,legacy-platform,legacy-platform-team,provisional-repository-inferred
userLogin,java,org.apache.ofbiz.common.login.LoginServices,userLogin,,,,framework/common/servicedef/services.xml,legacy-platform,legacy-platform-team,provisional-repository-inferred
userImpersonate,java,org.apache.ofbiz.common.login.LoginServices,userImpersonate,,true,,framework/common/servicedef/services.xml,legacy-platform,legacy-platform-team,provisional-repository-inferred
createUserLogin,java,org.apache.ofbiz.common.login.LoginServices,createUserLogin,,false,,framework/common/servicedef/services.xml,legacy-platform,legacy-platform-team,provisional-repository-inferred
updateUserLoginId,java,org.apache.ofbiz.common.login.LoginServices,updateUserLoginId,,true,,framework/common/servicedef/services.xml,legacy-platform,legacy-platform-team,provisional-repository-inferred
updatePassword,java,org.apache.ofbiz.common.login.LoginServices,updatePassword,UserLogin,true,,framework/common/servicedef/services.xml,legacy-platform,legacy-platform-team,provisional-repository-inferred
updateUserLoginSecurity,java,org.apache.ofbiz.common.login.LoginServices,updateUserLoginSecurity,UserLogin,true,,framework/common/servicedef/services.xml,legacy-platform,legacy-platform-team,provisional-repository-inferred
genericBasePermissionCheck,groovy,component://common/src/main/groovy/org/apache/ofbiz/common/permission/CommonPermissionServices.groovy,genericBasePermissionCheck,,,,framework/common/servicedef/services.xml,legacy-platform,legacy-platform-team,provisional-repository-inferred
rssFeedInterface,interface,,,,,,framework/common/servicedef/services.xml,legacy-platform,legacy-platform-team,provisional-repository-inferred
copyUserPrefGroup,java,org.apache.ofbiz.common.preferences.PreferenceServices,copyUserPreferenceGroup,,true,,framework/common/servicedef/services.xml,legacy-platform,legacy-platform-team,provisional-repository-inferred
getUserPreference,java,org.apache.ofbiz.common.preferences.PreferenceServices,getUserPreference,,,,framework/common/servicedef/services.xml,legacy-platform,legacy-platform-team,provisional-repository-inferred
getUserPreferenceGroup,java,org.apache.ofbiz.common.preferences.PreferenceServices,getUserPreferenceGroup,,,,framework/common/servicedef/services.xml,legacy-platform,legacy-platform-team,provisional-repository-inferred
setUserPreference,java,org.apache.ofbiz.common.preferences.PreferenceServices,setUserPreference,,true,,framework/common/servicedef/services.xml,legacy-platform,legacy-platform-team,provisional-repository-inferred
removeUserPreference,java,org.apache.ofbiz.common.preferences.PreferenceServices,removeUserPreference,,true,,framework/common/servicedef/services.xml,legacy-platform,legacy-platform-team,provisional-repository-inferred
setUserPreferenceGroup,java,org.apache.ofbiz.common.preferences.PreferenceServices,setUserPreferenceGroup,,true,,framework/common/servicedef/services.xml,legacy-platform,legacy-platform-team,provisional-repository-inferred
preferenceGetSetPermission,java,org.apache.ofbiz.common.preferences.PreferenceWorker,checkPermission,,,,framework/common/servicedef/services.xml,legacy-platform,legacy-platform-team,provisional-repository-inferred
preferenceCopyPermission,java,org.apache.ofbiz.common.preferences.PreferenceWorker,checkCopyPermission,,,,framework/common/servicedef/services.xml,legacy-platform,legacy-platform-team,provisional-repository-inferred
getVisualThemeResources,groovy,component://common/src/main/groovy/org/apache/ofbiz/common/CommonServicesScript.groovy,getVisualThemeResources,,,,framework/common/servicedef/services.xml,legacy-platform,legacy-platform-team,provisional-repository-inferred
createVisualTheme,entity-auto,,create,VisualTheme,true,,framework/common/servicedef/services.xml,legacy-platform,legacy-platform-team,provisional-repository-inferred
updateVisualTheme,entity-auto,,update,VisualTheme,true,,framework/common/servicedef/services.xml,legacy-platform,legacy-platform-team,provisional-repository-inferred
deleteVisualTheme,entity-auto,,delete,VisualTheme,true,,framework/common/servicedef/services.xml,legacy-platform,legacy-platform-team,provisional-repository-inferred
createVisualThemeResource,entity-auto,,create,VisualThemeResource,true,,framework/common/servicedef/services.xml,legacy-platform,legacy-platform-team,provisional-repository-inferred
updateVisualThemeResource,entity-auto,,update,VisualThemeResource,true,,framework/common/servicedef/services.xml,legacy-platform,legacy-platform-team,provisional-repository-inferred
deleteVisualThemeResource,entity-auto,,delete,VisualThemeResource,true,,framework/common/servicedef/services.xml,legacy-platform,legacy-platform-team,provisional-repository-inferred
visualThemePermissionCheck,groovy,component://common/src/main/groovy/org/apache/ofbiz/common/permission/CommonPermissionServices.groovy,visualThemePermissionCheck,,,,framework/common/servicedef/services.xml,legacy-platform,legacy-platform-team,provisional-repository-inferred
tempExprPermissionCheck,simple,component://common/minilang/permission/CommonPermissionServices.xml,genericBasePermissionCheck,,,,framework/common/servicedef/services.xml,legacy-platform,legacy-platform-team,provisional-repository-inferred
createTemporalExpression,entity-auto,,create,TemporalExpression,true,,framework/common/servicedef/services.xml,legacy-platform,legacy-platform-team,provisional-repository-inferred
updateTemporalExpression,entity-auto,,update,TemporalExpression,true,,framework/common/servicedef/services.xml,legacy-platform,legacy-platform-team,provisional-repository-inferred
createTemporalExpressionAssoc,entity-auto,,create,TemporalExpressionAssoc,true,,framework/common/servicedef/services.xml,legacy-platform,legacy-platform-team,provisional-repository-inferred
deleteTemporalExpressionAssoc,entity-auto,,delete,TemporalExpressionAssoc,true,,framework/common/servicedef/services.xml,legacy-platform,legacy-platform-team,provisional-repository-inferred
createPortalPagePortlet,groovy,component://common/src/main/groovy/org/apache/ofbiz/common/PortalPageServices.groovy,createPortalPagePortlet,PortalPagePortlet,true,,framework/common/servicedef/services.xml,legacy-platform,legacy-platform-team,provisional-repository-inferred
updatePortalPagePortlet,entity-auto,,update,PortalPagePortlet,true,,framework/common/servicedef/services.xml,legacy-platform,legacy-platform-team,provisional-repository-inferred
deletePortalPagePortlet,groovy,component://common/src/main/groovy/org/apache/ofbiz/common/PortalPageServices.groovy,deletePortalPagePortlet,PortalPagePortlet,true,,framework/common/servicedef/services.xml,legacy-platform,legacy-platform-team,provisional-repository-inferred
movePortletToPortalPage,groovy,component://common/src/main/groovy/org/apache/ofbiz/common/PortalPageServices.groovy,movePortletToPortalPage,PortalPagePortlet,true,,framework/common/servicedef/services.xml,legacy-platform,legacy-platform-team,provisional-repository-inferred
duplicatePortalPageDetails,groovy,component://common/src/main/groovy/org/apache/ofbiz/common/PortalPageServices.groovy,duplicatePortalPageDetails,,true,,framework/common/servicedef/services.xml,legacy-platform,legacy-platform-team,provisional-repository-inferred
createPortalPage,entity-auto,,create,PortalPage,true,,framework/common/servicedef/services.xml,legacy-platform,legacy-platform-team,provisional-repository-inferred
updatePortalPage,entity-auto,,update,PortalPage,true,,framework/common/servicedef/services.xml,legacy-platform,legacy-platform-team,provisional-repository-inferred
deletePortalPage,groovy,component://common/src/main/groovy/org/apache/ofbiz/common/PortalPageServices.groovy,deletePortalPage,PortalPage,true,,framework/common/servicedef/services.xml,legacy-platform,legacy-platform-team,provisional-repository-inferred
updatePortalPageSeq,groovy,component://common/src/main/groovy/org/apache/ofbiz/common/PortalPageServices.groovy,updatePortalPageSeq,PortalPage,true,,framework/common/servicedef/services.xml,legacy-platform,legacy-platform-team,provisional-repository-inferred
addPortalPageColumn,groovy,component://common/src/main/groovy/org/apache/ofbiz/common/PortalPageServices.groovy,addPortalPageColumn,PortalPageColumn,true,,framework/common/servicedef/services.xml,legacy-platform,legacy-platform-team,provisional-repository-inferred
updatePortalPageColumn,entity-auto,,update,PortalPageColumn,true,,framework/common/servicedef/services.xml,legacy-platform,legacy-platform-team,provisional-repository-inferred
deletePortalPageColumn,groovy,component://common/src/main/groovy/org/apache/ofbiz/common/PortalPageServices.groovy,deletePortalPageColumn,PortalPageColumn,true,,framework/common/servicedef/services.xml,legacy-platform,legacy-platform-team,provisional-repository-inferred
updatePortletSeqDragDrop,groovy,component://common/src/main/groovy/org/apache/ofbiz/common/PortalPageServices.groovy,updatePortletSeqDragDrop,,true,,framework/common/servicedef/services.xml,legacy-platform,legacy-platform-team,provisional-repository-inferred
createPortletAttribute,entity-auto,,create,PortletAttribute,true,,framework/common/servicedef/services.xml,legacy-platform,legacy-platform-team,provisional-repository-inferred
getPortletAttributes,groovy,component://common/src/main/groovy/org/apache/ofbiz/common/PortalPageServices.groovy,getPortletAttributes,,true,,framework/common/servicedef/services.xml,legacy-platform,legacy-platform-team,provisional-repository-inferred
createGeo,entity-auto,,create,Geo,true,,framework/common/servicedef/services.xml,legacy-platform,legacy-platform-team,provisional-repository-inferred
updateGeo,entity-auto,,update,Geo,true,,framework/common/servicedef/services.xml,legacy-platform,legacy-platform-team,provisional-repository-inferred
deleteGeo,entity-auto,,delete,Geo,true,,framework/common/servicedef/services.xml,legacy-platform,legacy-platform-team,provisional-repository-inferred
deleteGeoAssoc,entity-auto,,delete,GeoAssoc,true,,framework/common/servicedef/services.xml,legacy-platform,legacy-platform-team,provisional-repository-inferred
linkGeos,groovy,component://common/src/main/groovy/org/apache/ofbiz/common/CommonServicesScript.groovy,linkGeos,,true,,framework/common/servicedef/services.xml,legacy-platform,legacy-platform-team,provisional-repository-inferred
getRelatedGeos,groovy,component://common/src/main/groovy/org/apache/ofbiz/common/CommonServicesScript.groovy,getRelatedGeos,,false,,framework/common/servicedef/services.xml,legacy-platform,legacy-platform-team,provisional-repository-inferred
getCountryList,groovy,component://common/src/main/groovy/org/apache/ofbiz/common/CommonServicesScript.groovy,getCountryList,,false,,framework/common/servicedef/services.xml,legacy-platform,legacy-platform-team,provisional-repository-inferred
getAssociatedStateList,groovy,component://common/src/main/groovy/org/apache/ofbiz/common/CommonServicesScript.groovy,getAssociatedStateList,,false,,framework/common/servicedef/services.xml,legacy-platform,legacy-platform-team,provisional-repository-inferred
createGeoPoint,entity-auto,,create,GeoPoint,true,,framework/common/servicedef/services.xml,legacy-platform,legacy-platform-team,provisional-repository-inferred
updateGeoPoint,entity-auto,,update,GeoPoint,true,,framework/common/servicedef/services.xml,legacy-platform,legacy-platform-team,provisional-repository-inferred
deleteGeoPoint,entity-auto,,delete,GeoPoint,true,,framework/common/servicedef/services.xml,legacy-platform,legacy-platform-team,provisional-repository-inferred
getServerTimestamp,groovy,component://common/src/main/groovy/org/apache/ofbiz/common/CommonServicesScript.groovy,getServerTimestamp,,false,,framework/common/servicedef/services.xml,legacy-platform,legacy-platform-team,provisional-repository-inferred
getServerTimeZone,groovy,component://common/src/main/groovy/org/apache/ofbiz/common/CommonServicesScript.groovy,getServerTimeZone,,false,,framework/common/servicedef/services.xml,legacy-platform,legacy-platform-team,provisional-repository-inferred
getServerTimestampAsLong,groovy,component://common/src/main/groovy/org/apache/ofbiz/common/CommonServicesScript.groovy,getServerTimestampAsLong,,false,,framework/common/servicedef/services.xml,legacy-platform,legacy-platform-team,provisional-repository-inferred
createJsLanguageFileMapping,java,org.apache.ofbiz.common.JsLanguageFileMappingCreator,createJsLanguageFileMapping,,false,,framework/common/servicedef/services.xml,legacy-platform,legacy-platform-team,provisional-repository-inferred
getAllMetrics,java,org.apache.ofbiz.common.CommonServices,getAllMetrics,,true,,framework/common/servicedef/services.xml,legacy-platform,legacy-platform-team,provisional-repository-inferred
resetMetric,java,org.apache.ofbiz.common.CommonServices,resetMetric,,true,,framework/common/servicedef/services.xml,legacy-platform,legacy-platform-team,provisional-repository-inferred
createGeoAssocType,entity-auto,,create,GeoAssocType,true,,framework/common/servicedef/services.xml,legacy-platform,legacy-platform-team,provisional-repository-inferred
updateGeoAssocType,entity-auto,,update,GeoAssocType,true,,framework/common/servicedef/services.xml,legacy-platform,legacy-platform-team,provisional-repository-inferred
deleteGeoAssocType,entity-auto,,delete,GeoAssocType,true,,framework/common/servicedef/services.xml,legacy-platform,legacy-platform-team,provisional-repository-inferred
createGeoType,entity-auto,,create,GeoType,true,,framework/common/servicedef/services.xml,legacy-platform,legacy-platform-team,provisional-repository-inferred
updateGeoType,entity-auto,,update,GeoType,true,,framework/common/servicedef/services.xml,legacy-platform,legacy-platform-team,provisional-repository-inferred
deleteGeoType,entity-auto,,delete,GeoType,true,,framework/common/servicedef/services.xml,legacy-platform,legacy-platform-team,provisional-repository-inferred
createPeriodType,entity-auto,,create,PeriodType,true,,framework/common/servicedef/services.xml,legacy-platform,legacy-platform-team,provisional-repository-inferred
updatePeriodType,entity-auto,,update,PeriodType,true,,framework/common/servicedef/services.xml,legacy-platform,legacy-platform-team,provisional-repository-inferred
deletePeriodType,entity-auto,,delete,PeriodType,true,,framework/common/servicedef/services.xml,legacy-platform,legacy-platform-team,provisional-repository-inferred
createUserPrefGroupType,entity-auto,,create,UserPrefGroupType,true,,framework/common/servicedef/services.xml,legacy-platform,legacy-platform-team,provisional-repository-inferred
updateUserPrefGroupType,entity-auto,,update,UserPrefGroupType,true,,framework/common/servicedef/services.xml,legacy-platform,legacy-platform-team,provisional-repository-inferred
deleteUserPrefGroupType,entity-auto,,delete,UserPrefGroupType,true,,framework/common/servicedef/services.xml,legacy-platform,legacy-platform-team,provisional-repository-inferred
createUomType,entity-auto,,create,UomType,true,,framework/common/servicedef/services.xml,legacy-platform,legacy-platform-team,provisional-repository-inferred
updateUomType,entity-auto,,update,UomType,true,,framework/common/servicedef/services.xml,legacy-platform,legacy-platform-team,provisional-repository-inferred
deleteUomType,entity-auto,,delete,UomType,true,,framework/common/servicedef/services.xml,legacy-platform,legacy-platform-team,provisional-repository-inferred
createUomGroup,entity-auto,,create,UomGroup,true,,framework/common/servicedef/services.xml,legacy-platform,legacy-platform-team,provisional-repository-inferred
deleteUomGroup,entity-auto,,delete,UomGroup,true,,framework/common/servicedef/services.xml,legacy-platform,legacy-platform-team,provisional-repository-inferred
createStatusValidChange,entity-auto,,create,StatusValidChange,true,,framework/common/servicedef/services.xml,legacy-platform,legacy-platform-team,provisional-repository-inferred
updateStatusValidChange,entity-auto,,update,StatusValidChange,true,,framework/common/servicedef/services.xml,legacy-platform,legacy-platform-team,provisional-repository-inferred
deleteStatusValidChange,entity-auto,,delete,StatusValidChange,true,,framework/common/servicedef/services.xml,legacy-platform,legacy-platform-team,provisional-repository-inferred
createUom,entity-auto,,create,Uom,true,,framework/common/servicedef/services.xml,legacy-platform,legacy-platform-team,provisional-repository-inferred
updateUom,entity-auto,,update,Uom,true,,framework/common/servicedef/services.xml,legacy-platform,legacy-platform-team,provisional-repository-inferred
deleteUom,entity-auto,,delete,Uom,true,,framework/common/servicedef/services.xml,legacy-platform,legacy-platform-team,provisional-repository-inferred
SetTimeZoneFromBrowser,groovy,component://common/src/main/groovy/org/apache/ofbiz/common/SetTimeZoneFromBrowser.groovy,setTimeZoneFromBrowser,,true,,framework/common/servicedef/services.xml,legacy-platform,legacy-platform-team,provisional-repository-inferred
cdynePostalAddressFillInCounty,simple,component://common/minilang/CdyneServices.xml,cdynePostalAddressFillInCounty,,false,,framework/common/servicedef/services_cdyne.xml,legacy-platform,legacy-platform-team,provisional-repository-inferred
cdyneReturnCityState,java,org.apache.ofbiz.common.CdyneServices,cdyneReturnCityState,,false,,framework/common/servicedef/services_cdyne.xml,legacy-platform,legacy-platform-team,provisional-repository-inferred
sendMailInterface,interface,,,,,,framework/common/servicedef/services_email.xml,legacy-platform,legacy-platform-team,provisional-repository-inferred
sendMailOnePartInterface,interface,,,,,,framework/common/servicedef/services_email.xml,legacy-platform,legacy-platform-team,provisional-repository-inferred
sendMailMultiPartInterface,interface,,,,,,framework/common/servicedef/services_email.xml,legacy-platform,legacy-platform-team,provisional-repository-inferred
sendMail,java,org.apache.ofbiz.common.email.EmailServices,sendMail,,,,framework/common/servicedef/services_email.xml,legacy-platform,legacy-platform-team,provisional-repository-inferred
sendMailHiddenInLog,java,org.apache.ofbiz.common.email.EmailServices,sendMail,,,,framework/common/servicedef/services_email.xml,legacy-platform,legacy-platform-team,provisional-repository-inferred
sendMailMultiPart,java,org.apache.ofbiz.common.email.EmailServices,sendMail,,,,framework/common/servicedef/services_email.xml,legacy-platform,legacy-platform-team,provisional-repository-inferred
sendMailMultiPartHiddenInLog,java,org.apache.ofbiz.common.email.EmailServices,sendMail,,,,framework/common/servicedef/services_email.xml,legacy-platform,legacy-platform-team,provisional-repository-inferred
sendMailFromUrl,java,org.apache.ofbiz.common.email.EmailServices,sendMailFromUrl,,,,framework/common/servicedef/services_email.xml,legacy-platform,legacy-platform-team,provisional-repository-inferred
sendMailFromScreenInterface,interface,,,,,,framework/common/servicedef/services_email.xml,legacy-platform,legacy-platform-team,provisional-repository-inferred
sendMailFromScreen,java,org.apache.ofbiz.common.email.EmailServices,sendMailFromScreen,,,,framework/common/servicedef/services_email.xml,legacy-platform,legacy-platform-team,provisional-repository-inferred
sendMailHiddenInLogFromScreen,java,org.apache.ofbiz.common.email.EmailServices,sendMailHiddenInLogFromScreen,,,,framework/common/servicedef/services_email.xml,legacy-platform,legacy-platform-team,provisional-repository-inferred
sendMailFromTemplateSetting,groovy,component://common/src/main/groovy/org/apache/ofbiz/common/email/EmailServicesScript.groovy,sendMailFromTemplateSetting,,,,framework/common/servicedef/services_email.xml,legacy-platform,legacy-platform-team,provisional-repository-inferred
prepareNotificationInterface,interface,,,,,,framework/common/servicedef/services_email.xml,legacy-platform,legacy-platform-team,provisional-repository-inferred
sendNotificationInterface,interface,,,,,,framework/common/servicedef/services_email.xml,legacy-platform,legacy-platform-team,provisional-repository-inferred
sendGenericNotificationEmail,java,org.apache.ofbiz.common.email.NotificationServices,sendNotification,,,,framework/common/servicedef/services_email.xml,legacy-platform,legacy-platform-team,provisional-repository-inferred
createEmailTemplateSetting,entity-auto,,create,EmailTemplateSetting,true,,framework/common/servicedef/services_email.xml,legacy-platform,legacy-platform-team,provisional-repository-inferred
updateEmailTemplateSetting,entity-auto,,update,EmailTemplateSetting,true,,framework/common/servicedef/services_email.xml,legacy-platform,legacy-platform-team,provisional-repository-inferred
deleteEmailTemplateSetting,entity-auto,,delete,EmailTemplateSetting,true,,framework/common/servicedef/services_email.xml,legacy-platform,legacy-platform-team,provisional-repository-inferred
getDkimDnsRecord,java,org.apache.ofbiz.common.email.EmailServices,getDkimDnsRecord,,true,,framework/common/servicedef/services_email.xml,legacy-platform,legacy-platform-team,provisional-repository-inferred
createEnumerationType,entity-auto,,create,EnumerationType,true,,framework/common/servicedef/services_enum.xml,legacy-platform,legacy-platform-team,provisional-repository-inferred
updateEnumerationType,entity-auto,,update,EnumerationType,true,,framework/common/servicedef/services_enum.xml,legacy-platform,legacy-platform-team,provisional-repository-inferred
deleteEnumerationType,entity-auto,,delete,EnumerationType,true,,framework/common/servicedef/services_enum.xml,legacy-platform,legacy-platform-team,provisional-repository-inferred
createCountryTeleCode,entity-auto,,create,CountryTeleCode,true,,framework/common/servicedef/services_geo.xml,legacy-platform,legacy-platform-team,provisional-repository-inferred
updateCountryTeleCode,entity-auto,,update,CountryTeleCode,true,,framework/common/servicedef/services_geo.xml,legacy-platform,legacy-platform-team,provisional-repository-inferred
deleteCountryTeleCode,entity-auto,,delete,CountryTeleCode,true,,framework/common/servicedef/services_geo.xml,legacy-platform,legacy-platform-team,provisional-repository-inferred
createCountryCapital,entity-auto,,create,CountryCapital,true,,framework/common/servicedef/services_geo.xml,legacy-platform,legacy-platform-team,provisional-repository-inferred
updateCountryCapital,entity-auto,,update,CountryCapital,true,,framework/common/servicedef/services_geo.xml,legacy-platform,legacy-platform-team,provisional-repository-inferred
deleteCountryCapital,entity-auto,,delete,CountryCapital,true,,framework/common/servicedef/services_geo.xml,legacy-platform,legacy-platform-team,provisional-repository-inferred
createCountryCode,entity-auto,,create,CountryCode,true,,framework/common/servicedef/services_geo.xml,legacy-platform,legacy-platform-team,provisional-repository-inferred
updateCountryCode,entity-auto,,update,CountryCode,true,,framework/common/servicedef/services_geo.xml,legacy-platform,legacy-platform-team,provisional-repository-inferred
deleteCountryCode,entity-auto,,delete,CountryCode,true,,framework/common/servicedef/services_geo.xml,legacy-platform,legacy-platform-team,provisional-repository-inferred
createCountryAddressFormat,entity-auto,,create,CountryAddressFormat,true,,framework/common/servicedef/services_geo.xml,legacy-platform,legacy-platform-team,provisional-repository-inferred
updateCountryAddressFormat,entity-auto,,update,CountryAddressFormat,true,,framework/common/servicedef/services_geo.xml,legacy-platform,legacy-platform-team,provisional-repository-inferred
deleteCountryAddressFormat,entity-auto,,delete,CountryAddressFormat,true,,framework/common/servicedef/services_geo.xml,legacy-platform,legacy-platform-team,provisional-repository-inferred
getDistanceBetweenGeoPoints,java,org.apache.ofbiz.common.geo.GeoServices,getDistanceBetweenGeoPoints,,false,,framework/common/servicedef/services_geo.xml,legacy-platform,legacy-platform-team,provisional-repository-inferred
createCustomMethod,entity-auto,,create,CustomMethod,true,,framework/common/servicedef/services_method.xml,legacy-platform,legacy-platform-team,provisional-repository-inferred
updateCustomMethod,entity-auto,,update,CustomMethod,true,,framework/common/servicedef/services_method.xml,legacy-platform,legacy-platform-team,provisional-repository-inferred
deleteCustomMethod,entity-auto,,delete,CustomMethod,true,,framework/common/servicedef/services_method.xml,legacy-platform,legacy-platform-team,provisional-repository-inferred
createCustomMethodType,entity-auto,,create,CustomMethodType,true,,framework/common/servicedef/services_method.xml,legacy-platform,legacy-platform-team,provisional-repository-inferred
updateCustomMethodType,entity-auto,,update,CustomMethodType,true,,framework/common/servicedef/services_method.xml,legacy-platform,legacy-platform-team,provisional-repository-inferred
deleteCustomMethodType,entity-auto,,delete,CustomMethodType,true,,framework/common/servicedef/services_method.xml,legacy-platform,legacy-platform-team,provisional-repository-inferred
generateQRCodeImage,java,org.apache.ofbiz.common.qrcode.QRCodeServices,generateQRCodeImage,,false,,framework/common/servicedef/services_qrcode.xml,legacy-platform,legacy-platform-team,provisional-repository-inferred
createSecurityGroup,entity-auto,,create,SecurityGroup,true,,framework/common/servicedef/services_security.xml,legacy-platform,legacy-platform-team,provisional-repository-inferred
updateSecurityGroup,entity-auto,,update,SecurityGroup,true,,framework/common/servicedef/services_security.xml,legacy-platform,legacy-platform-team,provisional-repository-inferred
createSecurityPermission,entity-auto,,create,SecurityPermission,true,,framework/common/servicedef/services_security.xml,legacy-platform,legacy-platform-team,provisional-repository-inferred
updateSecurityPermission,entity-auto,,update,SecurityPermission,true,,framework/common/servicedef/services_security.xml,legacy-platform,legacy-platform-team,provisional-repository-inferred
addSecurityPermissionToSecurityGroup,entity-auto,,create,SecurityGroupPermission,true,,framework/common/servicedef/services_security.xml,legacy-platform,legacy-platform-team,provisional-repository-inferred
updateSecurityPermissionToSecurityGroup,entity-auto,,update,SecurityGroupPermission,true,,framework/common/servicedef/services_security.xml,legacy-platform,legacy-platform-team,provisional-repository-inferred
expireSecurityPermissionToSecurityGroup,entity-auto,,expire,SecurityGroupPermission,true,,framework/common/servicedef/services_security.xml,legacy-platform,legacy-platform-team,provisional-repository-inferred
removeSecurityPermissionFromSecurityGroup,entity-auto,,delete,SecurityGroupPermission,true,,framework/common/servicedef/services_security.xml,legacy-platform,legacy-platform-team,provisional-repository-inferred
addUserLoginToSecurityGroup,entity-auto,,create,UserLoginSecurityGroup,true,,framework/common/servicedef/services_security.xml,legacy-platform,legacy-platform-team,provisional-repository-inferred
updateUserLoginToSecurityGroup,entity-auto,,update,UserLoginSecurityGroup,true,,framework/common/servicedef/services_security.xml,legacy-platform,legacy-platform-team,provisional-repository-inferred
expireUserLoginSecurityGroup,entity-auto,,expire,UserLoginSecurityGroup,true,,framework/common/servicedef/services_security.xml,legacy-platform,legacy-platform-team,provisional-repository-inferred
removeUserLoginToSecurityGroup,entity-auto,,delete,UserLoginSecurityGroup,true,,framework/common/servicedef/services_security.xml,legacy-platform,legacy-platform-team,provisional-repository-inferred
addProtectedViewToSecurityGroup,entity-auto,,create,ProtectedView,true,,framework/common/servicedef/services_security.xml,legacy-platform,legacy-platform-team,provisional-repository-inferred
updateProtectedViewToSecurityGroup,entity-auto,,update,ProtectedView,true,,framework/common/servicedef/services_security.xml,legacy-platform,legacy-platform-team,provisional-repository-inferred
removeProtectedViewFromSecurityGroup,entity-auto,,delete,ProtectedView,true,,framework/common/servicedef/services_security.xml,legacy-platform,legacy-platform-team,provisional-repository-inferred
securityPermissionCheck,simple,component://common/minilang/permission/CommonPermissionServices.xml,genericBasePermissionCheck,,,,framework/common/servicedef/services_security.xml,legacy-platform,legacy-platform-team,provisional-repository-inferred
deleteSecurityGroup,entity-auto,,delete,SecurityGroup,true,,framework/common/servicedef/services_security.xml,legacy-platform,legacy-platform-team,provisional-repository-inferred
sendTelecomMessageInterface,interface,,,,,,framework/common/servicedef/services_telecom.xml,legacy-platform,legacy-platform-team,provisional-repository-inferred
sendTelecomMessage,java,org.apache.ofbiz.common.telecom.TelecomServices,sendTelecomMessage,,true,,framework/common/servicedef/services_telecom.xml,legacy-platform,legacy-platform-team,provisional-repository-inferred
testScv,java,org.apache.ofbiz.common.CommonServices,testService,,,true,framework/common/servicedef/services_test.xml,legacy-platform,legacy-platform-team,provisional-repository-inferred
testSOAPScv,java,org.apache.ofbiz.common.CommonServices,testSOAPService,,,true,framework/common/servicedef/services_test.xml,legacy-platform,legacy-platform-team,provisional-repository-inferred
blockingTestScv,java,org.apache.ofbiz.common.CommonServices,blockingTestService,,,,framework/common/servicedef/services_test.xml,legacy-platform,legacy-platform-team,provisional-repository-inferred
testError,java,org.apache.ofbiz.common.CommonServices,returnErrorService,,,true,framework/common/servicedef/services_test.xml,legacy-platform,legacy-platform-team,provisional-repository-inferred
testClojureSvc,clojure,org.apache.ofbiz.common.clojure-test,test-clojure-svc,,,true,framework/common/servicedef/services_test.xml,legacy-platform,legacy-platform-team,provisional-repository-inferred
testRollback,java,org.apache.ofbiz.common.CommonServices,testRollbackListener,,,true,framework/common/servicedef/services_test.xml,legacy-platform,legacy-platform-team,provisional-repository-inferred
testCommit,java,org.apache.ofbiz.common.CommonServices,testCommitListener,,,true,framework/common/servicedef/services_test.xml,legacy-platform,legacy-platform-team,provisional-repository-inferred
groupTest,group,testGroup,,,,,framework/common/servicedef/services_test.xml,legacy-platform,legacy-platform-team,provisional-repository-inferred
testGroovy,groovy,component://common/src/test/groovy/org/apache/ofbizcommon/GroovyServiceTest.groovy,,,,,framework/common/servicedef/services_test.xml,legacy-platform,legacy-platform-team,provisional-repository-inferred
testGroovyMethod,groovy,component://common/src/test/groovy/org/apache/ofbizcommon/GroovyServiceTest.groovy,testMethod,,,,framework/common/servicedef/services_test.xml,legacy-platform,legacy-platform-team,provisional-repository-inferred
testScriptEngineGroovy,script,component://common/src/test/groovy/org/apache/ofbizcommon/GroovyServiceTest.groovy,,,,,framework/common/servicedef/services_test.xml,legacy-platform,legacy-platform-team,provisional-repository-inferred
testScriptEngineGroovyMethod,script,component://common/src/test/groovy/org/apache/ofbizcommon/GroovyServiceTest.groovy,testMethod,,,,framework/common/servicedef/services_test.xml,legacy-platform,legacy-platform-team,provisional-repository-inferred
testScriptEngineJavaScript,script,component://common/minilang/JavaScriptTest.js,,,,,framework/common/servicedef/services_test.xml,legacy-platform,legacy-platform-team,provisional-repository-inferred
testScriptEngineJavaScriptFunction,script,component://common/minilang/JavaScriptTest.js,testFunction,,,,framework/common/servicedef/services_test.xml,legacy-platform,legacy-platform-team,provisional-repository-inferred
testJMSQueue,jms,serviceMessenger,testScv,,,,framework/common/servicedef/services_test.xml,legacy-platform,legacy-platform-team,provisional-repository-inferred
testJMSTopic,jms,serviceMessenger,testScv,,,,framework/common/servicedef/services_test.xml,legacy-platform,legacy-platform-team,provisional-repository-inferred
testMca,java,org.apache.ofbiz.common.CommonServices,mcaTest,,,,framework/common/servicedef/services_test.xml,legacy-platform,legacy-platform-team,provisional-repository-inferred
testRoute,route,,,,true,,framework/common/servicedef/services_test.xml,legacy-platform,legacy-platform-team,provisional-repository-inferred
testJavaScript,javascript,component://common/minilang/JavaScriptTest.js,,,false,,framework/common/servicedef/services_test.xml,legacy-platform,legacy-platform-team,provisional-repository-inferred
testEntityFailure,java,org.apache.ofbiz.common.CommonServices,entityFailTest,,false,,framework/common/servicedef/services_test.xml,legacy-platform,legacy-platform-team,provisional-repository-inferred
entitySortTest,java,org.apache.ofbiz.common.CommonServices,entitySortTest,,false,,framework/common/servicedef/services_test.xml,legacy-platform,legacy-platform-team,provisional-repository-inferred
makeALotOfVisits,java,org.apache.ofbiz.common.CommonServices,makeALotOfVisits,,true,,framework/common/servicedef/services_test.xml,legacy-platform,legacy-platform-team,provisional-repository-inferred
byteBufferTest,java,org.apache.ofbiz.common.CommonServices,byteBufferTest,,true,,framework/common/servicedef/services_test.xml,legacy-platform,legacy-platform-team,provisional-repository-inferred
uploadContentTest,java,org.apache.ofbiz.common.CommonServices,uploadTest,,true,,framework/common/servicedef/services_test.xml,legacy-platform,legacy-platform-team,provisional-repository-inferred
conditionReturnTrue,java,org.apache.ofbiz.common.CommonServices,conditionTrueService,,,,framework/common/servicedef/services_test.xml,legacy-platform,legacy-platform-team,provisional-repository-inferred
conditionReturnFalse,java,org.apache.ofbiz.common.CommonServices,conditionFalseService,,,,framework/common/servicedef/services_test.xml,legacy-platform,legacy-platform-team,provisional-repository-inferred
serviceStreamTest,java,org.apache.ofbiz.common.CommonServices,streamTest,,false,,framework/common/servicedef/services_test.xml,legacy-platform,legacy-platform-team,provisional-repository-inferred
ping,java,org.apache.ofbiz.common.CommonServices,ping,,,true,framework/common/servicedef/services_test.xml,legacy-platform,legacy-platform-team,provisional-repository-inferred
watchEntity,java,org.apache.ofbiz.entityext.EntityWatchServices,watchEntity,,,,framework/entityext/servicedef/services.xml,legacy-platform,legacy-platform-team,provisional-repository-inferred
distributedClearAllEntityCaches,jms,serviceMessenger,clearAllEntityCaches,,true,,framework/entityext/servicedef/services.xml,legacy-platform,legacy-platform-team,provisional-repository-inferred
clearAllEntityCaches,java,org.apache.ofbiz.entityext.cache.EntityCacheServices,clearAllEntityCaches,,true,true,framework/entityext/servicedef/services.xml,legacy-platform,legacy-platform-team,provisional-repository-inferred
distributedClearCacheLineByValue,jms,serviceMessenger,clearCacheLineByValue,,true,,framework/entityext/servicedef/services.xml,legacy-platform,legacy-platform-team,provisional-repository-inferred
clearCacheLineByValue,java,org.apache.ofbiz.entityext.cache.EntityCacheServices,clearCacheLine,,true,true,framework/entityext/servicedef/services.xml,legacy-platform,legacy-platform-team,provisional-repository-inferred
distributedClearCacheLineByDummyPK,jms,serviceMessenger,clearCacheLineByDummyPK,,true,,framework/entityext/servicedef/services.xml,legacy-platform,legacy-platform-team,provisional-repository-inferred
clearCacheLineByDummyPK,java,org.apache.ofbiz.entityext.cache.EntityCacheServices,clearCacheLine,,true,true,framework/entityext/servicedef/services.xml,legacy-platform,legacy-platform-team,provisional-repository-inferred
distributedClearCacheLineByPrimaryKey,jms,serviceMessenger,clearCacheLineByPrimaryKey,,true,,framework/entityext/servicedef/services.xml,legacy-platform,legacy-platform-team,provisional-repository-inferred
clearCacheLineByPrimaryKey,java,org.apache.ofbiz.entityext.cache.EntityCacheServices,clearCacheLine,,true,true,framework/entityext/servicedef/services.xml,legacy-platform,legacy-platform-team,provisional-repository-inferred
distributedClearCacheLineByCondition,jms,serviceMessenger,clearCacheLineByCondition,,true,,framework/entityext/servicedef/services.xml,legacy-platform,legacy-platform-team,provisional-repository-inferred
clearCacheLineByCondition,java,org.apache.ofbiz.entityext.cache.EntityCacheServices,clearCacheLine,,true,true,framework/entityext/servicedef/services.xml,legacy-platform,legacy-platform-team,provisional-repository-inferred
localhostClearAllEntityCaches,http,eedcc-test,clearAllEntityCaches,,,,framework/entityext/servicedef/services.xml,legacy-platform,legacy-platform-team,provisional-repository-inferred
localhostClearCacheLineByValue,http,eedcc-test,clearCacheLineByValue,,,,framework/entityext/servicedef/services.xml,legacy-platform,legacy-platform-team,provisional-repository-inferred
localhostClearCacheLineByDummyPK,http,eedcc-test,clearCacheLineByDummyPK,,,,framework/entityext/servicedef/services.xml,legacy-platform,legacy-platform-team,provisional-repository-inferred
localhostClearCacheLineByPrimaryKey,http,eedcc-test,clearCacheLineByPrimaryKey,,,,framework/entityext/servicedef/services.xml,legacy-platform,legacy-platform-team,provisional-repository-inferred
rebuildEntityIndexesAndKeys,java,org.apache.ofbiz.entityext.data.EntityDataServices,rebuildAllIndexesAndKeys,,true,,framework/entityext/servicedef/services.xml,legacy-platform,legacy-platform-team,provisional-repository-inferred
importEntityFileDirectory,java,org.apache.ofbiz.entityext.data.EntityDataServices,importDelimitedFromDirectory,,true,,framework/entityext/servicedef/services.xml,legacy-platform,legacy-platform-team,provisional-repository-inferred
importDelimitedEntityFile,java,org.apache.ofbiz.entityext.data.EntityDataServices,importDelimitedFile,,true,,framework/entityext/servicedef/services.xml,legacy-platform,legacy-platform-team,provisional-repository-inferred
unwrapByteWrappers,java,org.apache.ofbiz.entityext.data.EntityDataServices,unwrapByteWrappers,,true,,framework/entityext/servicedef/services.xml,legacy-platform,legacy-platform-team,provisional-repository-inferred
reencryptPrivateKeys,java,org.apache.ofbiz.entityext.data.EntityDataServices,reencryptPrivateKeys,,true,,framework/entityext/servicedef/services.xml,legacy-platform,legacy-platform-team,provisional-repository-inferred
reencryptFields,java,org.apache.ofbiz.entityext.data.EntityDataServices,reencryptFields,,true,,framework/entityext/servicedef/services.xml,legacy-platform,legacy-platform-team,provisional-repository-inferred
createEntitySync,entity-auto,,create,EntitySync,true,,framework/entityext/servicedef/services.xml,legacy-platform,legacy-platform-team,provisional-repository-inferred
updateEntitySync,entity-auto,,update,EntitySync,true,,framework/entityext/servicedef/services.xml,legacy-platform,legacy-platform-team,provisional-repository-inferred
createEntitySyncInclude,entity-auto,,create,EntitySyncInclude,true,,framework/entityext/servicedef/services.xml,legacy-platform,legacy-platform-team,provisional-repository-inferred
updateEntitySyncInclude,entity-auto,,update,EntitySyncInclude,true,,framework/entityext/servicedef/services.xml,legacy-platform,legacy-platform-team,provisional-repository-inferred
deleteEntitySyncInclude,entity-auto,,delete,EntitySyncInclude,true,,framework/entityext/servicedef/services.xml,legacy-platform,legacy-platform-team,provisional-repository-inferred
createEntitySyncHistory,entity-auto,,create,EntitySyncHistory,true,,framework/entityext/servicedef/services.xml,legacy-platform,legacy-platform-team,provisional-repository-inferred
updateEntitySyncHistory,entity-auto,,update,EntitySyncHistory,true,,framework/entityext/servicedef/services.xml,legacy-platform,legacy-platform-team,provisional-repository-inferred
deleteEntitySyncHistory,entity-auto,,delete,EntitySyncHistory,true,,framework/entityext/servicedef/services.xml,legacy-platform,legacy-platform-team,provisional-repository-inferred
updateOfflineEntitySync,java,org.apache.ofbiz.entityext.synchronization.EntitySyncServices,updateOfflineEntitySync,,true,,framework/entityext/servicedef/services.xml,legacy-platform,legacy-platform-team,provisional-repository-inferred
cleanSyncRemoveInfo,java,org.apache.ofbiz.entityext.synchronization.EntitySyncServices,cleanSyncRemoveInfo,,true,,framework/entityext/servicedef/services.xml,legacy-platform,legacy-platform-team,provisional-repository-inferred
resetEntitySyncStatus,groovy,component://entityext/src/main/groovy/org/apache/ofbiz/entityext/EntitySyncServices.groovy,resetEntitySyncStatus,,true,,framework/entityext/servicedef/services.xml,legacy-platform,legacy-platform-team,provisional-repository-inferred
runOfflineEntitySync,java,org.apache.ofbiz.entityext.synchronization.EntitySyncServices,runOfflineEntitySync,,true,,framework/entityext/servicedef/services.xml,legacy-platform,legacy-platform-team,provisional-repository-inferred
loadOfflineEntitySyncData,java,org.apache.ofbiz.entityext.synchronization.EntitySyncServices,loadOfflineSyncData,,true,,framework/entityext/servicedef/services.xml,legacy-platform,legacy-platform-team,provisional-repository-inferred
runEntitySync,java,org.apache.ofbiz.entityext.synchronization.EntitySyncServices,runEntitySync,,true,,framework/entityext/servicedef/services.xml,legacy-platform,legacy-platform-team,provisional-repository-inferred
storeEntitySyncData,java,org.apache.ofbiz.entityext.synchronization.EntitySyncServices,storeEntitySyncData,,true,true,framework/entityext/servicedef/services.xml,legacy-platform,legacy-platform-team,provisional-repository-inferred
runPullEntitySync,java,org.apache.ofbiz.entityext.synchronization.EntitySyncServices,runPullEntitySync,,true,,framework/entityext/servicedef/services.xml,legacy-platform,legacy-platform-team,provisional-repository-inferred
pullAndReportEntitySyncData,java,org.apache.ofbiz.entityext.synchronization.EntitySyncServices,pullAndReportEntitySyncData,,true,true,framework/entityext/servicedef/services.xml,legacy-platform,legacy-platform-team,provisional-repository-inferred
remoteStoreEntitySyncDataHttp,http,entity-sync-http,storeEntitySyncData,,true,,framework/entityext/servicedef/services.xml,legacy-platform,legacy-platform-team,provisional-repository-inferred
remoteStoreEntitySyncDataRmi,rmi,entity-sync-rmi,storeEntitySyncData,,true,,framework/entityext/servicedef/services.xml,legacy-platform,legacy-platform-team,provisional-repository-inferred
remotePullAndReportEntitySyncDataHttp,http,entity-sync-http,pullAndReportEntitySyncData,,true,,framework/entityext/servicedef/services.xml,legacy-platform,legacy-platform-team,provisional-repository-inferred
remotePullAndReportEntitySyncDataRmi,rmi,entity-sync-rmi,pullAndReportEntitySyncData,,true,,framework/entityext/servicedef/services.xml,legacy-platform,legacy-platform-team,provisional-repository-inferred
createTestingSubtype,entity-auto,,create,TestingSubtype,true,,framework/entityext/servicedef/services.xml,legacy-platform,legacy-platform-team,provisional-repository-inferred
updateTestingSubtype,entity-auto,,update,TestingSubtype,true,,framework/entityext/servicedef/services.xml,legacy-platform,legacy-platform-team,provisional-repository-inferred
deleteTestingSubtype,entity-auto,,delete,TestingSubtype,true,,framework/entityext/servicedef/services.xml,legacy-platform,legacy-platform-team,provisional-repository-inferred
createTestingType,entity-auto,,create,TestingType,true,,framework/entityext/servicedef/services.xml,legacy-platform,legacy-platform-team,provisional-repository-inferred
updateTestingType,entity-auto,,update,TestingType,true,,framework/entityext/servicedef/services.xml,legacy-platform,legacy-platform-team,provisional-repository-inferred
deleteTestingType,entity-auto,,delete,TestingType,true,,framework/entityext/servicedef/services.xml,legacy-platform,legacy-platform-team,provisional-repository-inferred
createUserAgentType,entity-auto,,create,UserAgentType,true,,framework/entityext/servicedef/services.xml,legacy-platform,legacy-platform-team,provisional-repository-inferred
updateUserAgentType,entity-auto,,update,UserAgentType,true,,framework/entityext/servicedef/services.xml,legacy-platform,legacy-platform-team,provisional-repository-inferred
deleteUserAgentType,entity-auto,,delete,UserAgentType,true,,framework/entityext/servicedef/services.xml,legacy-platform,legacy-platform-team,provisional-repository-inferred
createUserAgentMethodType,entity-auto,,create,UserAgentMethodType,true,,framework/entityext/servicedef/services.xml,legacy-platform,legacy-platform-team,provisional-repository-inferred
updateUserAgentMethodType,entity-auto,,update,UserAgentMethodType,true,,framework/entityext/servicedef/services.xml,legacy-platform,legacy-platform-team,provisional-repository-inferred
deleteUserAgentMethodType,entity-auto,,delete,UserAgentMethodType,true,,framework/entityext/servicedef/services.xml,legacy-platform,legacy-platform-team,provisional-repository-inferred
createBrowserType,entity-auto,,create,BrowserType,true,,framework/entityext/servicedef/services.xml,legacy-platform,legacy-platform-team,provisional-repository-inferred
updateBrowserType,entity-auto,,update,BrowserType,true,,framework/entityext/servicedef/services.xml,legacy-platform,legacy-platform-team,provisional-repository-inferred
deleteBrowserType,entity-auto,,delete,BrowserType,true,,framework/entityext/servicedef/services.xml,legacy-platform,legacy-platform-team,provisional-repository-inferred
createPlatformType,entity-auto,,create,PlatformType,true,,framework/entityext/servicedef/services.xml,legacy-platform,legacy-platform-team,provisional-repository-inferred
updatePlatformType,entity-auto,,update,PlatformType,true,,framework/entityext/servicedef/services.xml,legacy-platform,legacy-platform-team,provisional-repository-inferred
deletePlatformType,entity-auto,,delete,PlatformType,true,,framework/entityext/servicedef/services.xml,legacy-platform,legacy-platform-team,provisional-repository-inferred
createProtocolType,entity-auto,,create,ProtocolType,true,,framework/entityext/servicedef/services.xml,legacy-platform,legacy-platform-team,provisional-repository-inferred
updateProtocolType,entity-auto,,update,ProtocolType,true,,framework/entityext/servicedef/services.xml,legacy-platform,legacy-platform-team,provisional-repository-inferred
deleteProtocolType,entity-auto,,delete,ProtocolType,true,,framework/entityext/servicedef/services.xml,legacy-platform,legacy-platform-team,provisional-repository-inferred
createServerHitType,entity-auto,,create,ServerHitType,true,,framework/entityext/servicedef/services.xml,legacy-platform,legacy-platform-team,provisional-repository-inferred
updateServerHitType,entity-auto,,update,ServerHitType,true,,framework/entityext/servicedef/services.xml,legacy-platform,legacy-platform-team,provisional-repository-inferred
deleteServerHitType,entity-auto,,delete,ServerHitType,true,,framework/entityext/servicedef/services.xml,legacy-platform,legacy-platform-team,provisional-repository-inferred
entitySyncPermissionCheck,groovy,component://entityext/src/main/groovy/org/apache/ofbiz/entityext/EntitySyncServices.groovy,entitySyncPermissionCheck,,,,framework/entityext/servicedef/services.xml,legacy-platform,legacy-platform-team,provisional-repository-inferred
generateMySqlFileWithAlterTableForTimestamps,java,org.apache.ofbiz.entityext.data.UpgradeServices,generateMySqlFileWithAlterTableForTimestamps,,true,,framework/entityext/servicedef/services.xml,legacy-platform,legacy-platform-team,provisional-repository-inferred
createEntityGroup,entity-auto,,create,EntityGroup,true,,framework/entityext/servicedef/services_group.xml,legacy-platform,legacy-platform-team,provisional-repository-inferred
updateEntityGroup,entity-auto,,update,EntityGroup,true,,framework/entityext/servicedef/services_group.xml,legacy-platform,legacy-platform-team,provisional-repository-inferred
deleteEntityGroup,entity-auto,,delete,EntityGroup,true,,framework/entityext/servicedef/services_group.xml,legacy-platform,legacy-platform-team,provisional-repository-inferred
createEntityGroupEntry,entity-auto,,create,EntityGroupEntry,true,,framework/entityext/servicedef/services_group.xml,legacy-platform,legacy-platform-team,provisional-repository-inferred
updateEntityGroupEntry,entity-auto,,update,EntityGroupEntry,true,,framework/entityext/servicedef/services_group.xml,legacy-platform,legacy-platform-team,provisional-repository-inferred
deleteEntityGroupEntry,entity-auto,,delete,EntityGroupEntry,true,,framework/entityext/servicedef/services_group.xml,legacy-platform,legacy-platform-team,provisional-repository-inferred
createEntitySyncIncludeGroup,entity-auto,,create,EntitySyncIncludeGroup,true,,framework/entityext/servicedef/services_synchronization.xml,legacy-platform,legacy-platform-team,provisional-repository-inferred
updateEntitySyncIncludeGroup,entity-auto,,update,EntitySyncIncludeGroup,true,,framework/entityext/servicedef/services_synchronization.xml,legacy-platform,legacy-platform-team,provisional-repository-inferred
deleteEntitySyncIncludeGroup,entity-auto,,delete,EntitySyncIncludeGroup,true,,framework/entityext/servicedef/services_synchronization.xml,legacy-platform,legacy-platform-team,provisional-repository-inferred
createComponent,entity-auto,,create,Component,true,,framework/entityext/servicedef/services_tenant.xml,legacy-platform,legacy-platform-team,provisional-repository-inferred
updateComponent,entity-auto,,update,Component,true,,framework/entityext/servicedef/services_tenant.xml,legacy-platform,legacy-platform-team,provisional-repository-inferred
deleteComponent,entity-auto,,delete,Component,true,,framework/entityext/servicedef/services_tenant.xml,legacy-platform,legacy-platform-team,provisional-repository-inferred
generateAuthTokenService,java,org.apache.ofbiz.ws.rs.services.RestServices,generateAuthToken,,,,framework/rest-api/servicedef/services.xml,api-edge,platform-team,provisional-repository-inferred
createRestOrderExample,java,org.apache.ofbiz.ws.rs.examples.RestExampleServices,createRestOrderExample,,,,framework/rest-api/servicedef/services.xml,api-edge,platform-team,provisional-repository-inferred
returnCustomErrorTest,java,org.apache.ofbiz.ws.rs.test.RestTestServices,returnCustomErrorTest,,,,framework/rest-api/servicedef/services.xml,api-edge,platform-team,provisional-repository-inferred
returnSuccess,java,org.apache.ofbiz.ws.rs.test.RestTestServices,returnSuccess,,,,framework/rest-api/servicedef/services.xml,api-edge,platform-team,provisional-repository-inferred
returnSuccessButOverwriteStatusCode,java,org.apache.ofbiz.ws.rs.test.RestTestServices,returnSuccessButOverwriteStatusCode,,,,framework/rest-api/servicedef/services.xml,api-edge,platform-team,provisional-repository-inferred
useCustomHeaderAsServiceParameter,java,org.apache.ofbiz.ws.rs.test.RestTestServices,useCustomHeaderAsServiceParameter,,,,framework/rest-api/servicedef/services.xml,api-edge,platform-team,provisional-repository-inferred
useLocaleSetInRequestHeader,java,org.apache.ofbiz.ws.rs.test.RestTestServices,useLocaleSetInRequestHeader,,,,framework/rest-api/servicedef/services.xml,api-edge,platform-team,provisional-repository-inferred
testServiceInputParameters,java,org.apache.ofbiz.ws.rs.test.RestTestServices,testServiceInputParameters,,,,framework/rest-api/servicedef/services.xml,api-edge,platform-team,provisional-repository-inferred
purgeOldJobs,java,org.apache.ofbiz.service.job.JobServices,purgeOldJobs,,true,,framework/service/servicedef/services.xml,legacy-platform,legacy-platform-team,provisional-repository-inferred
cancelScheduledJob,java,org.apache.ofbiz.service.job.JobServices,cancelJob,,true,,framework/service/servicedef/services.xml,legacy-platform,legacy-platform-team,provisional-repository-inferred
cancelJobRetries,java,org.apache.ofbiz.service.job.JobServices,cancelJobRetries,,true,,framework/service/servicedef/services.xml,legacy-platform,legacy-platform-team,provisional-repository-inferred
resetScheduledJob,java,org.apache.ofbiz.service.job.JobServices,resetJob,,true,,framework/service/servicedef/services.xml,legacy-platform,legacy-platform-team,provisional-repository-inferred
permissionInterface,interface,,,,,,framework/service/servicedef/services.xml,legacy-platform,legacy-platform-team,provisional-repository-inferred
authenticationInterface,interface,,,,,,framework/service/servicedef/services.xml,legacy-platform,legacy-platform-team,provisional-repository-inferred
serviceStreamInterface,interface,,,,,,framework/service/servicedef/services.xml,legacy-platform,legacy-platform-team,provisional-repository-inferred
serviceEcaConditionInterface,interface,,,,,,framework/service/servicedef/services.xml,legacy-platform,legacy-platform-team,provisional-repository-inferred
serviceMcaConditionInterface,interface,,,,,,framework/service/servicedef/services.xml,legacy-platform,legacy-platform-team,provisional-repository-inferred
mailProcessInterface,interface,,,,,,framework/service/servicedef/services.xml,legacy-platform,legacy-platform-team,provisional-repository-inferred
effectiveDateEcaCondition,java,org.apache.ofbiz.service.ServiceUtil,genericDateCondition,,false,,framework/service/servicedef/services.xml,legacy-platform,legacy-platform-team,provisional-repository-inferred
createJobManagerLock,entity-auto,,create,JobManagerLock,true,,framework/service/servicedef/services.xml,legacy-platform,legacy-platform-team,provisional-repository-inferred
updateJobManagerLock,entity-auto,,update,JobManagerLock,true,,framework/service/servicedef/services.xml,legacy-platform,legacy-platform-team,provisional-repository-inferred
createCatalinaSession,entity-auto,,create,CatalinaSession,true,,framework/service/servicedef/services.xml,legacy-platform,legacy-platform-team,provisional-repository-inferred
updateCatalinaSession,entity-auto,,update,CatalinaSession,true,,framework/service/servicedef/services.xml,legacy-platform,legacy-platform-team,provisional-repository-inferred
deleteCatalinaSession,entity-auto,,delete,CatalinaSession,true,,framework/service/servicedef/services.xml,legacy-platform,legacy-platform-team,provisional-repository-inferred
createStandardLanguage,entity-auto,,create,StandardLanguage,true,,framework/service/servicedef/services.xml,legacy-platform,legacy-platform-team,provisional-repository-inferred
updateStandardLanguage,entity-auto,,update,StandardLanguage,true,,framework/service/servicedef/services.xml,legacy-platform,legacy-platform-team,provisional-repository-inferred
deleteStandardLanguage,entity-auto,,delete,StandardLanguage,true,,framework/service/servicedef/services.xml,legacy-platform,legacy-platform-team,provisional-repository-inferred
createStatusItem,entity-auto,,create,StatusItem,true,,framework/service/servicedef/services.xml,legacy-platform,legacy-platform-team,provisional-repository-inferred
updateStatusItem,entity-auto,,update,StatusItem,true,,framework/service/servicedef/services.xml,legacy-platform,legacy-platform-team,provisional-repository-inferred
deleteStatusItem,entity-auto,,delete,StatusItem,true,,framework/service/servicedef/services.xml,legacy-platform,legacy-platform-team,provisional-repository-inferred
createStatusType,entity-auto,,create,StatusType,true,,framework/service/servicedef/services.xml,legacy-platform,legacy-platform-team,provisional-repository-inferred
updateStatusType,entity-auto,,update,StatusType,true,,framework/service/servicedef/services.xml,legacy-platform,legacy-platform-team,provisional-repository-inferred
deleteStatusType,entity-auto,,delete,StatusType,true,,framework/service/servicedef/services.xml,legacy-platform,legacy-platform-team,provisional-repository-inferred
createSequenceValueItem,entity-auto,,create,SequenceValueItem,true,,framework/service/servicedef/services.xml,legacy-platform,legacy-platform-team,provisional-repository-inferred
updateSequenceValueItem,entity-auto,,update,SequenceValueItem,true,,framework/service/servicedef/services.xml,legacy-platform,legacy-platform-team,provisional-repository-inferred
deleteSequenceValueItem,entity-auto,,delete,SequenceValueItem,true,,framework/service/servicedef/services.xml,legacy-platform,legacy-platform-team,provisional-repository-inferred
createJobSandbox,entity-auto,,create,JobSandbox,true,,framework/service/servicedef/services.xml,legacy-platform,legacy-platform-team,provisional-repository-inferred
updateJobSandbox,entity-auto,,update,JobSandbox,true,,framework/service/servicedef/services.xml,legacy-platform,legacy-platform-team,provisional-repository-inferred
deleteJobSandbox,entity-auto,,delete,JobSandbox,true,,framework/service/servicedef/services.xml,legacy-platform,legacy-platform-team,provisional-repository-inferred
createRuntimeData,entity-auto,,create,RuntimeData,true,,framework/service/servicedef/services.xml,legacy-platform,legacy-platform-team,provisional-repository-inferred
updateRuntimeData,entity-auto,,update,RuntimeData,true,,framework/service/servicedef/services.xml,legacy-platform,legacy-platform-team,provisional-repository-inferred
deleteRuntimeData,entity-auto,,delete,RuntimeData,true,,framework/service/servicedef/services.xml,legacy-platform,legacy-platform-team,provisional-repository-inferred
createJobTracker,entity-auto,,create,JobTracker,true,,framework/service/servicedef/services.xml,legacy-platform,legacy-platform-team,provisional-repository-inferred
updateJobTracker,entity-auto,,update,JobTracker,true,,framework/service/servicedef/services.xml,legacy-platform,legacy-platform-team,provisional-repository-inferred
pauseJobTracker,groovy,component://service/src/main/groovy/org/apache/ofbiz/service/TrackerServices.groovy,pauseJobTracker,,true,,framework/service/servicedef/services.xml,legacy-platform,legacy-platform-team,provisional-repository-inferred
resumeJobTracker,groovy,component://service/src/main/groovy/org/apache/ofbiz/service/TrackerServices.groovy,resumeJobTracker,,true,,framework/service/servicedef/services.xml,legacy-platform,legacy-platform-team,provisional-repository-inferred
cancelJobTracker,groovy,component://service/src/main/groovy/org/apache/ofbiz/service/TrackerServices.groovy,cancelJobTracker,,true,,framework/service/servicedef/services.xml,legacy-platform,legacy-platform-team,provisional-repository-inferred
createTrackedJobResult,entity-auto,,create,TrackedJobResult,true,,framework/service/servicedef/services.xml,legacy-platform,legacy-platform-team,provisional-repository-inferred
testServiceDeadLockRetry,java,org.apache.ofbiz.service.test.ServiceEngineTestServices,testServiceDeadLockRetry,,false,,framework/service/servicedef/services_test_se.xml,legacy-platform,legacy-platform-team,provisional-repository-inferred
testServiceDeadLockRetryThreadA,java,org.apache.ofbiz.service.test.ServiceEngineTestServices,testServiceDeadLockRetryThreadA,,false,,framework/service/servicedef/services_test_se.xml,legacy-platform,legacy-platform-team,provisional-repository-inferred
testServiceDeadLockRetryThreadB,java,org.apache.ofbiz.service.test.ServiceEngineTestServices,testServiceDeadLockRetryThreadB,,false,,framework/service/servicedef/services_test_se.xml,legacy-platform,legacy-platform-team,provisional-repository-inferred
testServiceLockWaitTimeoutRetry,java,org.apache.ofbiz.service.test.ServiceEngineTestServices,testServiceLockWaitTimeoutRetry,,false,,framework/service/servicedef/services_test_se.xml,legacy-platform,legacy-platform-team,provisional-repository-inferred
testServiceLockWaitTimeoutRetryGrabber,java,org.apache.ofbiz.service.test.ServiceEngineTestServices,testServiceLockWaitTimeoutRetryGrabber,,false,,framework/service/servicedef/services_test_se.xml,legacy-platform,legacy-platform-team,provisional-repository-inferred
testServiceLockWaitTimeoutRetryWaiter,java,org.apache.ofbiz.service.test.ServiceEngineTestServices,testServiceLockWaitTimeoutRetryWaiter,,false,,framework/service/servicedef/services_test_se.xml,legacy-platform,legacy-platform-team,provisional-repository-inferred
testEntityAutoCreateTestingPkPresent,entity-auto,,create,Testing,false,,framework/service/servicedef/services_test_se.xml,legacy-platform,legacy-platform-team,provisional-repository-inferred
testEntityAutoCreateTestingPkMissing,entity-auto,,create,Testing,false,,framework/service/servicedef/services_test_se.xml,legacy-platform,legacy-platform-team,provisional-repository-inferred
testEntityAutoCreateTestingItemPkPresent,entity-auto,,create,TestingItem,false,,framework/service/servicedef/services_test_se.xml,legacy-platform,legacy-platform-team,provisional-repository-inferred
testEntityAutoCreateTestingItemPkMissing,entity-auto,,create,TestingItem,false,,framework/service/servicedef/services_test_se.xml,legacy-platform,legacy-platform-team,provisional-repository-inferred
testEntityAutoCreateTestingNodeMemberPkPresent,entity-auto,,create,TestingNodeMember,false,,framework/service/servicedef/services_test_se.xml,legacy-platform,legacy-platform-team,provisional-repository-inferred
testEntityAutoCreateTestingNodeMemberPkMissing,entity-auto,,create,TestingNodeMember,false,,framework/service/servicedef/services_test_se.xml,legacy-platform,legacy-platform-team,provisional-repository-inferred
testEntityAutoUpdateTesting,entity-auto,,update,Testing,false,,framework/service/servicedef/services_test_se.xml,legacy-platform,legacy-platform-team,provisional-repository-inferred
testEntityAutoRemoveTesting,entity-auto,,delete,Testing,false,,framework/service/servicedef/services_test_se.xml,legacy-platform,legacy-platform-team,provisional-repository-inferred
testEntityAutoExpireTestingNodeMember,entity-auto,,expire,TestingNodeMember,false,,framework/service/servicedef/services_test_se.xml,legacy-platform,legacy-platform-team,provisional-repository-inferred
testEntityAutoExpireTestFieldType,entity-auto,,expire,TestFieldType,false,,framework/service/servicedef/services_test_se.xml,legacy-platform,legacy-platform-team,provisional-repository-inferred
testEntityAutoCreateTestingStatus,entity-auto,,create,TestingStatus,false,,framework/service/servicedef/services_test_se.xml,legacy-platform,legacy-platform-team,provisional-repository-inferred
testEntityAutoUpdateTestingStatus,entity-auto,,update,TestingStatus,true,,framework/service/servicedef/services_test_se.xml,legacy-platform,legacy-platform-team,provisional-repository-inferred
testEntityAutoDeleteTestingStatus,entity-auto,,delete,TestingStatus,true,,framework/service/servicedef/services_test_se.xml,legacy-platform,legacy-platform-team,provisional-repository-inferred
testServiceLockWaitTimeoutRetryCantRecover,java,org.apache.ofbiz.service.test.ServiceEngineTestServices,testServiceLockWaitTimeoutRetryCantRecover,,false,,framework/service/servicedef/services_test_se.xml,legacy-platform,legacy-platform-team,provisional-repository-inferred
testServiceLockWaitTimeoutRetryCantRecoverWaiter,java,org.apache.ofbiz.service.test.ServiceEngineTestServices,testServiceLockWaitTimeoutRetryCantRecoverWaiter,,false,,framework/service/servicedef/services_test_se.xml,legacy-platform,legacy-platform-team,provisional-repository-inferred
testServiceOwnTxSubServiceAfterSetRollbackOnlyInParentErrorCatchWrapper,java,org.apache.ofbiz.service.test.ServiceEngineTestServices,testServiceOwnTxSubServiceAfterSetRollbackOnlyInParentErrorCatchWrapper,,false,,framework/service/servicedef/services_test_se.xml,legacy-platform,legacy-platform-team,provisional-repository-inferred
testServiceOwnTxSubServiceAfterSetRollbackOnlyInParent,java,org.apache.ofbiz.service.test.ServiceEngineTestServices,testServiceOwnTxSubServiceAfterSetRollbackOnlyInParent,,false,,framework/service/servicedef/services_test_se.xml,legacy-platform,legacy-platform-team,provisional-repository-inferred
testServiceOwnTxSubServiceAfterSetRollbackOnlyInParentSubService,java,org.apache.ofbiz.service.test.ServiceEngineTestServices,testServiceOwnTxSubServiceAfterSetRollbackOnlyInParentSubService,,false,,framework/service/servicedef/services_test_se.xml,legacy-platform,legacy-platform-team,provisional-repository-inferred
testServiceEcaGlobalEventExec,java,org.apache.ofbiz.service.test.ServiceEngineTestServices,testServiceEcaGlobalEventExec,,false,,framework/service/servicedef/services_test_se.xml,legacy-platform,legacy-platform-team,provisional-repository-inferred
testServiceEcaGlobalEventExecOnCommit,java,org.apache.ofbiz.service.test.ServiceEngineTestServices,testServiceEcaGlobalEventExecOnCommit,,false,,framework/service/servicedef/services_test_se.xml,legacy-platform,legacy-platform-team,provisional-repository-inferred
testServiceEcaGlobalEventExecToRollback,java,org.apache.ofbiz.service.test.ServiceEngineTestServices,testServiceEcaGlobalEventExecToRollback,,false,,framework/service/servicedef/services_test_se.xml,legacy-platform,legacy-platform-team,provisional-repository-inferred
testServiceEcaGlobalEventExecOnRollback,java,org.apache.ofbiz.service.test.ServiceEngineTestServices,testServiceEcaGlobalEventExecOnRollback,,false,,framework/service/servicedef/services_test_se.xml,legacy-platform,legacy-platform-team,provisional-repository-inferred
testSimplePermission,java,org.apache.ofbiz.service.test.ServiceEngineTestPermissionServices,genericTestService,,true,,framework/service/servicedef/services_test_se.xml,legacy-platform,legacy-platform-team,provisional-repository-inferred
testSimpleServicePermission,java,org.apache.ofbiz.service.test.ServiceEngineTestPermissionServices,genericTestService,,true,,framework/service/servicedef/services_test_se.xml,legacy-platform,legacy-platform-team,provisional-repository-inferred
testSimpleGroupAndPermission,java,org.apache.ofbiz.service.test.ServiceEngineTestPermissionServices,genericTestService,,true,,framework/service/servicedef/services_test_se.xml,legacy-platform,legacy-platform-team,provisional-repository-inferred
testSimpleGroupOrPermission,java,org.apache.ofbiz.service.test.ServiceEngineTestPermissionServices,genericTestService,,true,,framework/service/servicedef/services_test_se.xml,legacy-platform,legacy-platform-team,provisional-repository-inferred
testServicePermissionWithTransaction,java,org.apache.ofbiz.service.test.ServiceEngineTestPermissionServices,genericTestService,,true,,framework/service/servicedef/services_test_se.xml,legacy-platform,legacy-platform-team,provisional-repository-inferred
testPermissionPing,java,org.apache.ofbiz.service.test.ServiceEngineTestPermissionServices,testPermissionPing,,true,,framework/service/servicedef/services_test_se.xml,legacy-platform,legacy-platform-team,provisional-repository-inferred
testPermissionExistingTesting,java,org.apache.ofbiz.service.test.ServiceEngineTestPermissionServices,testPermissionExistingTesting,,true,,framework/service/servicedef/services_test_se.xml,legacy-platform,legacy-platform-team,provisional-repository-inferred
testGroovyPingSuccess,groovy,component://service/src/main/groovy/org/apache/ofbiz/service/test/TestServices.groovy,testPingSuccess,,,,framework/service/servicedef/services_test_se.xml,legacy-platform,legacy-platform-team,provisional-repository-inferred
testGroovyPingError,groovy,component://service/src/main/groovy/org/apache/ofbiz/service/test/TestServices.groovy,testPingError,,,,framework/service/servicedef/services_test_se.xml,legacy-platform,legacy-platform-team,provisional-repository-inferred
testGroovyPingSuccessWithDSLCall,groovy,component://service/src/main/groovy/org/apache/ofbiz/service/test/TestServices.groovy,testPingSuccessWithDSLCall,,,,framework/service/servicedef/services_test_se.xml,legacy-platform,legacy-platform-team,provisional-repository-inferred
testGroovyPingErrorWithDSLCall,groovy,component://service/src/main/groovy/org/apache/ofbiz/service/test/TestServices.groovy,testPingErrorWithDSLCall,,,,framework/service/servicedef/services_test_se.xml,legacy-platform,legacy-platform-team,provisional-repository-inferred
TestTopLevelServiceThatPlansTrackedServices,groovy-tracker,component://service/src/test/groovy/org/apache/ofbizservice/test/TrackerTestServices.groovy,testTopLevelServiceThatPlansTrackedServices,,true,,framework/service/servicedef/services_test_se.xml,legacy-platform,legacy-platform-team,provisional-repository-inferred
ServiceForTestingTracker,groovy-tracker,component://service/src/test/groovy/org/apache/ofbizservice/test/TrackerTestServices.groovy,serviceForTestingTracker,,true,,framework/service/servicedef/services_test_se.xml,legacy-platform,legacy-platform-team,provisional-repository-inferred
ServiceThatWaitsAMoment,groovy,component://service/src/test/groovy/org/apache/ofbizservice/test/TrackerTestServices.groovy,serviceThatWaitsAMoment,,true,,framework/service/servicedef/services_test_se.xml,legacy-platform,legacy-platform-team,provisional-repository-inferred
testServiceInterface,interface,,,,,,framework/testtools/servicedef/services.xml,legacy-platform,legacy-platform-team,provisional-repository-inferred
purgeOldTestReports,java,org.apache.ofbiz.testtools.report.TestReportPurgeService,purgeOldTestReports,,true,,framework/testtools/servicedef/services.xml,legacy-platform,legacy-platform-team,provisional-repository-inferred
runTestSuite,java,org.apache.ofbiz.testtools.TestRunServices,runTestSuite,,true,,framework/testtools/servicedef/services.xml,legacy-platform,legacy-platform-team,provisional-repository-inferred
getTestRunStatus,java,org.apache.ofbiz.testtools.TestRunServices,getTestRunStatus,,true,,framework/testtools/servicedef/services.xml,legacy-platform,legacy-platform-team,provisional-repository-inferred
runBatchTestSuite,java,org.apache.ofbiz.testtools.BatchRunServices,runBatchTestSuite,,true,,framework/testtools/servicedef/services.xml,legacy-platform,legacy-platform-team,provisional-repository-inferred
getBatchTestRunStatus,java,org.apache.ofbiz.testtools.BatchRunServices,getBatchTestRunStatus,,true,,framework/testtools/servicedef/services.xml,legacy-platform,legacy-platform-team,provisional-repository-inferred
parseEntityXmlFile,java,org.apache.ofbiz.webtools.WebToolsServices,parseEntityXmlFile,,true,,framework/webtools/servicedef/services.xml,legacy-platform,legacy-platform-team,provisional-repository-inferred
entityImport,java,org.apache.ofbiz.webtools.WebToolsServices,entityImport,,true,,framework/webtools/servicedef/services.xml,legacy-platform,legacy-platform-team,provisional-repository-inferred
entityImportDir,java,org.apache.ofbiz.webtools.WebToolsServices,entityImportDir,,true,,framework/webtools/servicedef/services.xml,legacy-platform,legacy-platform-team,provisional-repository-inferred
entityImportReaders,java,org.apache.ofbiz.webtools.WebToolsServices,entityImportReaders,,true,,framework/webtools/servicedef/services.xml,legacy-platform,legacy-platform-team,provisional-repository-inferred
entityExportAll,java,org.apache.ofbiz.webtools.WebToolsServices,entityExportAll,,true,,framework/webtools/servicedef/services.xml,legacy-platform,legacy-platform-team,provisional-repository-inferred
getEntityRefData,java,org.apache.ofbiz.webtools.WebToolsServices,getEntityRefData,,true,,framework/webtools/servicedef/services.xml,legacy-platform,legacy-platform-team,provisional-repository-inferred
exportEntityEoModelBundle,java,org.apache.ofbiz.webtools.WebToolsServices,exportEntityEoModelBundle,,true,,framework/webtools/servicedef/services.xml,legacy-platform,legacy-platform-team,provisional-repository-inferred
entityMaintPermCheck,java,org.apache.ofbiz.webtools.WebToolsServices,entityMaintPermCheck,,,,framework/webtools/servicedef/services.xml,legacy-platform,legacy-platform-team,provisional-repository-inferred
secretMaintPermCheck,java,org.apache.ofbiz.webtools.WebToolsServices,secretMaintPermCheck,,,,framework/webtools/servicedef/services.xml,legacy-platform,legacy-platform-team,provisional-repository-inferred
createEncryptedSecret,java,org.apache.ofbiz.webtools.secret.SecretManagerServices,createEncryptedSecret,,true,,framework/webtools/servicedef/services.xml,legacy-platform,legacy-platform-team,provisional-repository-inferred
flushSecretCache,java,org.apache.ofbiz.webtools.secret.SecretManagerServices,flushSecretCache,,true,,framework/webtools/servicedef/services.xml,legacy-platform,legacy-platform-team,provisional-repository-inferred
reloadSecretProvider,java,org.apache.ofbiz.webtools.secret.SecretManagerServices,reloadSecretProvider,,true,,framework/webtools/servicedef/services.xml,legacy-platform,legacy-platform-team,provisional-repository-inferred
syncSecretFromProvider,java,org.apache.ofbiz.webtools.secret.SecretManagerServices,syncSecretFromProvider,,true,,framework/webtools/servicedef/services.xml,legacy-platform,legacy-platform-team,provisional-repository-inferred
autoSyncRotatedSecrets,java,org.apache.ofbiz.webtools.secret.SecretManagerServices,autoSyncRotatedSecrets,,true,,framework/webtools/servicedef/services.xml,legacy-platform,legacy-platform-team,provisional-repository-inferred
testSecretProviderConnection,java,org.apache.ofbiz.webtools.secret.SecretManagerServices,testSecretProviderConnection,,true,,framework/webtools/servicedef/services.xml,legacy-platform,legacy-platform-team,provisional-repository-inferred
getSecretUsageStats,java,org.apache.ofbiz.webtools.secret.SecretManagerServices,getSecretUsageStats,,true,,framework/webtools/servicedef/services.xml,legacy-platform,legacy-platform-team,provisional-repository-inferred
resetSecretUsageStats,java,org.apache.ofbiz.webtools.secret.SecretManagerServices,resetSecretUsageStats,,true,,framework/webtools/servicedef/services.xml,legacy-platform,legacy-platform-team,provisional-repository-inferred
updateSecretAuditRetention,java,org.apache.ofbiz.webtools.secret.SecretManagerServices,updateSecretAuditRetention,,true,,framework/webtools/servicedef/services.xml,legacy-platform,legacy-platform-team,provisional-repository-inferred
purgeExpiredSecretAuditLogs,java,org.apache.ofbiz.webtools.secret.SecretManagerServices,purgeExpiredSecretAuditLogs,,true,,framework/webtools/servicedef/services.xml,legacy-platform,legacy-platform-team,provisional-repository-inferred
exportServiceEoModelBundle,java,org.apache.ofbiz.webtools.WebToolsServices,exportServiceEoModelBundle,,true,,framework/webtools/servicedef/services.xml,legacy-platform,legacy-platform-team,provisional-repository-inferred
saveLabelsToXmlFile,java,org.apache.ofbiz.webtools.labelmanager.SaveLabelsToXmlFile,saveLabelsToXmlFile,,true,,framework/webtools/servicedef/services.xml,legacy-platform,legacy-platform-team,provisional-repository-inferred
